time,open,high,low,close,bbwidth,adx,candle_size,upper_wick,lower_wick,atr,macd_line,signal_line,macd_histogram
06:50:10,0.6403,0.64049,0.6403,0.64033,0.0005914869754313212,40.83485906075896,0.00019000000000002348,0.000160000000000049,2.999999999997449e-05,0.0001572609825628689,-7.958678581809764e-05,-6.127378619307052e-05,-1.831299962502712e-05
06:50:15,0.64033,0.64035,0.64022,0.64025,0.0006059181810316172,40.85806945240965,0.00012999999999996348,9.999999999998899e-05,2.999999999997449e-05,0.00015362618488781485,-8.508318289635053e-05,-6.603566553372653e-05,-1.9047517362623997e-05
06:50:20,0.64025,0.64032,0.64006,0.64006,0.0006682073425450241,41.166355368811125,0.000260000000000038,0.000260000000000038,0.0,0.00016780936023611128,-0.00010357656313830788,-7.354384505464281e-05,-3.0032718083665067e-05
06:50:25,0.64006,0.64006,0.63992,0.64003,0.000732706590230725,42.44975366119102,0.00013999999999991797,2.999999999997449e-05,0.00010999999999994348,0.00016410144553795217,-0.00011927848141179975,-8.26907723260742e-05,-3.6587709085725555e-05
06:50:30,0.64003,0.64022,0.64003,0.64007,0.000788805893006117,43.50078802471323,0.00019000000000002348,0.00014999999999998348,4.0000000000040004e-05,0.00016755458613289503,-0.00012703037200878509,-9.155869226261638e-05,-3.547167974616871e-05
06:50:35,0.64011,0.6402,0.64009,0.64015,0.0007902138284894278,44.3703907208744,0.00010999999999994348,4.999999999999449e-05,5.999999999994898e-05,0.0001625473079818375,-0.00012527438461895635,-9.830183073388437e-05,-2.6972553885071975e-05
06:50:40,0.64015,0.64021,0.64008,0.64008,0.0007893501657751933,43.23467143390042,0.00012999999999996348,0.00012999999999996348,0.0,0.00015820766691758761,-0.00012805502829227322,-0.00010425247024556215,-2.380255804671107e-05
06:50:45,0.64008,0.64024,0.64008,0.64024,0.0007268996890175128,41.36800413119194,0.000160000000000049,0.0,0.000160000000000049,0.0001584466446619158,-0.00011601074594747018,-0.00010660412538594376,-9.406620561526425e-06
06:50:50,0.64024,0.64028,0.64011,0.64011,0.0007348641120348276,38.77769299377309,0.00017000000000000348,0.00017000000000000348,0.0,0.0001599870920403275,-0.00011562265298858954,-0.00010840783090647292,-7.214822082116616e-06
06:50:55,0.64011,0.64022,0.64011,0.64022,0.0007033723278446757,36.07304765678318,0.0001100000000000545,0.0,0.0001100000000000545,0.00015332214643495778,-0.0001052260257075055,-0.00010777146986667944,2.5454441591739416e-06
06:51:00,0.64025,0.64028,0.64015,0.64019,0.0006146115589700241,31.78894801125937,0.00012999999999996348,8.999999999992347e-05,4.0000000000040004e-05,0.00015021252691029186,-9.827452540800419e-05,-0.00010587208097494439,7.597555566940206e-06
06:51:05,0.64019,0.64041,0.64019,0.64041,0.0005696129803356431,28.288034668815705,0.00021999999999999797,0.0,0.00021999999999999797,0.0001595175233222527,-7.415839810309688e-05,-9.95293444005749e-05,2.5370946297478022e-05
06:51:10,0.64041,0.64041,0.63998,0.64,0.0005954069815534702,26.78936584299408,0.00043000000000004146,0.00041000000000002146,2.0000000000020002e-05,0.00019558185354595788,-8.712543912525739e-05,-9.70485633455114e-05,9.923124220254017e-06
06:51:15,0.63997,0.64021,0.63994,0.64013,0.0005529290427477296,25.133987155151203,0.00026999999999999247,7.999999999996898e-05,0.00019000000000002348,0.00020550427307316251,-8.592154888176218e-05,-9.482316045276157e-05,8.901611570999397e-06
06:51:20,0.64023,0.64023,0.6401,0.64021,0.0005061765866181123,24.900112354251718,0.00012999999999996348,2.0000000000020002e-05,0.00010999999999994348,0.00019543703666340264,-7.761740069822665e-05,-9.13820085018546e-05,1.3764607803627956e-05
06:51:25,0.64021,0.64021,0.63984,0.6399,0.0005442716040224838,25.976913680640042,0.00036999999999998145,0.00030999999999992145,6.0000000000060005e-05,0.00021871209844161315,-9.495611764043232e-05,-9.209683032957015e-05,-2.859287310862175e-06
06:51:30,0.6399,0.6401,0.6399,0.64004,0.0005485252956771713,25.366882525743303,0.00019999999999997797,5.999999999994898e-05,0.000140000000000029,0.00021621715198272845,-9.62903703142226e-05,-9.293553832650065e-05,-3.3548319877219572e-06
06:51:35,0.64004,0.6401,0.64001,0.6401,0.000551648247954617,23.996154461347345,9.00000000000345e-05,0.0,9.00000000000345e-05,0.00019938819838503593,-9.145207402949662e-05,-9.263884546709984e-05,1.186771437603222e-06
06:51:40,0.64014,0.64018,0.64006,0.64018,0.0004916138835753259,23.468434093333308,0.00012000000000000899,0.0,0.00012000000000000899,0.00018880310526703234,-8.02374307975473e-05,-9.015856253318934e-05,9.921131735642037e-06
06:51:45,0.64018,0.64033,0.64018,0.64021,0.00047479192118093927,22.286175716512904,0.00014999999999998348,0.00012000000000000899,2.999999999997449e-05,0.0001836293578980925,-6.814348033612472e-05,-8.575554609377642e-05,1.7612065757651704e-05
06:51:50,0.64021,0.64021,0.64012,0.64012,0.0004421002505952121,20.168493143379756,8.999999999992347e-05,8.999999999992347e-05,0.0,0.00017114544351166998,-6.507108632403114e-05,-8.161865413982736e-05,1.654756781579623e-05
06:51:55,0.64008,0.64015,0.64004,0.64007,0.0004318674260481714,19.516901816809337,0.00010999999999994348,7.999999999996898e-05,2.999999999997449e-05,0.00016299271771010645,-6.591099316544113e-05,-7.847712194495012e-05,1.256612877950899e-05
06:52:00,0.64003,0.64011,0.6399,0.63992,0.0004666385956439978,20.945876223696157,0.00020999999999993246,0.00018999999999991246,2.0000000000020002e-05,0.00016926035534874993,-7.778372937272682e-05,-7.833844343050547e-05,5.547140577786533e-07
06:52:05,0.63992,0.63992,0.63968,0.63968,0.0006068070013103277,23.748478866329968,0.00024000000000001798,0.00024000000000001798,0.0,0.00017869230796891902,-0.00010534460555366998,-8.373967585513838e-05,-2.1604929698531598e-05
06:52:10,0.63968,0.63968,0.63941,0.63941,0.000867011807117235,28.182474261001325,0.00026999999999999247,0.00026999999999999247,0.0,0.0001908666669063955,-0.00014727583782592202,-9.644690824929511e-05,-5.0828929576626905e-05
06:52:15,0.63947,0.63947,0.63925,0.63925,0.0011296781097176467,31.217292634573482,0.00021999999999999797,0.00021999999999999797,0.0,0.00019475111131887584,-0.00019121311851977296,-0.0001154001503033907,-7.581296821638226e-05
06:52:20,0.63916,0.63916,0.63883,0.63886,0.0015332318807002032,36.02573166548169,0.00032999999999994145,0.00029999999999996696,2.999999999997449e-05,0.00022478429647635584,-0.0002545689581687771,-0.000143233911876468,-0.00011133504629230913
06:52:25,0.63891,0.63892,0.63878,0.63892,0.0017685569496641573,40.47874996179104,0.000140000000000029,0.0,0.000140000000000029,0.00021347972361284562,-0.0002965193287406409,-0.00017389099524930257,-0.00012262833349133834
06:52:30,0.63895,0.6391,0.63895,0.63909,0.0018956115524781936,43.2592297398915,0.00014999999999998348,9.99999999995449e-06,0.000140000000000029,0.0002090157604644606,-0.0003124460369809956,-0.0002016020035956412,-0.0001108440333853544
06:52:35,0.63903,0.63911,0.63899,0.63899,0.002006952127505457,43.74934095226696,0.00012000000000000899,0.00012000000000000899,0.0,0.00019714699240253373,-0.0003293407965767603,-0.00022714976219186502,-0.00010219103438489528
06:52:40,0.63899,0.63911,0.63889,0.63911,0.00205486841683844,44.996138372702454,0.00021999999999999797,0.0,0.00021999999999999797,0.00020019406008219562,-0.00032925161054409013,-0.00024757013186231004,-8.168147868178009e-05
06:52:45,0.63917,0.6392,0.63903,0.63903,0.002040965715690568,45.17759357665081,0.00017000000000000348,0.00017000000000000348,0.0,0.00019616818540457,-0.00033181134672310986,-0.00026441837483447,-6.739297188863987e-05
06:52:50,0.63903,0.63922,0.63903,0.63918,0.0020579806147091873,46.69272695689669,0.00019000000000002348,4.0000000000040004e-05,0.00014999999999998348,0.0001953457606839638,-0.0003180697001771149,-0.000275148639902999,-4.29210602741159e-05
06:52:55,0.63922,0.63925,0.6392,0.63922,0.002028822837325972,48.18759879626482,4.999999999999449e-05,2.999999999997449e-05,2.0000000000020002e-05,0.00017863299259277056,-0.0003004878437643521,-0.0002802164806752696,-2.027136308908249e-05
06:53:00,0.63922,0.63925,0.63915,0.6392,0.001962443160421934,50.86310867741629,9.999999999998899e-05,4.999999999999449e-05,4.999999999999449e-05,0.0001681485935803997,-0.00028488396373993474,-0.0002811499772882027,-3.7339864517320527e-06
06:53:05,0.6392,0.6392,0.63898,0.63903,0.001976300637686057,53.57776549333654,0.00021999999999999797,0.00017000000000000348,4.999999999999449e-05,0.00017506211443634614,-0.0002829734142766327,-0.0002815146646858887,-1.4587495907439937e-06
06:53:10,0.63903,0.63909,0.63882,0.63882,0.001986670316725947,55.59661832992516,0.00026999999999999247,0.00026999999999999247,0.0,0.00018772049917816565,-0.00029500391353720623,-0.0002842125144561522,-1.0791399081054023e-05
06:53:15,0.63882,0.63884,0.6387,0.63877,0.001958994371446865,56.63929630600145,0.00013999999999991797,7.00000000000145e-05,6.999999999990347e-05,0.0001813577659543993,-0.0003050562543990276,-0.0002883812624447273,-1.6674991954300326e-05
06:53:20,0.63877,0.63882,0.6387,0.6387,0.0018784495286194858,56.690334010388526,0.00012000000000000899,0.00012000000000000899,0.0,0.0001731767304938139,-0.0003150396410639411,-0.0002937129381685701,-2.1326702895371036e-05
06:53:25,0.6387,0.6387,0.63844,0.63844,0.001805417578171431,57.036152950067525,0.000260000000000038,0.000260000000000038,0.0,0.00018475316642797715,-0.000340011928153916,-0.0003029727361656393,-3.7039191988276726e-05
06:53:30,0.63862,0.63862,0.63848,0.63848,0.0016863676317651066,56.60628816787302,0.00013999999999991797,0.00013999999999991797,0.0,0.00018411941090424127,-0.0003525114473480473,-0.0003128804784021209,-3.9630968945926395e-05
06:53:35,0.63848,0.6385,0.63824,0.63824,0.0015998473611376074,56.608991200150285,0.00025999999999992696,0.00025999999999992696,0.0,0.00019423682278366602,-0.00037743259261591167,-0.0003257909012448791,-5.1641691371032584e-05
06:53:40,0.63824,0.63824,0.63802,0.63809,0.001567000487015635,58.895894210251,0.00021999999999999797,0.00014999999999998348,7.00000000000145e-05,0.00019767191307917695,-0.0004046222922688969,-0.0003415571794496827,-6.306511281921421e-05
06:53:45,0.63812,0.63831,0.63812,0.63816,0.0015402241805357875,60.28082717312161,0.00019000000000002348,0.0001500000000000945,3.999999999992898e-05,0.00020064899133528642,-0.0004157296376691155,-0.00035639167109356923,-5.933796657554629e-05
06:53:50,0.63812,0.63814,0.63808,0.63808,0.0015911915429349666,61.41789954893916,6.0000000000060005e-05,6.0000000000060005e-05,0.0,0.0001845624591572441,-0.00042607608050215795,-0.000370328552975287,-5.574752752687096e-05
06:53:55,0.63808,0.63808,0.6379,0.6379,0.001711163346963751,64.00348396751608,0.00017999999999995797,0.00017999999999995797,0.0,0.00018395413126960598,-0.0004436856743970097,-0.0003849999772596316,-5.8685697137378097e-05
06:54:00,0.63783,0.63801,0.6378,0.63797,0.0018289784321459113,67.0050170764046,0.00020999999999993246,3.999999999992898e-05,0.00017000000000000348,0.00018742691376698285,-0.0004468420721847055,-0.0003973683962446464,-4.94736759400591e-05
06:54:05,0.63789,0.63828,0.63789,0.63828,0.00184511417418598,67.03662828953507,0.00039000000000000146,0.0,0.00039000000000000146,0.000214436658598052,-0.0004194934713381837,-0.0004017934112633539,-1.770006007482982e-05
06:54:10,0.63823,0.63839,0.63821,0.63821,0.0018318124473040154,65.69031236021678,0.00017999999999995797,0.00017999999999995797,0.0,0.00020984510411830613,-0.0003988699980670418,-0.0004012087286240915,2.3387305570497004e-06
06:54:15,0.63821,0.63843,0.63821,0.63843,0.001798296269716504,63.011091698778685,0.00021999999999999797,0.0,0.00021999999999999797,0.00021119909023586505,-0.0003606166215945894,-0.0003930903072181911,3.2473685623601715e-05
06:54:20,0.63838,0.63865,0.63838,0.63859,0.0017247132484752292,59.44661243469085,0.0002700000000001035,6.0000000000060005e-05,0.00021000000000004349,0.00021903921153776352,-0.000313772903599574,-0.00037722682649446774,6.345392289489374e-05
06:54:25,0.63863,0.63875,0.63858,0.63875,0.0016753368867792329,56.136400830970906,0.00017000000000000348,0.0,0.00017000000000000348,0.00021250064999939552,-0.00026073269259363485,-0.0003539279997143012,9.319530712066637e-05
06:54:30,0.6387,0.63883,0.6387,0.6388,0.0015825149870389854,53.319638653147685,0.00012999999999996348,2.999999999997449e-05,9.999999999998899e-05,0.00020150056333280458,-0.00021221705499541166,-0.00032558581077052334,0.00011336875577511169
06:54:35,0.6388,0.6389,0.63873,0.63886,0.0014752412826715133,50.22293804950473,0.00017000000000000348,4.0000000000040004e-05,0.00012999999999996348,0.00019730048822176442,-0.00016700147505388507,-0.0002938689436271957,0.00012686746857331065
06:54:40,0.63892,0.63892,0.63875,0.63875,0.0013417270880995424,47.34278125815676,0.00017000000000000348,0.00017000000000000348,0.0,0.00019366042312552964,-0.000138447941195885,-0.0002627847431409336,0.00012433680194504863
06:54:45,0.63878,0.6389,0.63878,0.6389,0.001300228320028296,43.826816999687466,0.00012000000000000899,0.0,0.00012000000000000899,0.00018783903337545683,-0.00010253337260412998,-0.0002307344690335729,0.00012820109642944292
06:54:50,0.63887,0.63892,0.63886,0.6389,0.0013206378044412492,40.181739995704575,6.0000000000060005e-05,2.0000000000020002e-05,4.0000000000040004e-05,0.00017079382892540393,-7.322670635578898e-05,-0.00019923291649801613,0.00012600621014222715
06:54:55,0.6389,0.63891,0.63882,0.63885,0.0013380205332360617,36.8433297637826,8.999999999992347e-05,5.999999999994898e-05,2.999999999997449e-05,0.00016002131840200655,-5.341975466433002e-05,-0.00017007028413127892,0.0001166505294669489
06:55:00,0.63885,0.63897,0.63885,0.63894,0.00138915498737191,34.00970468298383,0.00012000000000000899,3.0000000000085514e-05,8.999999999992347e-05,0.00015468514261507356,-3.011322835710928e-05,-0.000142078872976445,0.00011196564461933572
06:55:05,0.63897,0.63913,0.63897,0.6391,0.0014942077640334173,32.01460227448921,0.00015999999999993797,2.999999999997449e-05,0.00012999999999996348,0.00015939379026640022,1.2535740585573052e-06,-0.00011341238356944455,0.00011466595762800185
06:55:10,0.6391,0.6392,0.63893,0.63896,0.0015457976990240763,30.25085254896206,0.00026999999999999247,0.00024000000000001798,2.999999999997449e-05,0.00017414128489754587,1.464632724401671e-05,-8.78006414067523e-05,0.00010244696865076901
06:55:15,0.63896,0.63897,0.63882,0.63897,0.0015650646531097934,29.92963878222776,0.00014999999999998348,0.0,0.00014999999999998348,0.00017092244691120423,2.5770036124472817e-05,-6.508650590050728e-05,9.08565420249801e-05
06:55:20,0.63897,0.63905,0.63897,0.63903,0.0015457255152235838,31.287688571257604,7.999999999996898e-05,2.0000000000020002e-05,5.999999999994898e-05,0.00015879945398970618,3.897784181561281e-05,-4.427363635728326e-05,8.325147817289607e-05
06:55:25,0.63903,0.63908,0.63898,0.63898,0.0015132189461342094,33.24670487828133,9.999999999998899e-05,9.999999999998899e-05,0.0,0.00015095952679107722,4.48930418094351e-05,-2.644030072393959e-05,7.133334253337469e-05
06:55:30,0.63895,0.63895,0.63881,0.63885,0.0014173006218241024,32.87586115162639,0.000140000000000029,9.999999999998899e-05,4.0000000000040004e-05,0.0001534982565522674,3.8645485772481614e-05,-1.342314342465535e-05,5.206862919713696e-05
06:55:35,0.63885,0.63893,0.63882,0.63893,0.0012115844345716997,31.985064058454434,0.00010999999999994348,0.0,0.00010999999999994348,0.00014769848901195754,3.9692038897198856e-05,-2.8001069602845086e-06,4.2492145857483364e-05
06:55:40,0.6389,0.63907,0.6389,0.63907,0.000993102528226375,32.05534419554224,0.00017000000000000348,0.0,0.00017000000000000348,0.00015067202381036364,5.122774816701536e-05,8.005464065175467e-06,4.32222841018399e-05
06:55:45,0.63907,0.63939,0.63901,0.63939,0.0009928671931067612,33.60008769226781,0.00038000000000004697,0.0,0.00038000000000004697,0.0001812490873023214,8.520897055031007e-05,2.3446165362202388e-05,6.176280518810769e-05
06:55:50,0.63939,0.63956,0.63939,0.63956,0.0009793209247603851,35.62050621297551,0.00017000000000000348,0.0,0.00017000000000000348,0.0001797492089953457,0.0001244226465423326,4.364146159822843e-05,8.078118494410416e-05
06:55:55,0.63956,0.6396,0.63952,0.63957,0.0010187195265003446,37.910771135675965,7.999999999996898e-05,2.999999999997449e-05,4.999999999999449e-05,0.00016644931446262883,0.00015452541096305783,6.58182514711943e-05,8.870715949186353e-05
06:56:00,0.63947,0.63947,0.63941,0.63944,0.0010231015795578724,38.497015777110676,5.999999999994898e-05,2.999999999997449e-05,2.999999999997449e-05,0.0001655894058676034,0.00016597885418756508,8.585037201446847e-05,8.012848217309662e-05
06:56:05,0.63944,0.63953,0.63941,0.63941,0.00104114107441311,40.0959886978297,0.00012000000000000899,0.00012000000000000899,0.0,0.00015951081841859081,0.00017066769028450945,0.00010281383566847666,6.78538546160328e-05
06:56:10,0.63941,0.63941,0.6392,0.6392,0.001017249128513642,38.61836584424502,0.00021000000000004349,0.00021000000000004349,0.0,0.00016624270929611784,0.00015564421212344026,0.00011337991095946938,4.226430116397088e-05
06:56:15,0.6392,0.63941,0.6392,0.63939,0.0010297858745176303,35.91905049208397,0.00021000000000004349,2.0000000000020002e-05,0.00019000000000002348,0.00017207701472330794,0.00015725665274235467,0.00012215525931604646,3.5101393426308216e-05
06:56:20,0.63943,0.63969,0.63932,0.63965,0.0010786716977679855,34.6521066929843,0.00036999999999998145,3.999999999992898e-05,0.0003300000000000525,0.0001984667460935311,0.0001774686030535655,0.00013321792806355028,4.425067499001521e-05
06:56:25,0.63965,0.63965,0.63955,0.63961,0.0011236032264605456,35.079568706117335,0.00010000000000010001,4.0000000000040004e-05,6.0000000000060005e-05,0.00018533784661440693,0.00018809085924542668,0.00014419251429992558,4.3898344945501096e-05
06:56:30,0.63961,0.63963,0.63956,0.63962,0.0011513214375740155,35.013574172398286,7.00000000000145e-05,1.0000000000065512e-05,5.999999999994898e-05,0.00016995946706582128,0.0001950673749600007,0.0001543674864319406,4.06998885280601e-05
06:56:35,0.63962,0.6397,0.63952,0.63952,0.0011226641246728786,35.20161938829809,0.000180000000000069,0.000180000000000069,0.0,0.00017129820479038765,0.0001903331080700399,0.00016156061075956046,2.8772497310479433e-05
06:56:40,0.63952,0.63959,0.63946,0.63946,0.001094020109497773,36.95355058149761,0.00012999999999996348,0.00012999999999996348,0.0,0.00016579177748499775,0.00017966856155438027,0.00016518220091852443,1.4486360635855837e-05
06:56:45,0.6395,0.63962,0.6395,0.63959,0.0011116985581511862,38.83622165145734,0.00012000000000000899,2.999999999997449e-05,9.00000000000345e-05,0.0001650195404869898,0.00017963601301296261,0.00016807296333741208,1.1563049675550536e-05
06:56:50,0.63959,0.63959,0.6394,0.6394,0.001063665954678772,37.6556967621177,0.00019000000000002348,0.00019000000000002348,0.0,0.00016835026842206097,0.00016240668281097825,0.00016693970723212533,-4.533024421147076e-06
06:56:55,0.6394,0.63943,0.63936,0.63942,0.0010094688545989605,34.008974720040705,7.00000000000145e-05,1.0000000000065512e-05,5.999999999994898e-05,0.00015523689929912145,0.00014865257301943657,0.00016328228038958758,-1.4629707370151005e-05
06:57:00,0.63939,0.63959,0.63939,0.63956,0.0009767744985598181,31.487435426398896,0.00019999999999997797,2.999999999997449e-05,0.00017000000000000348,0.00016120531272590232,0.00014735060582649062,0.0001600959454769682,-1.2745339650477571e-05
06:57:05,0.63956,0.63956,0.63941,0.63943,0.0009012062092343953,29.17929862499739,0.00014999999999998348,0.00012999999999996348,2.0000000000020002e-05,0.00015971127102911315,0.00013428096650636157,0.0001549329496828469,-2.0651983176485323e-05
06:57:10,0.63943,0.63943,0.6393,0.63935,0.0007389637125085891,26.601560886518353,0.0001300000000000745,8.000000000008001e-05,4.999999999999449e-05,0.00015574976822524132,0.00011612918679393402,0.00014717219710506433,-3.104301031113031e-05
06:57:15,0.63935,0.63935,0.63915,0.63915,0.0006325187744116167,24.502156205594705,0.00019999999999997797,0.00019999999999997797,0.0,0.00016164979912853953,8.462988147173167e-05,0.00013466373397839782,-5.0033852506666145e-05
06:57:20,0.63911,0.63914,0.63897,0.63908,0.0006276438815830954,26.30200487287505,0.00017000000000000348,6.0000000000060005e-05,0.00010999999999994348,0.000164096492578062,5.340244987761533e-05,0.00011841147715824133,-6.5009027280626e-05
06:57:25,0.63903,0.63903,0.63887,0.6389,0.0007920101009353253,28.69996620869151,0.00015999999999993797,0.00012999999999996348,2.999999999997449e-05,0.00017021696023431141,1.3968964157173858e-05,9.752297455802784e-05,-8.355401040085399e-05
06:57:30,0.6389,0.63893,0.63856,0.63859,0.00106954786314728,30.508903738654823,0.00036999999999998145,0.00034000000000000696,2.999999999997449e-05,0.0001968546988697341,-4.1814752166913216e-05,6.965542921303963e-05,-0.00011147018137995285
06:57:35,0.63859,0.63859,0.63842,0.63847,0.00131751600409169,32.91817739125531,0.00017000000000000348,0.00012000000000000899,4.999999999999449e-05,0.00019327407235377,-9.461607119953808e-05,3.680112913052409e-05,-0.00013141720033006216
06:57:40,0.63842,0.63842,0.63834,0.63834,0.0015705768300000589,35.376459158537564,7.999999999996898e-05,7.999999999996898e-05,0.0,0.00018483752937326246,-0.0001452767505419894,3.855531960213946e-07,-0.0001456623037380108
06:57:45,0.63834,0.6384,0.63819,0.6384,0.001738542644372565,37.67325946896839,0.00020999999999993246,0.0,0.00020999999999993246,0.00018819252545681847,-0.00017852626569014873,-3.539681058121263e-05,-0.0001431294551089361
06:57:50,0.6384,0.63843,0.63831,0.63843,0.0018722393009404925,40.515599053532,0.00012000000000000899,0.0,0.00012000000000000899,0.0001791001887292439,-0.00020014880586949335,-6.834720963886878e-05,-0.00013180159623062457
06:57:55,0.63843,0.63863,0.63843,0.63863,0.001919166485739865,40.501440460458404,0.00019999999999997797,0.0,0.00019999999999997797,0.00018188683023200844,-0.00019885422845022926,-9.444861340114088e-05,-0.00010440561504908839
06:58:00,0.63863,0.63863,0.63846,0.6385,0.0019323669696129642,42.0959511705277,0.00017000000000000348,0.0001300000000000745,3.999999999992898e-05,0.00018030191953440777,-0.00020594418370922796,-0.0001167477274627583,-8.919645624646966e-05
06:58:05,0.63853,0.63853,0.63837,0.63837,0.0019599989258829442,44.80159235066787,0.000160000000000049,0.000160000000000049,0.0,0.0001775949969298266,-0.00021952242006662015,-0.00013730266598353067,-8.221975408308948e-05
06:58:10,0.63837,0.63837,0.63828,0.63828,0.0019754823528204124,46.26936684783312,9.00000000000345e-05,9.00000000000345e-05,0.0,0.00016591566400585433,-0.00023483844661353892,-0.00015680982210953233,-7.802862450400659e-05
06:58:15,0.63833,0.63854,0.63833,0.63854,0.001928554408165084,45.26732376707861,0.00021000000000004349,0.0,0.00021000000000004349,0.00017846024213841215,-0.00022342122015750476,-0.0001701321017191268,-5.328911843837796e-05
06:58:20,0.63854,0.63876,0.63839,0.63876,0.0018559707347938215,45.43328459845132,0.00036999999999998145,0.0,0.00036999999999998145,0.00020399887651995473,-0.00019438013139383425,-0.00017498170765406832,-1.939842373976594e-05
06:58:25,0.63873,0.63873,0.63857,0.63857,0.0017383973260300944,44.565432620730725,0.000160000000000049,0.000160000000000049,0.0,0.00020213235965063056,-0.00018456867858596127,-0.0001768991018404469,-7.669576745514354e-06
06:58:30,0.63863,0.63867,0.63856,0.63856,0.0016582184479265738,42.16527934280408,0.00010999999999994348,0.00010999999999994348,0.0,0.00018984804503053895,-0.00017557601694351277,-0.0001766344848610601,1.0584679175473354e-06
06:58:35,0.63856,0.63856,0.63848,0.63851,0.0015526086706580955,39.431426316657245,7.999999999996898e-05,4.999999999999449e-05,2.999999999997449e-05,0.00017520163902646298,-0.00017051822201630262,-0.0001754112322921086,4.893010275805985e-06
06:58:40,0.63851,0.63873,0.63829,0.63873,0.0013374901868770106,37.04215502255607,0.00043999999999999595,0.0,0.00043999999999999595,0.00021050808715626738,-0.00014706247702178654,-0.0001697414812380442,2.2679004216257664e-05
06:58:45,0.63882,0.639,0.63881,0.63881,0.0011457399355843112,32.601742109098716,0.00019000000000002348,0.00019000000000002348,0.0,0.0002184403422020974,-0.00012062777678945036,-0.00015991874034832545,3.929096355887509e-05
06:58:50,0.63881,0.63892,0.63881,0.63887,0.0009643301465640519,27.967988815943517,0.0001100000000000545,4.999999999999449e-05,6.0000000000060005e-05,0.00020398162990849168,-9.37558290087237e-05,-0.00014668615808040511,5.293032907168141e-05
06:58:55,0.6388,0.6388,0.63853,0.63853,0.0008298915591771205,24.193327044807553,0.00026999999999999247,0.00026999999999999247,0.0,0.00022211741258736038,-9.875637329437303e-05,-0.00013710020112319871,3.834382782882568e-05
06:59:00,0.63853,0.63853,0.63836,0.63844,0.0007014301180590099,21.766671584359244,0.00017000000000000348,9.00000000000345e-05,7.999999999996898e-05,0.00021516842424237946,-0.00010872823707031021,-0.00013142580831262103,2.2697571242310822e-05
06:59:05,0.63847,0.63848,0.63837,0.63837,0.0006438698789714703,21.8822220836772,0.0001100000000000545,0.0001100000000000545,0.0,0.00020114596767673614,-0.00012088592821024591,-0.000129317832292146,8.431904081900097e-06
06:59:10,0.63834,0.6384,0.63828,0.63838,0.000656045569658037,22.484410059186313,0.00012000000000000899,2.0000000000020002e-05,9.999999999998899e-05,0.0001903265053198392,-0.000128235846588165,-0.0001291014351513498,8.655885631848013e-07
06:59:15,0.63844,0.63846,0.63833,0.63842,0.0006610486087665901,21.788823632320486,0.0001300000000000745,4.0000000000040004e-05,9.00000000000345e-05,0.0001822829712772039,-0.00012934206928760794,-0.00012914956197860144,-1.9250730900650394e-07
06:59:20,0.63842,0.63842,0.63831,0.63838,0.000652689980404686,20.7436423610965,0.00010999999999994348,4.0000000000040004e-05,6.999999999990347e-05,0.00017264524177356918,-0.00013192566747921575,-0.0001297047830787243,-2.220884400491442e-06
06:59:25,0.63838,0.63843,0.63813,0.63816,0.0007226384405663033,22.900668133511243,0.000300000000000078,0.0002700000000001035,2.999999999997449e-05,0.00018962587620377036,-0.00014999628523648667,-0.00013376308351027678,-1.6233201726209893e-05
06:59:30,0.63816,0.63818,0.63808,0.63811,0.000805183208962168,25.94704754962556,9.999999999998899e-05,7.00000000000145e-05,2.999999999997449e-05,0.00017767575937659952,-0.00016643342125433058,-0.00014029715105908755,-2.6136270195243033e-05
06:59:35,0.63811,0.63815,0.638,0.63804,0.0008908682931747514,29.61882157887706,0.00014999999999998348,0.00010999999999994348,4.0000000000040004e-05,0.00017398565812638405,-0.00018299888769279793,-0.00014883749838582965,-3.416138930696828e-05
06:59:40,0.63804,0.63804,0.63794,0.63801,0.0009788156108250234,33.66596899357623,0.00010000000000010001,3.0000000000085514e-05,7.00000000000145e-05,0.00016412090370954618,-0.00019628523447279278,-0.00015832704560322228,-3.79581888695705e-05
06:59:45,0.63807,0.63818,0.63802,0.63818,0.0010049875621096493,35.26138081273837,0.00015999999999993797,0.0,0.00015999999999993797,0.0001649047832149405,-0.00019089664309557275,-0.00016484096510169238,-2.6055677993880365e-05
06:59:50,0.63818,0.63822,0.63804,0.63808,0.0010456425876215203,34.71353300777004,0.00017999999999995797,0.000140000000000029,3.999999999992898e-05,0.00016691747878627618,-0.00019247655990162205,-0.0001703680840616783,-2.210847583994374e-05
06:59:55,0.6381,0.6381,0.638,0.63808,0.0010824125101367432,36.19385389050826,9.999999999998899e-05,2.0000000000020002e-05,7.999999999996898e-05,0.0001579951482814379,-0.00019152092138885468,-0.00017459865152711358,-1.6922269861741106e-05
07:00:00,0.63808,0.63812,0.63796,0.63807,0.0010646867589727549,38.02906549155443,0.000160000000000049,4.999999999999449e-05,0.0001100000000000545,0.0001582624618439194,-0.00018938734795148626,-0.00017755639081198812,-1.1830957139498139e-05
07:00:05,0.63805,0.63828,0.63805,0.63828,0.0010491480252770025,36.409611180482074,0.00022999999999995246,0.0,0.00022999999999995246,0.00016782746693139045,-0.0001688053477033602,-0.00017580618219026255,7.000834486902357e-06
07:00:10,0.63828,0.63833,0.63823,0.63831,0.0010307769170032621,34.367925333491975,9.999999999998899e-05,1.999999999990898e-05,8.000000000008001e-05,0.00015878380467387025,-0.00014836297887410588,-0.00017031754152703121,2.1954562652925336e-05
07:00:15,0.63831,0.63842,0.63831,0.63833,0.0010179773547247528,33.31807484721233,0.00010999999999994348,9.00000000000345e-05,1.999999999990898e-05,0.00015227929738401334,-0.0001290606901461766,-0.0001620661712508603,3.300548110468369e-05
07:00:20,0.63833,0.6384,0.63826,0.63829,0.0009455135057043762,31.062785541971866,0.00013999999999991797,0.00010999999999994348,2.999999999997449e-05,0.00015064205773280062,-0.00011565792045731271,-0.00015278452109215079,3.712660063483807e-05
07:00:25,0.63829,0.63836,0.63821,0.63821,0.0008207929413848181,28.873784392265662,0.00014999999999998348,0.00014999999999998348,0.0,0.00015055645003509167,-0.00011022090237688964,-0.00014427179734909855,3.4050894972208906e-05
07:00:30,0.6381,0.6381,0.63801,0.63801,0.0006375479342113355,28.51415469028538,9.00000000000345e-05,9.00000000000345e-05,0.0,0.00015714892336375798,-0.00012065946767125801,-0.00013954933141353045,1.8889863742272436e-05
07:00:35,0.63801,0.63804,0.63771,0.63771,0.0007318441018890898,28.787839822200247,0.0003300000000000525,0.0003300000000000525,0.0,0.0001801957335819306,-0.00015139441805678278,-0.00014191834874218093,-9.476069314601844e-06
07:00:40,0.63771,0.6378,0.63762,0.63773,0.000802194358912045,29.166230306863547,0.000180000000000069,7.00000000000145e-05,0.0001100000000000545,0.00018016963577101574,-0.00017215377328128056,-0.00014796543365000085,-2.4188339631279717e-05
07:00:45,0.63779,0.63786,0.63776,0.63776,0.0008502235000260594,28.33756883109198,9.999999999998899e-05,9.999999999998899e-05,0.0,0.0001734803510015421,-0.0001840631966247841,-0.0001551849862449575,-2.88782103798266e-05
07:00:50,0.63776,0.63782,0.63765,0.63782,0.0008574036695911946,27.765990698320074,0.00017000000000000348,0.0,0.00017000000000000348,0.00017301630420133693,-0.00018651003033687275,-0.00016144999506334057,-2.5060035273532177e-05
07:00:55,0.63782,0.63793,0.63782,0.63789,0.0008205646323029558,27.911676716145944,0.00010999999999994348,4.0000000000040004e-05,6.999999999990347e-05,0.0001646141303078178,-0.00018071754928128403,-0.00016530350590692928,-1.5414043374354752e-05
07:01:00,0.63789,0.63789,0.63764,0.63764,0.0008533253837335053,29.586567370385506,0.00024999999999997247,0.00024999999999997247,0.0,0.00017599891293343845,-0.000194062841339937,-0.00017105537299353082,-2.300746834640619e-05
07:01:05,0.63767,0.63767,0.63744,0.63744,0.0009959475784122596,31.703807248147175,0.00022999999999995246,0.00022999999999995246,0.0,0.0001831990578756403,-0.00021826142809433513,-0.0001804965840136917,-3.7764844080643434e-05
07:01:10,0.6374,0.63761,0.6374,0.63761,0.0010482647315286364,33.60517561949164,0.00021000000000004349,0.0,0.00021000000000004349,0.00018677251682556073,-0.00022117187152759232,-0.00018863164151647184,-3.2540230011120485e-05
07:01:15,0.63761,0.63798,0.63761,0.63789,0.0010489573770871008,34.0698664519014,0.00036999999999998145,9.00000000000345e-05,0.00027999999999994696,0.0002112028479154835,-0.00019859547397216293,-0.0001906244080076101,-7.97106596455284e-06
07:01:20,0.63789,0.63804,0.63789,0.63804,0.001050335284813686,33.612654015932655,0.0001500000000000945,0.0,0.0001500000000000945,0.00020304246819343165,-0.00016667840495887543,-0.00018583520739786318,1.9156802438987752e-05
07:01:25,0.63801,0.63809,0.63783,0.63809,0.0010380873099871124,32.65603210725609,0.000260000000000038,0.0,0.000260000000000038,0.00021063680576764585,-0.00013578408131653674,-0.0001758249821815979,4.0040900865061154e-05
07:01:30,0.63812,0.63821,0.63807,0.63821,0.0010566660578881226,32.35889135685792,0.000140000000000029,0.0,0.000140000000000029,0.00020121856499863026,-0.00010045908038514018,-0.00016075180182230635,6.0292721437166176e-05
07:01:35,0.63821,0.63848,0.63821,0.63848,0.0011481775032395891,34.401497392717005,0.00026999999999999247,0.0,0.00026999999999999247,0.0002103894229988119,-5.0099503240641496e-05,-0.00013862134210597336,8.852183886533187e-05
07:01:40,0.63848,0.63865,0.63848,0.63857,0.0012590706681383512,35.242675222170284,0.00017000000000000348,8.000000000008001e-05,8.999999999992347e-05,0.0002050041665989708,-2.8935723926926116e-06,-0.00011147578816331723,0.00010858221577062462
07:01:45,0.63857,0.63882,0.63857,0.63882,0.0014349546114214018,35.01559748354154,0.0002500000000000835,0.0,0.0002500000000000835,0.00021100361105245248,5.4067126390111575e-05,-7.836720525263148e-05,0.00013243433164274307
07:01:50,0.63875,0.63875,0.63858,0.63866,0.001521439761333232,34.544122650592996,0.00017000000000000348,9.00000000000345e-05,7.999999999996898e-05,0.0002148697962454612,8.531477214435146e-05,-4.5630809773234885e-05,0.00013094558191758634
07:01:55,0.63866,0.63868,0.63865,0.63865,0.001594432418398295,34.89932397988144,2.999999999997449e-05,2.999999999997449e-05,0.0,0.0001902204900793963,0.0001080265769699551,-1.489933242459689e-05,0.00012292590939455198
07:02:00,0.63865,0.63883,0.63863,0.63863,0.0016604932685000406,35.32878989225999,0.00019999999999997797,0.00019999999999997797,0.0,0.00019152442473547386,0.0001229942123522898,1.267937653078045e-05,0.00011031483582150935
07:02:05,0.63863,0.63863,0.63844,0.63848,0.0016937420421245797,34.976123703202184,0.00019000000000002348,0.00014999999999998348,4.0000000000040004e-05,0.00019132116810408048,0.00012135353679887384,3.441420858439913e-05,8.693932821447471e-05
07:02:10,0.63852,0.63878,0.63852,0.63875,0.0017850973731357023,34.43776903577225,0.000260000000000038,2.999999999997449e-05,0.0002300000000000635,0.00020581167902353203,0.00014022362248433673,5.557609136438665e-05,8.464753111995008e-05
07:02:15,0.63875,0.63888,0.63875,0.63876,0.001817130183905169,33.5672195644933,0.00012999999999996348,0.00012000000000000899,9.99999999995449e-06,0.0001957034551537229,0.00015420760844897519,7.530239478130436e-05,7.890521366767083e-05
07:02:20,0.63876,0.63899,0.63876,0.63895,0.0018802060357410166,33.02124322574177,0.00022999999999995246,3.999999999992898e-05,0.00019000000000002348,0.00020027632779988684,0.0001785630663021509,9.595452908547367e-05,8.260853721667724e-05
07:02:25,0.63895,0.63905,0.63894,0.63894,0.001913471356350227,36.42588065188049,0.0001100000000000545,0.0001100000000000545,0.0,0.00018823948409324253,0.00019481235018936616,0.00011572609330625218,7.908625688311398e-05
07:02:30,0.6389,0.6389,0.63875,0.6388,0.0019002714487514893,38.0420367497485,0.00014999999999998348,9.999999999998899e-05,4.999999999999449e-05,0.0001884742195474652,0.00019415509568276867,0.0001314118937815555,6.274320190121317e-05
07:02:35,0.6388,0.6388,0.63857,0.63857,0.0018539017177130468,37.62330970286671,0.0002300000000000635,0.0002300000000000635,0.0,0.0001940109902744783,0.00017307998066284913,0.00013974551115781425,3.333446950503488e-05
07:02:40,0.63854,0.63862,0.6385,0.63858,0.0017152885287419206,37.62225252506835,0.00012000000000000899,3.999999999992898e-05,8.000000000008001e-05,0.0001841428582378824,0.00015539343777637438,0.0001428750964815263,1.2518341294848087e-05
07:02:45,0.63855,0.63868,0.63855,0.63868,0.0014392161609311227,35.59821731310257,0.0001300000000000745,0.0,0.0001300000000000745,0.00017692381047284135,0.00014774280232088266,0.00014384863764939758,3.89416467148508e-06
07:02:50,0.63865,0.63865,0.63859,0.63862,0.0011661380255898468,32.95482543770209,6.0000000000060005e-05,3.0000000000085514e-05,2.999999999997449e-05,0.00016533396907646711,0.0001352787112680609,0.00014213465237313024,-6.855941105069337e-06
07:02:55,0.63852,0.63887,0.63847,0.63855,0.000982480212732062,31.147457092996227,0.00040000000000006697,0.000320000000000098,7.999999999996898e-05,0.00019662277319961377,0.00011838771444572238,0.00013738526478764866,-1.899755034192628e-05
07:03:00,0.63855,0.63868,0.63855,0.63868,0.0008357561971299443,30.312080931991797,0.0001300000000000745,0.0,0.0001300000000000745,0.00018773973677300854,0.00011417525010415375,0.0001327432618509497,-1.856801174679595e-05
07:03:05,0.63868,0.63878,0.63868,0.63872,0.000670773316473694,30.131904636128237,9.999999999998899e-05,6.0000000000060005e-05,3.999999999992898e-05,0.0001760411052032726,0.00011276462704334911,0.0001287475348894296,-1.598290784608048e-05
07:03:10,0.6387,0.63895,0.6387,0.63879,0.0005332561347519693,30.19733761843474,0.00024999999999997247,0.000160000000000049,8.999999999992347e-05,0.0001859022911761659,0.00011595841664480133,0.00012618971124050393,-1.02312945957026e-05
07:03:15,0.63879,0.63879,0.63862,0.6387,0.0004974884288397874,31.260890816708905,0.00017000000000000348,8.999999999992347e-05,8.000000000008001e-05,0.00018378198568601094,0.0001099597228381155,0.00012294371356002626,-1.2983990721910754e-05
07:03:20,0.63865,0.63873,0.63865,0.63873,0.00048403566635424333,32.03742907779248,7.999999999996898e-05,0.0,7.999999999996898e-05,0.0001699443875945387,0.00010639995164662963,0.00011963496117734694,-1.3235009530717312e-05
07:03:25,0.63873,0.63879,0.63827,0.63827,0.0006065571522413382,29.798983566017284,0.0005199999999999649,0.0005199999999999649,0.0,0.00021661846924859557,6.570326536670112e-05,0.00010884862201521779,-4.314535664851666e-05
07:03:30,0.6383,0.63847,0.63828,0.63847,0.0006338387641469101,27.016916328469957,0.00019000000000002348,0.0,0.00019000000000002348,0.00021440267334877988,4.902405799223075e-05,9.68837092106204e-05,-4.785965121838964e-05
07:03:35,0.63847,0.63866,0.63847,0.63863,0.0006345159779734821,23.98731185881233,0.00019000000000002348,2.999999999997449e-05,0.000160000000000049,0.0002111489835689457,4.816115696670842e-05,8.7139198761838e-05,-3.897804179512958e-05
07:03:40,0.63863,0.63863,0.63829,0.63829,0.0007177274075631512,22.979929818072062,0.00034000000000000696,0.00034000000000000696,0.0,0.00022832911909308721,1.981374269355296e-05,7.367410754818099e-05,-5.3860364854628026e-05
07:03:45,0.63829,0.63829,0.6382,0.6382,0.0008106034139612195,24.220084203628556,9.00000000000345e-05,9.00000000000345e-05,0.0,0.00020988523654734686,-9.801054730584902e-06,5.697907509242781e-05,-6.678012982301271e-05
07:03:50,0.6382,0.63831,0.6382,0.63828,0.0008613795544538672,24.887813409226577,0.0001100000000000545,3.0000000000085514e-05,7.999999999996898e-05,0.0001965672050077079,-2.6510072031915577e-05,4.028124566755914e-05,-6.679131769947471e-05
07:03:55,0.63831,0.63837,0.63824,0.63824,0.0009095956302205277,25.267898388263113,0.00012999999999996348,0.00012999999999996348,0.0,0.00018769157767334197,-4.2489956561087006e-05,2.372700522182991e-05,-6.621696178291692e-05
07:04:00,0.63821,0.63835,0.63821,0.63835,0.0008637226650354268,25.798827266294335,0.00013999999999991797,0.0,0.00013999999999991797,0.00018133270065021876,-4.5750664308230604e-05,9.831471315817811e-06,-5.5582135624048414e-05
07:04:05,0.63835,0.63858,0.63831,0.63858,0.0007848325332542316,25.579169664376856,0.00026999999999999247,0.0,0.00026999999999999247,0.0001931550072301886,-2.943639642571938e-05,1.9778977675103723e-06,-3.141429419322975e-05
07:04:10,0.63858,0.63858,0.63835,0.63847,0.0007460774617551458,24.27884789972179,0.0002300000000000635,0.0001100000000000545,0.00012000000000000899,0.0001980676729328386,-2.509403388051279e-05,-3.4364885620942602e-06,-2.165754531841853e-05
07:04:15,0.63847,0.63851,0.63847,0.6385,0.0007447528731714392,21.59278560423479,4.0000000000040004e-05,1.0000000000065512e-05,2.999999999997449e-05,0.00017699198320846545,-1.901276369398186e-05,-6.551743588471781e-06,-1.246102010551008e-05
07:04:20,0.63853,0.63856,0.63853,0.63855,0.0007430803597487934,18.676970881403246,2.999999999997449e-05,1.0000000000065512e-05,1.999999999990898e-05,0.0001613930521140114,-1.0042962109824138e-05,-7.249987292742253e-06,-2.792974817081885e-06
07:04:25,0.63855,0.63901,0.63855,0.63901,0.0008549816864715787,19.90368431923031,0.00046000000000001595,0.0,0.00046000000000001595,0.00020120731183214535,3.379426661986873e-05,9.588634897799431e-07,3.2835403130088786e-05
07:04:30,0.63898,0.63917,0.63898,0.63912,0.0010027562016714509,21.11581494541999,0.00019000000000002348,4.999999999999449e-05,0.000140000000000029,0.00019971300358786245,7.652948267178328e-05,1.607298732618061e-05,6.045649534560267e-05
07:04:35,0.63915,0.63941,0.63915,0.63939,0.0012493215000612956,25.426776114271092,0.000260000000000038,2.0000000000020002e-05,0.00024000000000001798,0.0002117512697761491,0.00013067782023179486,3.899395390730346e-05,9.16838663244914e-05
07:04:40,0.63939,0.63939,0.63931,0.63938,0.00143139387348179,29.776241847922133,7.999999999996898e-05,1.0000000000065512e-05,6.999999999990347e-05,0.00019418443380599175,0.0001708148046992708,6.535812406569693e-05,0.00010545668063357386
07:04:45,0.63938,0.63945,0.63938,0.6394,0.0015867809187779525,34.27006992298858,7.00000000000145e-05,4.999999999999449e-05,2.0000000000020002e-05,0.0001776265092985281,0.00020190999418567834,9.266849808969323e-05,0.00010924149609598511
07:04:50,0.63931,0.63937,0.63917,0.63917,0.001646752465975787,36.15593765806246,0.00019999999999997797,0.00019999999999997797,0.0,0.00018460964139205136,0.00020562377518873465,0.00011525955350950153,9.036422167923312e-05
07:04:55,0.6391,0.63915,0.63908,0.63915,0.0016982418152737822,36.41737380585112,7.00000000000145e-05,0.0,7.00000000000145e-05,0.00017199502253978244,0.00020459470018885373,0.00013312658284537197,7.146811734348176e-05
07:05:00,0.6391,0.6391,0.63897,0.639,0.001718107894408183,35.8127319204529,0.00012999999999996348,9.999999999998899e-05,2.999999999997449e-05,0.00017306235286780586,0.00018949106934640358,0.0001443994801455783,4.509158920082529e-05
07:05:05,0.639,0.63905,0.63894,0.63897,0.0016764310461860887,35.58559635470192,0.0001100000000000545,7.999999999996898e-05,3.0000000000085514e-05,0.00016465403915210568,0.00017310513555990337,0.00015014061122844332,2.296452433146005e-05
07:05:10,0.63902,0.63931,0.63899,0.63931,0.0017228360950798383,36.946327930882866,0.000320000000000098,0.0,0.000320000000000098,0.00018803350059849253,0.0001854169522734761,0.0001571958794374499,2.8221072836026205e-05
07:05:15,0.63923,0.63923,0.63912,0.63912,0.0017379189006530016,37.045391231947285,0.00010999999999994348,0.00010999999999994348,0.0,0.00018829570051869665,0.00017779325366129584,0.00016131535428221908,1.647789937907676e-05
07:05:20,0.63912,0.63939,0.63901,0.63939,0.0017317785199288949,38.24834533084292,0.00038000000000004697,0.0,0.00038000000000004697,0.0002138562737828767,0.00019133259801173974,0.00016731880302812323,2.401379498361651e-05
07:05:25,0.63939,0.63939,0.63933,0.63938,0.0016623939617885775,40.181840095429614,6.0000000000060005e-05,1.0000000000065512e-05,4.999999999999449e-05,0.00019334210394516781,0.00019896219716941665,0.00017364748185638192,2.531471531303474e-05
07:05:30,0.63942,0.6396,0.63942,0.6395,0.0016131512148849225,42.64979233703379,0.00017999999999995797,9.999999999998899e-05,7.999999999996898e-05,0.00019689649008581184,0.00021224507745332133,0.0001813670009757698,3.087807647755153e-05
07:05:35,0.6392,0.63928,0.63916,0.63916,0.001450284908480981,39.28216386349568,0.00012000000000000899,0.00012000000000000899,0.0,0.0002159769580743712,0.0001931106380467229,0.00018371572838996042,9.394909656762485e-06
07:05:40,0.63924,0.63937,0.63918,0.63934,0.0013147567315419106,36.029209138328056,0.00019000000000002348,2.999999999997449e-05,0.000160000000000049,0.0002151800303311275,0.00019027755146838743,0.00018502809300564583,5.249458462741597e-06
07:05:45,0.63934,0.63936,0.6393,0.63932,0.001235085336909858,32.158364327044545,6.0000000000060005e-05,4.0000000000040004e-05,2.0000000000020002e-05,0.00019448935962031852,0.00018429405000131016,0.00018488128440477872,-5.872344034685588e-07
07:05:50,0.63932,0.63936,0.63932,0.63932,0.0010753819394822006,28.329044332315057,4.0000000000040004e-05,4.0000000000040004e-05,0.0,0.00017389077833761471,0.00017750590440746006,0.000183406208405315,-5.900303997854946e-06
07:05:55,0.6394,0.63956,0.63935,0.63952,0.0009115400502073268,25.801021786472567,0.00021000000000004349,4.0000000000040004e-05,0.00017000000000000348,0.00018270534122593517,0.00018611911336485765,0.00018394878939722355,2.1703239676340927e-06
07:06:00,0.63946,0.63946,0.639,0.639,0.0006937768486789953,23.74599998843544,0.00046000000000001595,0.00046000000000001595,0.0,0.0002276779623958058,0.0001492648569826338,0.00017701200291430562,-2.7747145931671807e-05
07:06:05,0.639,0.6391,0.639,0.6391,0.0006721653931607285,22.662115280159128,9.999999999998899e-05,0.0,9.999999999998899e-05,0.00021065423407636358,0.00012666662355509395,0.00016694292704246328,-4.027630348736933e-05
07:06:10,0.63919,0.6392,0.63901,0.63901,0.0006970947228355229,22.507008622761372,0.00019000000000002348,0.00019000000000002348,0.0,0.00020790033619951824,0.00010033847345036762,0.00015362203632404416,-5.328356287367654e-05
07:06:15,0.63901,0.63909,0.6388,0.63888,0.0007554879914579704,23.53914125202944,0.00029000000000001247,0.00021000000000004349,7.999999999996898e-05,0.00021884695803958413,6.819717666228797e-05,0.00013653706439169293,-6.833988772940496e-05
07:06:20,0.63899,0.63918,0.63899,0.63914,0.0007433522930302416,21.877495200399135,0.00019000000000002348,3.999999999992898e-05,0.0001500000000000945,0.00022966736363430184,6.29788139175913e-05,0.00012182541429687261,-5.884660037928131e-05
07:06:25,0.63914,0.63917,0.63911,0.63917,0.0007217376691932564,20.849653576121142,6.0000000000060005e-05,0.0,6.0000000000060005e-05,0.0002070450484830696,6.0565808189916304e-05,0.00010957349307548137,-4.9007684885565063e-05
07:06:30,0.63935,0.63935,0.63884,0.63888,0.0007756396341602745,20.567863180014626,0.0005100000000000104,0.00046999999999997044,4.0000000000040004e-05,0.00024743904201866173,3.485116486257045e-05,9.462902743289919e-05,-5.977786257032874e-05
07:06:35,0.63891,0.63894,0.63887,0.63888,0.0008215492425107662,20.109030401453907,6.999999999990347e-05,5.999999999994898e-05,9.99999999995449e-06,0.0002237805030828273,1.4307200263075082e-05,7.856466199893438e-05,-6.42574617358593e-05
07:06:40,0.63888,0.63901,0.63888,0.63901,0.0008198587811494296,17.647467301227838,0.00012999999999996348,0.0,0.00012999999999996348,0.00021127643600511213,8.418826855871586e-06,6.453549497032183e-05,-5.611666811445024e-05
07:06:45,0.63901,0.63901,0.6389,0.63894,0.0008264343193418178,18.133027165577506,0.00010999999999994348,7.00000000000145e-05,3.999999999992898e-05,0.00019777291120442298,-1.874557743586358e-06,5.1253484427540195e-05,-5.312804217112655e-05
07:06:50,0.63892,0.63897,0.63887,0.63897,0.000833334456125101,18.297309504827307,9.999999999998899e-05,0.0,9.999999999998899e-05,0.00018473652304383179,-7.5246504327441954e-06,3.9497857455483317e-05,-4.702250788822751e-05
07:06:55,0.63897,0.63905,0.63888,0.63891,0.0008607365267008227,17.371176513343528,0.00017000000000000348,0.000140000000000029,2.999999999997449e-05,0.0001827716533046547,-1.6651935013323182e-05,2.826789896172202e-05,-4.49198339750452e-05
07:07:00,0.63891,0.63908,0.63891,0.63903,0.0008328113452746866,16.032419447960603,0.00017000000000000348,4.999999999999449e-05,0.00012000000000000899,0.00018106876619736786,-1.4040526237324435e-05,1.980621392191273e-05,-3.3846740159237165e-05
07:07:05,0.63903,0.63908,0.63899,0.63899,0.0008040188528672942,13.25596450406206,9.00000000000345e-05,9.00000000000345e-05,0.0,0.00016892626403772342,-1.5025427894443943e-05,1.2839885558641395e-05,-2.7865313453085338e-05
07:07:10,0.63899,0.63899,0.63874,0.6388,0.0007556412403961765,15.471673295070739,0.00024999999999997247,0.00018999999999991246,6.0000000000060005e-05,0.00017973609549935663,-3.07825397011241e-05,4.115400506688297e-06,-3.48979402078124e-05
07:07:15,0.63876,0.63891,0.63876,0.6388,0.000786889947483882,17.528995824394833,0.00014999999999998348,0.00010999999999994348,4.0000000000040004e-05,0.00017577128276610688,-4.277705704591739e-05,-5.26309100383284e-06,-3.751396604208455e-05
07:07:20,0.6388,0.63896,0.6388,0.63896,0.0007412393604304679,18.827573572708115,0.00015999999999993797,0.0,0.00015999999999993797,0.00017366844506395103,-3.8923450326966424e-05,-1.1995162868459558e-05,-2.6928287458506865e-05
07:07:25,0.63896,0.63897,0.63889,0.63897,0.0006909215813368785,19.03932757538334,8.000000000008001e-05,0.0,8.000000000008001e-05,0.00016117931905543491,-3.466294990228658e-05,-1.6528720275224963e-05,-1.8134229627061614e-05
07:07:30,0.63897,0.63899,0.63892,0.63896,0.0006289038082079035,19.65921080432164,6.999999999990347e-05,2.999999999997449e-05,3.999999999992898e-05,0.0001490220765146974,-3.172765241976627e-05,-1.9568506704133228e-05,-1.2159145715633045e-05
07:07:35,0.63896,0.63896,0.63884,0.6389,0.00039480841453731763,21.258897093196783,0.00012000000000000899,5.999999999994898e-05,6.0000000000060005e-05,0.00014515246631273895,-3.385267402267189e-05,-2.242534016784096e-05,-1.1427333854830931e-05
07:07:40,0.6389,0.63895,0.63885,0.63885,0.0004062407893434816,21.251873069047765,9.999999999998899e-05,9.999999999998899e-05,0.0,0.00013913213747103896,-3.912039551756674e-05,-2.5764351237786115e-05,-1.3356044279780626e-05
07:07:45,0.63892,0.63899,0.63888,0.63897,0.00038386401098122747,20.39411928884055,0.00010999999999994348,1.999999999990898e-05,9.00000000000345e-05,0.00013924785247488948,-3.322906169700435e-05,-2.7257293329629764e-05,-5.971768367374583e-06
07:07:50,0.63903,0.63903,0.63897,0.63899,0.0003816860103613706,19.449297827645914,5.999999999994898e-05,4.0000000000040004e-05,1.999999999990898e-05,0.0001286814721448974,-2.66392239551827e-05,-2.7133679454740354e-05,4.94455499557654e-07
07:07:55,0.63899,0.63905,0.63898,0.63905,0.0003856969085205275,18.121072464909766,7.00000000000145e-05,0.0,7.00000000000145e-05,0.00012085727585891304,-1.6386339981355746e-05,-2.4984211560063433e-05,8.597871578707687e-06
07:08:00,0.63905,0.63905,0.63894,0.63902,0.00035156791659529674,17.309706146664084,0.0001100000000000545,2.999999999997449e-05,8.000000000008001e-05,0.0001194096390777319,-1.0559877153037966e-05,-2.2099344678658343e-05,1.1539467525620376e-05
07:08:05,0.63902,0.63902,0.63895,0.63901,0.0002923516267503423,17.43065772666166,7.00000000000145e-05,1.0000000000065512e-05,5.999999999994898e-05,0.00011282168720070293,-6.672364941007203e-06,-1.9013948731128115e-05,1.2341583790120913e-05
07:08:10,0.63901,0.63917,0.63899,0.63909,0.00031294862531150436,19.741126037966946,0.000180000000000069,7.999999999996898e-05,0.00010000000000010001,0.00012177879557395174,2.831211463605321e-06,-1.464491669218143e-05,1.747612815578675e-05
07:08:15,0.63909,0.63913,0.63904,0.63911,0.0003334729531838665,21.40989302057156,8.999999999992347e-05,2.0000000000020002e-05,6.999999999990347e-05,0.00011754162283074799,1.1840210510483118e-05,-9.347891251648521e-06,2.118810176213164e-05
07:08:20,0.63911,0.63911,0.63906,0.63906,0.0003418586965397985,21.17834979620824,4.999999999999449e-05,4.999999999999449e-05,0.0,0.00010853607311998086,1.4775007934564321e-05,-4.523311414405953e-06,1.9298319348970273e-05
07:08:25,0.639,0.63902,0.6389,0.63902,0.00034362770548757027,20.33719908765783,0.00012000000000000899,0.0,0.00012000000000000899,0.00011539793003730847,1.3715091295996018e-05,-8.756308723255587e-07,1.4590722168321577e-05
07:08:30,0.63902,0.63912,0.63897,0.63909,0.00035915690747789775,19.082915921608613,0.00014999999999998348,2.999999999997449e-05,0.00012000000000000899,0.00012001153936566514,1.831242052452442e-05,2.961979407044437e-06,1.5350441117479983e-05
07:08:35,0.63909,0.63909,0.63901,0.63906,0.00035994736454325604,17.82045964102584,8.000000000008001e-05,3.0000000000085514e-05,4.999999999999449e-05,0.00011467666745025378,1.931246569764067e-05,6.232076665163684e-06,1.3080389032476984e-05
07:08:40,0.63904,0.63904,0.63891,0.63891,0.0003637176463884284,18.75129421670734,0.0001300000000000745,0.0001300000000000745,0.0,0.00011938644512355108,7.910079828254979e-06,6.567677297781944e-06,1.3424025304730346e-06
07:08:45,0.63891,0.63908,0.63891,0.63903,0.0003663475485031764,17.633111163729602,0.00017000000000000348,4.999999999999449e-05,0.00012000000000000899,0.00012613491910707807,8.459092838419835e-06,6.945960405909523e-06,1.5131324325103118e-06
07:08:50,0.63903,0.63918,0.63898,0.63915,0.0003530319800322257,16.14053098737614,0.00019999999999997797,2.999999999997449e-05,0.00017000000000000348,0.00013598359655946473,1.8365480890958352e-05,9.22986450291929e-06,9.135616388039063e-06
07:08:55,0.63919,0.63921,0.63914,0.63915,0.00032363071869490057,16.145960387415077,6.999999999990347e-05,5.999999999994898e-05,9.99999999995449e-06,0.00012718578368485657,2.5917602802350004e-05,1.2567412162805433e-05,1.335019063954457e-05
07:09:00,0.6392,0.63947,0.6392,0.63943,0.0004857376376283806,19.573457237704734,0.00026999999999999247,3.999999999992898e-05,0.0002300000000000635,0.0001528943458602073,5.3875332473141135e-05,2.0828996224872576e-05,3.304633624826856e-05
07:09:05,0.63943,0.63951,0.6394,0.63944,0.0005970418304817038,23.61786506030313,0.0001100000000000545,7.00000000000145e-05,4.0000000000040004e-05,0.0001471750997455203,7.596329352599351e-05,3.1855855685096766e-05,4.410743784089675e-05
07:09:10,0.63944,0.63955,0.63923,0.63955,0.0007287653582219722,23.966392442513413,0.00031999999999998696,0.0,0.00031999999999998696,0.00017021841977944919,0.00010117792633346223,4.572026981476987e-05,5.5457656518692364e-05
07:09:15,0.63957,0.63974,0.63957,0.6397,0.0008841433558306466,26.03032761358859,0.00017000000000000348,3.999999999992898e-05,0.0001300000000000745,0.00017285596380885908,0.0001317457676915934,6.292536939013458e-05,6.882039830145883e-05
07:09:20,0.63964,0.63964,0.6396,0.63963,0.0009462257436094745,26.78478975410894,4.0000000000040004e-05,9.99999999995449e-06,3.0000000000085514e-05,0.00016314183530102453,0.00014860950929485028,8.006219737107773e-05,6.854731192377256e-05
07:09:25,0.63963,0.63969,0.63953,0.63969,0.0010314547723202505,27.012406729758663,0.00015999999999993797,0.0,0.00015999999999993797,0.00016272292392754633,0.00016491461158463228,9.703268021378863e-05,6.788193137084364e-05
07:09:30,0.63969,0.63969,0.6396,0.6396,0.0010661075288784794,26.490092628098942,9.00000000000345e-05,9.00000000000345e-05,0.0,0.00015302653407054477,0.00016863040840342514,0.00011135222585171594,5.72781825517092e-05
07:09:35,0.63956,0.63956,0.63936,0.63941,0.001060833832900343,25.905796948715857,0.00019999999999997797,0.00014999999999998348,4.999999999999449e-05,0.00016462299619445972,0.00015446323601453482,0.00011997442788427973,3.4488808130255096e-05
07:09:40,0.63941,0.63951,0.63941,0.63943,0.0010468277895745448,26.64475398551703,9.999999999998899e-05,7.999999999996898e-05,2.0000000000020002e-05,0.00015600659670186363,0.00014319877632507083,0.00012461929757243796,1.8579478752632874e-05
07:09:45,0.63943,0.6395,0.63943,0.6395,0.001032839723630774,27.738192664241698,6.999999999990347e-05,0.0,6.999999999990347e-05,0.0001445390504749356,0.00013832549564163354,0.0001273605371862771,1.0964958455356448e-05
07:09:50,0.6395,0.63953,0.63942,0.63947,0.0010228772627784988,26.510426016613874,0.0001100000000000545,6.0000000000060005e-05,4.999999999999449e-05,0.00013993384374495147,0.00013053787692218766,0.0001279960051334592,2.5418717887284482e-06
07:09:55,0.63951,0.63951,0.63927,0.63927,0.00100487024560314,27.948469325531757,0.00024000000000001798,0.00024000000000001798,0.0,0.00015327599791229368,0.00010699443915718199,0.00012379569193820379,-1.68012527810218e-05
07:10:00,0.63927,0.63937,0.63927,0.63931,0.0009727746533951809,29.517678044846832,9.999999999998899e-05,5.999999999994898e-05,4.0000000000040004e-05,0.0001461725315239864,9.052029915135318e-05,0.00011714061338083367,-2.662031422948049e-05
07:10:05,0.63936,0.63938,0.63921,0.63921,0.0009338792889275194,31.196309086983984,0.00017000000000000348,0.00017000000000000348,0.0,0.00014934952732078866,6.860443106537772e-05,0.00010743337691774249,-3.882894585236476e-05
07:10:10,0.63921,0.63942,0.63921,0.63931,0.0009021961509056986,29.507506444825697,0.00021000000000004349,0.00010999999999994348,0.00010000000000010001,0.000157436257011356,5.862927024513631e-05,9.767255558322126e-05,-3.9043285338084946e-05
07:10:15,0.63931,0.63931,0.63906,0.63906,0.0009021961509056986,28.948765643769214,0.0002500000000000835,0.0002500000000000835,0.0,0.000169778089409853,3.0202813531277073e-05,8.417860717283243e-05,-5.397579364155536e-05
07:10:20,0.63906,0.63918,0.63906,0.63911,0.0008327885938683721,31.283111190475513,0.00012000000000000899,7.00000000000145e-05,4.999999999999449e-05,0.0001631410108218738,1.1575785467399236e-05,6.965804283174579e-05,-5.8082257364346554e-05
07:10:25,0.63906,0.6392,0.63906,0.63916,0.0007950266463414568,31.63757312080212,0.000140000000000029,4.0000000000040004e-05,9.999999999998899e-05,0.00016005554271229452,8.386462667653305e-07,5.58941635187497e-05,-5.505551725198437e-05
07:10:30,0.63916,0.63916,0.63908,0.63908,0.0008142390700094371,31.292314500163773,7.999999999996898e-05,7.999999999996898e-05,0.0,0.00014938147035065114,-1.3964965885016056e-05,4.192233763799655e-05,-5.588730352301261e-05
07:10:35,0.63914,0.63914,0.63905,0.63908,0.0008327607857530062,32.50255416134797,9.00000000000345e-05,6.0000000000060005e-05,2.999999999997449e-05,0.00014146394097056892,-2.5404092603542594e-05,2.845705158968872e-05,-5.3861144193231314e-05
07:10:40,0.63905,0.63908,0.63899,0.63908,0.0008702304594783161,34.38768714608616,9.00000000000345e-05,0.0,9.00000000000345e-05,0.00013460208217449767,-3.4076866042842546e-05,1.595026806318247e-05,-5.002713410602502e-05
07:10:45,0.63908,0.63916,0.63901,0.63913,0.0008885612261426701,34.818372309552885,0.00014999999999998348,2.999999999997449e-05,0.00012000000000000899,0.00013665513788456245,-3.6494829665612016e-05,5.461248517423572e-06,-4.195607818303559e-05
07:10:50,0.63913,0.63913,0.63904,0.63907,0.000896261240096452,36.109550639263844,8.999999999992347e-05,5.999999999994898e-05,2.999999999997449e-05,0.00013043445283327724,-4.275967490097177e-05,-4.182936166255495e-06,-3.8576738734716274e-05
07:10:55,0.63907,0.6391,0.63903,0.63908,0.0008418926047115693,37.41305753722476,7.00000000000145e-05,2.0000000000020002e-05,4.999999999999449e-05,0.0001223765257888422,-4.6383018890039374e-05,-1.2622952711012271e-05,-3.3760066179027104e-05
07:11:00,0.63914,0.63917,0.63875,0.63875,0.0009030474720723713,41.70388953295232,0.00041999999999997595,0.00041999999999997595,0.0,0.00016205965568366002,-7.501802607357e-05,-2.510196738352382e-05,-4.991605869004618e-05
07:11:05,0.63873,0.63879,0.63861,0.63861,0.0009644109191768724,44.79836698162954,0.00017999999999995797,0.00017999999999995797,0.0,0.00016445170159249976,-0.00010776604564965986,-4.163478303675103e-05,-6.613126261290883e-05
07:11:10,0.63861,0.63864,0.63849,0.63859,0.0010207510134967457,48.1948531903251,0.00014999999999998348,4.999999999999449e-05,9.999999999998899e-05,0.00016252480804683094,-0.0001337906644554021,-6.006595932048125e-05,-7.372470513492086e-05
07:11:15,0.63859,0.63861,0.63857,0.63861,0.0010881544007981248,51.76822818431719,4.0000000000040004e-05,0.0,4.0000000000040004e-05,0.00014618816697392547,-0.00015106020153154986,-7.826480776269498e-05,-7.279539376885488e-05
07:11:20,0.63867,0.63872,0.63867,0.6387,0.0010950529907765016,53.50991203536408,4.999999999999449e-05,1.999999999990898e-05,3.0000000000085514e-05,0.00014136307804406119,-0.0001556894946648235,-9.37497451431207e-05,-6.193974952170282e-05
07:11:25,0.63875,0.63875,0.63853,0.63853,0.0011096874856315608,54.61742548066581,0.00021999999999999797,0.00021999999999999797,0.0,0.00015184800097151941,-0.00017110344803528132,-0.00010922048572155282,-6.18829623137285e-05
07:11:30,0.63853,0.63864,0.63852,0.63852,0.0011037238403550642,55.77068921522432,0.00012000000000000899,0.00012000000000000899,0.0,0.0001476016008419847,-0.000182027731182699,-0.00012378193481378207,-5.824579636891692e-05
07:11:35,0.63852,0.63856,0.63847,0.63847,0.0011474163196094622,57.65223717766066,9.00000000000345e-05,9.00000000000345e-05,0.0,0.00013992138739639135,-0.00019250085637012582,-0.00013752571912505084,-5.497513724507497e-05
07:11:40,0.63847,0.63851,0.6384,0.63843,0.0011672658110579714,60.06332852072246,0.0001100000000000545,7.999999999996898e-05,3.0000000000085514e-05,0.00013593186907687977,-0.00020170343756975573,-0.00015036126281399182,-5.134217475576391e-05
07:11:45,0.63843,0.63854,0.63843,0.63849,0.0011729656521117793,61.32519691537503,0.00010999999999994348,4.999999999999449e-05,5.999999999994898e-05,0.00013247428653328827,-0.00020182849762562238,-0.00016065470977631794,-4.117378784930444e-05
07:11:50,0.63849,0.63856,0.63847,0.63847,0.0011312145312767363,61.38694456545324,9.00000000000345e-05,9.00000000000345e-05,0.0,0.00012681104832885443,-0.00020122188088733672,-0.0001687681439985217,-3.245373688881502e-05
07:11:55,0.63847,0.6385,0.63842,0.63844,0.0011474823699981762,64.10599628912362,7.999999999996898e-05,5.999999999994898e-05,2.0000000000020002e-05,0.00012056957521833637,-0.000200846646908448,-0.00017518384458050696,-2.5662802327941036e-05
07:12:00,0.63844,0.63846,0.63841,0.63842,0.0011412624588513776,66.03867542082672,4.999999999999449e-05,4.0000000000040004e-05,9.99999999995449e-06,0.00011116029852255746,-0.00019985925109122782,-0.00018011892588265115,-1.9740325208576672e-05
07:12:05,0.63845,0.63873,0.63845,0.63873,0.001069098981181238,64.21755194174044,0.000280000000000058,0.0,0.000280000000000058,0.00013767225871955411,-0.0001720787073473673,-0.00017851088217559437,6.432174828227072e-06
07:12:10,0.63873,0.63883,0.63863,0.63883,0.0010192484331139617,60.959007006625576,0.00019999999999997797,0.0,0.00019999999999997797,0.00014598262422361064,-0.0001403751051852753,-0.00017088372677753056,3.050862159225526e-05
07:12:15,0.63883,0.63915,0.63878,0.63915,0.00104278978049277,59.19179950640837,0.00036999999999998145,0.0,0.00036999999999998145,0.0001758516076604601,-8.840931881670677e-05,-0.00015438884518536583,6.597952636865905e-05
07:12:20,0.63915,0.63915,0.63899,0.63899,0.0010183557438523394,57.12258324617282,0.000160000000000049,0.000160000000000049,0.0,0.0001737380599724053,-5.945140278651451e-05,-0.00013540135670559556,7.594995391908106e-05
07:12:25,0.63899,0.63899,0.63888,0.63895,0.0009657960992091041,52.70564554734447,0.00010999999999994348,3.999999999992898e-05,7.00000000000145e-05,0.00016523965197607704,-3.927695116412444e-05,-0.00011617647559730135,7.689952443317691e-05
07:12:30,0.63895,0.63906,0.63894,0.63906,0.0009625317492973906,51.48385494265627,0.00012000000000000899,0.0,0.00012000000000000899,0.00015920769837926799,-1.4248227515167855e-05,-9.579082598087466e-05,8.15425984657068e-05
07:12:35,0.63906,0.63925,0.63906,0.63925,0.0010300311696791464,50.569391590360624,0.00019000000000002348,0.0,0.00019000000000002348,0.00016331333859536873,2.0680239474990536e-05,-7.249661288970161e-05,9.317685236469215e-05
07:12:40,0.63925,0.63928,0.63921,0.63921,0.0011266625142589692,49.74832131925289,7.00000000000145e-05,7.00000000000145e-05,0.0,0.00015087156011598816,4.4619292080105843e-05,-4.907343189574012e-05,9.369272397584597e-05
07:12:45,0.63918,0.63939,0.63918,0.63939,0.001268187268250065,49.174765907326176,0.00021000000000004349,0.0,0.00021000000000004349,0.0001587553521005289,7.722545247346169e-05,-2.381365502189976e-05,0.00010103910749536144
07:12:50,0.63939,0.63954,0.63939,0.63951,0.0014211559416577035,48.830010847547676,0.00014999999999998348,2.999999999997449e-05,0.00012000000000000899,0.0001575879718204562,0.00011146417697005528,3.2419113764912478e-06,0.00010822226559356404
07:12:55,0.63951,0.63951,0.63942,0.63951,0.0015389333284634432,49.247526947927156,9.00000000000345e-05,0.0,9.00000000000345e-05,0.00014857624224439998,0.0001370191414392652,2.999735738904604e-05,0.00010702178405021915
07:13:00,0.63951,0.63951,0.6393,0.6393,0.0015818377054228616,48.19337900810486,0.00021000000000004349,0.00021000000000004349,0.0,0.00015676607661181913,0.0001387272287989294,5.1743331671022714e-05,8.698389712790669e-05
07:13:05,0.6393,0.63939,0.63924,0.63939,0.0016072716339325943,45.89004512757243,0.00014999999999998348,0.0,0.00014999999999998348,0.00015586393306357438,0.00014566402398041856,7.052747013290189e-05,7.513655384751667e-05
07:13:10,0.63939,0.63957,0.63939,0.6395,0.0016377892673329342,44.71168456105873,0.00017999999999995797,7.00000000000145e-05,0.00010999999999994348,0.00015908207532175887,0.00015821377491775923,8.806473108987335e-05,7.014904382788588e-05
07:13:15,0.6395,0.6395,0.63925,0.63925,0.0015831361280633782,45.330810262974296,0.00024999999999997247,0.00024999999999997247,0.0,0.00017120446527885402,0.0001463001749407722,9.971181986005312e-05,4.658835508071907e-05
07:13:20,0.63922,0.63931,0.63909,0.63909,0.0014853261204832435,43.70832147611477,0.00021999999999999797,0.00021999999999999797,0.0,0.00017771053657500654,0.00012253538664042107,0.00010427653321612672,1.8258853424294355e-05
07:13:25,0.63909,0.63912,0.63897,0.63912,0.0013904092543979285,41.06211608710888,0.00014999999999998348,0.0,0.00014999999999998348,0.00017401579836500347,0.00010491299823833788,0.00010440382622056895,5.091720177689303e-07
07:13:30,0.63912,0.63928,0.63912,0.63928,0.0012761966520544732,37.580154843721736,0.00015999999999993797,0.0,0.00015999999999993797,0.0001721470252496614,0.00010267422671828008,0.00010405790632011119,-1.3836796018311062e-06
07:13:35,0.63928,0.63932,0.63925,0.63932,0.0011147149741803641,36.01858151761814,7.00000000000145e-05,0.0,7.00000000000145e-05,0.00015852742188304182,0.00010294100998065048,0.00010383452705221906,-8.935170715685791e-07
07:13:40,0.63935,0.63942,0.63929,0.63935,0.0008783621121024598,34.77345435233972,0.00012999999999996348,7.00000000000145e-05,5.999999999994898e-05,0.0001547237656319647,0.00010437007367658513,0.00010394163637709228,4.284372994928443e-07
07:13:45,0.63935,0.63959,0.63935,0.63952,0.000795913245720703,33.59443555563109,0.00024000000000001798,7.00000000000145e-05,0.00017000000000000348,0.0001660939302143718,0.00011786156148752003,0.00010672562139917783,1.1135940088342195e-05
07:13:50,0.63952,0.63955,0.63946,0.63946,0.0007120023654438867,32.02131474123039,8.999999999992347e-05,8.999999999992347e-05,0.0,0.00015594807285244537,0.00012230233898624654,0.00010984096491659158,1.246137406965496e-05
07:13:55,0.63943,0.63954,0.63943,0.63948,0.0007223674527681023,29.535592060603005,0.00010999999999994348,5.999999999994898e-05,4.999999999999449e-05,0.00014982166313877844,0.00012598326336299426,0.00011306942460587212,1.2913838757122137e-05
07:14:00,0.63944,0.63944,0.63942,0.63942,0.0006691518590742351,26.36852168783547,2.0000000000020002e-05,2.0000000000020002e-05,0.0,0.0001378454413869493,0.00012264514698145934,0.00011498456908098958,7.660577900469765e-06
07:14:05,0.63942,0.63948,0.63935,0.6394,0.000575203396499413,22.119639378998247,0.0001300000000000745,8.000000000008001e-05,4.999999999999449e-05,0.00013679938253536602,0.00011703670654616971,0.00011539499657402561,1.6417099721440973e-06
07:14:10,0.63933,0.63941,0.63926,0.63941,0.000513333788994208,19.83508818042993,0.00014999999999998348,0.0,0.00014999999999998348,0.00013855946486398169,0.00011210659843829962,0.00011473731694688043,-2.6307185085808053e-06
07:14:15,0.63944,0.63968,0.63944,0.63965,0.0005645827522924307,19.949282429856584,0.00024000000000001798,2.999999999997449e-05,0.00021000000000004349,0.00015608486954878312,0.0001261117091977404,0.00011701219539705243,9.099513800687965e-06
07:14:20,0.63962,0.63962,0.63945,0.63945,0.0005449094564833334,19.0036516288208,0.00017000000000000348,0.00017000000000000348,0.0,0.00016194022027562392,0.00011969278789292215,0.00011754831389622639,2.14447399669576e-06
07:14:25,0.63945,0.63945,0.63933,0.63936,0.0005455697166860674,18.222438499927556,0.00012000000000000899,8.999999999992347e-05,3.0000000000085514e-05,0.00015634819090554195,0.00010612021094025259,0.00011526269330503164,-9.142482364779048e-06
07:14:30,0.63939,0.63954,0.63939,0.63954,0.0005518199553598002,19.509462428699727,0.00014999999999998348,0.0,0.00014999999999998348,0.00015950176545146408,0.00010863605280420074,0.00011393736520486547,-5.3013124006647265e-06
07:14:35,0.63954,0.63955,0.63952,0.63955,0.0005602405498172924,19.926654292186942,2.999999999997449e-05,0.0,2.999999999997449e-05,0.00014223486339126547,0.00011016685708165053,0.00011318326358022248,-3.0164064985719583e-06
07:14:40,0.63955,0.6396,0.63926,0.63926,0.0005668750906473452,20.924238598158517,0.00033999999999989594,0.00033999999999989594,0.0,0.0001686035482724162,8.697683926961464e-05,0.00010794197871810092,-2.0965139448486287e-05
07:14:45,0.6393,0.63947,0.6393,0.63947,0.0005713732303813668,21.229953972929554,0.00017000000000000348,0.0,0.00017000000000000348,0.0001741230751694184,8.45689695961882e-05,0.0001032673768937184,-1.8698407297530192e-05
07:14:50,0.63947,0.63947,0.63935,0.63935,0.0005636385553065004,20.742049143499884,0.00012000000000000899,0.00012000000000000899,0.0,0.00016690666514683047,7.214606350336439e-05,9.70431142156476e-05,-2.489705071228321e-05
07:14:55,0.63935,0.63939,0.63927,0.6393,0.0005551519469351174,20.031348977203404,0.00012000000000000899,9.00000000000345e-05,2.999999999997449e-05,0.00016065244312725427,5.760223606876558e-05,8.91549385862712e-05,-3.155270251750562e-05
07:15:00,0.6393,0.63939,0.6389,0.63916,0.0005261778766445513,21.86823925645798,0.0004899999999999904,0.0002300000000000635,0.00025999999999992696,0.00020456545071028575,3.438297256797007e-05,7.820054538261097e-05,-4.38175728146409e-05
07:15:05,0.63916,0.63945,0.63916,0.6394,0.00045943214375143704,23.29532727359284,0.00029000000000001247,4.999999999999449e-05,0.00024000000000001798,0.00021595672394891598,3.494471230303109e-05,6.954937876669499e-05,-3.46046664636639e-05
07:15:10,0.63938,0.63946,0.63934,0.63946,0.000445699922624776,24.730289139586876,0.00012000000000000899,0.0,0.00012000000000000899,0.00020316249408906171,3.97729162286975e-05,6.35940862590955e-05,-2.3821170030398006e-05
07:15:15,0.63946,0.63957,0.6394,0.63953,0.000447383033788995,25.683166062629905,0.00017000000000000348,3.999999999992898e-05,0.0001300000000000745,0.0001987408282105206,4.8686490059624e-05,6.0612567019201206e-05,-1.1926076959577207e-05
07:15:20,0.63953,0.63965,0.63953,0.63953,0.0004505902561331432,25.682089085139356,0.00012000000000000899,0.00012000000000000899,0.0,0.00018824205111578574,5.5115227504787256e-05,5.951309911631842e-05,-4.397871611531165e-06
07:15:25,0.63956,0.63965,0.63956,0.63963,0.00047797379357361613,24.15857167163833,9.00000000000345e-05,2.0000000000020002e-05,7.00000000000145e-05,0.0001791431109670155,6.750110182796032e-05,6.11106996586468e-05,6.390402169313515e-06
07:15:30,0.63978,0.63984,0.63971,0.63984,0.0005970418304799274,23.375016177508744,0.00012999999999996348,0.0,0.00012999999999996348,0.00018325736283807112,9.318802784374913e-05,6.752616529566728e-05,2.5661862548081852e-05
07:15:35,0.63984,0.6399,0.63947,0.63947,0.0005968196412526883,23.683452287905304,0.00043000000000004146,0.00043000000000004146,0.0,0.00021615638112633384,8.27354709860284e-05,7.056802643373951e-05,1.2167444552288895e-05
07:15:40,0.63947,0.63947,0.63929,0.63929,0.0006150224642673674,24.348114080419514,0.00017999999999995797,0.00017999999999995797,0.0,0.00021133553030948374,5.924431708348443e-05,6.830328456368849e-05,-9.058967480204058e-06
07:15:45,0.63925,0.63928,0.63904,0.63912,0.000682444522500214,26.106518001509112,0.00023999999999990695,0.00015999999999993797,7.999999999996898e-05,0.00021649079293488223,2.660316440106225e-05,5.996326053116325e-05,-3.3360096130100996e-05
07:15:50,0.63912,0.63919,0.63912,0.63919,0.0007176423386969777,27.75387136180934,7.00000000000145e-05,0.0,7.00000000000145e-05,0.0001969586872102332,6.310487349003857e-06,4.923270589473137e-05,-4.2922218545727515e-05
07:15:55,0.63923,0.63925,0.63918,0.63925,0.0007022220371424304,28.99041515489799,7.00000000000145e-05,0.0,7.00000000000145e-05,0.00018003086224887071,-4.873923302617378e-06,3.8411380055261624e-05,-4.3285303357879e-05
07:16:00,0.63925,0.63938,0.63925,0.63935,0.0007028213817974471,28.728408844213384,0.00012999999999996348,2.999999999997449e-05,9.999999999998899e-05,0.00017336008061568308,-5.603886937821656e-06,2.960832665664497e-05,-3.5212213594466625e-05
07:16:05,0.63935,0.63942,0.63933,0.6394,0.0007016941903827956,27.163950014171235,9.00000000000345e-05,2.0000000000020002e-05,7.00000000000145e-05,0.0001622454032002633,-2.1233298209688556e-06,2.3261995361122205e-05,-2.538532518209106e-05
07:16:10,0.6394,0.63942,0.6394,0.6394,0.0006900038138537568,23.306859385825373,2.0000000000020002e-05,2.0000000000020002e-05,0.0,0.00014327934944023086,6.277998839676613e-07,1.8735156265691297e-05,-1.8107356381723636e-05
07:16:15,0.6394,0.63948,0.63932,0.63948,0.0006797398883136019,21.155176673276777,0.000160000000000049,0.0,0.000160000000000049,0.00014550876951487327,9.157855352270872e-06,1.6819696083007213e-05,-7.661840730736341e-06
07:16:20,0.63948,0.63951,0.63936,0.6394,0.0006679300309844205,18.724526794299443,0.00014999999999998348,0.0001100000000000545,3.999999999992898e-05,0.0001461076002462213,9.3548178375924e-06,1.532672043392425e-05,-5.971902596331851e-06
07:16:25,0.63943,0.63968,0.63942,0.63968,0.0007112065359773379,18.438409588554666,0.000260000000000038,0.0,0.000260000000000038,0.00016395992021339952,3.173870790051936e-05,1.8609117927243272e-05,1.3129589973276087e-05
07:16:30,0.63965,0.63981,0.6396,0.63981,0.0007921164188597896,20.206090795186466,0.00021000000000004349,0.0,0.00021000000000004349,0.0001700985975182854,5.9284619398303207e-05,2.6744218221455263e-05,3.2540401176847944e-05
07:16:35,0.63981,0.63981,0.6397,0.63981,0.0008485281374086551,21.973772001818265,0.00010999999999994348,0.0,0.00010999999999994348,0.00016208545118250647,8.019056579233741e-05,3.7433487735631694e-05,4.2757078056705716e-05
07:16:40,0.63981,0.63984,0.63977,0.63984,0.0008639103267154002,23.116243678595584,7.00000000000145e-05,0.0,7.00000000000145e-05,0.00014980739102484088,9.80491783142412e-05,4.9556625851353595e-05,4.849255246288761e-05
07:16:45,0.63991,0.64006,0.63991,0.64006,0.0009951545767128422,26.19197229427208,0.00014999999999998348,0.0,0.00014999999999998348,0.00015916640555486183,0.0001284734567480461,6.533999203069211e-05,6.3133464717354e-05
07:16:50,0.64008,0.64008,0.64005,0.64008,0.0011081022183394573,28.16272535295875,2.999999999997449e-05,0.0,2.999999999997449e-05,0.00014194421814754354,0.0001524414987489342,8.276029337434053e-05,6.968120537459367e-05
07:16:55,0.64008,0.64022,0.64008,0.64022,0.0012554806167042187,29.56203196592887,0.000140000000000029,0.0,0.000140000000000029,0.00014168498906120825,0.00018065074534501235,0.00010233838376847489,7.831236157653746e-05
07:17:00,0.64022,0.64026,0.64006,0.64006,0.0013210458376740064,31.479388862097633,0.000200000000000089,0.000200000000000089,0.0,0.00014946032385305903,0.00018792977620707418,0.00011945666225619475,6.847311395087943e-05
07:17:05,0.64009,0.64009,0.63976,0.63976,0.0013270608600544076,29.949377380316776,0.0003300000000000525,0.0003300000000000525,0.0,0.00017353228067265816,0.00016755944681157153,0.00012907721916727012,3.8482227644301415e-05
07:17:10,0.63976,0.63983,0.63976,0.63981,0.001323243224638393,29.917916002309173,7.00000000000145e-05,2.0000000000020002e-05,4.999999999999449e-05,0.00015972797658297234,0.00015367888165218613,0.00013399755166425333,1.9681329987932802e-05
07:17:15,0.63981,0.63998,0.63981,0.63998,0.0013515823085605838,31.539379572027872,0.00017000000000000348,0.0,0.00017000000000000348,0.00016109757970524314,0.00015461372226333037,0.00013812078578406874,1.6492936479261627e-05
07:17:20,0.63998,0.63998,0.63984,0.63992,0.0013277222283900603,33.16084314174656,0.000140000000000029,5.999999999994898e-05,8.000000000008001e-05,0.00015828456907788124,0.00014879784271626395,0.0001402561971705078,8.541645545756158e-06
07:17:25,0.63994,0.63998,0.6399,0.63998,0.0012417576676770903,33.91726430596091,7.999999999996898e-05,0.0,7.999999999996898e-05,0.0001478466265341596,0.0001473318648066435,0.00014167133069773494,5.660534108908573e-06
07:17:30,0.63996,0.63996,0.63981,0.63981,0.001136606213330671,33.75804335189921,0.00014999999999998348,0.00014999999999998348,0.0,0.0001508004096629388,0.00013094305744376644,0.00013952567604694124,-8.582618603174795e-06
07:17:35,0.63981,0.63984,0.63975,0.63975,0.0010327683797863862,32.72847165048519,8.999999999992347e-05,8.999999999992347e-05,0.0,0.00014269368837453676,0.00011182427039369003,0.000133985394916291,-2.2161124522600978e-05
07:17:40,0.63975,0.63984,0.63975,0.63978,0.0009503262597501116,30.631615788181396,8.999999999992347e-05,5.999999999994898e-05,2.999999999997449e-05,0.00013566786325792168,9.796397546402158e-05,0.00012678111102583712,-2.8817135561815536e-05
07:17:45,0.63978,0.63982,0.63968,0.63977,0.0008731793087524142,29.482753412210347,0.000140000000000029,5.0000000000105516e-05,8.999999999992347e-05,0.00013624548149020264,8.519065065615283e-05,0.00011846301895190026,-3.327236829574743e-05
07:17:50,0.63972,0.63984,0.63972,0.63984,0.0007785114000258275,27.71814714703792,0.00012000000000000899,0.0,0.00012000000000000899,0.00013407941729151016,7.979627195309202e-05,0.00011072966955213863,-3.0933397599046606e-05
07:17:55,0.63984,0.63995,0.63983,0.63995,0.0007044490194632047,24.59846721749312,0.00012000000000000899,0.0,0.00012000000000000899,0.00013220216165264333,8.343547642275517e-05,0.00010527083092626195,-2.1835354503506774e-05
07:18:00,0.63995,0.64008,0.63995,0.64008,0.0005771034751431703,22.802848177640623,0.00012999999999996348,0.0,0.00012999999999996348,0.0001319085400989527,9.570624372612357e-05,0.00010335791348623428,-7.651669760110706e-06
07:18:05,0.64008,0.64011,0.64001,0.64004,0.0005510372993116075,20.667932548268343,9.999999999998899e-05,6.999999999990347e-05,3.0000000000085514e-05,0.00012765406808575754,0.00010103854011800362,0.00010289403881258815,-1.8554986945845306e-06
07:18:10,0.63997,0.64001,0.63983,0.63997,0.0005432804838938488,15.967154001684403,0.00017999999999995797,3.999999999992898e-05,0.000140000000000029,0.000138633525674329,9.848078327256982e-05,0.0001020113877045845,-3.5306044320146813e-06
07:18:15,0.63997,0.6402,0.63997,0.6402,0.0005839250131838281,17.021794552668094,0.00022999999999995246,0.0,0.00022999999999995246,0.0001508157222510788,0.00011370213294326081,0.00010434953675231977,9.352596190941045e-06
07:18:20,0.6402,0.64029,0.6402,0.64029,0.0006506838507702728,18.74504620796415,9.00000000000345e-05,0.0,9.00000000000345e-05,0.0001427069592842729,0.00013151142817868777,0.00010978191503759337,2.1729513141094403e-05
07:18:25,0.64029,0.64034,0.64023,0.64034,0.0007278258900895729,19.586218215783372,0.0001100000000000545,0.0,0.0001100000000000545,0.00013834603137971046,0.00014795447797089079,0.00011741642762425286,3.053805034663792e-05
07:18:30,0.64037,0.64047,0.64037,0.64038,0.0008071548471866308,21.222117204051603,9.999999999998899e-05,9.00000000000345e-05,9.99999999995449e-06,0.0001372332271957442,0.00016234200156328704,0.0001264015424120597,3.594045915122733e-05
07:18:35,0.64046,0.64055,0.64042,0.64055,0.0009288906796309782,23.26847042041022,0.00012999999999996348,0.0,0.00012999999999996348,0.00014160213023631214,0.0001853254801436055,0.0001381863299583689,4.713915018523661e-05
07:18:40,0.64055,0.64062,0.64053,0.64053,0.0010376714823254751,26.98665918223121,8.999999999992347e-05,8.999999999992347e-05,0.0,0.00013472184620479365,0.0001996250661522314,0.00015047407719714142,4.9150988955089995e-05
07:18:45,0.6405,0.64062,0.64043,0.64062,0.001126034495110284,29.345857829466603,0.00018999999999991246,0.0,0.00018999999999991246,0.0001420922667108095,0.0002157330031543614,0.00016352586238858543,5.220714076577596e-05
07:18:50,0.64055,0.64065,0.64053,0.64065,0.00120464189916758,31.921222490479003,0.00012000000000000899,0.0,0.00012000000000000899,0.00013914663114936943,0.00022828784834805216,0.0001764782595804788,5.180958876757337e-05
07:18:55,0.64062,0.64094,0.64046,0.64094,0.001399878190177617,35.04761865941505,0.00047999999999992493,0.0,0.00047999999999992493,0.0001845937469961102,0.0002586565977351629,0.00019291392721141563,6.574267052374729e-05
07:19:00,0.64091,0.64091,0.64063,0.64066,0.0014445702329277665,38.41387476442474,0.00027999999999994696,0.00024999999999997247,2.999999999997449e-05,0.0002013145807299517,0.00025716594158275985,0.0002057643300856845,5.140161149707535e-05
07:19:05,0.64066,0.64066,0.64057,0.64057,0.001462940082223696,40.70044670603759,9.00000000000345e-05,9.00000000000345e-05,0.0,0.0001864726366326294,0.0002458878954054722,0.00021378904314964204,3.2098852255830134e-05
07:19:10,0.64054,0.64094,0.64054,0.64094,0.0015332868032491564,42.867098071877294,0.00039999999999995595,0.0,0.00039999999999995595,0.00021494295174827294,0.00026376534759819936,0.00022378430403935352,3.998104355884584e-05
07:19:15,0.64094,0.64105,0.64094,0.64099,0.0015646341425281651,45.1031540710468,0.0001100000000000545,6.0000000000060005e-05,4.999999999999449e-05,0.00020095055818184382,0.00027875462954285446,0.00023477836914005372,4.3976260402800736e-05
07:19:20,0.64091,0.64097,0.64091,0.64092,0.0015442538651284643,49.28501555339932,6.0000000000060005e-05,4.999999999999449e-05,1.0000000000065512e-05,0.00018482381709092717,0.0002817376324391052,0.00024417022179986405,3.756741063924116e-05
07:19:25,0.64092,0.64104,0.64092,0.64104,0.0015175326234126985,52.19836802544477,0.00012000000000000899,0.0,0.00012000000000000899,0.00017618064147880476,0.00029043670727302295,0.00025342351889449586,3.70131883785271e-05
07:19:30,0.64104,0.64109,0.64096,0.64096,0.0014521069990898194,54.62703722598134,0.0001300000000000745,0.0001300000000000745,0.0,0.00017002322261497406,0.00028756063533652565,0.00026025094218290186,2.7309693153623792e-05
07:19:35,0.64098,0.64098,0.64088,0.64088,0.0013749564586273966,55.290877778822974,9.999999999998899e-05,9.999999999998899e-05,0.0,0.00016068679293297606,0.0002756484919634872,0.0002633304521390189,1.2318039824468253e-05
07:19:40,0.64088,0.64097,0.64086,0.64091,0.001321428254405621,54.811771270966155,0.0001100000000000545,6.0000000000060005e-05,4.999999999999449e-05,0.0001539285538752532,0.0002655674851388401,0.00026377785873898317,1.7896263998569309e-06
07:19:45,0.64091,0.64102,0.64084,0.64084,0.0012157492816167181,54.279712209554056,0.000180000000000069,0.000180000000000069,0.0,0.0001574047466918953,0.0002490588047476816,0.00026083404794072283,-1.1775243193041227e-05
07:19:50,0.64084,0.64125,0.64084,0.64116,0.0011090650400762403,54.60249883100354,0.00041000000000002146,9.00000000000345e-05,0.00031999999999998696,0.00019108411379964546,0.0002588134419938548,0.00026042992675134923,-1.6164847574944192e-06
07:19:55,0.64116,0.64116,0.64086,0.64086,0.0010010752114144594,56.95800467129398,0.00029999999999996696,0.00029999999999996696,0.0,0.00020560623195968832,0.00023957489918680075,0.0002562589212384396,-1.6684022051638827e-05
07:20:00,0.64078,0.64078,0.64065,0.64065,0.0009088546869913117,55.65759068811439,0.00012999999999996348,0.00012999999999996348,0.0,0.00020619206769838757,0.00020501963175467708,0.00024601106334168707,-4.099143158700999e-05
07:20:05,0.64065,0.64065,0.6405,0.6405,0.0008548437837976319,51.453818881688505,0.0001500000000000945,0.0001500000000000945,0.0,0.00019869979200528182,0.00016364419850445344,0.00022953769037424034,-6.58934918697869e-05
07:20:10,0.6405,0.64054,0.6404,0.6404,0.0008471649314114593,48.26633024046917,0.000140000000000029,0.000140000000000029,0.0,0.0001908731530712481,0.00012138544939377383,0.00020790724217814704,-8.652179278437322e-05
07:20:15,0.6404,0.6404,0.64023,0.64026,0.0009468751932224517,47.33289601282399,0.00017000000000000348,0.00013999999999991797,3.0000000000085514e-05,0.00018809006599508214,7.572534169286715e-05,0.00018147086208109107,-0.00010574552038822391
07:20:20,0.6403,0.6403,0.64015,0.64015,0.0010778926809011935,45.57678656806059,0.00014999999999998348,0.00014999999999998348,0.0,0.000183011390529069,3.031385740648318e-05,0.0001512394611461695,-0.00012092560373968631
07:20:25,0.64015,0.64032,0.64011,0.64022,0.0011722044010564758,43.711797436201486,0.00021000000000004349,9.999999999998899e-05,0.0001100000000000545,0.0001866098717918656,-2.635230400560573e-08,0.00012098629845613448,-0.00012101265076014008
07:20:30,0.64022,0.64044,0.64019,0.64044,0.0011982777114032395,40.73808272545078,0.00024999999999997247,0.0,0.00024999999999997247,0.00019506188888627986,-6.247014016746988e-06,9.553963596155819e-05,-0.00010178664997830518
07:20:35,0.64044,0.64044,0.64035,0.64041,0.0012080153362410417,37.49828977911188,9.00000000000345e-05,2.999999999997449e-05,6.0000000000060005e-05,0.00018105363703478048,-1.344272317604922e-05,7.374316413403671e-05,-8.718588731008593e-05
07:20:40,0.64046,0.64051,0.64043,0.64051,0.001218349185087897,33.15279797799766,7.999999999996898e-05,0.0,7.999999999996898e-05,0.00017024648543014162,-1.0949985643549098e-05,5.6804534178519554e-05,-6.775451982206865e-05
07:20:45,0.64051,0.64063,0.6405,0.64063,0.0012149437933561824,30.648949892861115,0.0001300000000000745,0.0,0.0001300000000000745,0.00016488028737279934,7.004495814477707e-07,4.55837172591052e-05,-4.488326767765743e-05
07:20:50,0.64057,0.64079,0.64057,0.64079,0.001195528511167776,29.828752378589034,0.00021999999999999797,0.0,0.00021999999999999797,0.00017222958238975915,2.2583833879319393e-05,4.098374058314804e-05,-1.8399906703828647e-05
07:20:55,0.64075,0.64075,0.64027,0.64027,0.0012096454460814865,27.171249831372048,0.00048000000000003595,0.00048000000000003595,0.0,0.00021859897140445326,-2.0099115723981598e-06,3.23850101520388e-05,-3.439492172443696e-05
07:21:00,0.64027,0.64039,0.64027,0.64032,0.0012117321225439959,23.32910637515439,0.00012000000000000899,7.00000000000145e-05,4.999999999999449e-05,0.0002054524418838607,-1.726700659510083e-05,2.2454606802610873e-05,-3.97216133977117e-05
07:21:05,0.64032,0.64036,0.64022,0.64031,0.0011687348084981064,19.52233106204187,0.000140000000000029,4.999999999999449e-05,9.00000000000345e-05,0.00019672544963268316,-2.982151686536927e-05,1.1999382069014845e-05,-4.1820898934384114e-05
07:21:10,0.64033,0.64049,0.64033,0.64039,0.001120187954137819,18.203336217793744,0.000160000000000049,9.999999999998899e-05,6.0000000000060005e-05,0.00019449538968165314,-3.2936058907750976e-05,3.01229387366168e-06,-3.594835278141266e-05
07:21:15,0.64031,0.6404,0.6403,0.64038,0.001082920029105372,18.18567344968876,9.999999999998899e-05,2.0000000000020002e-05,7.999999999996898e-05,0.0001818960043907646,-3.579860826952164e-05,-4.749886554974983e-06,-3.104872171454665e-05
07:21:20,0.64038,0.64038,0.64007,0.64007,0.001088782999967064,19.17703345687377,0.00030999999999992145,0.00030999999999992145,0.0,0.0001989765371386522,-6.236272975501667e-05,-1.627245519498332e-05,-4.609027456003335e-05
07:21:25,0.64007,0.64014,0.64002,0.64014,0.0010726926277593307,19.269666319599544,0.00012000000000000899,0.0,0.00012000000000000899,0.00018844633218683313,-7.688034368524832e-05,-2.8394032893036323e-05,-4.8486310792212e-05
07:21:30,0.64009,0.64016,0.64001,0.64006,0.0008890065419022708,18.612396698556864,0.00014999999999998348,9.999999999998899e-05,4.999999999999449e-05,0.00018332015456191985,-9.376017974238593e-05,-4.1467262262906245e-05,-5.2292917479479685e-05
07:21:35,0.64006,0.64007,0.63987,0.63987,0.0008873639257986898,18.66868161642984,0.00019999999999997797,0.00019999999999997797,0.0,0.00018554413395366093,-0.00012107332560218342,-5.738847493076168e-05,-6.368485067142174e-05
07:21:40,0.63987,0.64003,0.63987,0.63992,0.0009114569019859076,20.3021132367107,0.00015999999999993797,0.00010999999999994348,4.999999999999449e-05,0.00018213824942649789,-0.00013710415696688294,-7.333161133798594e-05,-6.3772545628897e-05
07:21:45,0.63992,0.63992,0.63951,0.63951,0.0011334437510570616,23.54774058216425,0.00041000000000002146,0.00041000000000002146,0.0,0.00021251981616963436,-0.00018080803730136097,-9.482689653066095e-05,-8.598114077070002e-05
07:21:50,0.63954,0.63955,0.63946,0.63955,0.0012851213336000367,27.863388080891557,8.999999999992347e-05,0.0,8.999999999992347e-05,0.00019618384068033958,-0.00020979759554295985,-0.00011782103633312073,-9.197655920983912e-05
07:21:55,0.63955,0.63955,0.63932,0.63932,0.001509721480054349,32.1325220228638,0.00022999999999995246,0.00022999999999995246,0.0,0.00020069266192295464,-0.0002484669349568369,-0.00014395021605786396,-0.00010451671889897296
07:22:00,0.63932,0.63942,0.63927,0.63942,0.0016497157649828509,35.1892555808709,0.00014999999999998348,0.0,0.00014999999999998348,0.00019393364033322517,-0.0002679546859511994,-0.00016875111003653107,-9.920357591466835e-05
07:22:05,0.63942,0.63964,0.6394,0.63964,0.0017027470065724692,36.760905665818555,0.00024000000000001798,0.0,0.00024000000000001798,0.0002000758216221309,-0.0002626193947250499,-0.00018752476697423486,-7.509462775081506e-05
07:22:10,0.63964,0.63991,0.63964,0.63983,0.0016867583360344884,36.10174789619966,0.00026999999999999247,7.999999999996898e-05,0.00019000000000002348,0.00020939904540584578,-0.00024028981447976605,-0.00019807777647534112,-4.221203800442493e-05
07:22:15,0.63983,0.63983,0.63962,0.63965,0.0016935742334429627,35.01821508228476,0.00021000000000004349,0.00017999999999995797,3.0000000000085514e-05,0.00020947917268507215,-0.00023441575799720837,-0.0002053453727797146,-2.9070385217493772e-05
07:22:20,0.63965,0.6399,0.63965,0.6399,0.0016345364705800947,35.30663358276582,0.00024999999999997247,0.0,0.00024999999999997247,0.0002148819496603922,-0.00020719915239975073,-0.00020571612870372185,-1.4830236960288758e-06
07:22:25,0.6399,0.6399,0.63957,0.63961,0.0015553709999038823,35.428096544260754,0.0003300000000000525,0.00029000000000001247,4.0000000000040004e-05,0.00023023102303901358,-0.00020664826023775174,-0.00020590255501052782,-7.457052272239156e-07
07:22:30,0.63961,0.63961,0.63951,0.6396,0.0013651049699281437,34.16649407476581,9.999999999998899e-05,1.0000000000065512e-05,8.999999999992347e-05,0.0002128668866338103,-0.00020465940443847863,-0.000205653924896118,9.945204576393722e-07
07:22:35,0.63983,0.63985,0.6398,0.6398,0.0013182747896505198,33.122498215378144,4.999999999999449e-05,4.999999999999449e-05,0.0,0.00021781796841598006,-0.0001848144672232932,-0.00020148603336155306,1.6671566138259865e-05
07:22:40,0.6398,0.63994,0.63979,0.63979,0.0012473871639624434,32.93561665224064,0.00014999999999998348,0.00014999999999998348,0.0,0.00020877557262718053,-0.00016795801251368037,-0.00019478042919197854,2.682241667829817e-05
07:22:45,0.63979,0.63995,0.63979,0.63983,0.001165641454297317,31.865566477804983,0.000160000000000049,0.00012000000000000899,4.0000000000040004e-05,0.000202272162943563,-0.00014964645383785946,-0.00018575363412115474,3.6107180283295276e-05
07:22:50,0.63983,0.63998,0.6398,0.63988,0.001035396694879065,31.014466429624072,0.00017999999999995797,9.999999999998899e-05,7.999999999996898e-05,0.000199302541217749,-0.00012960581437582164,-0.00017452407017208812,4.4918255796266485e-05
07:22:55,0.6399,0.63999,0.6399,0.63996,0.0008914919487656991,28.630551460968128,8.999999999992347e-05,2.999999999997449e-05,5.999999999994898e-05,0.0001873955357220416,-0.00010604570295258409,-0.00016082839672818734,5.4782693775603256e-05
07:23:00,0.63996,0.63999,0.63979,0.63979,0.0008454733958767058,24.51985863020547,0.00019999999999997797,0.00019999999999997797,0.0,0.00018907613095909978,-9.993968171839729e-05,-0.00014865065372622935,4.8710972007832065e-05
07:23:05,0.63979,0.63993,0.63978,0.63981,0.000766245803614396,19.89509556543326,0.00014999999999998348,0.00012000000000000899,2.999999999997449e-05,0.00018386598016455097,-9.242140660059572e-05,-0.00013740480430110265,4.4983397700506926e-05
07:23:10,0.63977,0.63988,0.63977,0.63984,0.0007114581024607602,14.996861882838635,0.0001100000000000545,4.0000000000040004e-05,7.00000000000145e-05,0.0001740171828092848,-8.308462231632063e-05,-0.00012654076790414627,4.3456145587825634e-05
07:23:15,0.63993,0.63993,0.63984,0.63993,0.0007236050100050129,13.75140594154151,9.00000000000345e-05,0.0,9.00000000000345e-05,0.00016281489176805144,-6.764315745189098e-05,-0.00011476124581369523,4.711808836180425e-05
07:23:20,0.63993,0.64009,0.6399,0.64009,0.0007755066255639154,16.395738671560753,0.00019000000000002348,0.0,0.00019000000000002348,0.0001664395728656477,-4.201074871246213e-05,-0.00010021114639344861,5.820039768098648e-05
07:23:25,0.64009,0.64009,0.6398,0.6399,0.0007574027642844872,17.422600546526546,0.00029000000000001247,0.00019000000000002348,9.999999999998899e-05,0.00018291429648356302,-3.660631737856246e-05,-8.749018059047139e-05,5.088386321190893e-05
07:23:30,0.63993,0.64002,0.63993,0.63998,0.0007560868788689667,17.10401069279471,9.00000000000345e-05,4.0000000000040004e-05,4.999999999999449e-05,0.00017452572361908916,-2.5573143913382168e-05,-7.510677325505354e-05,4.9533629341671375e-05
07:23:35,0.63998,0.63999,0.63994,0.63994,0.0006327849888243531,17.244927633473495,4.999999999999449e-05,4.999999999999449e-05,0.0,0.00015792229380320988,-1.982837103975399e-05,-6.405109281199363e-05,4.422272177223964e-05
07:23:40,0.63994,0.64001,0.63982,0.63992,0.0005219356685270959,18.11769718114982,0.00018999999999991246,8.999999999992347e-05,9.999999999998899e-05,0.00016219932129610357,-1.6696957864992257e-05,-5.458026582259336e-05,3.78833079576011e-05
07:23:45,0.63992,0.63995,0.63985,0.63985,0.0004887793603796098,17.991170016899098,9.999999999998899e-05,9.999999999998899e-05,0.0,0.00015390607845662164,-1.9637338336209176e-05,-4.759168032531653e-05,2.7954341989107352e-05
07:23:50,0.63985,0.64008,0.63985,0.64008,0.0005315914537116218,17.37775969803618,0.00022999999999995246,0.0,0.00022999999999995246,0.0001640519346623991,-3.369689550725141e-06,-3.874728217039825e-05,3.537759261967311e-05
07:23:55,0.64008,0.64013,0.64001,0.64013,0.0005469571329066447,17.371787669262286,0.00012000000000000899,0.0,0.00012000000000000899,0.00015817834337408042,1.3402624336023017e-05,-2.8317300869114e-05,4.1719925205137016e-05
07:24:00,0.64013,0.64018,0.64006,0.64011,0.0005839394344724358,17.755223981567944,0.00012000000000000899,7.00000000000145e-05,4.999999999999449e-05,0.0001530878975908709,2.4795148043876836e-05,-1.7694811086515836e-05,4.248995913039267e-05
07:24:05,0.64011,0.64011,0.63965,0.63965,0.0005685660633516498,18.056497778972822,0.00045999999999990493,0.00045999999999990493,0.0,0.00019400951124540878,-3.256808003060385e-06,-1.4807210469824748e-05,1.1550402466764362e-05
07:24:10,0.63965,0.63981,0.63965,0.63973,0.0005219356685255416,19.936300307182513,0.00015999999999993797,7.999999999996898e-05,7.999999999996898e-05,0.00018947490974601268,-1.881595524211299e-05,-1.5608959424282395e-05,-3.2069958178305966e-06
07:24:15,0.63973,0.63995,0.63965,0.63995,0.0005148080888979223,20.085185258754535,0.00029999999999996696,0.0,0.00029999999999996696,0.0002042115884465399,-1.3241885925330266e-05,-1.513554472449197e-05,1.8936587991617049e-06
07:24:20,0.63999,0.64004,0.63993,0.63993,0.0005028759394720694,20.011067192674236,0.0001100000000000545,0.0001100000000000545,0.0,0.00019165004332034186,-1.0319274512671228e-05,-1.4172290682127822e-05,3.853016169456594e-06
07:24:25,0.6399,0.64006,0.6399,0.64006,0.0005121307398605612,18.986387487466164,0.00015999999999993797,0.0,0.00015999999999993797,0.000187430037544288,2.458489694046051e-06,-1.0846134606893048e-05,1.3304624300939099e-05
07:24:30,0.64006,0.64012,0.64003,0.64007,0.000525621436691992,16.911540361373035,9.00000000000345e-05,4.999999999999449e-05,4.0000000000040004e-05,0.0001744393658717209,1.3239262338093916e-05,-6.029055217895656e-06,1.9268317555989573e-05
07:24:35,0.64002,0.6403,0.64002,0.6403,0.0006184666948223505,18.076063137149017,0.00027999999999994696,0.0,0.00027999999999994696,0.0001885141170888177,3.988244019492715e-05,3.153243864668904e-06,3.6729196330258244e-05
07:24:40,0.6403,0.64036,0.64023,0.64034,0.0006881217762284564,20.592304108274966,0.0001300000000000745,2.0000000000020002e-05,0.0001100000000000545,0.0001807122348103186,6.349310728859248e-05,1.522121654945362e-05,4.827189073913886e-05
07:24:45,0.64034,0.64034,0.64018,0.64018,0.0006904948644754771,22.156703767025924,0.000160000000000049,0.000160000000000049,0.0,0.00017795060350228264,6.850439225036808e-05,2.5877851689636514e-05,4.2626540560731575e-05
07:24:50,0.64018,0.64042,0.64018,0.64042,0.0007684954542022115,23.12155828635253,0.00024000000000001798,0.0,0.00024000000000001798,0.00018622385636864736,9.079523497246278e-05,3.886132834620177e-05,5.193390662626101e-05
07:24:55,0.64038,0.64043,0.64033,0.64037,0.0008202695320651543,24.622749944819414,0.00010000000000010001,6.0000000000060005e-05,4.0000000000040004e-05,0.00017472734218617437,0.00010323626291752763,5.173631526046695e-05,5.149994765706068e-05
07:25:00,0.6404,0.6404,0.64025,0.64025,0.0008391072950479916,24.64405821339156,0.00014999999999998348,0.00014999999999998348,0.0,0.0001714303632280156,0.00010223437583278816,6.18359273749312e-05,4.0398448457856965e-05
07:25:05,0.64033,0.6404,0.64033,0.64037,0.0008693397373398248,23.99104670802018,7.00000000000145e-05,2.999999999997449e-05,4.0000000000040004e-05,0.00016857298146427798,0.00010985700702459411,7.144014330486378e-05,3.841686371973033e-05
07:25:10,0.64037,0.64037,0.64,0.64004,0.0008650865487411785,23.835714962188884,0.00036999999999998145,0.00032999999999994145,4.0000000000040004e-05,0.00019542991726903845,8.825243594112742e-05,7.480260183211651e-05,1.3449834109010905e-05
07:25:15,0.64001,0.64009,0.63999,0.64001,0.0008574724178298521,23.754520444300432,0.00010000000000010001,8.000000000008001e-05,2.0000000000020002e-05,0.00018270592829984665,6.792688952583781e-05,7.342745937086078e-05,-5.500569845022973e-06
07:25:20,0.64001,0.64001,0.63993,0.63993,0.000855867672981514,24.11410347286797,7.999999999996898e-05,7.999999999996898e-05,0.0,0.00016901180452652965,4.4846454134717106e-05,6.771125832363205e-05,-2.286480418891494e-05
07:25:25,0.63993,0.63993,0.63982,0.63984,0.000858257721060518,27.0443097483943,0.00010999999999994348,9.00000000000345e-05,1.999999999990898e-05,0.00016114356392298482,1.9072934051789225e-05,5.798359346926349e-05,-3.8910659417474264e-05
07:25:30,0.63984,0.63994,0.63984,0.63991,0.0008729357605665733,30.163924504217466,9.999999999998899e-05,2.999999999997449e-05,7.00000000000145e-05,0.00015299108873325203,4.2466954220943265e-06,4.723621385982966e-05,-4.298951843773533e-05
07:25:35,0.63991,0.63993,0.63982,0.63993,0.0008814796173255424,33.68764658261423,0.00010999999999994348,0.0,0.00010999999999994348,0.00014725894356881089,-5.822257298282452e-06,3.6624519628207244e-05,-4.2446776926489695e-05
07:25:40,0.63993,0.64007,0.63993,0.64007,0.0008806576489803764,34.087806805876944,0.000140000000000029,0.0,0.000140000000000029,0.00014629108442630666,-2.4765962409745157e-06,2.8804296454370893e-05,-3.1280892695345405e-05
07:25:45,0.6401,0.64013,0.64003,0.64013,0.0007888992998055233,32.018617452811746,9.999999999998899e-05,0.0,9.999999999998899e-05,0.00014011893983613096,4.95919628240582e-06,2.403527641997788e-05,-1.907608013757206e-05
07:25:50,0.64013,0.64013,0.64005,0.64007,0.0007126259814544955,29.52318365952686,7.999999999996898e-05,5.999999999994898e-05,2.0000000000020002e-05,0.00013210308119130938,5.942119811863655e-06,2.0416645098355037e-05,-1.4474525286491381e-05
07:25:55,0.64007,0.64012,0.63989,0.63997,0.0007090957918896024,29.664216211136004,0.0002300000000000635,0.00014999999999998348,8.000000000008001e-05,0.00014515600369914328,-1.3327078481895072e-06,1.606677450904613e-05,-1.7399482357235636e-05
07:26:00,0.63984,0.64003,0.63984,0.63992,0.0007112805353517437,29.602280571258028,0.00019000000000002348,0.00010999999999994348,8.000000000008001e-05,0.00015113520320592731,-1.1005775583661226e-05,1.0652264490504658e-05,-2.1658040074165884e-05
07:26:05,0.63992,0.63992,0.63979,0.63979,0.0007658473119582787,29.888467798579452,0.0001300000000000745,0.0001300000000000745,0.0,0.0001483171761118136,-2.8829338332592158e-05,2.7559439258852953e-06,-3.158528225847745e-05
07:26:10,0.63979,0.63979,0.63954,0.63965,0.0008635276486430588,33.01654777022131,0.00024999999999997247,0.00013999999999991797,0.0001100000000000545,0.00016187488596356814,-5.363321982154723e-05,-8.521888823601212e-06,-4.511133099794602e-05
07:26:15,0.63965,0.63965,0.63947,0.63947,0.0009907445366055256,36.421193218793555,0.000180000000000069,0.000180000000000069,0.0,0.0001642915678351016,-8.681422987899534e-05,-2.4180357034680038e-05,-6.26338728443153e-05
07:26:20,0.63947,0.63962,0.63947,0.63962,0.0010119371729893079,38.719800440491404,0.00014999999999998348,0.0,0.00014999999999998348,0.00016238602545708586,-9.98555998114048e-05,-3.931540559002499e-05,-6.05401942213798e-05
07:26:25,0.63962,0.63974,0.63944,0.63944,0.0011108650019713284,38.72629369135364,0.00029999999999996696,0.00029999999999996696,0.0,0.00018073455539613668,-0.0001232942161424333,-5.611116770050666e-05,-6.718304844192664e-05
07:26:30,0.63944,0.63975,0.63944,0.63975,0.0010363722151787158,38.12163265304654,0.00031000000000003247,0.0,0.00031000000000003247,0.00019796994800998945,-0.00011552339741449646,-6.799361364330462e-05,-4.752978377119184e-05
07:26:35,0.63975,0.63989,0.63973,0.63979,0.0009539171319936646,34.71103217493717,0.00015999999999993797,9.999999999998899e-05,5.999999999994898e-05,0.00019290728827531592,-0.00010492775997905657,-7.538044291045502e-05,-2.954731706860155e-05
07:26:40,0.63979,0.63992,0.63975,0.63992,0.0008950765918276371,31.476882161439555,0.00017000000000000348,0.0,0.00017000000000000348,0.00018985298317194095,-8.50602063190431e-05,-7.731639559217264e-05,-7.743810726870454e-06
07:26:45,0.63979,0.63995,0.63979,0.63995,0.0007722557525478013,28.49623281707338,0.000160000000000049,0.0,0.000160000000000049,0.0001858725854156887,-6.613194967586278e-05,-7.507950640891067e-05,8.947556733047895e-06
07:26:50,0.63995,0.64001,0.63992,0.64001,0.0007668143259624838,28.790379443030307,8.999999999992347e-05,0.0,8.999999999992347e-05,0.00017308957402692001,-4.576215373397474e-05,-6.921603587392348e-05,2.3453882139948742e-05
07:26:55,0.64005,0.64025,0.64005,0.64025,0.0008338597635320077,31.957859172813734,0.00019999999999997797,0.0,0.00019999999999997797,0.00018201096415666643,-1.0136106728286798e-05,-5.7400050044796147e-05,4.726394331650935e-05
07:27:00,0.6402,0.6402,0.63996,0.63996,0.0008360911559317508,33.74893638738214,0.00024000000000001798,0.00024000000000001798,0.0,0.00019640950226911257,-5.242353584566928e-06,-4.69685107527503e-05,4.1726157168183375e-05
07:27:05,0.63996,0.64008,0.63996,0.64007,0.0008537989409418412,33.66583806685378,0.00012000000000000899,9.99999999995449e-06,0.0001100000000000545,0.0001862215686332321,7.426454190051501e-06,-3.608951776418994e-05,4.351597195424144e-05
07:27:10,0.64007,0.64013,0.63989,0.63991,0.0008537989409418412,32.04242159920829,0.00024000000000001798,0.00021999999999999797,2.0000000000020002e-05,0.00019339202614880358,4.503993566884468e-06,-2.797081549797506e-05,3.247480906485953e-05
07:27:15,0.63991,0.63993,0.63978,0.63978,0.0008574527760363271,29.628226662033693,0.00014999999999998348,0.00014999999999998348,0.0,0.00018760642266229423,-8.207381492097987e-06,-2.4018128696799646e-05,1.581074720470166e-05
07:27:20,0.63978,0.6399,0.63978,0.63982,0.0008387735407167085,25.75160878898838,0.00012000000000000899,7.999999999996898e-05,4.0000000000040004e-05,0.00017859223297398953,-1.4882021421414038e-05,-2.2190907241722526e-05,7.308885820308488e-06
07:27:25,0.63982,0.64003,0.63982,0.64002,0.0008147689372008937,22.20896464375369,0.00020999999999993246,9.99999999995449e-06,0.00019999999999997797,0.00018277993524411527,-3.987428529361736e-06,-1.8550211499250368e-05,1.4562782969888632e-05
07:27:30,0.64002,0.64017,0.64001,0.64017,0.0008411621033934669,19.948483664214223,0.000160000000000049,0.0,0.000160000000000049,0.00017974261054490642,1.6559473919097734e-05,-1.1528274415580747e-05,2.8087748334678483e-05
07:27:35,0.64021,0.64024,0.64013,0.6402,0.0008895628731222516,20.426482265277347,0.0001100000000000545,4.0000000000040004e-05,7.00000000000145e-05,0.00017044359580559284,3.486192485246953e-05,-2.2502345619706925e-06,3.711215941444022e-05
07:27:40,0.6402,0.64035,0.6402,0.64027,0.000957153675158251,21.77177691344743,0.00014999999999998348,7.999999999996898e-05,7.00000000000145e-05,0.0001677177830315116,5.43882106283089e-05,9.077454476085225e-06,4.531075615222367e-05
07:27:45,0.64027,0.64036,0.64027,0.64036,0.001038336726629785,25.27856537694143,9.00000000000345e-05,0.0,9.00000000000345e-05,0.000157355411960648,7.624626118618583e-05,2.2511215818105346e-05,5.373504536808048e-05
07:27:50,0.64036,0.6404,0.64032,0.64034,0.001069894239718705,29.044868659103486,7.999999999996898e-05,5.999999999994898e-05,2.0000000000020002e-05,0.00014704135703255748,9.090716961557277e-05,3.619040657759883e-05,5.471676303797394e-05
07:27:55,0.64009,0.64022,0.64009,0.64016,0.000980781643155515,28.78815478219396,0.00012999999999996348,6.0000000000060005e-05,6.999999999990347e-05,0.0001607691760948795,8.69986828337943e-05,4.635206182883793e-05,4.064662100495638e-05
07:28:00,0.64016,0.64016,0.64001,0.64004,0.0009174311963144888,27.98601331846192,0.00014999999999998348,0.00011999999999989797,3.0000000000085514e-05,0.00015933328594889336,7.337239053673006e-05,5.175612757041636e-05,2.16162629663137e-05
07:28:05,0.64004,0.64017,0.64004,0.64013,0.0007480500968108927,25.036553369995225,0.00012999999999996348,4.0000000000040004e-05,8.999999999992347e-05,0.00015542218115570272,6.903985508410759e-05,5.521287307315461e-05,1.3826982010952982e-05
07:28:10,0.64013,0.64022,0.64008,0.64022,0.0007090720399680617,23.290586014026307,0.000140000000000029,0.0,0.000140000000000029,0.0001533658903349462,7.203812667999632e-05,5.857792379452295e-05,1.3460202885473365e-05
07:28:15,0.64022,0.64038,0.64012,0.64038,0.0007102971950052606,23.21827002221152,0.00025999999999992696,0.0,0.00025999999999992696,0.00016758377162361031,8.632978531852853e-05,6.412829609932408e-05,2.2201489219204453e-05
07:28:20,0.64038,0.64054,0.64038,0.64054,0.0007913107048103107,25.379572520014726,0.000160000000000049,0.0,0.000160000000000049,0.00016657260207380214,0.00010930667131381355,7.316397114222198e-05,3.614270017159157e-05
07:28:25,0.64054,0.64076,0.64054,0.64076,0.0009522914193331733,28.954685159281173,0.00021999999999999797,0.0,0.00021999999999999797,0.00017369625513062825,0.00014361270254870107,8.72537174235178e-05,5.635898512518327e-05
07:28:30,0.64076,0.64079,0.64059,0.64059,0.0010100359555706984,32.6479129962836,0.00019999999999997797,0.00019999999999997797,0.0,0.0001772034211132082,0.00015529278169235106,0.00010086153027728445,5.44312514150666e-05
07:28:35,0.64059,0.6406,0.64051,0.64058,0.001065793502250889,34.513878334455825,8.999999999992347e-05,1.999999999990898e-05,7.00000000000145e-05,0.00016557629829810357,0.00016187640174281093,0.00011306450457038977,4.881189717242116e-05
07:28:40,0.64062,0.64078,0.64056,0.64078,0.0011496379292570413,35.99590877976565,0.00021999999999999797,0.0,0.00021999999999999797,0.00017283279185835616,0.00018114417925541026,0.00012668043950739386,5.446373974801641e-05
07:28:45,0.64078,0.64094,0.64078,0.64094,0.0012863313807169874,37.54974124046891,0.00015999999999993797,0.0,0.00015999999999993797,0.00017112175294390042,0.00020693922797032638,0.00014273219719998037,6.4207030770346e-05
07:28:50,0.64094,0.64094,0.64091,0.64091,0.0013411369881619617,38.40665439677856,2.999999999997449e-05,2.999999999997449e-05,0.0,0.00015230551921804363,0.00022239757977871033,0.00015866527371572638,6.373230606298395e-05
07:28:55,0.64095,0.64095,0.64074,0.64078,0.0012804259159664433,36.81670443870146,0.00021000000000004349,0.00017000000000000348,4.0000000000040004e-05,0.00015999811665564362,0.00022160400834914107,0.0001712530206424093,5.0350987706731756e-05
07:29:00,0.64083,0.64111,0.64069,0.64108,0.0012960750465451643,35.890981367582825,0.00041999999999997595,2.999999999997449e-05,0.00039000000000000146,0.00019466503443488795,0.00024238848647861744,0.00018548011380965096,5.690837266896648e-05
07:29:05,0.64108,0.64108,0.64093,0.64093,0.0012900004079814398,38.4245776105326,0.00014999999999998348,0.00014999999999998348,0.0,0.00018870969651023402,0.00024394454784515407,0.0001971730006167516,4.677154722840246e-05
07:29:10,0.64093,0.64095,0.64086,0.64092,0.0012989048018119398,39.74889182754783,9.00000000000345e-05,2.999999999997449e-05,6.0000000000060005e-05,0.00017554840364220742,0.00024158596859846782,0.00020605559421309484,3.553037438537297e-05
07:29:15,0.64092,0.64104,0.64091,0.64091,0.0012951017029607659,41.87818106775196,0.0001300000000000745,0.0001300000000000745,0.0,0.0001694752831565897,0.00023618724162632887,0.00021208192369574164,2.4105317930587226e-05
07:29:20,0.64089,0.64089,0.64076,0.64081,0.0012758221291471195,42.260348395754235,0.00012999999999996348,7.999999999996898e-05,4.999999999999449e-05,0.00016687857873570888,0.00022128866930781754,0.00021392327281815682,7.365396489660719e-06
07:29:25,0.64088,0.64103,0.64088,0.64097,0.0012925226252564759,42.11576983620161,0.00014999999999998348,5.999999999994898e-05,9.00000000000345e-05,0.00017396143490428076,0.00021985772325416875,0.00021511016290535922,4.747560348809522e-06
07:29:30,0.64097,0.64124,0.64094,0.64105,0.0013103249898038793,42.082186805542726,0.000300000000000078,0.00019000000000002348,0.0001100000000000545,0.00019076657691705374,0.00022261287693570164,0.00021661070571142772,6.002171224273923e-06
07:29:35,0.64105,0.64108,0.64097,0.64102,0.0012506570904331493,41.403374466256764,0.00010999999999994348,5.999999999994898e-05,4.999999999999449e-05,0.00017999769999477237,0.0002198414118492753,0.00021725684693899724,2.584564910278062e-06
07:29:40,0.64102,0.6412,0.64102,0.64114,0.0011304475126703295,41.18507171330579,0.00017999999999995797,5.999999999994898e-05,0.00012000000000000899,0.00017999800666213046,0.00022473737040706876,0.00021875295163261156,5.984418774457198e-06
07:29:45,0.64114,0.64124,0.64114,0.64124,0.001031207774232934,42.360721719606815,9.999999999998899e-05,0.0,9.999999999998899e-05,0.00016933160577384493,0.0002339893337170995,0.00022180022804950918,1.2189105667590334e-05
07:29:50,0.64124,0.64124,0.64092,0.64124,0.0009230863562017522,39.645393809895516,0.00031999999999998696,0.0,0.00031999999999998696,0.0001894207250039972,0.0002385714778064818,0.0002251544780009037,1.3416999805578099e-05
07:29:55,0.64124,0.64125,0.64117,0.64125,0.0008527454114763966,36.421829963527856,7.999999999996898e-05,0.0,7.999999999996898e-05,0.0001748312950034601,0.00024024043425485697,0.00022817166925169437,1.2068765003162604e-05
07:30:00,0.64122,0.64136,0.64122,0.64136,0.0008587972004672206,34.06548319962578,0.000140000000000029,0.0,0.000140000000000029,0.00017018712233633597,0.0002475851672641971,0.00023205436885419495,1.5530798410002156e-05
07:30:05,0.64133,0.64138,0.64119,0.64135,0.0009023828105592102,33.68339126358735,0.00018999999999991246,2.999999999997449e-05,0.00015999999999993797,0.00017282883935814617,0.0002497203835276629,0.00023558757178888855,1.4132811738774349e-05
07:30:10,0.64135,0.64135,0.64108,0.64108,0.000821100673328079,30.980821497840445,0.00026999999999999247,0.00026999999999999247,0.0,0.00018578499411039235,0.00022700899588756762,0.0002338718566086244,-6.862860721056768e-06
07:30:15,0.64108,0.64116,0.64107,0.64116,0.0007186419941385136,28.325045325169356,8.999999999992347e-05,0.0,8.999999999992347e-05,0.00017301366156232984,0.0002130099429400456,0.00022969947387490864,-1.668953093486304e-05
07:30:20,0.6412,0.6412,0.64106,0.64119,0.0006835541790808364,27.150299516362704,0.000140000000000029,9.99999999995449e-06,0.0001300000000000745,0.00016861184002068971,0.00020200772262013444,0.0002241611236239538,-2.215340100381936e-05
07:30:25,0.64122,0.64124,0.64114,0.64124,0.0006894421848604448,25.779820575118148,9.999999999998899e-05,0.0,9.999999999998899e-05,0.00015946359468459629,0.00019507427111464803,0.00021834375312209268,-2.3269482007444643e-05
07:30:30,0.64126,0.64126,0.64111,0.64111,0.0006704939263051379,25.823674786264046,0.0001500000000000945,0.0001500000000000945,0.0,0.00015820178205999607,0.0001770486407770555,0.00021008473065308527,-3.3036089876029755e-05
07:30:35,0.64111,0.64111,0.64102,0.6411,0.0006029925372248446,24.744443110954986,8.999999999992347e-05,9.99999999995449e-06,7.999999999996898e-05,0.00014910821111865306,0.00016011062679999188,0.0002000899098824666,-3.9979283082474716e-05
07:30:40,0.6411,0.64111,0.64106,0.64108,0.0006029925372248446,22.411198504436083,4.999999999999449e-05,2.999999999997449e-05,2.0000000000020002e-05,0.0001358937829694986,0.00014342003890566168,0.00018875593568710563,-4.5335896781443944e-05
07:30:45,0.64096,0.64123,0.64086,0.64123,0.0005881460612995326,21.862917521960615,0.00036999999999998145,0.0,0.00036999999999998145,0.00016710794524022965,0.00014067476304657767,0.00017913970115900006,-3.8464938112422396e-05
07:30:50,0.64123,0.64123,0.64099,0.64099,0.0005709309110668581,20.736011755414182,0.00024000000000001798,0.00024000000000001798,0.0,0.0001768268858748681,0.0001177754755439242,0.00016686685603598488,-4.909138049206068e-05
07:30:55,0.64099,0.64106,0.64098,0.64103,0.0005420584547533025,19.526083793239213,7.999999999996898e-05,2.999999999997449e-05,4.999999999999449e-05,0.00016391663442488156,0.00010168315085612445,0.0001538301150000128,-5.2146964143888355e-05
07:31:00,0.64103,0.6412,0.64103,0.6412,0.0004516682526749527,18.64534375176861,0.00017000000000000348,0.0,0.00017000000000000348,0.00016472774983489782,0.0001014776753788249,0.00014335962707577522,-4.188195169695032e-05
07:31:05,0.64125,0.64161,0.64125,0.64161,0.0005796950195897654,20.56637973756208,0.00036000000000002697,0.0,0.00036000000000002697,0.00019743071652358099,0.00013286680227964087,0.00014126106211654837,-8.394259836907498e-06
07:31:10,0.64178,0.64181,0.64166,0.6417,0.0007265665470661542,22.446790163932857,0.00014999999999998348,0.00010999999999994348,4.0000000000040004e-05,0.00019777328765376725,0.00016312475865754017,0.00014563380142474674,1.7490957232793434e-05
07:31:15,0.6417,0.6417,0.64161,0.64168,0.0008114859663794771,24.103682165962976,9.00000000000345e-05,2.0000000000020002e-05,7.00000000000145e-05,0.0001834035159666029,0.00018337672153301288,0.00015318238544639997,3.0194336086612902e-05
07:31:20,0.64172,0.64182,0.64171,0.64182,0.0009505765563171398,27.676763758010217,0.00010999999999994348,0.0,0.00010999999999994348,0.00017761638050437824,0.00020832197197340196,0.00016421030275180038,4.411166922160158e-05
07:31:25,0.64182,0.64187,0.64178,0.6418,0.0010554240853541952,31.571295737846715,9.00000000000345e-05,7.00000000000145e-05,2.0000000000020002e-05,0.00016593419643713242,0.00022389649044407545,0.00017614754029025539,4.774895015382006e-05
07:31:30,0.6419,0.6419,0.64161,0.64161,0.001085907818103804,32.79476735080529,0.00029000000000001247,0.00029000000000001247,0.0,0.00018247630357884974,0.00021839052639183176,0.00018459613751057067,3.379438888126109e-05
07:31:35,0.64161,0.64182,0.64161,0.64182,0.0011673884483831554,33.535425733509285,0.00020999999999993246,0.0,0.00020999999999993246,0.00018614612976832745,0.00022834009271677225,0.000193344928551811,3.499516416496126e-05
07:31:40,0.64182,0.64195,0.64181,0.64195,0.0012818982634510423,35.645578147073415,0.000140000000000029,0.0,0.000140000000000029,0.00017999331246588767,0.0002439035410600754,0.00020345665105346388,4.044689000661151e-05
07:31:45,0.64195,0.64204,0.64191,0.64195,0.0013759972459987946,38.240798654985,0.0001300000000000745,9.00000000000345e-05,4.0000000000040004e-05,0.00017332753747044592,0.0002533175984109626,0.00021342884052496364,3.9888757885998935e-05
07:31:50,0.64199,0.64221,0.64199,0.64221,0.0015075054333306692,41.61734121085995,0.00021999999999999797,0.0,0.00021999999999999797,0.00018488386580771006,0.00027854721487219347,0.00022645251539440964,5.209469947778383e-05
07:31:55,0.64221,0.64232,0.64204,0.64228,0.001638227540247561,43.2061494330766,0.00027999999999994696,4.0000000000040004e-05,0.00023999999999990695,0.00019756601703334165,0.0003007237267448337,0.00024130675766449448,5.941696908033924e-05
07:32:00,0.64228,0.64228,0.64201,0.64201,0.0016589609937813776,44.33383179700441,0.00026999999999999247,0.00026999999999999247,0.0,0.0002072238814288951,0.0002931329742035249,0.00025167200097230057,4.146097323122434e-05
07:32:05,0.64201,0.64222,0.64201,0.64222,0.0017245716477898299,45.36730689139795,0.00021000000000004349,0.0,0.00021000000000004349,0.00020759403057171488,0.0003005973934466777,0.000261457079467176,3.9140313979501695e-05
07:32:10,0.64225,0.64229,0.64211,0.64211,0.00170739567761502,49.408267865656846,0.000180000000000069,0.000180000000000069,0.0,0.00020391482649549544,0.0002942450450651446,0.0002680146725867697,2.6230372478374883e-05
07:32:15,0.64211,0.64225,0.642,0.64225,0.001693871305600947,48.65731585931548,0.00024999999999997247,0.0,0.00024999999999997247,0.00021005951629609237,0.00029708300522124365,0.0002738283391136645,2.3254666107579147e-05
07:32:20,0.64228,0.64244,0.64228,0.64242,0.0016865274195159152,48.247646196563366,0.000160000000000049,2.0000000000020002e-05,0.000140000000000029,0.0002073849141232832,0.00030948217052628735,0.00028095910539618907,2.852306513009828e-05
07:32:25,0.64267,0.64267,0.64223,0.64223,0.0016412306037461022,49.38392717718848,0.00043999999999999595,0.00043999999999999595,0.0,0.0002384002589068449,0.000300513058779206,0.00028486989607279245,1.5643162706413527e-05
07:32:30,0.64227,0.64241,0.64225,0.64241,0.001504378171918841,50.318055207880505,0.000160000000000049,0.0,0.000160000000000049,0.0002306135577192748,0.0003044203010424962,0.0002887799770667332,1.564032397576297e-05
07:32:35,0.64241,0.64245,0.64238,0.64241,0.0013147567315259234,51.18605416820196,7.00000000000145e-05,3.999999999992898e-05,3.0000000000085514e-05,0.0002091984166900401,0.00030401235351618094,0.0002918264523566228,1.2185901159558169e-05
07:32:40,0.64241,0.64244,0.64237,0.64244,0.0011490426220563954,54.04040019149395,7.00000000000145e-05,0.0,7.00000000000145e-05,0.00019063862779803667,0.00030262137065628636,0.0002939854360165555,8.635934639730845e-06
07:32:45,0.64248,0.64272,0.64248,0.64272,0.0012206365897120541,57.71663900559395,0.00023999999999990695,0.0,0.00023999999999990695,0.00020255347742495806,0.000320419075017786,0.00029927216381680165,2.114691120098434e-05
07:32:50,0.64276,0.64276,0.64271,0.64271,0.0012736602868304026,60.61289504805929,4.999999999999449e-05,4.999999999999449e-05,0.0,0.00018221301376829626,0.00032991392515846485,0.0003054005160851343,2.4513409073330535e-05
07:32:55,0.64271,0.6428,0.64268,0.64268,0.0012753121392679034,63.08638869201828,0.00012000000000000899,0.00012000000000000899,0.0,0.00017391794526585796,0.00033120004506748124,0.0003105604218816037,2.0639623185877553e-05
07:33:00,0.64268,0.64268,0.64257,0.64257,0.0012622452843351617,62.7550866448342,0.0001100000000000545,0.0001100000000000545,0.0,0.00016539555256375084,0.00031965840060799167,0.0003123800176268813,7.27838298111036e-06
07:33:05,0.64257,0.6426,0.64245,0.64254,0.0012177701796554086,60.226204872535945,0.00014999999999998348,5.999999999994898e-05,9.00000000000345e-05,0.0001633428122219152,0.00030457980850318034,0.0003108199758021412,-6.240167298960839e-06
07:33:10,0.64251,0.64276,0.64251,0.64276,0.0011176271857138431,59.21053450364264,0.00024999999999997247,0.0,0.00024999999999997247,0.00017489710392565617,0.0003068449593213174,0.0003100249725059764,-3.180013184659019e-06
07:33:15,0.64276,0.64276,0.64241,0.64241,0.0010081269760950917,56.90408839165282,0.00034999999999996145,0.00034999999999996145,0.0,0.00019824415673556353,0.00027720261355967946,0.00030346050071671703,-2.6257887157037573e-05
07:33:20,0.64241,0.64249,0.64241,0.64244,0.0009309892870286163,54.25371812227278,7.999999999996898e-05,4.999999999999449e-05,2.999999999997449e-05,0.0001824782691708176,0.00025321271174005844,0.0002934109429213853,-4.019823118132687e-05
07:33:25,0.64248,0.64259,0.64246,0.64249,0.0008373869129831846,54.30053394249031,0.00012999999999996348,9.999999999998899e-05,2.999999999997449e-05,0.00017814783328137308,0.0002355201936564688,0.00028183279306840205,-4.631259941193324e-05
07:33:30,0.64246,0.64251,0.64233,0.64245,0.0008150040361112332,51.45873289254728,0.000180000000000069,6.0000000000060005e-05,0.00012000000000000899,0.00017839478884386587,0.00021578366018748518,0.0002686229664922187,-5.283930630473353e-05
07:33:35,0.64245,0.64245,0.64218,0.64218,0.0008349093867843216,47.68431101298737,0.00026999999999999247,0.00026999999999999247,0.0,0.0001906088169980161,0.00017632302957582002,0.00025016297910893895,-7.383994953311893e-05
07:33:40,0.64218,0.6424,0.64218,0.6424,0.0007401393893851083,43.60017320134171,0.00021999999999999797,0.0,0.00021999999999999797,0.00019452764139828036,0.00016094705938629605,0.00023231979516441037,-7.137273577811432e-05
07:33:45,0.6424,0.6424,0.64223,0.64226,0.0007308423402114794,39.3826810617992,0.00017000000000000348,0.00013999999999991797,3.0000000000085514e-05,0.00019125728921184345,0.0001358981134041981,0.00021303545881236794,-7.713734540816983e-05
07:33:50,0.64226,0.64229,0.64222,0.64223,0.000691482008696509,35.48689729702246,7.00000000000145e-05,6.0000000000060005e-05,9.99999999995449e-06,0.00017508965065026627,0.00011233101198349082,0.00019289456944659251,-8.056355746310169e-05
07:33:55,0.64223,0.64225,0.64211,0.64211,0.0007355170039420322,32.0027233514033,0.000140000000000029,0.000140000000000029,0.0,0.00017041103056356799,8.301398366838963e-05,0.00017091845229095194,-8.790446862256231e-05
07:34:00,0.64211,0.64214,0.64207,0.64207,0.0008078014346513118,28.818786892965587,7.00000000000145e-05,7.00000000000145e-05,0.0,0.0001570228931550942,5.5907890445072717e-05,0.0001479163399217761,-9.200844947670339e-05
07:34:05,0.64207,0.64207,0.64193,0.64198,0.000885922653112825,26.644163397467167,0.000140000000000029,9.00000000000345e-05,4.999999999999449e-05,0.00015475317406775217,2.6854308683876837e-05,0.00012370393367419627,-9.684962499031943e-05
07:34:10,0.64205,0.64205,0.64193,0.64193,0.0009856998582007392,26.493013545148447,0.00012000000000000899,0.00012000000000000899,0.0,0.00015011941752538643,-2.031050455597594e-07,9.892252593024507e-05,-9.912563097580483e-05
07:34:15,0.64193,0.64211,0.64193,0.6421,0.0010185872569057342,26.86502132111784,0.00017999999999995797,9.99999999995449e-06,0.00017000000000000348,0.00015410349518866264,-7.8383653173697e-06,7.757034768072212e-05,-8.540871299809182e-05
07:34:20,0.6421,0.64212,0.64196,0.64202,0.0010637668917252707,25.97436572446644,0.000160000000000049,9.999999999998899e-05,6.0000000000060005e-05,0.00015488969583018082,-2.0112847122222277e-05,5.8033708720133244e-05,-7.814655584235552e-05
07:34:25,0.64195,0.64196,0.64192,0.64196,0.0010598490458226806,26.8440345475254,3.999999999992898e-05,0.0,3.999999999992898e-05,0.00014757106971948858,-3.428672492233886e-05,3.956962199163883e-05,-7.38563469139777e-05
07:34:30,0.64196,0.64208,0.64193,0.64202,0.0010220310016593182,25.343860727251393,0.00014999999999998348,5.999999999994898e-05,9.00000000000345e-05,0.00014789492709022125,-4.021455824243514e-05,2.3612785944824037e-05,-6.382734418725918e-05
07:34:35,0.64202,0.64202,0.64192,0.64202,0.0009738561441023919,23.21435401104069,9.999999999998899e-05,0.0,9.999999999998899e-05,0.0001415089368115236,-4.4400586533210884e-05,1.0010111449217052e-05,-5.4410697982427934e-05
07:34:40,0.642,0.64211,0.64182,0.64182,0.0009951863088921709,24.22335382141881,0.00029000000000001247,0.00029000000000001247,0.0,0.00016130774523665545,-6.312866469226908e-05,-4.6176437790801735e-06,-5.85110209131889e-05
07:34:45,0.64182,0.64195,0.64182,0.64191,0.0009783853508051887,25.25522763442812,0.0001300000000000745,4.0000000000040004e-05,9.00000000000345e-05,0.00015713337920511132,-6.990275823914871e-05,-1.7674666671093883e-05,-5.222809156805483e-05
07:34:50,0.64191,0.64204,0.64187,0.64204,0.0008162146260166647,24.51379732824009,0.00017000000000000348,0.0,0.00017000000000000348,0.0001588489286444303,-6.404311348839897e-05,-2.69483560345549e-05,-3.709475745384407e-05
07:34:55,0.64196,0.64207,0.64196,0.64205,0.0007793546587691047,24.282897134508598,0.0001100000000000545,2.0000000000020002e-05,9.00000000000345e-05,0.00015233573815851353,-5.7924666877484654e-05,-3.314361820314085e-05,-2.4781048674343804e-05
07:35:00,0.64205,0.64211,0.64187,0.64187,0.0007509684974387199,24.41365245314092,0.00023999999999990695,0.00023999999999990695,0.0,0.00016402430640403265,-6.68298763203401e-05,-3.98808698265807e-05,-2.6949006493759397e-05
07:35:05,0.64184,0.64184,0.64153,0.64157,0.0007936033743158877,26.159155265417752,0.00030999999999992145,0.00026999999999999247,3.999999999992898e-05,0.00018748773221682923,-9.697692216525944e-05,-5.130008029431646e-05,-4.567684187094298e-05
07:35:10,0.64153,0.64153,0.64138,0.64141,0.0008908304818007196,28.149433979961064,0.0001500000000000945,0.00012000000000000899,3.0000000000085514e-05,0.00018782270125458847,-0.00013225478518119616,-6.74910212716924e-05,-6.476376390950376e-05
07:35:15,0.64141,0.64141,0.64133,0.64139,0.00102471356713707,29.226537436876104,8.000000000008001e-05,2.0000000000020002e-05,6.0000000000060005e-05,0.0001734463410873207,-0.00015998240110348672,-8.598929723805126e-05,-7.399310386543545e-05
07:35:20,0.64139,0.64139,0.64132,0.64135,0.0010725650513665475,30.342213525649907,7.00000000000145e-05,4.0000000000040004e-05,2.999999999997449e-05,0.0001596534956090132,-0.00018307403863693228,-0.00010540624551782748,-7.76677931191048e-05
07:35:25,0.6414,0.6414,0.64129,0.64131,0.0011424516573641519,32.852996192011595,0.00010999999999994348,8.999999999992347e-05,2.0000000000020002e-05,0.00015303302952780388,-0.00020227034680531109,-0.0001247790657753242,-7.749128102998689e-05
07:35:30,0.64131,0.64131,0.64122,0.64126,0.001204236381737056,35.85449696105281,9.00000000000345e-05,4.999999999999449e-05,4.0000000000040004e-05,0.00014462862559076796,-0.00021899371819877889,-0.00014362199626001516,-7.537172193876373e-05
07:35:35,0.64129,0.6415,0.64129,0.64148,0.0012036855682904246,35.02268215584387,0.00020999999999993246,1.999999999990898e-05,0.00019000000000002348,0.00015734480884531984,-0.0002120505622456026,-0.00015730770945713264,-5.474285278846995e-05
07:35:40,0.64148,0.6415,0.64141,0.6415,0.0011951815541211275,36.560709993967876,8.999999999992347e-05,0.0,8.999999999992347e-05,0.000148365500999267,-0.00020259879547601667,-0.00016636592666090946,-3.623286881510721e-05
07:35:45,0.64153,0.64182,0.64153,0.64182,0.0011776354542476497,37.842072953866136,0.00028999999999990145,0.0,0.00028999999999990145,0.00017125010086602966,-0.00016735768139186646,-0.00016656427760710087,-7.934037847655967e-07
07:35:50,0.64182,0.64182,0.64177,0.64177,0.001164692866650885,37.70567239070399,4.999999999999449e-05,4.999999999999449e-05,0.0,0.00015508342075055831,-0.00014182851586852507,-0.00016161712525938573,1.9788609390860657e-05
07:35:55,0.64181,0.64181,0.64168,0.64169,0.001112614748639995,36.47191662250882,0.00012999999999996348,0.00012000000000000899,9.99999999995449e-06,0.000151738964650479,-0.00012659251990720932,-0.00015461220418895046,2.8019684281741137e-05
07:36:00,0.64161,0.64189,0.64161,0.64183,0.0010809956424016054,37.76039188264349,0.00027999999999994696,5.999999999994898e-05,0.00021999999999999797,0.00016884043603040806,-0.00010204474506680938,-0.00014409871236452224,4.205396729771286e-05
07:36:05,0.64179,0.64179,0.64174,0.64179,0.0010574646939220944,37.39328308671178,4.999999999999449e-05,0.0,4.999999999999449e-05,0.00015832837789302493,-8.484013805443169e-05,-0.00013224699750250413,4.740685944807244e-05
07:36:10,0.64179,0.64191,0.64179,0.64191,0.0010332962075687568,38.032670595245236,0.00012000000000000899,0.0,0.00012000000000000899,0.00015321792750728949,-6.0821256343213115e-05,-0.00011796184927064593,5.714059292743282e-05
07:36:15,0.64194,0.64201,0.64194,0.64195,0.0010161972456417256,36.760011293207995,7.00000000000145e-05,5.999999999994898e-05,1.0000000000065512e-05,0.00014612220383964942,-3.811904125494703e-05,-0.00010199328766750616,6.387424641255913e-05
07:36:20,0.64195,0.64208,0.64189,0.64208,0.001070240504179365,35.41015936163991,0.00019000000000002348,0.0,0.00019000000000002348,0.00015197257666103262,-9.52763010308999e-06,-8.350015615462293e-05,7.397252605153294e-05
07:36:25,0.64199,0.64201,0.64168,0.64168,0.0010516653459844427,30.848022837402173,0.00032999999999994145,0.00032999999999994145,0.0,0.00018504289977288907,-1.8927206777874517e-05,-7.058556627927326e-05,5.165835950139874e-05
07:36:30,0.64168,0.64178,0.64167,0.64173,0.00099941877843146,26.16273899899537,0.0001100000000000545,4.999999999999449e-05,6.0000000000060005e-05,0.0001750371798031778,-2.2087248824687045e-05,-6.088590278835602e-05,3.8798653963668974e-05
07:36:35,0.64173,0.64181,0.6417,0.6417,0.0009348886789615207,21.696283400146335,0.00010999999999994348,0.00010999999999994348,0.0,0.00016636555582941323,-2.67045210969874e-05,-5.40496264500823e-05,2.7345105353094904e-05
07:36:40,0.6417,0.64185,0.6417,0.64185,0.0009311701749314949,17.45501649427614,0.00014999999999998348,0.0,0.00014999999999998348,0.0001641834817188226,-1.8051905115501476e-05,-4.6850082183166136e-05,2.879817706766466e-05
07:36:45,0.64181,0.64186,0.64181,0.64186,0.0009452908212750355,16.70958827192209,4.999999999999449e-05,0.0,4.999999999999449e-05,0.00014895901748964555,-1.0269349516089932e-05,-3.95339356497509e-05,2.9264586133660965e-05
07:36:50,0.64186,0.64206,0.6418,0.64203,0.0009652400846404952,17.972794736323383,0.00025999999999992696,2.999999999997449e-05,0.00022999999999995246,0.00016376448182434973,9.506377514845177e-06,-2.9725873016831685e-05,3.923225053167686e-05
07:36:55,0.64199,0.64215,0.64197,0.64205,0.0009678277358391441,19.93392245966848,0.00017999999999995797,9.999999999998899e-05,7.999999999996898e-05,0.0001659292175810975,2.6487287553167427e-05,-1.848324090283186e-05,4.497052845599929e-05
07:37:00,0.64205,0.64208,0.64189,0.64191,0.0009095516535466697,20.502980888440106,0.00019000000000002348,0.00017000000000000348,2.0000000000020002e-05,0.00016913865523695429,2.8321478750759077e-05,-9.122296972113674e-06,3.744377572287275e-05
07:37:05,0.64191,0.642,0.64191,0.64195,0.0008184812636158334,22.532510658869505,9.00000000000345e-05,4.999999999999449e-05,4.0000000000040004e-05,0.00015858683453869832,3.262665443259927e-05,-7.725066911710859e-07,3.3399161123770355e-05
07:37:10,0.64195,0.64205,0.64191,0.64205,0.000679228664655307,24.27287646581248,0.000140000000000029,0.0,0.000140000000000029,0.0001561085899335424,4.3605049574346744e-05,8.10300456193248e-06,3.550204501241426e-05
07:37:15,0.64205,0.64205,0.64177,0.64177,0.0005974542483648815,24.659939831996642,0.000280000000000058,0.000280000000000058,0.0,0.0001726274446090778,2.9373250331365952e-05,1.2357053715819175e-05,1.7016196615546775e-05
07:37:20,0.64177,0.6418,0.64177,0.64177,0.0005078706838563818,23.555488048332197,3.0000000000085514e-05,3.0000000000085514e-05,0.0,0.0001536104519945455,1.7888242373587104e-05,1.3463291447372761e-05,4.4249509262143434e-06
07:37:25,0.64177,0.64177,0.64157,0.64157,0.0005697053716335887,22.883661676173013,0.00019999999999997797,0.00019999999999997797,0.0,0.0001597957250619365,-7.268253802705793e-06,9.31698239735705e-06,-1.6585236200062843e-05
07:37:30,0.64157,0.64172,0.64152,0.64163,0.0005986651818354893,22.100488583437727,0.00019999999999997797,8.999999999992347e-05,0.0001100000000000545,0.00016515629505367536,-2.2108605464477016e-05,3.0318648249902374e-06,-2.5140470289467254e-05
07:37:35,0.64157,0.6419,0.64152,0.6419,0.0005836329054833556,22.11007559372835,0.00038000000000004697,0.0,0.00038000000000004697,0.00019380212237985823,-1.1945250151357278e-05,3.6441829720734185e-08,-1.1981691981078013e-05
07:37:40,0.6419,0.6419,0.64162,0.64162,0.0006189974916579466,22.20423728632928,0.000280000000000058,0.000280000000000058,0.0,0.0002052951727292182,-2.6182561513876657e-05,-5.207358838998744e-06,-2.0975202674877913e-05
07:37:45,0.64162,0.64186,0.64162,0.64167,0.0006362257129644,21.95483977996844,0.00024000000000001798,0.00019000000000002348,4.999999999999449e-05,0.00020992248303199152,-3.305016943033756e-05,-1.0775920957266507e-05,-2.2274248473071054e-05
07:37:50,0.64167,0.64167,0.64163,0.64166,0.0006502177772387263,21.36395537266673,3.999999999992898e-05,9.99999999995449e-06,2.999999999997449e-05,0.00018726615196104984,-3.8851854613608516e-05,-1.6391107688534908e-05,-2.246074692507361e-05
07:37:55,0.64173,0.64173,0.64167,0.64167,0.0006518475765855403,21.570067126966517,6.0000000000060005e-05,6.0000000000060005e-05,0.0,0.0001716306650329118,-4.2156857482322785e-05,-2.1544257647292487e-05,-2.0612599835030298e-05
07:38:00,0.64167,0.64172,0.64159,0.64172,0.0006027969894328855,18.799841836042138,0.00012999999999996348,0.0,0.00012999999999996348,0.00016607990969518536,-4.027722317745397e-05,-2.5290850753324786e-05,-1.4986372424129183e-05
07:38:05,0.64172,0.64172,0.64147,0.64154,0.0006362885806281415,17.015737931939082,0.00024999999999997247,0.00017999999999995797,7.00000000000145e-05,0.00017726925506915698,-5.2704549882487406e-05,-3.077359057915731e-05,-2.1930959303330093e-05
07:38:10,0.64161,0.64166,0.64155,0.64163,0.000649388376167348,17.99269570497928,0.0001100000000000545,2.999999999997449e-05,8.000000000008001e-05,0.0001696333543932706,-5.4660950578488965e-05,-3.555106257902365e-05,-1.9109887999465318e-05
07:38:15,0.64163,0.64166,0.64141,0.64159,0.0006676399911913489,19.75821086305202,0.00024999999999997247,7.00000000000145e-05,0.00017999999999995797,0.00018034890714083084,-5.876170952179294e-05,-4.019319196757751e-05,-1.856851755421543e-05
07:38:20,0.64159,0.64174,0.64157,0.64171,0.0006656061740180075,19.213178851502448,0.00017000000000000348,2.999999999997449e-05,0.000140000000000029,0.00017896905285538718,-5.1732256163727897e-05,-4.2501004806807586e-05,-9.23125135692031e-06
07:38:25,0.64171,0.64176,0.64164,0.64167,0.0006644633766363928,20.738552518008383,0.00012000000000000899,9.00000000000345e-05,2.999999999997449e-05,0.0001711065124746701,-4.882619149670919e-05,-4.376604214478791e-05,-5.060149351921281e-06
07:38:30,0.64171,0.64177,0.64171,0.64174,0.0006121437739159408,22.033894031581273,5.999999999994898e-05,2.999999999997449e-05,2.999999999997449e-05,0.00016162564414471262,-4.0408890786158835e-05,-4.3094611873062096e-05,2.6857210869032607e-06
07:38:35,0.64177,0.64198,0.64177,0.64177,0.0005401130485438443,21.679239392582833,0.00021000000000004349,0.00021000000000004349,0.0,0.00017207555825875335,-3.096047694417514e-05,-4.0667784887284705e-05,9.707307943109564e-06
07:38:40,0.64177,0.64177,0.64171,0.64171,0.0005119374961306544,19.922835282157852,5.999999999994898e-05,5.999999999994898e-05,0.0,0.00015713215049091277,-2.7991372344882137e-05,-3.813250237880419e-05,1.0141130033922056e-05
07:38:45,0.64171,0.64175,0.64161,0.6417,0.0004625740338441986,20.578848572214802,0.000140000000000029,4.999999999999449e-05,9.00000000000345e-05,0.00015484786375879496,-2.614388159227765e-05,-3.573477822149889e-05,9.590896629221236e-06
07:38:50,0.6417,0.64174,0.64164,0.64168,0.00032892808356188574,21.398186877484267,9.999999999998899e-05,5.999999999994898e-05,4.0000000000040004e-05,0.00014753481525762083,-2.5993922950218185e-05,-3.3786607167242744e-05,7.79268421702456e-06
07:38:55,0.64168,0.64168,0.64158,0.64164,0.0003214375603572961,22.994818581670014,9.999999999998899e-05,4.0000000000040004e-05,5.999999999994898e-05,0.00014119683988993658,-2.877109013443846e-05,-3.278350376068189e-05,4.012413626243433e-06
07:39:00,0.64164,0.64179,0.64164,0.64179,0.000326635157723576,22.86671371016508,0.00014999999999998348,0.0,0.00014999999999998348,0.00014237059457127617,-1.8653245733024626e-05,-2.995745215515044e-05,1.1304206422125814e-05
07:39:05,0.64179,0.64185,0.64172,0.64179,0.00032321412154479034,22.623820879996515,0.0001300000000000745,6.0000000000060005e-05,7.00000000000145e-05,0.00014072118196178262,-1.0513587062721541e-05,-2.6068679136664662e-05,1.555509207394312e-05
07:39:10,0.64169,0.64199,0.64169,0.64196,0.00039674464802197384,24.82368219899927,0.00029999999999996696,2.999999999997449e-05,0.00026999999999999247,0.0001619583577002072,9.54470491054682e-06,-1.8946002327222367e-05,2.8490707237769186e-05
07:39:15,0.64199,0.64203,0.64193,0.64193,0.00040966738748093867,25.780439969838117,9.999999999998899e-05,9.999999999998899e-05,0.0,0.00015369724334017812,2.2757956970376192e-05,-1.0605210467702654e-05,3.336316743807885e-05
07:39:20,0.64193,0.64217,0.64193,0.64217,0.0005717710251551544,26.361087811067456,0.00024000000000001798,0.0,0.00024000000000001798,0.0001652042775614901,5.1996169188495145e-05,1.9150654635369057e-06,5.008110372495824e-05
07:39:25,0.64217,0.64224,0.64217,0.64224,0.0007228569050692357,26.181243958623956,7.00000000000145e-05,0.0,7.00000000000145e-05,0.0001525103738866267,7.989509706096687e-05,1.7511071783022898e-05,6.238402527794397e-05
07:39:30,0.64224,0.64225,0.64195,0.6421,0.0007740936975419999,24.5046079675687,0.00029999999999996696,0.00014999999999998348,0.00014999999999998348,0.00017217565736840542,8.967465482923043e-05,3.1943788392264405e-05,5.773086643696602e-05
07:39:35,0.6421,0.64221,0.6421,0.64218,0.0008404610263326173,22.836746537070464,0.00010999999999994348,2.999999999997449e-05,7.999999999996898e-05,0.00016388556971927716,0.00010269653450734051,4.609433761527963e-05,5.660219689206088e-05
07:39:40,0.64218,0.64218,0.64204,0.64204,0.0008591697338247162,21.38364683344322,0.00013999999999991797,0.00013999999999991797,0.0,0.00016070082709002925,0.00010056043984463248,5.6987558061150203e-05,4.357288178348227e-05
07:39:45,0.64204,0.64213,0.64204,0.64211,0.0008489126171282724,20.211714577842667,8.999999999992347e-05,2.0000000000020002e-05,6.999999999990347e-05,0.00015127405014468183,0.00010332491907083519,6.625503026308721e-05,3.7069888807747975e-05
07:39:50,0.64203,0.64239,0.64203,0.64239,0.0009442100568828327,22.042723209623894,0.00036000000000002697,0.0,0.00036000000000002697,0.00017910417679206116,0.000126649511979382,7.833392660634617e-05,4.831558537303584e-05
07:39:55,0.64239,0.64255,0.64215,0.64215,0.0009242715481263541,24.685939819659808,0.00039999999999995595,0.00039999999999995595,0.0,0.00020855695321978047,0.0001243351672556292,8.753417473620278e-05,3.680099251942643e-05
07:40:00,0.64231,0.64239,0.64228,0.64239,0.0009897899830086931,29.739061580028054,0.0001100000000000545,0.0,0.0001100000000000545,0.00021274935945714548,0.00014025030837228059,9.807740146341834e-05,4.2172906908862246e-05
07:40:05,0.64239,0.64243,0.64239,0.64243,0.001036225945662217,34.10738189655718,3.999999999992898e-05,0.0,3.999999999992898e-05,0.00018971611152951662,0.0001543120251061847,0.00010932432619197163,4.4987698914213066e-05
07:40:10,0.64247,0.64256,0.64239,0.64253,0.0011104479892269925,40.28236679251531,0.00017000000000000348,2.999999999997449e-05,0.000140000000000029,0.0001870872966589149,0.0001715477060217907,0.00012176900215793544,4.977870386385526e-05
07:40:15,0.64253,0.64257,0.64252,0.64252,0.0011611881392228351,45.659530962641895,4.999999999999449e-05,4.999999999999449e-05,0.0,0.00016880899043772551,0.00018229876422037883,0.00013387495457042412,4.842380964995471e-05
07:40:20,0.64252,0.64252,0.64232,0.64232,0.0011285463402266327,45.3032909819916,0.00019999999999997797,0.00019999999999997797,0.0,0.0001729677917126925,0.00017269006321674052,0.0001416379762996874,3.105208691705312e-05
07:40:25,0.64232,0.64246,0.64232,0.64241,0.0010931576666441956,44.6037733353974,0.000140000000000029,4.999999999999449e-05,9.00000000000345e-05,0.00016857208615100405,0.00017037338792080803,0.00014738505862391154,2.298832929689649e-05
07:40:30,0.64257,0.6426,0.64244,0.64254,0.0010595152813952513,44.0632647516144,0.00015999999999993797,5.999999999994898e-05,9.999999999998899e-05,0.00017142914133085852,0.0001769871222284669,0.0001533054713448226,2.3681650883644297e-05
07:40:35,0.6425,0.64257,0.64249,0.64256,0.0009801288851514212,42.89843411987437,7.999999999996898e-05,9.99999999995449e-06,7.00000000000145e-05,0.00015923858915340658,0.00018174731723030746,0.0001589938405219196,2.2753476708387856e-05
07:40:40,0.64251,0.64251,0.64239,0.64239,0.0008980798229274445,43.19052767189698,0.00012000000000000899,0.00012000000000000899,0.0,0.00016067344393295286,0.00016984436667932812,0.0001611639457534013,8.680420925926823e-06
07:40:45,0.64239,0.6424,0.64234,0.64234,0.0007845347262993574,43.10059743889025,5.999999999994898e-05,5.999999999994898e-05,0.0,0.00014725031807521902,0.0001545945408439886,0.00015985006477151878,-5.255523927530175e-06
07:40:50,0.64229,0.64229,0.64212,0.64219,0.0007293284581908477,44.874953031620024,0.00017000000000000348,9.999999999998899e-05,7.00000000000145e-05,0.00015695027566518956,0.00012891909848466998,0.00015366387151414902,-2.4744773029479044e-05
07:40:55,0.64222,0.64248,0.64222,0.64248,0.0006591094469692305,44.64260667122869,0.000260000000000038,0.0,0.000260000000000038,0.00017469023890983261,0.00013046775078451311,0.00014902464736822184,-1.8556896583708728e-05
07:41:00,0.64244,0.64266,0.64244,0.64266,0.0007066928164114472,43.85881546205297,0.00021999999999999797,0.0,0.00021999999999999797,0.00018073154038852134,0.00014455324474260678,0.00014813036684309885,-3.577122100492067e-06
07:41:05,0.64266,0.64266,0.64242,0.64245,0.0007044998225160803,41.85424835037296,0.00024000000000001798,0.00021000000000004349,2.999999999997449e-05,0.00018863400167005423,0.00013718942098051023,0.00014594217767058113,-8.7527566900709e-06
07:41:10,0.64249,0.64253,0.64248,0.64248,0.0006678922068152904,38.142642508506405,4.999999999999449e-05,4.999999999999449e-05,0.0,0.00017414946811405768,0.0001322497935773992,0.00014320370085194473,-1.0953907274545546e-05
07:41:15,0.64248,0.64251,0.64243,0.64251,0.0006505026396061986,33.50271020240649,8.000000000008001e-05,0.0,8.000000000008001e-05,0.00016159620569886066,0.00012926575736604828,0.00014041611215476546,-1.1150354788717177e-05
07:41:20,0.64254,0.64266,0.64251,0.6426,0.000582824339273369,29.959002531365723,0.00014999999999998348,6.0000000000060005e-05,8.999999999992347e-05,0.00016005004493901037,0.00013263421039300116,0.0001388597318024126,-6.2255214094114446e-06
07:41:25,0.6426,0.64268,0.64252,0.64268,0.0005473611334838591,26.551245083952328,0.000160000000000049,0.0,0.000160000000000049,0.0001600433722804822,0.00014014357717606618,0.0001391165008771433,1.0270762989228704e-06
07:41:30,0.64272,0.64276,0.64259,0.64271,0.0005904645806265041,27.986518282165207,0.00017000000000000348,4.999999999999449e-05,0.00012000000000000899,0.00016137092264308502,0.00014682306879032492,0.00014065781445977965,6.165254330545264e-06
07:41:35,0.64266,0.64266,0.64241,0.64241,0.0005137273492770156,26.599638220374654,0.00024999999999997247,0.00024999999999997247,0.0,0.0001798547996240026,0.00012645146741918634,0.000137816545051661,-1.1365077632474665e-05
07:41:40,0.64241,0.64242,0.64233,0.64233,0.0005252528212560392,23.61447648212322,9.00000000000345e-05,9.00000000000345e-05,0.0,0.0001678741596741402,0.0001026680023289428,0.00013078683650711738,-2.811883417817458e-05
07:41:45,0.64233,0.64238,0.64233,0.64235,0.0005360439886954449,20.862454963844346,4.999999999999449e-05,2.999999999997449e-05,2.0000000000020002e-05,0.00015215760505092078,8.445966925441084e-05,0.00012152140305657607,-3.7061733802165234e-05
07:41:50,0.64235,0.64261,0.64235,0.64245,0.0005336507826441128,21.830377005223454,0.000260000000000038,0.000160000000000049,9.999999999998899e-05,0.00016653659104413644,7.720858585691381e-05,0.00011265883961664363,-3.545025375972982e-05
07:41:55,0.64242,0.64242,0.64234,0.64241,0.0005338677146673465,23.456565506264237,7.999999999996898e-05,9.99999999995449e-06,7.00000000000145e-05,0.00015899837890491071,6.745678449582293e-05,0.0001036184285924795,-3.6161644096656566e-05
07:42:00,0.64241,0.64241,0.6422,0.6422,0.0005705583598787367,21.415966407866907,0.00021000000000004349,0.00021000000000004349,0.0,0.00016579859505092844,4.2295609247178234e-05,9.135386472341924e-05,-4.905825547624101e-05
07:42:05,0.6422,0.64223,0.64211,0.64211,0.0006492586865249894,22.093283727663252,0.00012000000000000899,0.00012000000000000899,0.0,0.00015969211571080586,1.4920949331642674e-05,7.606728164506394e-05,-6.114633231342126e-05
07:42:10,0.64211,0.64217,0.64211,0.64212,0.0007026296470944438,21.280567864250894,6.0000000000060005e-05,4.999999999999449e-05,1.0000000000065512e-05,0.00014639983361603974,-5.89875230383452e-06,5.967407485528425e-05,-6.557282715911878e-05
07:42:15,0.64212,0.64227,0.64212,0.6422,0.000716514957369796,20.33116360874853,0.00014999999999998348,7.00000000000145e-05,7.999999999996898e-05,0.00014687985580056557,-1.5761495724242458e-05,4.458696073937891e-05,-6.034845646362137e-05
07:42:20,0.64215,0.64232,0.64215,0.64228,0.0007249653348722074,19.082784796440233,0.00017000000000000348,4.0000000000040004e-05,0.00012999999999996348,0.00014996254169382398,-1.6927331786265043e-05,3.228410223425012e-05,-4.9211434020515166e-05
07:42:25,0.64228,0.64234,0.64228,0.64234,0.0007249653348722074,18.900804734491466,6.0000000000060005e-05,0.0,6.0000000000060005e-05,0.00013796753613465546,-1.286150725587909e-05,2.3254980336224282e-05,-3.6116487592103376e-05
07:42:30,0.64234,0.64239,0.64233,0.64236,0.0006993861970010506,17.95413498380871,6.0000000000060005e-05,2.999999999997449e-05,3.0000000000085514e-05,0.00012757186465004274,-7.934020717859092e-06,1.701718012540761e-05,-2.4951200843266703e-05
07:42:35,0.64236,0.64239,0.64234,0.64234,0.0006982052178550191,16.85505574651243,4.999999999999449e-05,4.999999999999449e-05,0.0,0.00011722894936336964,-5.5784797468039216e-06,1.2498048150965304e-05,-1.8076527897769227e-05
07:42:40,0.64237,0.64239,0.64227,0.64227,0.0006618633981567701,13.785306173606937,0.00012000000000000899,0.00012000000000000899,0.0,0.00011759842278158823,-9.25344360436231e-06,8.147749799899783e-06,-1.7401193404262093e-05
07:42:45,0.64227,0.64227,0.64207,0.64207,0.0007132903741255969,15.209615735778426,0.00019999999999997797,0.00019999999999997797,0.0,0.0001285852997440402,-2.798165239759065e-05,9.218693604016963e-07,-2.8903521757992345e-05
07:42:50,0.64207,0.64222,0.64207,0.6422,0.0007179033800477352,17.080315458639323,0.00014999999999998348,2.0000000000020002e-05,0.00012999999999996348,0.00013144059311149931,-3.196550085504679e-05,-5.655604682688001e-06,-2.630989617235879e-05
07:42:55,0.64224,0.64236,0.6422,0.64236,0.0007015741697895539,16.934165569429066,0.000160000000000049,0.0,0.000160000000000049,0.00013524851402997262,-2.195893767087398e-05,-8.916271280325197e-06,-1.3042666390548782e-05
07:43:00,0.64238,0.64241,0.64233,0.64234,0.0006574304045059431,15.590804899785121,8.000000000008001e-05,7.00000000000145e-05,1.0000000000065512e-05,0.0001278820454926536,-1.546423503162586e-05,-1.0225864030585331e-05,-5.23837100104053e-06
07:43:05,0.64234,0.6425,0.64229,0.6425,0.000592425878046976,15.397631646458649,0.00020999999999993246,0.0,0.00020999999999993246,0.0001388311060936241,2.5639705690805314e-06,-7.66789711065216e-06,1.023186767973269e-05
07:43:10,0.6425,0.64256,0.64222,0.64222,0.0004681160449151456,15.924841960684917,0.00034000000000000696,0.00034000000000000696,0.0,0.00016565362528114184,-5.676768297213641e-06,-7.269671347964457e-06,1.5929030507508154e-06
07:43:15,0.64222,0.64243,0.64222,0.64243,0.00047264541057590037,15.740837809838627,0.00020999999999993246,0.0,0.00020999999999993246,0.00017156647524364728,4.68364163153101e-06,-4.879008752065364e-06,9.562650383596374e-06
07:43:20,0.64243,0.64247,0.64231,0.64244,0.0004896357399357676,16.11551595981114,0.00015999999999993797,2.999999999997449e-05,0.00012999999999996348,0.00017002427854448604,1.3545117881874624e-05,-1.1941834252773663e-06,1.4739301307151991e-05
07:43:25,0.64244,0.6425,0.64244,0.6425,0.0005200971568457557,17.27163903847497,5.999999999994898e-05,0.0,5.999999999994898e-05,0.00015535437473854777,2.5119834398346086e-05,4.068620139447324e-06,2.1051214258898762e-05
07:43:30,0.6425,0.6425,0.64231,0.64235,0.0005043975039915605,16.889084148003125,0.00018999999999991246,0.00014999999999998348,3.999999999992898e-05,0.00015997379144006306,2.1936266604849486e-05,7.642149432527756e-06,1.429411717232173e-05
07:43:35,0.64235,0.64235,0.6422,0.64232,0.0004944960219428474,17.580818853371436,0.00014999999999998348,2.999999999997449e-05,0.00012000000000000899,0.0001586439525813858,1.679886999617075e-05,9.473493545256356e-06,7.325376450914395e-06
07:43:40,0.64232,0.64232,0.64219,0.64219,0.0004962342400323116,17.802403287603333,0.00012999999999996348,0.00012999999999996348,0.0,0.00015482475890386281,2.212033678894443e-06,8.021201571983973e-06,-5.80916789308953e-06
07:43:45,0.64219,0.64254,0.64219,0.64237,0.0004673779040460513,17.079229582951758,0.00034999999999996145,0.00017000000000000348,0.00017999999999995797,0.00018084812438334263,5.117366664864065e-06,7.4404345905599915e-06,-2.3230679256959268e-06
07:43:50,0.64237,0.64245,0.64237,0.64238,0.0004351116008449729,16.696575292796435,7.999999999996898e-05,7.00000000000145e-05,9.99999999995449e-06,0.0001674017077988928,8.133027931012116e-06,7.578953258650417e-06,5.540746723616983e-07
07:43:55,0.64245,0.64245,0.6423,0.64237,0.0004209813096613946,15.689912037429137,0.00014999999999998348,7.999999999996898e-05,7.00000000000145e-05,0.00016508148009237157,9.605320627659175e-06,7.98422673245217e-06,1.6210938952070055e-06
07:44:00,0.64237,0.64252,0.64237,0.64252,0.00044998713423649583,13.668289825004285,0.00014999999999998348,0.0,0.00014999999999998348,0.00016307061608005315,2.2615175924056707e-05,1.0910416570773077e-05,1.170475935328363e-05
07:44:05,0.64252,0.64274,0.64252,0.64266,0.0005315280850417547,16.10178852735468,0.00021999999999999797,7.999999999996898e-05,0.000140000000000029,0.00017066120060271246,4.371845086081905e-05,1.7472023428782272e-05,2.6246427432036775e-05
07:44:10,0.64266,0.64283,0.64266,0.64279,0.0006563567707049689,18.55033772769544,0.00017000000000000348,4.0000000000040004e-05,0.00012999999999996348,0.00017057304052235124,7.012451013199694e-05,2.8002520769425207e-05,4.212198936257174e-05
07:44:15,0.64289,0.64289,0.64268,0.64268,0.0007069698124477775,20.377851609802722,0.00020999999999993246,0.00020999999999993246,0.0,0.0001758299684526954,8.123894961642453e-05,3.8649806538825075e-05,4.258914307759945e-05
07:44:20,0.64268,0.64276,0.64265,0.64276,0.000765671359984843,22.732734925103422,0.00010999999999994348,0.0,0.00010999999999994348,0.0001670526393256618,9.540281018549646e-05,5.000040726815935e-05,4.5402402917337105e-05
07:44:25,0.64276,0.64276,0.64248,0.64248,0.0006908850158922064,22.469991366281924,0.00027999999999994696,0.00027999999999994696,0.0,0.0001821122874155665,8.307645809357833e-05,5.661561743324315e-05,2.646084066033518e-05
07:44:30,0.64248,0.64253,0.64242,0.64253,0.000655274952274354,21.607633220376567,0.0001100000000000545,0.0,0.0001100000000000545,0.00017249731576016492,7.646092345636735e-05,6.058467863786799e-05,1.5876244818499358e-05
07:44:35,0.64249,0.64249,0.64221,0.64221,0.0006874024332106377,22.222934369709797,0.000280000000000058,0.000280000000000058,0.0,0.00019216434032548935,4.487939719133305e-05,5.7443622348561004e-05,-1.2564225157227956e-05
07:44:40,0.64208,0.6421,0.64199,0.64199,0.0007978365483081173,25.04487589640212,0.0001100000000000545,0.0001100000000000545,0.0,0.00019587576161542384,2.0747324858128025e-06,4.636984437601137e-05,-4.4295111890198565e-05
07:44:45,0.64199,0.64199,0.64167,0.64179,0.000980560527092278,27.653815091427997,0.00031999999999998696,0.00019999999999997797,0.00012000000000000899,0.00021242566006669892,-4.743974536036699e-05,2.7607926428735696e-05,-7.504767178910269e-05
07:44:50,0.64179,0.64179,0.6416,0.64166,0.001175246446687206,30.335949892388847,0.00019000000000002348,0.00012999999999996348,6.0000000000060005e-05,0.00020943557205780887,-9.60628861759183e-05,2.8737639078048964e-06,-9.89366500837232e-05
07:44:55,0.64166,0.64177,0.64165,0.6417,0.0013171883931633044,34.241940652329866,0.00011999999999989797,6.999999999990347e-05,4.999999999999449e-05,0.0001975108291167541,-0.00012987232258487857,-2.3675453390731798e-05,-0.00010619686919414678
07:45:00,0.6417,0.6417,0.64158,0.64158,0.0014744005025886242,39.37803290998023,0.00012000000000000899,0.00012000000000000899,0.0,0.0001871760519011881,-0.00016445382036878176,-5.183112678634179e-05,-0.00011262269358243997
07:45:05,0.64158,0.64163,0.64158,0.64159,0.0015864372530376425,43.466228257769004,4.999999999999449e-05,4.0000000000040004e-05,9.99999999995449e-06,0.00016888591164769564,-0.00018887574802994855,-7.924005103506315e-05,-0.00010963569699488541
07:45:10,0.64159,0.64162,0.64156,0.64156,0.0016963750826350932,48.631478521335744,5.999999999994898e-05,5.999999999994898e-05,0.0,0.00015436779009466277,-0.00020825046915451395,-0.0001050421346589533,-0.00010320833449556065
07:45:15,0.64147,0.64153,0.64144,0.64144,0.0018245518555577434,51.699310537377656,9.00000000000345e-05,9.00000000000345e-05,0.0,0.00014978541808204228,-0.0002306295188200247,-0.00013015961149116757,-0.00010046990732885712
07:45:20,0.64148,0.64173,0.64148,0.64173,0.0018646619560827027,50.829906583841286,0.00024999999999997247,0.0,0.00024999999999997247,0.00016848069567110496,-0.00022240080253166372,-0.00014860784969926682,-7.37929528323969e-05
07:45:25,0.64173,0.64175,0.6417,0.64174,0.0018841209034679007,49.30081722313703,4.999999999999449e-05,1.0000000000065512e-05,3.999999999992898e-05,0.00015268326958162357,-0.00021262159971269234,-0.00016141059970195193,-5.121100001074041e-05
07:45:30,0.64174,0.64174,0.64166,0.64169,0.0019012361629497931,48.66128846937459,7.999999999996898e-05,4.999999999999449e-05,2.999999999997449e-05,0.00014299216697073633,-0.00020652539693766236,-0.00017043355914909405,-3.6091837788568314e-05
07:45:35,0.64169,0.64178,0.64168,0.64168,0.0019107628677528243,49.99965683854395,9.999999999998899e-05,9.999999999998899e-05,0.0,0.00013725987804130336,-0.00020019332471288287,-0.00017638551226185182,-2.380781245103105e-05
07:45:40,0.64168,0.64203,0.64168,0.64198,0.0018565661568279435,50.8419115181888,0.00034999999999996145,4.999999999999449e-05,0.00029999999999996696,0.0001656252276357911,-0.00016901927012413775,-0.00017491226383430902,5.892993710171268e-06
07:45:45,0.64198,0.64198,0.64185,0.64192,0.0017542249750537309,49.30859272356804,0.00012999999999996348,5.999999999994898e-05,7.00000000000145e-05,0.00016087519728434744,-0.00014745533253890386,-0.00016942087757522802,2.1965545036324162e-05
07:45:50,0.64192,0.64196,0.64173,0.64191,0.0015776277994603571,46.59831967611381,0.00022999999999995246,4.999999999999449e-05,0.00017999999999995797,0.0001700918376464281,-0.00012967782779216286,-0.000161472267618615,3.179443982645214e-05
07:45:55,0.64194,0.64218,0.64194,0.64214,0.001428633502392307,43.508163607911946,0.00024000000000001798,3.999999999992898e-05,0.000200000000000089,0.00018341292596023672,-9.592419498161142e-05,-0.0001483626530912143,5.243845810960288e-05
07:46:00,0.64214,0.64214,0.6421,0.64213,0.00120426435284271,39.88251304994831,4.0000000000040004e-05,1.0000000000065512e-05,2.999999999997449e-05,0.00016429120249887715,-6.91836086487152e-05,-0.0001325268442027145,6.334323555399929e-05
07:46:05,0.64213,0.64228,0.64213,0.64228,0.0011303190047862177,37.19444475156125,0.00014999999999998348,0.0,0.00014999999999998348,0.00016238570883235801,-3.547877766263419e-05,-0.00011311723089469843,7.763845323206424e-05
07:46:10,0.64228,0.64228,0.6422,0.6422,0.0009968708937957427,34.32174759102594,7.999999999996898e-05,7.999999999996898e-05,0.0,0.00015140094765470617,-1.5049308626058355e-05,-9.350364644097042e-05,7.845433781491206e-05
07:46:15,0.64218,0.64218,0.64214,0.64217,0.0009851443922768155,30.47230429158676,3.999999999992898e-05,9.99999999995449e-06,2.999999999997449e-05,0.00013921415463407188,-1.2649746671256068e-06,-7.505591208620147e-05,7.379093741907586e-05
07:46:20,0.64213,0.64233,0.64209,0.64233,0.0010707911487120025,27.889795501638826,0.00023999999999990695,0.0,0.00023999999999990695,0.00015265226734951655,2.231266561036893e-05,-5.5582196546887385e-05,7.789486215725632e-05
07:46:25,0.64233,0.64258,0.64233,0.64258,0.0012455546217395863,26.333257246424047,0.0002500000000000835,0.0,0.0002500000000000835,0.00016563196503625882,6.047392035068988e-05,-3.237097316737193e-05,9.284489351806181e-05
07:46:30,0.64258,0.64258,0.64227,0.64227,0.0012657030498786082,27.192772361439022,0.00031000000000003247,0.00031000000000003247,0.0,0.00018488103636476197,6.49538330919075e-05,-1.2906011915516047e-05,7.785984500742355e-05
07:46:35,0.64227,0.64233,0.64214,0.64214,0.0012592462239675584,26.640535389731504,0.00018999999999991246,0.00018999999999991246,0.0,0.0001855635648494487,5.73531512443326e-05,1.1458207164536822e-06,5.620733052787892e-05
07:46:40,0.64214,0.64218,0.64206,0.64206,0.0012118085657164546,24.87177248188183,0.00012000000000000899,0.00012000000000000899,0.0,0.00017682175620285676,4.436283753173065e-05,9.789224079509075e-06,3.457361345222157e-05
07:46:45,0.64206,0.64207,0.64197,0.64203,0.0011561023447435037,23.48682780853514,9.999999999998899e-05,4.0000000000040004e-05,5.999999999994898e-05,0.00016657885537580772,3.1286519523110456e-05,1.4088683168229352e-05,1.7197836354881104e-05
07:46:50,0.64203,0.64212,0.64201,0.64208,0.001080935267521843,22.504997569228003,0.0001100000000000545,4.0000000000040004e-05,7.00000000000145e-05,0.00015903500799237396,2.467360348190617e-05,1.620566723096472e-05,8.467936250941452e-06
07:46:55,0.64208,0.64212,0.64188,0.64188,0.0009432842960093168,22.90066763485495,0.00024000000000001798,0.00024000000000001798,0.0,0.00016983034026005984,3.256947284424605e-06,1.3615923241656696e-05,-1.0358975957232091e-05
07:47:00,0.64191,0.64201,0.64188,0.64201,0.0008961108953591257,23.23811266653957,0.00012999999999996348,0.0,0.00012999999999996348,0.00016451962822538031,-3.1892300473845836e-06,1.0254892583848442e-05,-1.3444122631233026e-05
07:47:05,0.64204,0.64223,0.64204,0.64223,0.0008545087846802968,23.016365192752705,0.00018999999999991246,0.0,0.00018999999999991246,0.00017191701112866266,9.346548169086866e-06,1.0073223700896128e-05,-7.266755318092625e-07
07:47:10,0.64223,0.64239,0.64223,0.64236,0.0008018819967916535,24.28251807374077,0.000160000000000049,2.999999999997449e-05,0.0001300000000000745,0.00017032807631151418,2.943188382964479e-05,1.3944955726645862e-05,1.5486928102998928e-05
07:47:15,0.64236,0.64236,0.64224,0.64227,0.0006966113467035129,24.46557780900123,0.00012000000000000899,9.00000000000345e-05,2.999999999997449e-05,0.00016361766613664684,3.765336465966218e-05,1.8686637513249128e-05,1.8966727146413053e-05
07:47:20,0.64224,0.64232,0.64224,0.64232,0.0006937282950136847,24.648637544261696,7.999999999996898e-05,0.0,7.999999999996898e-05,0.00015246864398508981,4.765420161012557e-05,2.4480150332624417e-05,2.317405127750115e-05
07:47:25,0.64236,0.64236,0.64224,0.64224,0.0006564048814219348,26.13082210332212,0.00012000000000000899,0.00012000000000000899,0.0,0.0001481394914537457,4.8564780968929355e-05,2.9297076459885407e-05,1.9267704509043948e-05
07:47:30,0.64229,0.64249,0.64229,0.6424,0.0006315761402908571,27.176123656221503,0.00019999999999997797,9.00000000000345e-05,0.00010999999999994348,0.0001617208925932426,6.148828581165056e-05,3.573531833023844e-05,2.5752967481412116e-05
07:47:35,0.6424,0.64252,0.6424,0.64252,0.0006871451236702963,27.033177574226386,0.00012000000000000899,0.0,0.00012000000000000899,0.0001561581069141448,8.048546726036054e-05,4.468534811626286e-05,3.580011914409768e-05
07:47:40,0.64256,0.64265,0.64254,0.64254,0.0007355599370431065,28.435371459633437,0.0001100000000000545,0.0001100000000000545,0.0,0.00015267035932560208,9.604752717307097e-05,5.4957783927624484e-05,4.1089743245446484e-05
07:47:45,0.64254,0.64273,0.64254,0.64268,0.0008320399787540289,31.852235210456485,0.00019000000000002348,4.999999999999449e-05,0.000140000000000029,0.00015764764474885827,0.00011831355670954835,6.762893848400925e-05,5.06846182255391e-05
07:47:50,0.64268,0.64273,0.64236,0.64236,0.0008337385680947662,33.15938022044415,0.00036999999999998145,0.00036999999999998145,0.0,0.0001859612921156747,0.00010888308347789533,7.587976748278647e-05,3.300331599510886e-05
07:47:55,0.64236,0.6427,0.64236,0.6427,0.0009096442334817212,34.722436747119225,0.00034000000000000696,0.0,0.00034000000000000696,0.00020649978650025234,0.00012737621033653834,8.617905605353684e-05,4.11971542830015e-05
07:48:00,0.6427,0.64271,0.64253,0.64261,0.0009509574122570363,36.51457122874787,0.00017999999999995797,9.999999999998899e-05,7.999999999996898e-05,0.00020296648163354645,0.00013323405946696898,9.559005673622327e-05,3.7644002730745704e-05
07:48:05,0.64261,0.64266,0.64252,0.64266,0.0009722551105171284,37.22864470977513,0.000140000000000029,0.0,0.000140000000000029,0.00019457095074907748,0.00014029380953251014,0.00010453080729548066,3.576300223702948e-05
07:48:10,0.64266,0.64273,0.64266,0.64272,0.0010348434918174831,38.7009987252273,7.00000000000145e-05,1.0000000000065512e-05,5.999999999994898e-05,0.00017796149064920242,0.00014901248768017794,0.00011342714337242012,3.558534430775782e-05
07:48:15,0.64272,0.64273,0.64262,0.64273,0.001072449238120221,39.18983584800683,0.0001100000000000545,0.0,0.0001100000000000545,0.0001688999585626494,0.00015494293366280498,0.0001217303014304971,3.321263223230788e-05
07:48:20,0.64273,0.6432,0.64273,0.6432,0.0012627855591276216,41.453442903473274,0.00046999999999997044,0.0,0.00046999999999997044,0.0002090466307542922,0.00019531644053061292,0.00013644752925052027,5.886891128009265e-05
07:48:25,0.6432,0.64326,0.64313,0.64313,0.0013517147004808994,43.767144596480364,0.0001300000000000745,0.0001300000000000745,0.0,0.00019850707998706317,0.0002191382314893353,0.00015298566969828328,6.615256179105203e-05
07:48:30,0.64322,0.64325,0.64315,0.64319,0.0014357173156440695,46.047644805403436,9.999999999998899e-05,5.999999999994898e-05,4.0000000000040004e-05,0.00018803946932212262,0.0002400910508274512,0.0001704067459241169,6.96843049033343e-05
07:48:35,0.64319,0.64327,0.64319,0.64327,0.0014379576159166962,48.080997902139885,7.999999999996898e-05,0.0,7.999999999996898e-05,0.0001736342067458355,0.00026015276340496385,0.00018835594942028628,7.179681398467757e-05
07:48:40,0.64334,0.64334,0.64321,0.64326,0.0014355765392015662,49.48270273527305,0.0001300000000000745,7.999999999996898e-05,5.0000000000105516e-05,0.00016781631251306737,0.0002721082047303369,0.00020510640048229643,6.70018042480405e-05
07:48:45,0.64331,0.64337,0.64331,0.64337,0.0015022383299272413,50.81382438709982,5.999999999994898e-05,0.0,5.999999999994898e-05,0.00016010747084465083,0.00028714898406223544,0.00022151491719828425,6.563406686395119e-05
07:48:50,0.64337,0.64359,0.64337,0.64359,0.0016455413442657552,52.06926444145962,0.00021999999999999797,0.0,0.00021999999999999797,0.00016809314139869713,0.0003132105748885339,0.0002398540487363342,7.335652615219967e-05
07:48:55,0.64359,0.64364,0.64359,0.64362,0.0017285941960538675,53.094620777028915,4.999999999999449e-05,2.0000000000020002e-05,2.999999999997449e-05,0.00015234738921220345,0.0003324530112921442,0.0002583738412474962,7.407917004464802e-05
07:49:00,0.64362,0.64362,0.64351,0.64351,0.0017457557554780845,55.52710641002453,0.00010999999999994348,0.00010999999999994348,0.0,0.0001467010706505688,0.0003349654271493918,0.00027369215842787533,6.127326872151648e-05
07:49:05,0.64363,0.64363,0.64346,0.64356,0.0017149202835213817,57.02933820367327,0.00017000000000000348,7.00000000000145e-05,9.999999999998899e-05,0.00014980759456382673,0.0003371051782949941,0.0002863747624012991,5.0730415893694995e-05
07:49:10,0.64356,0.64356,0.64344,0.64354,0.0016926640478338584,58.056132055152624,0.00012000000000000899,2.0000000000020002e-05,9.999999999998899e-05,0.00014583324862198438,0.00033334452545130677,0.0002957687150113006,3.757581044000615e-05
07:49:15,0.64354,0.64364,0.64347,0.64358,0.00168500007805239,59.85909789476114,0.00017000000000000348,5.999999999994898e-05,0.0001100000000000545,0.0001490554821390536,0.00032979023019830134,0.00030257301804870076,2.7217212149600574e-05
07:49:20,0.64358,0.64358,0.6434,0.64344,0.0016285039954000435,59.549756803683564,0.000180000000000069,0.000140000000000029,4.0000000000040004e-05,0.00015318141785385567,0.00031207914155040317,0.00030447424274904124,7.604898801361927e-06
07:49:25,0.64344,0.64389,0.64344,0.64379,0.0016688994166904614,61.986637351866726,0.00044999999999995044,9.999999999998899e-05,0.00034999999999996145,0.0001927572288066683,0.00032256670296260115,0.0003080927347917532,1.4473968170847945e-05
07:49:30,0.64382,0.64382,0.64359,0.64365,0.0015198559488094343,61.17786616962893,0.00022999999999995246,0.00016999999999989246,6.0000000000060005e-05,0.00019772293163243952,0.00031593938836560476,0.00030966206550652354,6.27732285908122e-06
07:49:35,0.64365,0.64381,0.64365,0.64373,0.001481272568070402,60.122160599024255,0.00015999999999993797,7.999999999996898e-05,7.999999999996898e-05,0.00019269320741477266,0.00031352836538089957,0.00031043532548139874,3.0930398995008233e-06
07:49:40,0.6437,0.64386,0.64365,0.64386,0.0014056128088069109,59.43465216673677,0.00020999999999993246,0.0,0.00020999999999993246,0.00019500077975946064,0.0003184367848045877,0.0003120356173460366,6.4011674585511035e-06
07:49:45,0.64389,0.64389,0.64377,0.64381,0.001287862365915604,58.86740132304595,0.00012000000000000899,7.999999999996898e-05,4.0000000000040004e-05,0.00018500067579153376,0.0003146648993409551,0.0003125614737450203,2.1034255959347862e-06
07:49:50,0.6439,0.64417,0.6439,0.64414,0.001256848188236681,59.203909104094194,0.00026999999999999247,2.999999999997449e-05,0.00024000000000001798,0.00020833391901933286,0.0003344485799681163,0.00031693889498963954,1.7509684978476742e-05
07:49:55,0.64414,0.64428,0.64414,0.64428,0.0012228973360772777,59.69554463071038,0.00013999999999991797,0.0,0.00013999999999991797,0.00019922272981674419,0.0003573053259869896,0.00032501218118910957,3.2293144797880037e-05
07:50:00,0.64422,0.64433,0.64422,0.64432,0.0013378128261232192,59.6993644826607,0.00010999999999994348,9.99999999995449e-06,9.999999999998899e-05,0.00018732636584117075,0.0003743320606058864,0.00033487615707246496,3.9455903533421456e-05
******
06:35:35,0.61399,0.61416,0.61396,0.61416,0.0008213237069383261,20.370246788122362,0.000200000000000089,0.0,0.000200000000000089,0.0001420903804555149,0.00014555406340299726,0.00012554087658963909,2.0013186813358172e-05
06:35:40,0.61416,0.61431,0.61416,0.61421,0.0008010519399679339,21.489448701140326,0.00014999999999998348,9.999999999998899e-05,4.999999999999449e-05,0.0001431449963947774,0.00015327458286207296,0.00013108761784412588,2.2186965017947084e-05
06:35:45,0.61421,0.61446,0.61421,0.61443,0.0008774220613161354,23.708415457250176,0.00024999999999997247,2.999999999997449e-05,0.00021999999999999797,0.0001573923302088034,0.0001751265615509423,0.00013989540658548917,3.523115496545314e-05
06:35:50,0.61439,0.6145,0.61433,0.6145,0.00098383567305671,25.505521556579605,0.00017000000000000348,0.0,0.00017000000000000348,0.0001590733528476301,0.00019583535896761095,0.00015108339706191353,4.475196190569742e-05
06:35:55,0.61443,0.61448,0.6144,0.61448,0.0010720938686317183,26.085148623593305,8.000000000008001e-05,0.0,8.000000000008001e-05,0.00015119690580129276,0.0002082330166703894,0.0001625133209836087,4.57196956867807e-05
06:36:00,0.61448,0.61466,0.61448,0.6145,0.0011379686426167268,27.707730480552105,0.00017999999999995797,0.00015999999999993797,2.0000000000020002e-05,0.0001550373183611148,0.00021716869701693398,0.00017344439619027376,4.372430082666022e-05
06:36:05,0.6145,0.61458,0.61439,0.61439,0.0011094920601693037,29.829579493189446,0.00019000000000002348,0.00019000000000002348,0.0,0.00015969900924630263,0.00021291980045634595,0.00018133947704348821,3.158032341285774e-05
06:36:10,0.61436,0.61439,0.61436,0.61439,0.0010575124734861774,30.153094678539357,2.999999999997449e-05,0.0,2.999999999997449e-05,0.0001424058080134589,0.00020716445642210424,0.00018650447291921143,2.0659983502892808e-05
06:36:15,0.61442,0.61447,0.61434,0.61447,0.0010328886422883432,30.790392783388118,0.00012999999999996348,0.0,0.00012999999999996348,0.00014075170027832618,0.00020667620162129197,0.00019053881865962755,1.6137382961664413e-05
06:36:20,0.61447,0.61476,0.61447,0.6147,0.0010368697832265905,33.6309171569082,0.00029000000000001247,5.999999999994898e-05,0.0002300000000000635,0.000160651473574551,0.00022228595980722243,0.00019688824688914654,2.5397712918075893e-05
06:36:25,0.6147,0.61481,0.61468,0.61481,0.0011090042949941648,38.10401013591752,0.00012999999999996348,0.0,0.00012999999999996348,0.00015656461043127268,0.0002407575827756414,0.00020566211406644554,3.5095468709195874e-05
06:36:30,0.61481,0.61491,0.61481,0.61491,0.0011492331539357803,42.384695415575756,9.999999999998899e-05,0.0,9.999999999998899e-05,0.00014902266237376818,0.000260463183873183,0.00021662232802779305,4.384085584538996e-05
06:36:35,0.61486,0.61501,0.61486,0.61499,0.0012366610393781396,47.5642908480316,0.00014999999999998348,1.999999999990898e-05,0.0001300000000000745,0.00014915297405726356,0.00027931557010196784,0.00022916097644262801,5.015459365933982e-05
06:36:40,0.61522,0.61529,0.61514,0.61529,0.0014572302494801903,52.30376187581661,0.00014999999999998348,0.0,0.00014999999999998348,0.000169265910849624,0.0003148344986845242,0.00024629568089100726,6.853881779351692e-05
06:36:45,0.61529,0.61551,0.61529,0.61541,0.0016602903994562546,57.77612596840236,0.00021999999999999797,9.999999999998899e-05,0.00012000000000000899,0.00017603045606967387,0.0003486475111219578,0.0002667660469371974,8.188146418476041e-05
06:36:50,0.61537,0.61538,0.61531,0.61538,0.0017877842799340904,61.88816261124821,7.00000000000145e-05,0.0,7.00000000000145e-05,0.00016589306192704923,0.000368772834129949,0.0002871674043757477,8.16054297542013e-05
06:36:55,0.61547,0.61547,0.61519,0.61519,0.0017915638566994296,63.01501076272285,0.00027999999999994696,0.00027999999999994696,0.0,0.00018110732033676892,0.0003651813027643058,0.0003027701840534593,6.24111187108465e-05
06:37:00,0.61519,0.61519,0.61513,0.61515,0.0017765383252417166,63.03070775408401,6.0000000000060005e-05,4.0000000000040004e-05,2.0000000000020002e-05,0.00016495967762520774,0.00035501493143497154,0.0003132191335297618,4.179579790520975e-05
06:37:05,0.61515,0.61529,0.61515,0.61529,0.0017669051146596004,63.60956182234138,0.000140000000000029,0.0,0.000140000000000029,0.00016163172060851722,0.00035417216265620777,0.00032140973935505096,3.2762423301156804e-05
06:37:10,0.61526,0.61526,0.6151,0.6151,0.0016493890415925083,62.388726917181366,0.000160000000000049,0.000160000000000049,0.0,0.00016541415786071805,0.0003343190285686193,0.0003239915971977647,1.0327431370854589e-05
06:37:15,0.61513,0.61524,0.61509,0.61521,0.0015788603484789832,62.698900823873814,0.00014999999999998348,2.999999999997449e-05,0.00012000000000000899,0.00016335893681262013,0.00032372960410032015,0.0003239391985782758,-2.0959447795566985e-07
06:37:20,0.61523,0.61523,0.61503,0.61507,0.001473762103204379,62.547331204810824,0.000200000000000089,0.000160000000000049,4.0000000000040004e-05,0.00016824441190428267,0.0003005757290426292,0.0003192665046711465,-1.869077562851733e-05
06:37:25,0.61507,0.61507,0.61499,0.61503,0.00141499339778961,61.09357152402749,7.999999999996898e-05,4.0000000000040004e-05,3.999999999992898e-05,0.00015647849031704086,0.0002758189810170286,0.00031057699994032294,-3.475801892329432e-05
06:37:30,0.61503,0.61507,0.61495,0.61507,0.0013658866408996495,57.49585239685143,0.00012000000000000899,0.0,0.00012000000000000899,0.00015161469160810328,0.0002564703154012138,0.0002997556630325011,-4.328534763128731e-05
06:37:35,0.61523,0.61523,0.61496,0.61496,0.0012949440142333568,55.28290200903874,0.0002700000000001035,0.0002700000000001035,0.0,0.00016739939939370332,0.00022961343703675752,0.00028572721783335243,-5.611378079659491e-05
06:37:40,0.61496,0.61503,0.61496,0.615,0.0012185565231037643,52.74212231019766,7.00000000000145e-05,2.999999999997449e-05,4.0000000000040004e-05,0.00015441281280787814,0.0002091459290641806,0.00027041096007951806,-6.126503101533745e-05
06:37:45,0.615,0.61508,0.615,0.61508,0.0010807015265428266,50.35826754754392,7.999999999996898e-05,0.0,7.999999999996898e-05,0.00014449110443349024,0.00019710846921028313,0.00025575046190567106,-5.8641992695387924e-05
06:37:50,0.61508,0.61522,0.615,0.61522,0.0009117963761591241,48.40876047233665,0.00021999999999999797,0.0,0.00021999999999999797,0.00015455895717569128,0.00019659925172688109,0.00024392021986991308,-4.7320968143032e-05
06:37:55,0.61522,0.61528,0.61522,0.61525,0.000731081390816346,46.521381341715355,6.0000000000060005e-05,3.0000000000085514e-05,2.999999999997449e-05,0.00014195109621894045,0.0001963530072401909,0.00023440677734396865,-3.8053770103777754e-05
06:38:00,0.61522,0.61525,0.61517,0.61523,0.000630268113372745,43.286657694401775,7.999999999996898e-05,1.999999999990898e-05,6.0000000000060005e-05,0.00013369095005641093,0.0001923269979443587,0.00022599082146404666,-3.3663823519687955e-05
06:38:05,0.61523,0.61536,0.61514,0.61536,0.000583921407831367,42.67038637681058,0.00021999999999999797,0.0,0.00021999999999999797,0.00014519882338222254,0.00019735132686715673,0.00022026292254466868,-2.2911595677511953e-05
06:38:10,0.61536,0.61536,0.61526,0.61533,0.0005528071901403919,42.921861919979214,9.999999999998899e-05,2.999999999997449e-05,7.00000000000145e-05,0.00013917231359792474,0.0001966455865431982,0.0002155394553443746,-1.8893868801176397e-05
06:38:15,0.61542,0.61543,0.61539,0.61542,0.0005617416525482977,43.18188558461562,4.0000000000040004e-05,1.0000000000065512e-05,2.999999999997449e-05,0.0001339493384515333,0.00020103116792424824,0.00021263779786034935,-1.1606629936101109e-05
06:38:20,0.61546,0.61567,0.61543,0.61567,0.0006981358637168089,45.16209528977853,0.00024000000000001798,0.0,0.00024000000000001798,0.00014942275999134,0.0002221192311950837,0.00021453408452729624,7.585146667787456e-06
06:38:25,0.61567,0.61571,0.61554,0.61571,0.0008092517661701937,47.41525188139638,0.00017000000000000348,0.0,0.00017000000000000348,0.00015216639199249512,0.00023930082798906405,0.0002194874332196498,1.9813394769414242e-05
06:38:30,0.61568,0.61574,0.61565,0.61565,0.0008824344317357458,50.744301221507264,8.999999999992347e-05,8.999999999992347e-05,0.0,0.00014387753972681892,0.00024524879324960835,0.00022463970522564153,2.0609088023966824e-05
06:38:35,0.61565,0.61598,0.61565,0.6159,0.0010539549575900864,55.22603078250628,0.00032999999999994145,7.999999999996898e-05,0.00024999999999997247,0.00016869386776323527,0.00026705704189244894,0.000233123172559003,3.393386933344593e-05
06:38:40,0.61585,0.61602,0.61575,0.61602,0.001232286706214225,60.40935361134168,0.00026999999999999247,0.0,0.00026999999999999247,0.00018220135206146958,0.00029067254106396323,0.00024463304625999503,4.6039494803968195e-05
06:38:45,0.61602,0.61638,0.61602,0.61638,0.0015486551041388186,64.41136133339722,0.00036000000000002697,0.0,0.00036000000000002697,0.0002059078384532772,0.0003345801539069715,0.00026262246778939035,7.195768611758114e-05
06:38:50,0.61638,0.61643,0.61634,0.61636,0.001751529857610512,68.44902994226328,9.00000000000345e-05,7.00000000000145e-05,2.0000000000020002e-05,0.00019045345999284485,0.00036357238443740503,0.0002828124511189933,8.075993331841172e-05
06:38:55,0.61636,0.61636,0.61618,0.61618,0.0018533826826687694,69.65820380258018,0.000180000000000069,0.000180000000000069,0.0,0.0001890596653271414,0.00036778484557165037,0.00029980693000952475,6.797791556212562e-05
06:39:00,0.61618,0.61634,0.61618,0.61634,0.001953807618605641,69.88423190043366,0.000160000000000049,0.0,0.000160000000000049,0.0001851850432835291,0.00037965745933132844,0.0003157770358738855,6.388042345744293e-05
06:39:05,0.61634,0.61634,0.61622,0.61626,0.0019834037728889697,69.77698696088297,0.00012000000000000899,7.999999999996898e-05,4.0000000000040004e-05,0.00017649370417905974,0.0003782510175838194,0.0003282718322158723,4.9979185367947084e-05
06:39:10,0.61626,0.61648,0.61621,0.61645,0.0020445676418496816,71.2734303187781,0.00026999999999999247,2.999999999997449e-05,0.00024000000000001798,0.00018896121028851744,0.00038799524678334585,0.000340216515129367,4.777873165397883e-05
06:39:15,0.61645,0.61657,0.61639,0.61657,0.0020684659965637398,72.33458354820466,0.00017999999999995797,0.0,0.00017999999999995797,0.00018776638225004286,0.00040078066570858883,0.0003523293452452114,4.8451320463377434e-05
06:39:20,0.61657,0.6168,0.61657,0.61677,0.002119538182070446,73.95988243542766,0.0002300000000000635,2.999999999997449e-05,0.000200000000000089,0.00019339753128337894,0.0004221848467388378,0.00036630044554393666,5.588440119490116e-05
06:39:25,0.61677,0.61677,0.61657,0.61657,0.0020778369319511825,75.14982237522415,0.000200000000000089,0.000200000000000089,0.0,0.00019427786044560693,0.00041818886496203245,0.00037667812942755583,4.1510735534476615e-05
06:39:30,0.61657,0.61657,0.61648,0.6165,0.002023166876586213,73.82151929898416,8.999999999992347e-05,6.999999999990347e-05,2.0000000000020002e-05,0.00018037414571951582,0.00040470837935402404,0.0003822841794128495,2.2424199941174566e-05
06:39:35,0.6165,0.61654,0.6165,0.61654,0.0019503079378959676,72.74201543079225,3.999999999992898e-05,0.0,3.999999999992898e-05,0.00016165759295690423,0.000392725567218255,0.0003843724569739306,8.353110244324418e-06
06:39:40,0.61654,0.61666,0.61651,0.61662,0.0018453012876200603,72.07749800519925,0.00014999999999998348,4.0000000000040004e-05,0.00010999999999994348,0.0001601032472293148,0.0003852435854342362,0.00038454668266599176,6.969027682444452e-07
06:39:45,0.61662,0.61662,0.61643,0.61655,0.0017305417466295658,69.41681815878218,0.00018999999999991246,6.999999999990347e-05,0.00012000000000000899,0.00016408948093206115,0.0003694073480201565,0.00038151881573682473,-1.2111467716668218e-05
06:39:50,0.61655,0.61665,0.61654,0.61662,0.0015680171857226366,66.8823100090578,0.0001100000000000545,3.0000000000085514e-05,7.999999999996898e-05,0.00015687755014112694,0.0003583743147410612,0.0003768899155376721,-1.85156007966109e-05
06:39:55,0.61673,0.61673,0.6166,0.6166,0.0013838831712114086,64.444867368976,0.00012999999999996348,0.00012999999999996348,0.0,0.00015329387678897181,0.00034405072097831724,0.00037032207662580116,-2.6271355647483922e-05
06:40:00,0.6166,0.61686,0.6166,0.61682,0.0013144364411703524,62.58935264441555,0.00025999999999992696,3.999999999992898e-05,0.00021999999999999797,0.00016752135988376584,0.0003464575837455186,0.00036554917804974466,-1.9091594304226054e-05
06:40:05,0.61682,0.61682,0.6167,0.61673,0.0011938985234061228,62.93432756763038,0.00012000000000000899,9.00000000000345e-05,2.999999999997449e-05,0.0001611851785659316,0.00033721558068577906,0.00035988245857695154,-2.266687789117248e-05
06:40:10,0.61673,0.61674,0.61667,0.6167,0.0009711111378649662,62.54979303763106,6.999999999990347e-05,3.999999999992898e-05,2.999999999997449e-05,0.00014902715475712786,0.00032373862010415255,0.00035265369088239174,-2.891507077823919e-05
06:40:15,0.6167,0.6167,0.61658,0.61658,0.000809688699101585,60.21967849399764,0.00012000000000000899,0.00012000000000000899,0.0,0.00014515686745617868,0.0002999177692768473,0.00034210650656128284,-4.218873728443551e-05
06:40:20,0.61661,0.61661,0.61651,0.61653,0.0006667154367967498,56.08695084249889,9.999999999998899e-05,7.999999999996898e-05,2.0000000000020002e-05,0.0001391359517953534,0.00027384823920673096,0.0003284548530903725,-5.4606613883641524e-05
06:40:25,0.61656,0.61661,0.61656,0.61661,0.0006537342128352108,51.65648463802567,4.999999999999449e-05,0.0,4.999999999999449e-05,0.00013125115822263547,0.00025668438243720004,0.000314100758959738,-5.741637652253794e-05
06:40:30,0.61658,0.61658,0.61643,0.61643,0.0006399045981357876,47.43173415655626,0.00014999999999998348,0.00014999999999998348,0.0,0.00013775100379294513,0.00022595276380088514,0.00029647115992796744,-7.05183961270823e-05
06:40:35,0.61643,0.61645,0.61641,0.61641,0.0005559250233233559,43.456228024586615,4.0000000000040004e-05,4.0000000000040004e-05,0.0,0.00012471753662055777,0.00019770488294545974,0.0002767179045314659,-7.901302158600616e-05
06:40:40,0.61643,0.61646,0.61638,0.61646,0.0005254612009104598,41.41958345093588,7.999999999996898e-05,0.0,7.999999999996898e-05,0.00011875519840447927,0.00017730890925049536,0.00025683610547527183,-7.952719622477647e-05
06:40:45,0.61649,0.61654,0.61638,0.61641,0.00046562239046710197,37.41028082928479,0.00015999999999993797,0.00012999999999996348,2.999999999997449e-05,0.00012425450528387376,0.00015531993944084554,0.0002365328722683866,-8.121293282754106e-05
06:40:50,0.61641,0.61661,0.61641,0.61644,0.0004679361179737995,33.25613260508722,0.00019999999999997797,0.00017000000000000348,2.999999999997449e-05,0.00013435390457935433,0.0001387152486845844,0.0002169693475516262,-7.825409886704179e-05
06:40:55,0.61642,0.6165,0.61642,0.61646,0.00047874836812056287,30.788305428420156,8.000000000008001e-05,4.0000000000040004e-05,4.0000000000040004e-05,0.00012710671730211775,0.00012572051662584904,0.00019871958136647079,-7.299906474062174e-05
06:41:00,0.61668,0.61672,0.6166,0.61666,0.00044873623711993993,30.567554703145756,0.00012000000000000899,6.0000000000060005e-05,5.999999999994898e-05,0.00014482582166184046,0.00013006116225910969,0.00018498789754499857,-5.492673528588888e-05
06:41:05,0.6166,0.61664,0.61644,0.61644,0.0004616628981812809,27.257900048243382,0.00019999999999997797,0.00019999999999997797,0.0,0.00015484904544026148,0.00011442991696031246,0.00017087630142806137,-5.6446384467748905e-05
06:41:10,0.61641,0.61643,0.6162,0.61639,0.0004827988575177855,24.16365113532216,0.0002300000000000635,4.0000000000040004e-05,0.00019000000000002348,0.00016620250604822902,9.689056617678826e-05,0.00015607915437780676,-5.9188588201018494e-05
06:41:15,0.61642,0.61648,0.61634,0.61634,0.0005181343048603626,20.668709478347512,0.000140000000000029,0.000140000000000029,0.0,0.00016270883857513567,7.805613959510627e-05,0.00014047455142126666,-6.24184118261604e-05
06:41:20,0.6163,0.61633,0.61596,0.61606,0.0006662510985318004,20.178197286311256,0.0003700000000000925,0.00026999999999999247,0.00010000000000010001,0.0001916809934317905,4.0074111480215e-05,0.00012039446343305635,-8.032035195284135e-05
06:41:25,0.61606,0.61621,0.61606,0.61621,0.0007173635942079315,21.14380748097011,0.00014999999999998348,0.0,0.00014999999999998348,0.00018612352764088292,2.1825239179484868e-05,0.00010068061858234207,-7.88553794028572e-05
06:41:30,0.61612,0.61625,0.61612,0.61615,0.000769664315058538,22.795799263480443,0.00012999999999996348,9.999999999998899e-05,2.999999999997449e-05,0.00017864039062209366,2.4926441954953305e-06,8.104302370497272e-05,-7.855037950947739e-05
06:41:35,0.61615,0.61619,0.61611,0.61616,0.0008074886344195953,24.524742222201912,7.999999999996898e-05,2.999999999997449e-05,4.999999999999449e-05,0.0001654883385391437,-1.1884661210270764e-05,6.245748672192404e-05,-7.43421479321948e-05
06:41:40,0.61616,0.61626,0.61616,0.61622,0.0007520890204739672,24.41624518514246,9.999999999998899e-05,4.0000000000040004e-05,5.999999999994898e-05,0.0001567565600672564,-1.8227169306439528e-05,4.632055551625133e-05,-6.454772482269086e-05
06:41:45,0.61622,0.61635,0.61622,0.61632,0.0006969286001199393,22.85459581735869,0.00012999999999996348,2.999999999997449e-05,9.999999999998899e-05,0.00015318901872495068,-1.5011445799850698e-05,3.405415525303093e-05,-4.9065601052881625e-05
06:41:50,0.61646,0.61646,0.61631,0.61631,0.0006400624969338242,22.006503448311975,0.00014999999999998348,0.00014999999999998348,0.0,0.0001527638162282884,-1.3118654496380167e-05,2.461959330314871e-05,-3.773824779952887e-05
06:41:55,0.61628,0.61632,0.61625,0.61628,0.0006167452770988735,21.976028335682617,7.00000000000145e-05,3.999999999992898e-05,3.0000000000085514e-05,0.0001417286407311852,-1.3879360403867835e-05,1.69198025617454e-05,-3.0799162965613234e-05
06:42:00,0.61628,0.61646,0.61628,0.61641,0.0005987038631669606,22.978165969833874,0.00017999999999995797,4.999999999999449e-05,0.00012999999999996348,0.00014683148863368827,-3.946815341215881e-06,1.2746478981153144e-05,-1.6693294322369025e-05
06:42:05,0.61629,0.61643,0.61629,0.61643,0.0005550874753090795,23.931545883648198,0.000140000000000029,0.0,0.000140000000000029,0.00014592062348253368,5.475512731778487e-06,1.1292285731278213e-05,-5.8167729994997265e-06
06:42:10,0.61643,0.6165,0.61639,0.6165,0.0005670384744977941,23.087425559552855,0.0001100000000000545,0.0,0.0001100000000000545,0.00014113120701820313,1.8379325179562755e-05,1.2709693620935122e-05,5.669631558627633e-06
06:42:15,0.6165,0.61656,0.61642,0.61652,0.0005846132324542896,25.35006118091642,0.000140000000000029,4.0000000000040004e-05,9.999999999998899e-05,0.0001409803794157799,2.987514034313854e-05,1.6142782965375805e-05,1.3732357377762735e-05
06:42:20,0.61652,0.61655,0.61649,0.61649,0.0005895939726736632,26.69298594565021,6.0000000000060005e-05,6.0000000000060005e-05,0.0,0.00013018299549368391,3.614821330222284e-05,2.0143869032745214e-05,1.600434426947763e-05
06:42:25,0.61649,0.61649,0.61642,0.61642,0.0005903754380700565,27.155147426114162,7.00000000000145e-05,7.00000000000145e-05,0.0,0.000122158596094528,3.5067023018697796e-05,2.312849982993573e-05,1.1938523188762065e-05
06:42:30,0.61642,0.6166,0.61641,0.61652,0.0006036346053894803,26.525916729894192,0.00019000000000002348,8.000000000008001e-05,0.00010999999999994348,0.00013120411661526074,4.179752039767948e-05,2.6862303943484484e-05,1.4935216454194993e-05
06:42:35,0.61652,0.61655,0.61645,0.61651,0.0006118961039969228,27.328292718976748,9.999999999998899e-05,4.0000000000040004e-05,5.999999999994898e-05,0.00012704356773322452,4.579665628823282e-05,3.064917441243415e-05,1.5147481875798665e-05
06:42:40,0.61648,0.61661,0.61646,0.61656,0.0005771217147758634,29.18622263558371,0.00014999999999998348,4.999999999999449e-05,9.999999999998899e-05,0.00013010442536879238,5.2396587184921906e-05,3.499865696693171e-05,1.7397930217990197e-05
06:42:45,0.61653,0.61653,0.61643,0.61643,0.0005760518982307339,30.11193323290368,9.999999999998899e-05,9.999999999998899e-05,0.0,0.00013009050198628186,4.659999074008159e-05,3.731892372156168e-05,9.281067018519906e-06
06:42:50,0.61643,0.61652,0.61643,0.61646,0.0005823364916053286,32.10522244520429,8.999999999992347e-05,5.999999999994898e-05,2.999999999997449e-05,0.00012474510172143406,4.39206061666475e-05,3.863926021057885e-05,5.281345956068655e-06
06:42:55,0.6164,0.61643,0.61632,0.61635,0.0005820435867043283,32.48873649160314,0.0001100000000000545,8.000000000008001e-05,2.999999999997449e-05,0.00012677908815858006,3.2545924735338794e-05,3.742059311553084e-05,-4.874668380192048e-06
06:43:00,0.61632,0.61637,0.61632,0.61634,0.000507373007167633,31.77462313992827,4.999999999999449e-05,2.999999999997449e-05,2.0000000000020002e-05,0.00011654187640410198,2.2465522762304957e-05,3.442957904488567e-05,-1.196405628258071e-05
06:43:05,0.61663,0.61671,0.61658,0.61658,0.0005111967382958049,35.386133420967,0.00012999999999996348,0.00012999999999996348,0.0,0.00015033629288355258,3.345705372059804e-05,3.4235073980028145e-05,-7.780202594301046e-07
06:43:10,0.61658,0.61666,0.61653,0.61666,0.0005063429251757068,36.696280916692665,0.00012999999999996348,0.0,0.00012999999999996348,0.0001476247871657407,4.8069141465933996e-05,3.7001887477209316e-05,1.106725398872468e-05
06:43:15,0.61666,0.61686,0.61661,0.61686,0.0005811458735085484,38.97553985041067,0.00024999999999997247,0.0,0.00024999999999997247,0.00016127481554363828,7.492397783093185e-05,4.4586305547953824e-05,3.033767228297803e-05
06:43:20,0.61686,0.61694,0.61686,0.61694,0.0006806158202072865,40.949762760260136,8.000000000008001e-05,0.0,8.000000000008001e-05,0.00015043817347116386,0.00010149202366871446,5.596744917210595e-05,4.552457449660851e-05
06:43:25,0.61691,0.61714,0.61691,0.61701,0.0008008311471807694,43.07327147602134,0.0002300000000000635,0.0001300000000000745,9.999999999998899e-05,0.00016104641700835046,0.0001267348855226169,7.012093644220815e-05,5.661394908040877e-05
06:43:30,0.61701,0.61701,0.61687,0.61687,0.0008280452568230068,44.62507496557114,0.00013999999999991797,0.00013999999999991797,0.0,0.00015824022807389278,0.00013389969312305183,8.287668777837689e-05,5.102300534467494e-05
06:43:35,0.61687,0.61694,0.61683,0.61683,0.000819188301712348,46.96963036829843,0.0001100000000000545,0.0001100000000000545,0.0,0.0001518081976640477,0.00013479634075153069,9.326061837300766e-05,4.153572237852302e-05
06:43:40,0.61683,0.61692,0.61683,0.61692,0.0008539690614257633,48.13065793598543,9.00000000000345e-05,0.0,9.00000000000345e-05,0.00014356710464217927,0.00014114218899896613,0.00010283693249819937,3.830525650076676e-05
06:43:45,0.61689,0.61689,0.61679,0.61679,0.000850768074017294,47.56137895971367,0.00010000000000010001,0.00010000000000010001,0.0,0.0001417581573565653,0.0001341351790618006,0.00010909658181091963,2.503859725088098e-05
06:43:50,0.61679,0.61709,0.61677,0.61709,0.0009354649842827634,47.691621150367105,0.00031999999999998696,0.0,0.00031999999999998696,0.00016552373637568818,0.00015104837436374918,0.00011748694032148556,3.3561434042263624e-05
06:43:55,0.61709,0.61728,0.61709,0.61713,0.0010156335849724751,49.38327734758099,0.00019000000000002348,0.0001500000000000945,3.999999999992898e-05,0.00016878723819226623,0.00016576898749942615,0.00012714334975707367,3.8625637742352475e-05
06:44:00,0.6171,0.61719,0.61702,0.61711,0.0010640854734058625,49.942450924203065,0.00017000000000000348,7.999999999996898e-05,9.00000000000345e-05,0.0001689489397666312,0.00017381768454294289,0.00013647821671424753,3.7339467828695355e-05
06:44:05,0.61711,0.61711,0.61695,0.61695,0.0010440790451913262,52.24655173009598,0.000160000000000049,0.000160000000000049,0.0,0.00016775574779775358,0.00016537928268778312,0.00014225842990895466,2.3120852778828465e-05
06:44:10,0.61695,0.61698,0.61689,0.61689,0.00102912533121291,53.68069359420194,8.999999999992347e-05,8.999999999992347e-05,0.0,0.0001573883147580429,0.0001520970102064645,0.00014422614596845663,7.870864238007863e-06
06:44:15,0.61689,0.61689,0.61675,0.61678,0.0010009574363825102,49.855972571824445,0.000140000000000029,0.0001100000000000545,2.999999999997449e-05,0.00015506987279030772,0.00013118244333121254,0.00014161740544100783,-1.043496210979529e-05
06:44:20,0.61672,0.6169,0.61672,0.6169,0.0009848088246091624,46.97920090635284,0.00017999999999995797,0.0,0.00017999999999995797,0.00015839388975159442,0.00012287407961608654,0.00013786874027602356,-1.4994660659937021e-05
06:44:25,0.61684,0.61689,0.61684,0.61684,0.0009233805168633591,43.110286213804216,4.999999999999449e-05,4.999999999999449e-05,0.0,0.00014527470445137503,0.00011017807864710516,0.00013233060795023988,-2.2152529303134716e-05
06:44:30,0.61684,0.61684,0.61667,0.61673,0.0008657482312861564,40.66830667652942,0.00017000000000000348,0.0001100000000000545,5.999999999994898e-05,0.00014857141052452552,9.02005499261449e-05,0.0001239045963454209,-3.370404641927599e-05
06:44:35,0.61673,0.61688,0.6167,0.6167,0.0007519686443464568,36.97967011375264,0.00017999999999995797,0.00017999999999995797,0.0,0.00015276188912124986,7.112755107163693e-05,0.00011334918729066411,-4.222163621902718e-05
06:44:40,0.6167,0.61673,0.61657,0.61657,0.0006416918427307738,35.06655645803819,0.000160000000000049,0.000160000000000049,0.0,0.0001537269705717564,4.50033775978298e-05,9.968002535209726e-05,-5.4676647754267464e-05
06:44:45,0.61657,0.61662,0.61657,0.61662,0.0006279758627409926,33.830672431559485,4.999999999999449e-05,0.0,4.999999999999449e-05,0.00013989670782885483,2.8011465302402172e-05,8.534631334215824e-05,-5.733484803975607e-05
06:44:50,0.61662,0.61674,0.61662,0.61663,0.0006365168373148045,30.698918404112202,0.00012000000000000899,0.00010999999999994348,1.0000000000065512e-05,0.00013724381345167538,1.5177215323847193e-05,7.131249373849604e-05,-5.613527841464884e-05
06:44:55,0.61663,0.61663,0.61635,0.61642,0.0007473630837300238,30.522609511852867,0.000280000000000058,0.00021000000000004349,7.00000000000145e-05,0.00015627797165812638,-1.1803205204441447e-05,5.468935394990854e-05,-6.649255915434999e-05
06:45:00,0.61642,0.61642,0.61633,0.61633,0.0008656704125320491,29.26174248473702,8.999999999992347e-05,8.999999999992347e-05,0.0,0.000147440908770366,-3.998668903459901e-05,3.5754145353007025e-05,-7.574083438760604e-05
06:45:05,0.61633,0.6164,0.6163,0.61631,0.0009488364064957899,27.486645041935038,9.999999999998899e-05,8.999999999992347e-05,1.0000000000065512e-05,0.00014111545426764906,-6.320751894106635e-05,1.596181249419235e-05,-7.91693314352587e-05
06:45:10,0.61631,0.61647,0.61631,0.61637,0.0010082167686602528,25.70580333096547,0.00015999999999993797,9.999999999998899e-05,5.999999999994898e-05,0.0001436333936986209,-7.589383845241215e-05,-2.409317695128551e-06,-7.34845207572836e-05
06:45:15,0.61637,0.61637,0.61605,0.61605,0.0011799214960408477,26.634994210755853,0.00031999999999998696,0.00031999999999998696,0.0,0.0001671489412054697,-0.00011049544105024012,-2.4026542366150865e-05,-8.646889868408925e-05
06:45:20,0.61599,0.61599,0.61589,0.61589,0.001367687252638694,29.07841143555412,9.999999999998899e-05,9.999999999998899e-05,0.0,0.00016619574904473214,-0.00014910928421318914,-4.904309073555852e-05,-0.00010006619347763062
06:45:25,0.61592,0.61608,0.61592,0.61602,0.0014730291025029096,32.01625717514903,0.00015999999999993797,5.999999999994898e-05,9.999999999998899e-05,0.00016936964917208954,-0.00016729267376569545,-7.269300734158592e-05,-9.459966642410953e-05
06:45:30,0.61602,0.61613,0.61602,0.61613,0.0014633933169108104,34.258667451389336,0.00010999999999994348,0.0,0.00010999999999994348,0.0001614536959491367,-0.00017085752115009178,-9.232591010328709e-05,-7.853161104680469e-05
06:45:35,0.6161,0.61618,0.61606,0.61615,0.0014082149955403356,35.70871260624322,0.00011999999999989797,2.999999999997449e-05,8.999999999992347e-05,0.00015592653648923823,-0.00017010795689387237,-0.00010788231946140416,-6.222563743246821e-05
06:45:40,0.61615,0.61624,0.61615,0.61615,0.0013287604037250933,34.61925391525277,9.00000000000345e-05,9.00000000000345e-05,0.0,0.00014713633162401107,-0.0001675821392357335,-0.00011982228341627003,-4.7759855819463475e-05
06:45:45,0.61611,0.61614,0.61594,0.61614,0.0012797302347238304,35.74084986876653,0.00019999999999997797,0.0,0.00019999999999997797,0.00015551815407413393,-0.00016449117509631517,-0.00012875606175227907,-3.57351133440361e-05
06:45:50,0.61614,0.61629,0.61614,0.61626,0.0012116956366070575,34.02138211739031,0.00014999999999998348,2.999999999997449e-05,0.00012000000000000899,0.00015478240019758054,-0.00015062228666684607,-0.00013312930673519248,-1.749297993165359e-05
06:45:55,0.61626,0.6164,0.61623,0.61637,0.0011575582286065256,31.61066836292858,0.00016999999999989246,2.999999999997449e-05,0.00013999999999991797,0.00015681141350455547,-0.00012926492636844422,-0.00013235643066184283,3.091504293398613e-06
06:46:00,0.6164,0.61643,0.61637,0.61643,0.0010508322516160629,31.370272837837508,6.0000000000060005e-05,0.0,6.0000000000060005e-05,0.00014390322503728942,-0.00010627252241535157,-0.0001271396490125446,2.086712659719303e-05
06:46:05,0.61643,0.61645,0.61626,0.61638,0.0009477174795458065,29.14582737504181,0.00019000000000002348,7.00000000000145e-05,0.00012000000000000899,0.00015004946169898728,-9.103605182636532e-05,-0.00011991892957530875,2.8882877748943433e-05
06:46:10,0.61641,0.61641,0.61602,0.61602,0.000908912594944189,28.523500180242376,0.00039000000000000146,0.00039000000000000146,0.0,0.0001820428668057892,-0.00010677914692802659,-0.00011729097304585233,1.051182611782574e-05
06:46:15,0.61604,0.6162,0.61601,0.6162,0.0008287060300227189,27.76937178220377,0.00019000000000002348,0.0,0.00019000000000002348,0.00018310381789835375,-0.00010353764996295922,-0.00011454030842927372,1.1002658466314501e-05
06:46:20,0.61618,0.61619,0.61602,0.61602,0.000807905674527376,28.294006702481006,0.00017000000000000348,0.00017000000000000348,0.0,0.000182689975511901,-0.00011417707370864338,-0.00011446766148514766,2.905877765042793e-07
06:46:25,0.61596,0.61608,0.61583,0.61608,0.0007378917335982837,28.295340142146944,0.00024999999999997247,0.0,0.00024999999999997247,0.00019166464544364387,-0.00011642531654409982,-0.0001148591924969381,-1.5661240471617213e-06
06:46:30,0.61611,0.61613,0.61604,0.61609,0.0006345126600599826,26.906947752605245,8.999999999992347e-05,3.999999999992898e-05,4.999999999999449e-05,0.00017810935938448116,-0.00011606225532923009,-0.0001150998050633965,-9.624502658335922e-07
06:46:35,0.61609,0.61621,0.61609,0.61621,0.0005972568873280348,25.614336960653358,0.00012000000000000899,0.0,0.00012000000000000899,0.0001703614447998849,-0.00010488250930240639,-0.00011305634591119848,8.173836608792095e-06
06:46:40,0.61621,0.61634,0.61621,0.61633,0.0005972568873280348,23.420764167736614,0.00012999999999996348,9.99999999995449e-06,0.00012000000000000899,0.00016497991882656203,-8.535555718103272e-05,-0.00010751618816516534,2.2160630984132624e-05
06:46:45,0.61642,0.61652,0.61638,0.61652,0.0006617965977768758,23.0356802238223,0.00013999999999991797,0.0,0.00013999999999991797,0.00016831592964967543,-5.3927255009855735e-05,-9.679840153410343e-05,4.2871146524247694e-05
06:46:50,0.61646,0.61649,0.61646,0.61649,0.0006969739102475891,23.177419227090265,2.999999999997449e-05,0.0,2.999999999997449e-05,0.00015387380569637857,-3.1082548123451126e-05,-8.365523085197297e-05,5.257268272852184e-05
06:46:55,0.61644,0.61648,0.61642,0.61642,0.0007099295739623201,21.18881986680813,6.0000000000060005e-05,6.0000000000060005e-05,0.0,0.00014269063160353003,-1.8414102008756927e-05,-7.060700508332976e-05,5.2192903074572836e-05
06:47:00,0.61642,0.61646,0.61618,0.61618,0.0006422952264191206,22.07375900909779,0.000280000000000058,0.000280000000000058,0.0,0.00016099854738973375,-2.742413309264613e-05,-6.197043068519304e-05,3.454629759254691e-05
06:47:05,0.61615,0.61631,0.61614,0.61614,0.0006178366331395235,23.94775760037656,0.00017000000000000348,0.00017000000000000348,0.0,0.00016219874107110304,-3.736163171286222e-05,-5.704867089072688e-05,1.9687039177864657e-05
06:47:10,0.61607,0.61607,0.61589,0.61593,0.00067026781763313,26.998239306940583,0.00017999999999995797,0.000140000000000029,3.999999999992898e-05,0.0001739055755949523,-6.147378440146678e-05,-5.793369359287486e-05,-3.5400908085919184e-06
06:47:15,0.61593,0.61609,0.61589,0.61593,0.0007182991606546896,29.592717603326673,0.00019999999999997797,0.000160000000000049,3.999999999992898e-05,0.00017738483218228906,-7.966451617291703e-05,-6.22798581088833e-05,-1.7384658064033734e-05
06:47:20,0.61593,0.61593,0.6158,0.6158,0.0008074495258709735,30.925168990660506,0.00012999999999996348,0.00012999999999996348,0.0,0.00017106685455797898,-0.0001033790266357082,-7.049969181424828e-05,-3.287933482145991e-05
06:47:25,0.61575,0.61617,0.61575,0.61612,0.0008088354201127856,29.322683042727338,0.00041999999999997595,4.999999999999449e-05,0.00036999999999998145,0.0002042579406169119,-9.525359720763404e-05,-7.545047289292544e-05,-1.9803124314708606e-05
06:47:30,0.61615,0.61625,0.61608,0.61622,0.0008069592045958363,26.842675549174064,0.00017000000000000348,2.999999999997449e-05,0.000140000000000029,0.00019969021520132413,-7.982480096402345e-05,-7.632533850714504e-05,-3.499462456878403e-06
06:47:35,0.61622,0.61634,0.61622,0.61632,0.0007989756599862119,23.866808041154844,0.00012000000000000899,2.0000000000020002e-05,9.999999999998899e-05,0.00018906485317448212,-5.884982042014819e-05,-7.283023488974568e-05,1.398041446959749e-05
06:47:40,0.61632,0.61632,0.61575,0.61587,0.0008150453652135958,23.319079299940313,0.0005699999999999594,0.00044999999999995044,0.00012000000000000899,0.00023985620608454577,-7.764321377834449e-05,-7.379283066746544e-05,-3.850383110879052e-06
06:47:45,0.61587,0.61615,0.61587,0.61615,0.0007891474413559418,23.28508706190882,0.00027999999999994696,0.0,0.00027999999999994696,0.0002452087119399326,-6.9146377078666e-05,-7.286353994970555e-05,3.71716287103955e-06
06:47:50,0.61611,0.61611,0.61601,0.61601,0.0007906053643211841,25.283365924057073,0.00010000000000010001,0.00010000000000010001,0.0,0.0002311808836812788,-7.286940955530952e-05,-7.286471387082634e-05,-4.695684483174006e-09
06:47:55,0.61598,0.61605,0.61593,0.61605,0.0007942318367546441,26.671203024734414,0.00012000000000000899,0.0,0.00012000000000000899,0.00021635676585710951,-7.176501152916792e-05,-7.264477340249467e-05,8.797618733267452e-07
06:48:00,0.61605,0.61613,0.61605,0.61609,0.0007874676267289882,27.20496998937636,7.999999999996898e-05,3.999999999992898e-05,4.0000000000040004e-05,0.0001981758637428241,-6.689102434020988e-05,-7.149402359003771e-05,4.602999249827828e-06
06:48:05,0.61609,0.61618,0.61609,0.61618,0.0007853259464027929,27.60455917349639,8.999999999992347e-05,0.0,8.999999999992347e-05,0.00018375241524377068,-5.5130595353558576e-05,-6.822133794274189e-05,1.3090742589183312e-05
06:48:10,0.61615,0.61617,0.61607,0.61617,0.0007832214179028796,27.05878507724531,9.999999999998899e-05,0.0,9.999999999998899e-05,0.00017391875987792706,-4.6086035944137294e-05,-6.379427754302097e-05,1.770824159888368e-05
06:48:15,0.61617,0.61617,0.61607,0.61616,0.0007816204490056489,26.215197535090628,9.999999999998899e-05,9.99999999995449e-06,9.00000000000345e-05,0.00016406292522753532,-3.9272366481490906e-05,-5.888989533071496e-05,1.9617528849224055e-05
06:48:20,0.61616,0.61621,0.61606,0.61608,0.0007660452095969994,23.24142021374932,0.00014999999999998348,0.0001300000000000745,1.999999999990898e-05,0.00016218786853052842,-3.9868239506635206e-05,-5.5085564165899014e-05,1.5217324659263808e-05
06:48:25,0.61608,0.61625,0.61608,0.61625,0.0006877698513383379,20.1436085209848,0.00017000000000000348,0.0,0.00017000000000000348,0.00016322948605979179,-2.631949911890974e-05,-4.933235115650116e-05,2.3012852037591424e-05
06:48:30,0.61629,0.61629,0.61606,0.6161,0.0005974366295309341,17.21787955160038,0.00022999999999995246,0.00019000000000002348,3.999999999992898e-05,0.0001721322212518132,-2.7370263782522386e-05,-4.493993368170541e-05,1.756966989918302e-05
06:48:35,0.6161,0.6161,0.61589,0.61589,0.0005509952717257516,18.064448251773097,0.00020999999999993246,0.00020999999999993246,0.0,0.0001771812584182291,-4.4633737364740966e-05,-4.4878694418312525e-05,2.449570535715585e-07
06:48:40,0.61589,0.61593,0.61573,0.61593,0.0005588672754508472,21.016995294943815,0.00019999999999997797,0.0,0.00019999999999997797,0.00018022375729579562,-5.445972108453212e-05,-4.679489975155645e-05,-7.66482133297567e-06
06:48:45,0.61593,0.61609,0.61581,0.61609,0.0005553339440955707,21.072402976588755,0.000280000000000058,0.0,0.000280000000000058,0.0001935272563230306,-4.877398501212937e-05,-4.719071680367104e-05,-1.5832682084583334e-06
06:48:50,0.61609,0.61611,0.6159,0.6159,0.0005621724777395976,19.198351889098483,0.00021000000000004349,0.00021000000000004349,0.0,0.00019572362214663233,-5.892021475584208e-05,-4.953661639410525e-05,-9.383598361736829e-06
06:48:55,0.6159,0.61605,0.61583,0.61588,0.0005739759760161611,18.69093889744602,0.00021999999999999797,0.00017000000000000348,4.999999999999449e-05,0.00019896047252708108,-6.779352621033574e-05,-5.3187998357351356e-05,-1.4605527852984385e-05
06:49:00,0.61588,0.616,0.61588,0.61597,0.0005265618372156666,17.71185757243261,0.00012000000000000899,2.999999999997449e-05,9.00000000000345e-05,0.0001884324095234715,-6.679348787730355e-05,-5.5909096261341796e-05,-1.0884391615961752e-05
06:49:05,0.61593,0.61593,0.61573,0.61576,0.0005929089749894256,17.624832012389703,0.00019999999999997797,0.00017000000000000348,2.999999999997449e-05,0.0001953080882536777,-8.200093946397757e-05,-6.112746490186895e-05,-2.087347456210862e-05
06:49:10,0.61576,0.61594,0.61571,0.61585,0.0005977501678375852,18.80478506078666,0.0002300000000000635,9.00000000000345e-05,0.000140000000000029,0.00019993367648652913,-8.580163869043034e-05,-6.606229965958124e-05,-1.97393390308491e-05
06:49:15,0.61585,0.61589,0.61576,0.61589,0.0005466491225187831,20.64077574997935,0.0001300000000000745,0.0,0.0001300000000000745,0.00019060918628833519,-8.461071485144078e-05,-6.977198269795316e-05,-1.4838732153487627e-05
06:49:20,0.61589,0.61599,0.61587,0.61593,0.0005359143686438639,20.345975129859585,0.00012000000000000899,6.0000000000060005e-05,5.999999999994898e-05,0.00018119462811655836,-7.95225470020533e-05,-7.172209555877319e-05,-7.80045144328011e-06
06:49:25,0.61593,0.61593,0.61569,0.61569,0.0005941858649436416,21.83422880318332,0.00024000000000001798,0.00024000000000001798,0.0,0.00018903534436768633,-9.377515000330572e-05,-7.61327064476797e-05,-1.7642443555626017e-05
06:49:30,0.61569,0.61572,0.61566,0.61568,0.0006565107126190739,24.233744407973152,6.0000000000060005e-05,4.0000000000040004e-05,2.0000000000020002e-05,0.00017183063178533616,-0.00010467077742581932,-8.184032064330763e-05,-2.2830456782511687e-05
06:49:35,0.61568,0.61568,0.61531,0.61531,0.000882102750904501,28.769148680727678,0.00036999999999998145,0.00036999999999998145,0.0,0.00019825321421395553,-0.00014153007780037807,-9.377827207472173e-05,-4.7751805725656344e-05
06:49:40,0.61531,0.61547,0.61531,0.61543,0.000979718541750163,32.67280048162196,0.00015999999999993797,3.999999999992898e-05,0.00012000000000000899,0.00019315278565208653,-0.00015922291908765374,-0.00010686720147730814,-5.23557176103456e-05
06:49:45,0.61538,0.61545,0.61538,0.61545,0.0010249498062153695,36.0615872997674,7.00000000000145e-05,0.0,7.00000000000145e-05,0.00017673241423181026,-0.0001696748839812301,-0.00011942873797809254,-5.024614600313755e-05
06:49:50,0.61545,0.61589,0.61545,0.61584,0.0009854862545430887,33.4858876802336,0.00043999999999999595,4.999999999999449e-05,0.00039000000000000146,0.0002118347590009017,-0.00014481901734253455,-0.00012450679385098097,-2.0312223491553583e-05
06:49:55,0.61584,0.61595,0.61573,0.61587,0.0009428713145431811,33.628731739893944,0.00021999999999999797,7.999999999996898e-05,0.000140000000000029,0.0002129234578007812,-0.00012130152618861079,-0.00012386574031850693,2.5642141298961446e-06
06:50:00,0.61587,0.61602,0.61587,0.61602,0.0009314414409364868,34.53013933092453,0.00014999999999998348,0.0,0.00014999999999998348,0.0002045336634273415,-8.95279758407197e-05,-0.0001169981874229495,2.7470211582229797e-05
06:50:05,0.61602,0.61613,0.61599,0.61602,0.0008658673777137693,35.42966737558218,0.00013999999999991797,0.00010999999999994348,2.999999999997449e-05,0.0001959291749703517,-6.361390675524436e-05,-0.00010632133128940848,4.270742453416411e-05
06:50:10,0.61597,0.61597,0.61585,0.6159,0.0008301173030613729,34.845723736173824,0.00012000000000000899,7.00000000000145e-05,4.999999999999449e-05,0.00019247195164097196,-5.215856594176227e-05,-9.548877821987925e-05,4.333021227811698e-05
06:50:15,0.6159,0.6159,0.61563,0.61563,0.0008428123347337113,33.2538424591086,0.00026999999999999247,0.00026999999999999247,0.0,0.00020280902475550806,-6.412764574958985e-05,-8.921655172582138e-05,2.5088905976231537e-05
06:50:20,0.61563,0.61563,0.61551,0.61551,0.0008723012516815842,32.251270468286855,0.00012000000000000899,0.00012000000000000899,0.0,0.00019176782145477486,-8.234698012044017e-05,-8.784263740474515e-05,5.495657284304974e-06
06:50:25,0.61551,0.61572,0.61551,0.61567,0.0008267119399045786,30.379922631765215,0.00021000000000004349,4.999999999999449e-05,0.000160000000000049,0.00019419877859414402,-8.29194275036027e-05,-8.685799542451667e-05,3.938567920913966e-06
06:50:30,0.61567,0.61572,0.61567,0.61569,0.000818056747486251,30.435153218711182,4.999999999999449e-05,3.0000000000085514e-05,1.999999999990898e-05,0.00017497227478159076,-8.082753382943064e-05,-8.565190310549947e-05,4.824369276068823e-06
06:50:35,0.61569,0.61588,0.61566,0.61588,0.000818056747486251,28.28416055170471,0.00021999999999999797,0.0,0.00021999999999999797,0.00018097597147737838,-6.311077914078478e-05,-8.114367831255653e-05,1.8032899171771755e-05
06:50:40,0.61588,0.61588,0.6158,0.61587,0.0008000499984390785,25.901164388731434,7.999999999996898e-05,9.99999999995449e-06,7.00000000000145e-05,0.00016751250861372381,-4.9308640519774016e-05,-7.477667075400004e-05,2.546803023422602e-05
06:50:45,0.61582,0.61604,0.61582,0.61598,0.0008273712334234684,23.090745677910583,0.00021999999999999797,6.0000000000060005e-05,0.00015999999999993797,0.00017451084079856037,-2.915814854598242e-05,-6.565296631239652e-05,3.6494817766414094e-05
06:50:50,0.61598,0.61603,0.61584,0.61589,0.000831979250754511,20.203435611628272,0.00018999999999991246,0.00013999999999991797,4.999999999999449e-05,0.0001765760620254073,-2.021792664563815e-05,-5.6565958379044844e-05,3.634803173340669e-05
06:50:55,0.61589,0.61609,0.61587,0.61609,0.0008768244137984382,17.4241809645579,0.00021999999999999797,0.0,0.00021999999999999797,0.0001823659204220194,2.971340389068544e-06,-4.465849862542217e-05,4.762983901449072e-05
06:51:00,0.61609,0.61619,0.61606,0.61618,0.0009419352978119466,19.969450412371867,0.00012999999999996348,1.0000000000065512e-05,0.00011999999999989797,0.0001753837976990786,2.828519529785023e-05,-3.0069759840767694e-05,5.835495513861793e-05
06:51:05,0.61618,0.61618,0.61607,0.61607,0.0009721944791363235,22.24932348728274,0.00010999999999994348,0.00010999999999994348,0.0,0.00016666595800586057,3.902072042238913e-05,-1.625166378813633e-05,5.5272384210525464e-05
06:51:10,0.61607,0.61609,0.61583,0.61583,0.000965970469200883,21.040997698284347,0.000260000000000038,0.000260000000000038,0.0,0.00017911049693841756,2.784176466053001e-05,-7.43297809840306e-06,3.527474275893307e-05
06:51:15,0.61583,0.61598,0.61579,0.61583,0.0008453339421097272,19.501966058081514,0.00019000000000002348,0.00014999999999998348,4.0000000000040004e-05,0.00018056243067996502,1.876603846906466e-05,-2.193174784909516e-06,2.0959213253974176e-05
06:51:20,0.61583,0.6159,0.61572,0.61587,0.0007557749595423768,20.143850354168507,0.00017999999999995797,2.999999999997449e-05,0.00014999999999998348,0.00018048743992263075,1.4632451983409567e-05,1.1719505687543004e-06,1.3460501414655266e-05
06:51:25,0.61585,0.61595,0.61585,0.61589,0.000652931849427496,19.6826687326927,9.999999999998899e-05,5.999999999994898e-05,4.0000000000040004e-05,0.0001697557812662785,1.2822577078797082e-05,3.502075870762857e-06,9.320501208034225e-06
06:51:30,0.61589,0.61589,0.61576,0.61578,0.0006579425666799477,19.40922687284655,0.0001300000000000745,0.0001100000000000545,2.0000000000020002e-05,0.00016445501043078464,2.4835289105240577e-06,3.2983664787150976e-06,-8.148375681910399e-07
06:51:35,0.61578,0.61578,0.61575,0.61577,0.0006644380292653018,20.10559916524036,2.999999999997449e-05,9.99999999995449e-06,2.0000000000020002e-05,0.00014652767570667662,-6.44288807494231e-06,1.350115567983616e-06,-7.793003642925926e-06
06:51:40,0.61577,0.61577,0.61564,0.61566,0.0006732763568026989,21.82586200389414,0.0001300000000000745,0.0001100000000000545,2.0000000000020002e-05,0.000144323985612463,-2.2138025165374664e-05,-3.3475125786880404e-06,-1.8790512586686622e-05
06:51:45,0.61566,0.61566,0.61549,0.61549,0.0007257547795220809,24.981622667070287,0.00017000000000000348,0.00017000000000000348,0.0,0.00014774745419746842,-4.7743753368245656e-05,-1.2226760736599565e-05,-3.551699263164609e-05
06:51:50,0.61546,0.61552,0.61531,0.61531,0.0008542130881696863,28.961360336621045,0.00020999999999993246,0.00020999999999993246,0.0,0.00015604779363779698,-8.162010733503422e-05,-2.6105430056286496e-05,-5.5514677278747724e-05
06:51:55,0.61536,0.61542,0.61526,0.61526,0.0009704171647726412,31.81601383886686,0.00015999999999993797,0.00015999999999993797,0.0,0.00015657475448608245,-0.00011121987061568639,-4.312831816816648e-05,-6.809155244751991e-05
06:52:00,0.61526,0.61551,0.61526,0.61551,0.0009704171647726412,33.2198215004998,0.00024999999999997247,0.0,0.00024999999999997247,0.00016903145388793447,-0.00011320008548665328,-5.714267163186384e-05,-5.6057413854789437e-05
06:52:05,0.61551,0.61564,0.61546,0.61546,0.0010072139792525192,32.30712839155423,0.00017999999999995797,0.00017999999999995797,0.0,0.00017049392670287096,-0.00011745011040853459,-6.9204159387198e-05,-4.824595102133659e-05
06:52:10,0.61539,0.61539,0.61512,0.61516,0.0011430632896796133,32.67867100755421,0.00026999999999999247,0.00022999999999995246,4.0000000000040004e-05,0.00019309473647582243,-0.0001433730631488217,-8.403794013952275e-05,-5.9335123009298955e-05
06:52:15,0.61519,0.61519,0.61505,0.6151,0.0012681026025251896,33.16013406677708,0.000140000000000029,9.00000000000345e-05,4.999999999999449e-05,0.00018601543827904997,-0.00016683551258189766,-0.00010059745462799774,-6.623805795389992e-05
06:52:20,0.61507,0.61507,0.61493,0.61501,0.001397688317038348,37.07522188461189,0.000140000000000029,6.0000000000060005e-05,7.999999999996898e-05,0.00018388004650851046,-0.00019049600131071376,-0.00011857716396454095,-7.191883734617281e-05
06:52:25,0.61501,0.61517,0.61498,0.61507,0.0014563559426139516,39.318103683979146,0.00019000000000002348,9.999999999998899e-05,9.00000000000345e-05,0.00018469604030737886,-0.00020207620186685205,-0.00013527697154500318,-6.679923032184887e-05
06:52:30,0.61499,0.61499,0.61488,0.61488,0.001569493381220477,41.354443216909765,0.0001100000000000545,0.0001100000000000545,0.0,0.0001854032349330648,-0.00022400284102752632,-0.00015302214544150782,-7.09806955860185e-05
06:52:35,0.61488,0.61493,0.61464,0.61466,0.0016808256116729314,44.98847788583628,0.00029000000000001247,0.00026999999999999247,2.0000000000020002e-05,0.0001993494702753245,-0.0002561789504436085,-0.00017365350644192796,-8.252544400168054e-05
06:52:40,0.61466,0.61474,0.61466,0.61474,0.0016761296269478532,47.61672372291144,7.999999999996898e-05,0.0,7.999999999996898e-05,0.00018343620757194377,-0.00027208696835723245,-0.00019334019882498888,-7.874676953224357e-05
06:52:45,0.61474,0.61477,0.61466,0.61471,0.0016716824175908584,49.697516799253776,0.0001100000000000545,6.0000000000060005e-05,4.999999999999449e-05,0.00017364471322902522,-0.0002838429713567514,-0.0002114407533313414,-7.240221802541001e-05
06:52:50,0.61471,0.61483,0.61471,0.6148,0.0016762162905346045,49.84726660703779,0.00012000000000000899,2.999999999997449e-05,9.00000000000345e-05,0.00016649208479848973,-0.0002826393501016433,-0.00022568047268540177,-5.695887741624154e-05
06:52:55,0.61484,0.61484,0.61464,0.61474,0.001668394753245206,49.41892521598699,0.000200000000000089,0.00010000000000010001,9.999999999998899e-05,0.00017095980682536963,-0.00028326170552728236,-0.0002371967192537779,-4.606498627350445e-05
06:53:00,0.6148,0.6148,0.61466,0.61466,0.0016364840359828214,48.03346236548521,0.000140000000000029,0.000140000000000029,0.0,0.00016683183258199086,-0.0002869030186894994,-0.00024713797914092223,-3.976503954857718e-05
06:53:05,0.61466,0.61466,0.61455,0.61459,0.001575475199834253,47.178849185615206,0.00010999999999994348,7.00000000000145e-05,3.999999999992898e-05,0.00015925425490438452,-0.00029207039488576836,-0.00025612446228989147,-3.594593259587689e-05
06:53:10,0.61456,0.6146,0.61452,0.61452,0.0015321124048464085,48.02740153889515,8.000000000008001e-05,8.000000000008001e-05,0.0,0.00014868702091714393,-0.0002983745170351826,-0.0002645744732389497,-3.380004379623287e-05
06:53:15,0.61452,0.61452,0.61433,0.61434,0.0015037510992368386,51.574854346495904,0.00018999999999991246,0.00017999999999995797,9.99999999995449e-06,0.00015419541812817974,-0.00031427233903780216,-0.0002745140463987202,-3.975829263908195e-05
06:53:20,0.61437,0.61437,0.61432,0.61432,0.0014734292260736304,53.14654549031265,4.999999999999449e-05,4.999999999999449e-05,0.0,0.0001403026957110884,-0.0003247418880252262,-0.00028455961472402145,-4.0182273301204736e-05
06:53:25,0.61432,0.61441,0.61429,0.6143,0.0014678075307779093,53.56283295892306,0.00012000000000000899,0.0001100000000000545,9.99999999995449e-06,0.0001375956696162778,-0.00033083920545950996,-0.0002938155328711192,-3.702367258839076e-05
06:53:30,0.6143,0.61436,0.61421,0.61436,0.0014668534171520253,53.95793106793986,0.00014999999999998348,0.0,0.00014999999999998348,0.00013924958033410524,-0.000327059733871482,-0.0003004643730711918,-2.6595360800290224e-05
06:53:35,0.61436,0.61445,0.61427,0.61445,0.0014359533785281986,53.79947235540998,0.000180000000000069,0.0,0.000180000000000069,0.0001446829696229004,-0.0003131919457739496,-0.00030300988761174335,-1.0182058162206244e-05
06:53:40,0.61445,0.61457,0.61441,0.61451,0.001270418082880198,51.24856201395495,0.00015999999999993797,5.999999999994898e-05,9.999999999998899e-05,0.00014672524033983874,-0.0002939714058598497,-0.00030120219126136464,7.230785401514926e-06
06:53:45,0.61451,0.61458,0.61449,0.61451,0.001072549348659857,47.63876206256209,9.00000000000345e-05,7.00000000000145e-05,2.0000000000020002e-05,0.00013916187496119817,-0.00027556247680049495,-0.00029607424836919073,2.0511771568695783e-05
06:53:50,0.61454,0.61458,0.61448,0.61451,0.0009765158257517559,44.23116584434515,9.999999999998899e-05,7.00000000000145e-05,2.999999999997449e-05,0.00013394029163303696,-0.0002579992135567366,-0.00028845924140669994,3.0460027849963333e-05
06:53:55,0.61451,0.61462,0.61446,0.61462,0.0008747691425066151,40.58127756686479,0.000160000000000049,0.0,0.000160000000000049,0.00013741491941530524,-0.00023252373137372384,-0.0002772721394001047,4.474840802638086e-05
06:54:00,0.61467,0.61479,0.61467,0.61472,0.0007997341663907864,39.81202802374566,0.00011999999999989797,6.999999999990347e-05,4.999999999999449e-05,0.00014175959682658353,-0.0002019372569410649,-0.0002622051629082967,6.0267905967231815e-05
06:54:05,0.61472,0.61476,0.61451,0.61451,0.0006690606140815625,36.729131319905775,0.00024999999999997247,0.00024999999999997247,0.0,0.00015619165058303538,-0.00019242435239208433,-0.00024824900080505424,5.582464841296991e-05
06:54:10,0.61455,0.61476,0.61455,0.61476,0.0006300910544472238,33.77937906914228,0.00020999999999993246,0.0,0.00020999999999993246,0.00016869943050529368,-0.0001628353319916842,-0.00023116626704238025,6.833093505069604e-05
06:54:15,0.61476,0.61476,0.61463,0.61472,0.0006397993106801447,30.112195264647855,0.00012999999999996348,3.999999999992898e-05,9.00000000000345e-05,0.00016353950643791632,-0.00014098826094288697,-0.00021313066582248158,7.214240487959461e-05
06:54:20,0.61472,0.61476,0.61464,0.61464,0.0006233998463853752,26.269583123077826,0.00012000000000000899,0.00012000000000000899,0.0,0.00015773423891286202,-0.00012864667238976502,-0.00019623386713593828,6.758719474617326e-05
06:54:25,0.61464,0.61464,0.6145,0.6145,0.0006102837994264032,23.468716342469765,0.00013999999999991797,0.00013999999999991797,0.0,0.00015536967372446948,-0.00012867936885219144,-0.00018272296747918893,5.4043598626997484e-05
06:54:30,0.6145,0.6145,0.6142,0.6142,0.0006417607359128219,22.67155056897237,0.000300000000000078,0.000300000000000078,0.0,0.00017465371722788395,-0.00015117017811638878,-0.00017641240960662892,2.5242231490240144e-05
06:54:35,0.6142,0.61427,0.61414,0.61414,0.0006939619283143905,22.99804222202215,0.00012999999999996348,0.00012999999999996348,0.0,0.00016869988826416122,-0.00017185477023962115,-0.00017550088173322738,3.6461114936062297e-06
06:54:40,0.61414,0.61431,0.61414,0.61424,0.0007108305002292425,22.17629036858288,0.00017000000000000348,7.00000000000145e-05,9.999999999998899e-05,0.00016887323649560684,-0.00017812498036184898,-0.0001760257014589517,-2.099278902897286e-06
06:54:45,0.61424,0.61424,0.61407,0.61417,0.0007507582132708635,23.55193638016896,0.00017000000000000348,7.00000000000145e-05,9.999999999998899e-05,0.00016902347162952642,-0.0001865916694278047,-0.0001781388950527223,-8.452774375082388e-06
06:54:50,0.61417,0.61421,0.61403,0.61403,0.0008364209466875661,27.038213616805503,0.000180000000000069,0.000180000000000069,0.0,0.00017048700874559876,-0.00020226680565404997,-0.00018296447717298784,-1.9302328481062133e-05
06:54:55,0.614,0.61418,0.614,0.61416,0.0008672060400203296,30.828541419298936,0.00017999999999995797,1.999999999990898e-05,0.000160000000000049,0.00017175540757951335,-0.00020187249009739894,-0.00018674607975787007,-1.5126410339528866e-05
06:55:00,0.6141,0.6142,0.61401,0.6142,0.0008851404884360203,34.00968308620494,0.00019000000000002348,0.0,0.00019000000000002348,0.00017418801990224804,-0.0001960721290191758,-0.00018861128961013122,-7.460839409044592e-06
06:55:05,0.6142,0.61429,0.61412,0.61425,0.0008915982102266629,35.92858695482159,0.00017000000000000348,4.0000000000040004e-05,0.00012999999999996348,0.00017362961724861546,-0.0001853046423735405,-0.0001879499601628131,2.6453177892726116e-06
06:55:10,0.61423,0.6143,0.61405,0.61405,0.0009475930728102266,36.572474271700045,0.00024999999999997247,0.00024999999999997247,0.0,0.0001838123349487964,-0.00019071125947611733,-0.00018850222002547397,-2.2090394506433597e-06
06:55:15,0.61405,0.61405,0.61392,0.61392,0.0010359109899056307,40.09664388166517,0.00012999999999996348,0.00012999999999996348,0.0,0.00017663735695561868,-0.00020314423573053464,-0.0001914306231664861,-1.1713612564048532e-05
06:55:20,0.61392,0.61392,0.61384,0.6139,0.001106754382516284,44.09492355186169,7.999999999996898e-05,2.0000000000020002e-05,5.999999999994898e-05,0.00016375237602819873,-0.0002121655791125221,-0.00019557761435569333,-1.658796475682877e-05
06:55:25,0.6139,0.61407,0.6139,0.61407,0.0011189073617918766,45.485158972945605,0.00017000000000000348,0.0,0.00017000000000000348,0.00016458539255777272,-0.00020325448826796766,-0.0001971129891381482,-6.1414991298194604e-06
06:55:30,0.61402,0.61411,0.61402,0.61408,0.001122058259140024,46.29850617820771,9.00000000000345e-05,3.0000000000085514e-05,5.999999999994898e-05,0.0001546406735500743,-0.00019315885312454206,-0.00019632216193542698,3.1633088108849142e-06
06:55:35,0.61408,0.61422,0.61408,0.61422,0.0010804599410776383,44.60614317878003,0.000140000000000029,0.0,0.000140000000000029,0.0001526885837434016,-0.00017187983581123945,-0.0001914336967105895,1.9553860899350052e-05
06:55:40,0.61422,0.61423,0.61418,0.61423,0.0009956938866204634,40.992880976480755,5.0000000000105516e-05,0.0,5.0000000000105516e-05,0.0001389967725776288,-0.0001524517756849031,-0.00018363731250545224,3.118553682054915e-05
06:55:45,0.61423,0.61423,0.61413,0.61413,0.0009696423649232511,36.777993334528745,0.00010000000000010001,0.00010000000000010001,0.0,0.00013379720290062496,-0.00014347022686012068,-0.00017560389537638591,3.213366851626524e-05
06:55:50,0.61413,0.61419,0.61388,0.61412,0.0008349497306407994,35.71249553212386,0.00031000000000003247,7.00000000000145e-05,0.00024000000000001798,0.000157290909180546,-0.00013559613331526332,-0.00016760234296416142,3.20062096488981e-05
06:55:55,0.61404,0.61404,0.614,0.614,0.0006924403831936043,33.176284357392554,4.0000000000040004e-05,4.0000000000040004e-05,0.0,0.0001523187879564744,-0.00013745436619805318,-0.00016157274761093978,2.41183814128866e-05
06:56:00,0.614,0.61422,0.614,0.61407,0.0005300883740266826,29.913104409146825,0.00021999999999999797,0.00014999999999998348,7.00000000000145e-05,0.00016134294956227755,-0.0001317597695541517,-0.00015561015199958217,2.385038244543048e-05
06:56:05,0.61407,0.61409,0.61396,0.61396,0.00042591820324822116,25.91846013183612,0.0001300000000000745,0.0001300000000000745,0.0,0.0001571638896206505,-0.0001345715839264905,-0.00015140243838496383,1.6830854458473336e-05
06:56:10,0.61396,0.61406,0.61382,0.61382,0.0004872435898592986,23.18377176487808,0.00024000000000001798,0.00024000000000001798,0.0,0.0001682087043378995,-0.00014640908425900268,-0.00015040376755977162,3.9946833007689425e-06
06:56:15,0.61379,0.61379,0.6137,0.61377,0.0005608227040101443,23.459470059130638,8.999999999992347e-05,1.999999999990898e-05,7.00000000000145e-05,0.00016178087709284742,-0.00015800360350237685,-0.0001519237347482927,-6.079868754084168e-06
06:56:20,0.61377,0.61379,0.61366,0.61375,0.0006048923349764035,23.34960852168855,0.00012999999999996348,3.999999999992898e-05,9.00000000000345e-05,0.00015754342681379623,-0.00016688245927987122,-0.0001549154796546084,-1.1966979625262827e-05
06:56:25,0.61375,0.61375,0.61371,0.61374,0.0006506061951170317,23.021999087101843,4.0000000000040004e-05,1.0000000000065512e-05,2.999999999997449e-05,0.0001418709699052954,-0.00017273475415646722,-0.00015847933455498015,-1.4255419601487065e-05
06:56:30,0.61374,0.61382,0.61372,0.61372,0.0007048224861017083,20.75040894744726,9.999999999998899e-05,9.999999999998899e-05,0.0,0.0001362881739179212,-0.0001769468398385987,-0.0001621728356117039,-1.4774004226894826e-05
06:56:35,0.61378,0.61378,0.61372,0.61372,0.0007341762301487087,21.08686305690527,5.999999999994898e-05,5.999999999994898e-05,0.0,0.0001261164173955249,-0.00017823041876519063,-0.00016538435224240124,-1.2846066522789398e-05
06:56:40,0.61376,0.61376,0.61359,0.61363,0.0007703860960042164,23.34170791485923,0.00017000000000000348,0.00012999999999996348,4.0000000000040004e-05,0.0001319675617427887,-0.0001843844430664543,-0.00016918437040721186,-1.5200072659242436e-05
06:56:45,0.6136,0.61368,0.61353,0.61368,0.000756713114012042,26.654680369518267,0.00014999999999998348,0.0,0.00014999999999998348,0.000134371886843748,-0.0001831161208745158,-0.00017197072050067266,-1.1145400373843131e-05
06:56:50,0.61368,0.61385,0.61368,0.61385,0.000750904016623366,26.781211205515294,0.00017000000000000348,0.0,0.00017000000000000348,0.00013912230193124873,-0.00016647437418992883,-0.00017087145123852388,4.397077048595049e-06
06:56:55,0.61381,0.61399,0.61381,0.61399,0.0007535879092168685,27.586670288956388,0.000180000000000069,0.0,0.000180000000000069,0.0001445726616737581,-0.00014037073363426522,-0.00016477130771767217,2.440057408340695e-05
06:57:00,0.61399,0.6143,0.61394,0.61426,0.0008111304652482776,28.11242453394875,0.00035999999999991594,3.999999999992898e-05,0.00031999999999998696,0.00017329630678391249,-9.67810353796894e-05,-0.0001511732532500756,5.4392217870386205e-05
06:57:05,0.61431,0.61431,0.61426,0.61426,0.0008533771918992628,29.777697963266018,4.999999999999449e-05,4.999999999999449e-05,0.0,0.00015685679921272343,-6.152664460601365e-05,-0.0001332439315212632,7.171728691524957e-05
06:57:10,0.61426,0.61432,0.61426,0.61427,0.0008937184297379552,32.01861900562322,5.999999999994898e-05,4.999999999999449e-05,9.99999999995449e-06,0.00014394255931768685,-3.2406804032936165e-05,-0.00011307650602359782,8.066970199066165e-05
06:57:15,0.6144,0.61445,0.61434,0.61434,0.0009289246754746738,35.5316667831103,0.0001100000000000545,0.0001100000000000545,0.0,0.0001487502180753378,-3.6387602332377256e-06,-9.11889568655258e-05,8.755019663228808e-05
06:57:20,0.61434,0.61458,0.61434,0.61458,0.0010567955536331386,38.80819129293858,0.00024000000000001798,0.0,0.00024000000000001798,0.00016091685566529517,3.808707192021199e-05,-6.533375110837825e-05,0.00010342082302859024
06:57:25,0.61461,0.61465,0.61461,0.61461,0.0011916269285789927,41.27998061939929,4.0000000000040004e-05,4.0000000000040004e-05,0.0,0.00014879460824325773,7.273737264534841e-05,-3.771952635763292e-05,0.00011045689900298133
06:57:30,0.61461,0.61463,0.6144,0.61447,0.0012588031074118877,40.455879371212795,0.0002300000000000635,0.000160000000000049,7.00000000000145e-05,0.00015962199381083184,8.788803705805925e-05,-1.2598013674494483e-05,0.00010048605073255374
06:57:35,0.61442,0.61464,0.61442,0.6146,0.0013593481410190122,38.921519240012444,0.00021999999999999797,3.999999999992898e-05,0.000180000000000069,0.000167672394636054,0.00010912701302734362,1.174699166587314e-05,9.738002136147049e-05
06:57:40,0.61458,0.61462,0.61458,0.61461,0.0014474820242738051,38.68579424819591,4.0000000000040004e-05,1.0000000000065512e-05,2.999999999997449e-05,0.00015064940868458548,0.00012532134447873489,3.4461862228445496e-05,9.085948225028939e-05
06:57:45,0.61466,0.61472,0.61466,0.61472,0.0015497626304032952,39.309498719349236,6.0000000000060005e-05,0.0,6.0000000000060005e-05,0.00014522948752664804,0.00014535597630571662,5.6640685043899726e-05,8.871529126181689e-05
06:57:50,0.61472,0.61475,0.6146,0.6146,0.0015795682288335389,37.64084986667741,0.00014999999999998348,0.00014999999999998348,0.0,0.00014586555585642611,0.00014982349723779986,7.527724748267975e-05,7.454624975512011e-05
06:57:55,0.6146,0.61466,0.61457,0.61457,0.0015759388179621414,35.036806881874476,9.00000000000345e-05,9.00000000000345e-05,0.0,0.0001384168150755739,0.00014922313902510087,9.006642579116398e-05,5.915671323393689e-05
******
10:01:35,0.60413,0.60424,0.60413,0.60422,0.001189021711988092,49.67132563687416,0.0001100000000000545,2.0000000000020002e-05,9.00000000000345e-05,0.00017641770038509197,0.0001700209948463094,0.00010396857840483528,6.605241644147412e-05
10:01:40,0.60422,0.60428,0.60418,0.60428,0.001284103619363819,54.191584974201014,9.999999999998899e-05,0.0,9.999999999998899e-05,0.00016622867366707824,0.00018684363258480996,0.00012054358924083023,6.630004334397973e-05
10:01:45,0.60428,0.60428,0.60394,0.60394,0.0012644715975667076,54.12002981751982,0.00034000000000000696,0.00034000000000000696,0.0,0.00018939818384480208,0.00017077198257842152,0.0001305892679083485,4.018271467007303e-05
10:01:50,0.60409,0.60409,0.60397,0.60397,0.001226272057047284,52.642220984535406,0.00012000000000000899,0.00012000000000000899,0.0,0.00018414509266549296,0.00015862727693150003,0.0001361968697129788,2.2430407218521233e-05
10:01:55,0.60397,0.60404,0.6039,0.60401,0.0012131542185127575,47.61278396734165,0.000140000000000029,2.999999999997449e-05,0.0001100000000000545,0.00017825908031009777,0.00015049535909505973,0.000139056567589395,1.1438791505664729e-05
10:02:00,0.60401,0.6043,0.60401,0.60423,0.0012099169175481261,44.136027232410036,0.00028999999999990145,6.999999999990347e-05,0.00021999999999999797,0.0001931578696020716,0.00015995900911947025,0.00014323705589541004,1.672195322406021e-05
10:02:05,0.60423,0.60426,0.60394,0.60394,0.0011234139697231527,39.77825864934133,0.00031999999999998696,0.00031999999999998696,0.0,0.00021007015365512698,0.00014241675191217773,0.0001430729950987636,-6.562431865858608e-07
10:02:10,0.60398,0.60398,0.60374,0.60377,0.0010316486550028259,37.99685508619744,0.00023999999999990695,0.00020999999999993246,2.999999999997449e-05,0.00021406079983443097,0.00011348858171378318,0.00013715611242176752,-2.3667530707984343e-05
10:02:15,0.60386,0.60415,0.60386,0.60415,0.0009452796857074564,37.555349196105105,0.00029000000000001247,0.0,0.00029000000000001247,0.00023618602652316498,0.00011984413404586558,0.00013369371674658715,-1.3849582700721573e-05
10:02:20,0.60423,0.60432,0.60402,0.60402,0.0008342434328563186,37.05580377808503,0.00029999999999996696,0.00029999999999996696,0.0,0.00024469455632007193,0.00011308743990101622,0.00012957246137747296,-1.6485021476456737e-05
10:02:25,0.60402,0.60402,0.60385,0.60385,0.0008046077828427478,34.42614189779367,0.00017000000000000348,0.00017000000000000348,0.0,0.0002347352821440628,9.294373434698411e-05,0.00012224671597137519,-2.9302981624391078e-05
10:02:30,0.60382,0.60385,0.60374,0.60374,0.0008273635998254925,29.882465326190506,0.00010999999999994348,0.00010999999999994348,0.0,0.00021810391119151355,6.732751222526812e-05,0.00011126287522215378,-4.393536299688566e-05
10:02:35,0.60374,0.60374,0.60359,0.60359,0.0008691290256104267,26.297217855087155,0.0001500000000000945,0.0001500000000000945,0.0,0.00020902338969932435,3.452474546628004e-05,9.591524927097904e-05,-6.1390503804699e-05
10:02:40,0.60363,0.60363,0.60334,0.60338,0.0009495572375424199,24.906761395522327,0.00029000000000001247,0.00024999999999997247,4.0000000000040004e-05,0.00021982027107274942,-8.321009065337392e-06,7.506799760371576e-05,-8.338900666905315e-05
10:02:45,0.60345,0.60345,0.60315,0.60315,0.001176320758261351,23.758473350131737,0.000300000000000078,0.000300000000000078,0.0,0.00023051090159639323,-6.014237219897911e-05,4.802592364317679e-05,-0.0001081682958421559
10:02:50,0.60315,0.60323,0.60313,0.60314,0.0013648998420940917,22.518660371452146,9.999999999998899e-05,9.00000000000345e-05,9.99999999995449e-06,0.000213109448050206,-0.00010085549291971585,1.8249640330598262e-05,-0.00011910513325031411
10:02:55,0.60311,0.60311,0.60305,0.60305,0.0015564318166887414,25.146047010177167,6.0000000000060005e-05,6.0000000000060005e-05,0.0,0.0001966948549768498,-0.0001387833739068256,-1.3156962516886512e-05,-0.0001256264113899391
10:03:00,0.60319,0.60319,0.60303,0.60316,0.0016188611981724499,26.454923355420565,0.000160000000000049,2.999999999997449e-05,0.0001300000000000745,0.0001918022076466097,-0.0001581424444934143,-4.215405891219207e-05,-0.00011598838558122223
10:03:05,0.6032,0.60328,0.60318,0.60327,0.0016597514081462261,27.698611477941164,9.999999999998899e-05,1.0000000000065512e-05,8.999999999992347e-05,0.0001822285799603963,-0.00016273268561395327,-6.62697842525443e-05,-9.646290136140896e-05
10:03:10,0.60329,0.6034,0.60326,0.60338,0.0016504978515272661,25.633237832468215,0.000140000000000029,2.0000000000020002e-05,0.00012000000000000899,0.00017659810263234731,-0.0001556995960575458,-8.415574661354461e-05,-7.154384944400118e-05
10:03:15,0.60338,0.60338,0.60321,0.60331,0.0016149446788640276,24.848825801396707,0.00017000000000000348,7.00000000000145e-05,9.999999999998899e-05,0.00017571835561470148,-0.00015399903192003794,-9.812440367484328e-05,-5.5874628245194664e-05
10:03:20,0.60326,0.60329,0.60308,0.60308,0.0015874918980320896,26.4941894252494,0.00021000000000004349,0.00021000000000004349,0.0,0.00018295590819941644,-0.0001692592847248875,-0.00011235137988485213,-5.6907904840035366e-05
10:03:25,0.60305,0.60318,0.60305,0.60312,0.0016116666757384213,27.545137806157175,0.0001300000000000745,6.0000000000060005e-05,7.00000000000145e-05,0.00017589512043950418,-0.0001760955593187452,-0.00012510021577163074,-5.099534354711447e-05
10:03:30,0.60312,0.60312,0.60306,0.60311,0.0016134630946804673,27.46015042693117,5.999999999994898e-05,9.99999999995449e-06,4.999999999999449e-05,0.00016044243771423016,-0.00018024254870918632,-0.00013612868235914186,-4.411386635004447e-05
10:03:35,0.60304,0.60304,0.60296,0.603,0.0016093725485422095,29.700685480421207,7.999999999996898e-05,4.0000000000040004e-05,3.999999999992898e-05,0.00015905011268566393,-0.00019021249710671206,-0.00014694544530865589,-4.326705179805618e-05
10:03:40,0.603,0.60313,0.60293,0.60293,0.001510780906475162,30.895424803198463,0.000200000000000089,0.000200000000000089,0.0,0.00016451009766092062,-0.00020144009203804103,-0.0001578443746545329,-4.3595717383508126e-05
10:03:45,0.60293,0.60297,0.60289,0.60292,0.0014829501180528837,31.435915037722854,7.999999999996898e-05,4.999999999999449e-05,2.999999999997449e-05,0.00015324208463946042,-0.00020873874798676972,-0.00016802324932098026,-4.071549866578947e-05
10:03:50,0.60285,0.60295,0.60281,0.60281,0.0015056720828434678,31.366932714272107,0.000140000000000029,0.000140000000000029,0.0,0.0001514764733542029,-0.00022085320779841044,-0.0001785892410164663,-4.2263966781944145e-05
10:03:55,0.60281,0.60281,0.60246,0.60246,0.0014681043989843712,32.3867699944971,0.00034999999999996145,0.00034999999999996145,0.0,0.0001779462769069707,-0.00025574797593808096,-0.00019402098800078924,-6.172698793729172e-05
10:04:00,0.6025,0.60251,0.60246,0.60246,0.0014175724245868437,33.33267108954106,4.999999999999449e-05,4.999999999999449e-05,0.0,0.00016088677331937387,-0.00028017267489721664,-0.00021125132538007475,-6.89213495171419e-05
10:04:05,0.60246,0.60246,0.60225,0.60225,0.0014693772400871108,34.64095058137285,0.00021000000000004349,0.00021000000000004349,0.0,0.00016743520354346316,-0.00031286812080666415,-0.00023157468446539264,-8.129343634127151e-05
10:04:10,0.60225,0.60236,0.60225,0.60236,0.0014542728333040156,36.89286497853011,0.0001100000000000545,0.0,0.0001100000000000545,0.000159777176404342,-0.000326143833461523,-0.00025048851426461873,-7.565531919690425e-05
10:04:15,0.60242,0.60245,0.60236,0.60245,0.0014195314275091686,38.67910156481956,9.00000000000345e-05,0.0,9.00000000000345e-05,0.00015047355288376767,-0.0003256488068126284,-0.0002655205727742207,-6.0128234038407744e-05
10:04:20,0.60248,0.60248,0.60223,0.60244,0.0014228732976111491,42.26801756640843,0.00024999999999997247,4.0000000000040004e-05,0.00020999999999993246,0.00016374374583259498,-0.00032234758870530733,-0.00027688597596043805,-4.546161274486928e-05
10:04:25,0.60244,0.60244,0.6023,0.60234,0.0014826207237621514,46.17222285648806,0.000140000000000029,9.999999999998899e-05,4.0000000000040004e-05,0.0001605779130549195,-0.0003240648954448977,-0.00028632175985733,-3.774313558756767e-05
10:04:30,0.60234,0.60243,0.60234,0.60238,0.0015138045483247264,49.347080910600916,9.00000000000345e-05,4.999999999999449e-05,4.0000000000040004e-05,0.0001511675246476015,-0.00031852643325580576,-0.0002927626945370252,-2.576373871878058e-05
10:04:35,0.60238,0.60242,0.60232,0.60242,0.0015358111177734557,52.39989494615978,9.999999999998899e-05,0.0,9.999999999998899e-05,0.00014434518802791983,-0.0003073663681988359,-0.0002956834292693873,-1.1682938929448569e-05
10:04:40,0.60242,0.60242,0.60233,0.6024,0.001528919811329743,55.53000394783424,8.999999999992347e-05,1.999999999990898e-05,7.00000000000145e-05,0.00013709916295752032,-0.0002967154184453369,-0.00029588982710457724,-8.255913407596502e-07
10:04:45,0.6024,0.60264,0.6024,0.60264,0.0014482861014253334,53.25687582078381,0.00023999999999990695,0.0,0.00023999999999990695,0.00015081927456317187,-0.0002658439858073125,-0.0002898806588451243,2.40366730378118e-05
10:04:50,0.60264,0.60273,0.60264,0.60273,0.0013058878810594532,52.39445983868004,9.00000000000345e-05,0.0,9.00000000000345e-05,0.00014271003795475356,-0.00023144791766283035,-0.0002781941106086655,4.674619294583516e-05
10:04:55,0.6027,0.60274,0.60257,0.60268,0.001164014830798532,50.86833062337049,0.00017000000000000348,6.0000000000060005e-05,0.00010999999999994348,0.00014634869956078688,-0.00020585045210608222,-0.00026372537890814886,5.7874926802066646e-05
10:05:00,0.60268,0.60279,0.60268,0.60271,0.0010935581711493114,48.68845253957319,0.0001100000000000545,8.000000000008001e-05,2.999999999997449e-05,0.00014150220628602258,-0.00018105642123289467,-0.00024719158737309803,6.613516614020336e-05
10:05:05,0.60271,0.60271,0.60252,0.60252,0.0009945938075963667,45.83312252651246,0.00019000000000002348,0.00019000000000002348,0.0,0.00014796857878122271,-0.00017472427258591328,-0.00023269812441566108,5.797385182974781e-05
10:05:10,0.60252,0.60269,0.60252,0.60269,0.0008774580511812236,42.97779251345174,0.00017000000000000348,0.0,0.00017000000000000348,0.00015090610161039346,-0.00015421077410093798,-0.00021700065435271648,6.27898802517785e-05
10:05:15,0.60269,0.60283,0.60269,0.60273,0.0007981452182888038,38.377540063652496,0.000140000000000029,9.999999999998899e-05,4.0000000000040004e-05,0.00014945195472901155,-0.0001331906738735178,-0.00020023865825687673,6.704798438335894e-05
10:05:20,0.60277,0.60288,0.60277,0.60284,0.000767033931867056,34.345036745452454,0.00010999999999994348,3.999999999992898e-05,7.00000000000145e-05,0.00014952502743180782,-0.0001064291631669434,-0.00018147675923889007,7.504759607194667e-05
10:05:25,0.60284,0.60292,0.60284,0.60292,0.000767033931867056,32.22843549405,7.999999999996898e-05,0.0,7.999999999996898e-05,0.00014025502377422932,-7.786753326111118e-05,-0.0001607549140433343,8.288738078222313e-05
10:05:30,0.60292,0.60305,0.60283,0.60305,0.0008572440541787518,30.728784710795228,0.00021999999999999797,0.0,0.00021999999999999797,0.00015088768727099846,-4.4232438226488036e-05,-0.00013745041887996506,9.321798065347703e-05
10:05:35,0.60302,0.60302,0.60291,0.60299,0.0009264306148948354,28.243660896626334,0.0001100000000000545,2.999999999997449e-05,8.000000000008001e-05,0.0001494359956348692,-2.2162407208092816e-05,-0.00011439281654559062,9.22304093374978e-05
10:05:40,0.60299,0.60311,0.60299,0.60311,0.0010212788680470375,26.35562355679577,0.00012000000000000899,0.0,0.00012000000000000899,0.00014551119621688784,4.954140253032868e-06,-9.052342518586593e-05,9.54775654388988e-05
10:05:45,0.60311,0.60322,0.60309,0.60313,0.0010467211964804157,25.153383186242234,0.00012999999999996348,8.999999999992347e-05,4.0000000000040004e-05,0.00014344303672129792,2.7738282676881276e-05,-6.687108361331648e-05,9.460936629019776e-05
10:05:50,0.60313,0.60319,0.60308,0.60319,0.0010974113080113312,23.727173767397353,0.0001100000000000545,0.0,0.0001100000000000545,0.00013898396515846549,5.005932551427339e-05,-4.3485001787798514e-05,9.35443273020719e-05
10:05:55,0.60323,0.60329,0.60311,0.60311,0.0011202180238936155,27.57338349135646,0.00017999999999995797,0.00017999999999995797,0.0,0.00014445276980399783,6.059507901345906e-05,-2.2668985627547e-05,8.326406464100606e-05
10:06:00,0.60311,0.60328,0.60305,0.6032,0.0011484286747796002,30.028451364543546,0.0002300000000000635,8.000000000008001e-05,0.00014999999999998348,0.00015585906716347324,7.533853170926808e-05,-3.0674821601839844e-06,7.840601386945206e-05
10:06:05,0.6032,0.60322,0.60314,0.60315,0.001109611596343374,32.15173505981379,7.999999999996898e-05,7.00000000000145e-05,9.99999999995449e-06,0.00014574452487500599,8.204250710663885e-05,1.3954515693180584e-05,6.808799141345826e-05
10:06:10,0.60315,0.60317,0.60305,0.60311,0.0010511467422233967,32.22421203116539,0.00012000000000000899,5.999999999994898e-05,6.0000000000060005e-05,0.00014231192155833973,8.316906894667575e-05,2.779742634387962e-05,5.537164260279613e-05
10:06:15,0.60316,0.60323,0.60316,0.60321,0.0010053729342109907,32.075847003065185,7.00000000000145e-05,2.0000000000020002e-05,4.999999999999449e-05,0.00013933699868389564,9.108111518674189e-05,4.045416411245208e-05,5.062695107428981e-05
10:06:20,0.60321,0.60322,0.60317,0.60322,0.0009222649465205901,32.16120636104322,4.999999999999449e-05,0.0,4.999999999999449e-05,0.0001274253988593755,9.703977118458162e-05,5.1771285526877996e-05,4.526848565770363e-05
10:06:25,0.60322,0.60326,0.60307,0.60309,0.0008833333995375003,32.23929179192848,0.00019000000000002348,0.00017000000000000348,2.0000000000020002e-05,0.00013576867901146192,9.023199715230135e-05,5.946342785196268e-05,3.076856930033867e-05
10:06:30,0.60309,0.60322,0.60306,0.60322,0.0008804089958656114,31.928928679316744,0.00015999999999993797,0.0,0.00015999999999993797,0.0001389995218099254,9.424035656113716e-05,6.641881359379758e-05,2.7821542967339577e-05
10:06:35,0.60327,0.60333,0.60326,0.60326,0.0008590692637970854,31.79505069906867,7.00000000000145e-05,7.00000000000145e-05,0.0,0.00013513291890194262,9.949772810291524e-05,7.303459649562112e-05,2.646313160729412e-05
10:06:40,0.60329,0.60335,0.60329,0.60335,0.0008537200329952199,30.740654782007134,6.0000000000060005e-05,0.0,6.0000000000060005e-05,0.00012911519638168821,0.00010966236132681217,8.036014946185933e-05,2.930221186495284e-05
10:06:45,0.60342,0.60344,0.60332,0.60344,0.0007601080255636994,31.112963367847208,0.00012000000000000899,0.0,0.00012000000000000899,0.00012789983686413097,0.00012355587896584197,8.899929536265586e-05,3.455658360318611e-05
10:06:50,0.60344,0.60353,0.6034,0.60353,0.0007493295248699461,31.515270048790512,0.00012999999999996348,0.0,0.00012999999999996348,0.0001281798586155753,0.00014021255655805032,9.924194760173476e-05,4.097060895631556e-05
10:06:55,0.60357,0.60365,0.60357,0.60362,0.000759512308898147,31.959516621265525,7.999999999996898e-05,2.999999999997449e-05,4.999999999999449e-05,0.00012708921080016646,0.00015884428337176182,0.00011116241475574019,4.768186861602163e-05
10:07:00,0.60362,0.60384,0.60362,0.60376,0.000846351923815547,33.43160122983537,0.00021999999999999797,8.000000000008001e-05,0.00013999999999991797,0.00013947731602681067,0.0001827996900392037,0.0001254898698124329,5.73098202267708e-05
10:07:05,0.6038,0.60391,0.6038,0.60385,0.0009581099815996197,34.47941732294398,0.00010999999999994348,5.999999999994898e-05,4.999999999999449e-05,0.00014088034055656704,0.0002066644708750287,0.00014172479002495206,6.493968085007664e-05
10:07:10,0.60382,0.60393,0.60382,0.6039,0.0010804755288387202,36.91963751693455,0.00010999999999994348,2.999999999997449e-05,7.999999999996898e-05,0.0001367629618156839,0.0002269954020613918,0.00015877891243224,6.82164896291518e-05
10:07:15,0.60396,0.60427,0.60396,0.60425,0.0013164225845261335,40.6594503094251,0.00030999999999992145,2.0000000000020002e-05,0.00028999999999990145,0.00016786123357359024,0.00026825758003279354,0.00018067464595235072,8.758293408044283e-05
10:07:20,0.6043,0.60439,0.60424,0.60431,0.0015261647838180625,46.55029341484222,0.00014999999999998348,7.999999999996898e-05,7.00000000000145e-05,0.000165479735763776,0.0003023147555939465,0.00020500266788066988,9.731208771327662e-05
10:07:25,0.60431,0.60434,0.6042,0.60428,0.0016664554252088237,50.803546182600236,0.000140000000000029,5.999999999994898e-05,8.000000000008001e-05,0.00016208243766194306,0.0003231593831065638,0.00022863401092584868,9.45253721807151e-05
10:07:30,0.60428,0.60428,0.60411,0.60411,0.0017233639075635576,53.299887379662046,0.00017000000000000348,0.00017000000000000348,0.0,0.0001631381126403511,0.00032224666240454614,0.00024735654122158817,7.489012118295797e-05
10:07:35,0.60407,0.60411,0.60404,0.60407,0.0017315536072366466,55.79180068320568,7.00000000000145e-05,4.0000000000040004e-05,2.999999999997449e-05,0.00015071969762163955,0.00031466835800941784,0.0002608189045791541,5.384945343026373e-05
10:07:40,0.60407,0.60422,0.60404,0.60404,0.001732574597770542,58.7225906054102,0.00017999999999995797,0.00017999999999995797,0.0,0.00015462373793874868,0.00030275181344907587,0.00026920548635313844,3.354632709593743e-05
10:07:45,0.60402,0.60406,0.60401,0.60401,0.0016988057724851569,60.548911224266114,4.999999999999449e-05,4.999999999999449e-05,0.0,0.00014067390621358148,0.0002875721638538886,0.0002728788218532885,1.4693342000600125e-05
10:07:50,0.60397,0.60413,0.60397,0.60413,0.0016542322117900632,62.510329705610665,0.00015999999999993797,0.0,0.00015999999999993797,0.00014325071871842902,0.00028197474991065175,0.00027469800746476115,7.276742445890591e-06
10:07:55,0.60418,0.60431,0.60418,0.60429,0.001649000973475534,64.18123699811413,0.00012999999999996348,2.0000000000020002e-05,0.00010999999999994348,0.00014815062288931437,0.0002871394569361474,0.0002771862973590384,9.953159577109005e-06
10:08:00,0.60441,0.60443,0.60437,0.60437,0.0016370654103889937,65.4270175375452,6.0000000000060005e-05,6.0000000000060005e-05,0.0,0.00014706387317074297,0.0002942954016776911,0.00028060811822276893,1.3687283454922152e-05
10:08:05,0.60437,0.60443,0.60426,0.60443,0.0015539640312836056,64.15055878158643,0.00017000000000000348,0.0,0.00017000000000000348,0.0001501220234146444,0.00030133444212565585,0.0002847533830033463,1.658105912230953e-05
10:08:10,0.60443,0.60476,0.60443,0.60472,0.0015713433743127503,63.389129503188265,0.00032999999999994145,3.999999999992898e-05,0.00029000000000001247,0.00017410575362601736,0.00032654925225283904,0.0002931125568532449,3.343669539959416e-05
10:08:15,0.60474,0.60477,0.60455,0.60468,0.0015316506403901808,62.44452357968532,0.00021999999999999797,9.00000000000345e-05,0.00012999999999996348,0.00018022498647588144,0.0003393922031815766,0.00030236848611891125,3.7023717062665336e-05
10:08:20,0.60468,0.60485,0.60463,0.60485,0.001536179814035199,61.6915918382597,0.00021999999999999797,0.0,0.00021999999999999797,0.0001855283216124303,0.00035914788036872647,0.0003137243649688743,4.542351539985219e-05
10:08:25,0.60485,0.60493,0.60476,0.60476,0.0014884028882971023,60.50278950394501,0.00017000000000000348,0.00017000000000000348,0.0,0.0001834578787307734,0.00036335363451389657,0.00032365021887787875,3.970341563601783e-05
10:08:30,0.60479,0.6049,0.60479,0.60487,0.001464326681985817,59.07912377248844,0.00010999999999994348,2.999999999997449e-05,7.999999999996898e-05,0.00017766349490000747,0.0003712828876532015,0.0003331767526329433,3.81061350202582e-05
10:08:35,0.60487,0.60488,0.6047,0.60479,0.0014029907903800876,56.742459591523605,0.00017999999999995797,8.999999999992347e-05,9.00000000000345e-05,0.0001779750289133342,0.0003668823550683209,0.0003399178731200188,2.6964481948302103e-05
10:08:40,0.60482,0.605,0.60482,0.605,0.0014218431329555692,56.591003844474535,0.00017999999999995797,0.0,0.00017999999999995797,0.00018224502505821398,0.0003760057856063703,0.0003471354556172891,2.8870329989081212e-05
10:08:45,0.605,0.60522,0.605,0.60518,0.0014957399154709172,58.378834105408615,0.00021999999999999797,3.999999999992898e-05,0.000180000000000069,0.00018727902171711852,0.0003932277806365514,0.0003563539206211416,3.687386001540978e-05
10:08:50,0.60518,0.60552,0.60518,0.60552,0.0016824593527571263,60.24240577164558,0.00033999999999989594,0.0,0.00033999999999989594,0.00020764181882148886,0.00042936207553889716,0.00037095555160469276,5.8406523934204395e-05
10:08:55,0.60552,0.60561,0.60552,0.60558,0.0019004919030818357,62.74264364902684,9.00000000000345e-05,2.999999999997449e-05,6.0000000000060005e-05,0.00019195624297862828,0.0004575657302283709,0.00038827758732942844,6.928814289894244e-05
10:09:00,0.60561,0.60561,0.60551,0.60551,0.002044205160163015,64.6611257763265,9.999999999998899e-05,9.999999999998899e-05,0.0,0.00017969541058147638,0.00046886414082292216,0.0004043948980281272,6.446924279479495e-05
10:09:05,0.60529,0.60529,0.60523,0.60523,0.00207209428763222,62.240882117533275,5.999999999994898e-05,5.999999999994898e-05,0.0,0.00019306935583727247,0.00045003680848731964,0.00041352328011996575,3.651352836735389e-05
10:09:10,0.60523,0.60532,0.60523,0.60524,0.002044238115699759,59.563800304743914,8.999999999992347e-05,7.999999999996898e-05,9.99999999995449e-06,0.00017932677505895928,0.00043095514573443516,0.0004170096532428597,1.3945492491575478e-05
10:09:15,0.60524,0.60527,0.60511,0.60511,0.001956903031240964,57.368585318458656,0.00015999999999993797,0.00015999999999993797,0.0,0.00017674987171775643,0.0004007235849368129,0.00041375243958165036,-1.3028854644837429e-05
10:09:20,0.60507,0.60511,0.60504,0.60508,0.0018265815065294788,53.19493213474243,7.00000000000145e-05,3.0000000000085514e-05,3.999999999992898e-05,0.00016251655548872417,0.0003700780762214695,0.0004050175669096142,-3.493949068814474e-05
10:09:25,0.60493,0.60493,0.60481,0.60485,0.0016394337918594903,50.15485457721085,0.00012000000000000899,7.999999999996898e-05,4.0000000000040004e-05,0.00017684768142355996,0.0003235030699491048,0.00038871466751751237,-6.521159756840754e-05
10:09:30,0.60485,0.60491,0.60485,0.60486,0.0014682262840068905,47.071319106667254,5.999999999994898e-05,4.999999999999449e-05,9.99999999995449e-06,0.00016126799056707852,0.0002841237565454069,0.00036779648532309127,-8.367272877768438e-05
10:09:35,0.60486,0.60503,0.60482,0.60503,0.0013327360065495952,42.484382320675934,0.00020999999999993246,0.0,0.00020999999999993246,0.00016776559182479238,0.0002635943941174945,0.00034695606708197197,-8.336167296447744e-05
10:09:40,0.60507,0.60517,0.60507,0.60514,0.0012064580608657227,38.41369790877604,9.999999999998899e-05,2.999999999997449e-05,7.00000000000145e-05,0.00016406351291482394,0.0002532811398606727,0.0003282210816377121,-7.493994177703943e-05
10:09:45,0.60516,0.60525,0.60516,0.60525,0.0010846973868545717,36.5694500514111,8.999999999992347e-05,0.0,8.999999999992347e-05,0.0001568550445261732,0.0002510894889203863,0.00031279476309424694,-6.170527417386065e-05
10:09:50,0.60525,0.6053,0.605,0.60504,0.0010362909569057166,32.76209740870781,0.00029999999999996696,0.00025999999999992696,4.0000000000040004e-05,0.00017594103858934574,0.00022975882805353898,0.0002961875760861054,-6.642874803256644e-05
10:09:55,0.60504,0.60511,0.60494,0.60511,0.0009660336705457073,28.615185263952622,0.00017000000000000348,0.0,0.00017000000000000348,0.00017514890011076676,0.00021601248317992816,0.00028015255750487,-6.414007432494184e-05
10:10:00,0.60511,0.60532,0.60508,0.60532,0.0009550111600320488,24.262247015911147,0.00024000000000001798,0.0,0.00024000000000001798,0.0001837957134293336,0.00021953301089228106,0.0002680286481823522,-4.8495637290071154e-05
10:10:05,0.60532,0.60545,0.60525,0.60538,0.0009165128419559299,20.59725568573769,0.000200000000000089,7.00000000000145e-05,0.0001300000000000745,0.00018595628497210096,0.00022457578319245997,0.00025933807518437377,-3.4762291991913806e-05
10:10:10,0.60538,0.60538,0.60515,0.60515,0.0008766707357632519,16.074782481873847,0.0002300000000000635,0.0002300000000000635,0.0,0.00019182878030916262,0.00020761982663908274,0.00024899442547531556,-4.1374598836232826e-05
10:10:15,0.60515,0.60515,0.60504,0.60504,0.0008119009532516763,14.09197159795012,0.00010999999999994348,0.00010999999999994348,0.0,0.00018091827626793338,0.0001831942786085783,0.00023583439610196813,-5.264011749338984e-05
10:10:20,0.60501,0.60501,0.60486,0.60492,0.0008298738014373974,13.28092422963381,0.0001500000000000945,9.00000000000345e-05,6.0000000000060005e-05,0.00018079583943221813,0.00015239711956904767,0.00021914694079538407,-6.67498212263364e-05
10:10:25,0.60487,0.60489,0.6048,0.60482,0.0008891296749877764,14.088566082093209,9.00000000000345e-05,7.00000000000145e-05,2.0000000000020002e-05,0.0001726897275079236,0.0001185543639733444,0.00019902842543097617,-8.047406145763176e-05
10:10:30,0.60482,0.60506,0.60482,0.60497,0.000835554653475068,13.943912697296744,0.00024000000000001798,9.00000000000345e-05,0.00014999999999998348,0.00018166443050686952,0.00010265414960086705,0.00017975357026495434,-7.709942066408729e-05
10:10:35,0.60497,0.60497,0.60468,0.6048,0.0007718058114078996,13.661226075561656,0.00029000000000001247,0.00017000000000000348,0.00012000000000000899,0.00019610917310595525,7.546561526805551e-05,0.00015889597926557457,-8.343036399751906e-05
10:10:40,0.60484,0.6049,0.60477,0.6049,0.0006814968046393588,13.939474492979196,0.00012999999999996348,0.0,0.00012999999999996348,0.000187294616691823,6.128125799564899e-05,0.00013937303501158948,-7.809177701594049e-05
10:10:45,0.60466,0.60472,0.60462,0.60462,0.0007678020578227862,16.451325984452122,9.999999999998899e-05,9.999999999998899e-05,0.0,0.00019965533446623953,2.713361331796449e-05,0.00011692515067286448,-8.979153735489999e-05
10:10:50,0.60462,0.60475,0.60453,0.60453,0.0008622516423490989,19.026215484219442,0.00021999999999999797,0.00021999999999999797,0.0,0.00020236795653740734,-7.108941495914678e-06,9.211833223910865e-05,-9.922727373502333e-05
10:10:55,0.60453,0.60465,0.60453,0.60463,0.000914132317957117,20.990656938065353,0.00012000000000000899,2.0000000000020002e-05,9.999999999998899e-05,0.00019138556233242091,-2.5878932401468546e-05,6.851887931099321e-05,-9.439781171246176e-05
10:11:00,0.60463,0.60472,0.6045,0.60472,0.0009347918428563862,23.142135246850078,0.00021999999999999797,0.0,0.00021999999999999797,0.00019520082068809786,-3.311036194386663e-05,4.8193031060021245e-05,-8.130339300388787e-05
10:11:05,0.60472,0.60476,0.60472,0.60476,0.0009466150220640568,24.167012597190283,3.999999999992898e-05,0.0,3.999999999992898e-05,0.00017450737792967534,-3.520780261745404e-05,3.151286432452619e-05,-6.672066694198022e-05
10:11:10,0.60476,0.60485,0.60472,0.60485,0.0009474530956297134,23.429225374554267,0.00012999999999996348,0.0,0.00012999999999996348,0.00016857306087238042,-2.9270380893064996e-05,1.935621528100795e-05,-4.862659617407295e-05
10:11:15,0.60485,0.60495,0.60483,0.60493,0.0009444708905810284,22.242200758709068,0.00012000000000000899,2.0000000000020002e-05,9.999999999998899e-05,0.00016209665275606424,-1.7903222779724892e-05,1.1904327668861382e-05,-2.9807550448586276e-05
10:11:20,0.6048,0.60516,0.6048,0.60516,0.000948128350181765,23.810252086169758,0.00036000000000002697,0.0,0.00036000000000002697,0.00018848376572192595,9.554274007395058e-06,1.1434316936568118e-05,-1.8800429291730598e-06
10:11:25,0.60516,0.60525,0.60506,0.6051,0.0009164577114300076,26.86303915156216,0.00018999999999991246,0.00014999999999998348,3.999999999992898e-05,0.00018868593029232415,2.6171352413117965e-05,1.4381724031878089e-05,1.1789628381239876e-05
10:11:30,0.6051,0.60518,0.6051,0.60518,0.0009379462446708065,29.24421983337888,8.000000000008001e-05,0.0,8.000000000008001e-05,0.00017419447292002494,4.527394828757192e-05,2.0560168883016858e-05,2.471377940455506e-05
10:11:35,0.60518,0.60522,0.60518,0.60521,0.0009568786976950072,31.47308699100713,3.999999999992898e-05,9.99999999995449e-06,2.999999999997449e-05,0.00015630187653067882,6.21175895192394e-05,2.8871653010261365e-05,3.324593650897804e-05
10:11:40,0.60514,0.60514,0.60504,0.60506,0.0008985860237631371,32.85580905049177,9.999999999998899e-05,7.999999999996898e-05,2.0000000000020002e-05,0.00015812829299325542,6.26404698059746e-05,3.5625416369404014e-05,2.7015053436570583e-05
10:11:45,0.60506,0.60516,0.60506,0.60513,0.0008189749690907799,33.409409849183284,9.999999999998899e-05,3.0000000000085514e-05,6.999999999990347e-05,0.00015037785392748657,6.792032792457547e-05,4.2084398680438305e-05,2.583592924413717e-05
10:11:50,0.60513,0.60517,0.6051,0.60514,0.000816696812904194,33.30096249676633,7.00000000000145e-05,2.999999999997449e-05,4.0000000000040004e-05,0.00013966080673715695,7.208066886732478e-05,4.808365271781561e-05,2.3997016149509174e-05
10:11:55,0.60514,0.60514,0.60502,0.60505,0.0008179460798065641,30.83434200311879,0.00012000000000000899,9.00000000000345e-05,2.999999999997449e-05,0.00013703936583887055,6.733927594371192e-05,5.193477736299487e-05,1.5404498580717046e-05
10:12:00,0.60505,0.60505,0.6049,0.60493,0.0008179538012931253,28.595595125158415,0.00014999999999998348,0.00012000000000000899,2.999999999997449e-05,0.0001387674503936856,5.3284460679314805e-05,5.220471402625886e-05,1.0797466530559463e-06
10:12:05,0.6049,0.6049,0.60485,0.60485,0.0008151615919864685,26.909037121925532,4.999999999999449e-05,4.999999999999449e-05,0.0,0.00013093179034119005,3.5283856575585304e-05,4.882054253612415e-05,-1.3536685960538846e-05
10:12:10,0.60479,0.60479,0.6046,0.60462,0.0008582258321356839,28.223810203818765,0.00019000000000002348,0.00017000000000000348,2.0000000000020002e-05,0.0001468075516290277,2.4311455931735892e-06,3.954266314753404e-05,-3.711151755436045e-05
10:12:15,0.60469,0.60469,0.60452,0.60453,0.0009188092981209373,30.55575946311712,0.00017000000000000348,0.00015999999999993797,1.0000000000065512e-05,0.00014989987807849115,-3.0515350425530663e-05,2.55310604329211e-05,-5.6046410858451764e-05
10:12:20,0.60453,0.60455,0.60434,0.60434,0.001044210101866394,34.87863296773503,0.00021000000000004349,0.00021000000000004349,0.0,0.00015791322766803149,-7.113707408201719e-05,6.197433529933444e-06,-7.733450761195063e-05
10:12:25,0.60439,0.60451,0.60439,0.60447,0.0010820234456054845,39.545051734883145,0.00012000000000000899,4.0000000000040004e-05,7.999999999996898e-05,0.00015952479731229445,-9.178216157257335e-05,-1.3398485490567915e-05,-7.838367608200544e-05
10:12:30,0.60451,0.60452,0.60447,0.60452,0.0010846216900488592,42.24239591490663,4.999999999999449e-05,0.0,4.999999999999449e-05,0.0001449214910039878,-0.00010292253312138566,-3.130329501673147e-05,-7.161923810465419e-05
10:12:35,0.60448,0.60448,0.60416,0.60423,0.001207757382397201,45.126467692882294,0.00031999999999998696,0.00024999999999997247,7.00000000000145e-05,0.0001735986255367782,-0.0001336117412222837,-5.1764984257841924e-05,-8.184675696444177e-05
10:12:40,0.60428,0.60428,0.60422,0.60427,0.0013080012876216518,47.23103714085893,6.0000000000060005e-05,1.0000000000065512e-05,4.999999999999449e-05,0.00015845214213188244,-0.00015294246846686566,-7.200048109964668e-05,-8.094198736721897e-05
10:12:45,0.60424,0.60426,0.60401,0.60426,0.0013994450027736693,49.452338043417924,0.00024999999999997247,0.0,0.00024999999999997247,0.00017199185651428837,-0.00016714241182413936,-9.102886724454522e-05,-7.611354457959414e-05
10:12:50,0.60426,0.60426,0.6041,0.60414,0.0015138601757025416,54.13161901344324,0.000160000000000049,0.00012000000000000899,4.0000000000040004e-05,0.0001703929423123898,-0.00018593561631397026,-0.00011001021705843024,-7.592539925554002e-05
10:12:55,0.60427,0.60438,0.60427,0.60432,0.0015526398572480726,56.296616574744014,0.0001100000000000545,6.0000000000060005e-05,4.999999999999449e-05,0.0001796738833374069,-0.00018418173816436845,-0.0001248445212796179,-5.933721688475055e-05
10:13:00,0.60429,0.60429,0.60417,0.60417,0.0015717184695003272,58.81847972728939,0.00012000000000000899,0.00012000000000000899,0.0,0.00017571736555908378,-0.00019267449188564711,-0.00013841051540082374,-5.426397648482337e-05
10:13:05,0.60411,0.60415,0.60399,0.60399,0.0016319687819512652,63.36855455179652,0.00015999999999993797,0.00015999999999993797,0.0,0.00017628838348453368,-0.0002114916124150712,-0.00015302673480367324,-5.8464877611397957e-05
10:13:10,0.60402,0.60411,0.6039,0.6039,0.0016636940508212295,67.45837698827742,0.00021000000000004349,0.00021000000000004349,0.0,0.00018078326568660166,-0.00023100369701878343,-0.00016862212724669528,-6.238156977208815e-05
10:13:15,0.60397,0.6041,0.60397,0.60408,0.0015955200439130568,71.18417575854387,0.00012999999999996348,2.0000000000020002e-05,0.00010999999999994348,0.00018334549692838517,-0.00022929944766825194,-0.00018075759133100663,-4.854185633724532e-05
10:13:20,0.60408,0.60416,0.60363,0.60363,0.0016831186592320968,73.66011263738748,0.0005300000000000304,0.0005300000000000304,0.0,0.00022956609733793787,-0.0002612485463520109,-0.00019685578233520748,-6.439276401680341e-05
10:13:25,0.6036,0.60361,0.60355,0.60361,0.001698637224676558,75.83143069692638,5.999999999994898e-05,0.0,5.999999999994898e-05,0.00020962395102620867,-0.00028489814165855165,-0.00021446425419987633,-7.043388745867532e-05
10:13:30,0.60361,0.60381,0.60354,0.60366,0.0016354635589448385,74.49345262740728,0.00026999999999999247,0.00014999999999998348,0.00012000000000000899,0.00021767409088937985,-0.00029619172041250863,-0.0002308097474424028,-6.538197297010584e-05
10:13:35,0.60366,0.60366,0.60356,0.60362,0.0015660664770476007,72.326168246329,9.999999999998899e-05,3.999999999992898e-05,6.0000000000060005e-05,0.00020198421210412774,-0.0003048554448447094,-0.0002456188869228641,-5.923655792184528e-05
10:13:40,0.60362,0.60362,0.60346,0.60351,0.0015285851731539069,70.86338145087798,0.000160000000000049,0.0001100000000000545,4.999999999999449e-05,0.00019638631715691724,-0.0003169440557834191,-0.0002598839206949751,-5.706013508844401e-05
10:13:45,0.60351,0.60361,0.60345,0.60361,0.001440666512419586,68.71029507358381,0.00015999999999993797,0.0,0.00015999999999993797,0.00019153480820265333,-0.0003148260836609573,-0.0002708723532881715,-4.39537303727858e-05
10:13:50,0.60351,0.60374,0.60351,0.60374,0.0013732481663282226,64.73916426424718,0.0002300000000000635,0.0,0.0002300000000000635,0.000196663500442308,-0.00029920857178533655,-0.00027653959698760455,-2.2668974797732003e-05
10:13:55,0.60374,0.60376,0.60371,0.60371,0.001316512138392456,60.139970892345914,4.999999999999449e-05,4.999999999999449e-05,0.0,0.00017710836704999957,-0.0002859560075320067,-0.000278422879096485,-7.533128435521655e-06
10:14:00,0.60371,0.6038,0.60371,0.6038,0.0012834558610941293,54.968567379443655,9.00000000000345e-05,0.0,9.00000000000345e-05,0.00016549391811000424,-0.00026513469927036404,-0.00027576524313126087,1.0630543860896827e-05
10:14:05,0.6038,0.60382,0.60369,0.60382,0.0011954633543476145,52.114496597079594,0.0001300000000000745,0.0,0.0001300000000000745,0.00016076139569534695,-0.0002442047888173704,-0.00026945315226848277,2.5248363451112373e-05
10:14:10,0.60382,0.60382,0.60375,0.60379,0.0010627551086972442,48.79610105070373,7.00000000000145e-05,2.999999999997449e-05,4.0000000000040004e-05,0.00014865987626930263,-0.00022741691266403574,-0.0002610459043475934,3.362899168355766e-05
10:14:15,0.60376,0.60376,0.60356,0.60356,0.0010527537823847855,46.810489479153816,0.00019999999999997797,0.00019999999999997797,0.0,0.00015950522610007074,-0.00023001995086102678,-0.0002548407136502801,2.4820762789253307e-05
10:14:20,0.60356,0.60356,0.60341,0.60342,0.001048154267477619,45.513462814848836,0.00014999999999998348,0.000140000000000029,9.99999999995449e-06,0.0001582378626200591,-0.0002406061494385492,-0.0002519938008079339,1.1387651369384718e-05
10:14:25,0.60342,0.60363,0.6034,0.60356,0.0009840496350395078,42.81873236457596,0.00022999999999995246,7.00000000000145e-05,0.00015999999999993797,0.00016780614760404487,-0.00023499013807426472,-0.00024859306826120005,1.3602930186935327e-05
10:14:30,0.60356,0.60359,0.60349,0.60355,0.0009439781442668327,40.25216100229991,9.999999999998899e-05,3.999999999992898e-05,6.0000000000060005e-05,0.00015876532792350408,-0.00022870989967682664,-0.0002446164345443254,1.5906534867498755e-05
10:14:35,0.60357,0.60368,0.60357,0.60368,0.0007791466317039752,35.80415041013224,0.00010999999999994348,0.0,0.00010999999999994348,0.000154929950867032,-0.00021081273398437794,-0.0002378556944323359,2.704296044795797e-05
10:14:40,0.60368,0.60368,0.60357,0.6036,0.0006599011090278051,34.149283765899504,0.00010999999999994348,7.999999999996898e-05,2.999999999997449e-05,0.00014893929075142018,-0.0002007700801345269,-0.0002304385715727741,2.9668491438247194e-05
10:14:45,0.6034,0.60357,0.60337,0.60353,0.0006114555541896216,34.38303975139333,0.000200000000000089,4.0000000000040004e-05,0.000160000000000049,0.00015974738531790596,-0.00019619797150405294,-0.00022359045155902988,2.7392480054976942e-05
10:14:50,0.60353,0.60357,0.60342,0.60342,0.0006094691391627105,34.13379144121414,0.0001500000000000945,0.0001500000000000945,0.0,0.00015844773394219777,-0.00019915488956845362,-0.00021870333916091465,1.9548449592461035e-05
10:14:55,0.60342,0.60342,0.60332,0.60338,0.0005006101540412367,34.49127559521417,9.999999999998899e-05,3.999999999992898e-05,6.0000000000060005e-05,0.00015065470274990326,-0.00020239287506551573,-0.00021544124634183487,1.3048371276319138e-05
10:15:00,0.60338,0.60348,0.60325,0.60325,0.0005944161221984601,37.15571683950758,0.0002300000000000635,0.0002300000000000635,0.0,0.00016123407571659132,-0.00021299365714944063,-0.00021495172850335604,1.9580713539154085e-06
10:15:05,0.60319,0.60326,0.60306,0.60326,0.000663423338698399,40.832550824016224,0.00019999999999997797,0.0,0.00019999999999997797,0.00016640286562104287,-0.0002180741142561171,-0.00021557620565390825,-2.4979086022088655e-06
10:15:10,0.60303,0.60312,0.6028,0.6028,0.0009521145442004109,45.65665670772639,0.00031999999999998696,0.00031999999999998696,0.0,0.00020554915020490596,-0.0002562645109720485,-0.00022371386671753631,-3.2550644254512184e-05
10:15:15,0.6028,0.6028,0.60271,0.60277,0.0011646440612862463,50.621674390223916,9.00000000000345e-05,2.999999999997449e-05,6.0000000000060005e-05,0.00019014259684425644,-0.00028565853106599093,-0.00023610279958722726,-4.9555731478763664e-05
10:15:20,0.60277,0.60279,0.6027,0.6027,0.0013606113177213608,55.60254070672346,9.00000000000345e-05,9.00000000000345e-05,0.0,0.0001767902505983602,-0.0003110167116974205,-0.00025108558200926594,-5.9931129688154576e-05
10:15:25,0.6027,0.6028,0.6027,0.60277,0.0014784615047642724,58.40490002104604,9.999999999998899e-05,2.999999999997449e-05,7.00000000000145e-05,0.00016655155051857736,-0.0003217558365601336,-0.0002652196329194395,-5.653620364069414e-05
10:15:30,0.60271,0.60271,0.60263,0.60263,0.0015956783741415403,60.41901057639218,7.999999999996898e-05,7.999999999996898e-05,0.0,0.00016301134378277093,-0.00033767103881376936,-0.00027970991409830546,-5.7961124715463904e-05
10:15:35,0.60263,0.60263,0.60247,0.60247,0.0017390911116892394,63.9139546757389,0.000160000000000049,0.000160000000000049,0.0,0.000162609831278408,-0.00035905564412563873,-0.00029557906010377214,-6.34765840218666e-05
10:15:40,0.60247,0.60247,0.60231,0.60239,0.0018436519822353503,66.83370674135548,0.00015999999999993797,7.999999999996898e-05,7.999999999996898e-05,0.00016226185377461201,-0.00037809992869630715,-0.00031208323382227914,-6.601669487402801e-05
10:15:45,0.60239,0.60242,0.60236,0.60242,0.001883194374634245,71.53643272952897,5.999999999994898e-05,0.0,5.999999999994898e-05,0.0001486269399379903,-0.0003863186709816002,-0.00032693032125414337,-5.9388349727456855e-05
10:15:50,0.60242,0.60254,0.60242,0.60251,0.001863342780009436,73.88812925395413,0.00012000000000000899,2.999999999997449e-05,9.00000000000345e-05,0.00014481001461292612,-0.0003811758773761831,-0.0003377794324785513,-4.339644489763177e-05
10:15:55,0.60251,0.60265,0.60251,0.60256,0.0018626647578201538,72.70717459951761,0.000140000000000029,9.00000000000345e-05,4.999999999999449e-05,0.0001441686793312065,-0.000368814134495854,-0.00034398637288201184,-2.482776161384214e-05
10:16:00,0.60256,0.60256,0.60246,0.6025,0.001883552075488959,71.88721724474323,9.999999999998899e-05,5.999999999994898e-05,4.0000000000040004e-05,0.00013827952208704417,-0.0003597123230141275,-0.000347131562908435,-1.2580760105692463e-05
10:16:05,0.6025,0.60256,0.60244,0.60244,0.0018631619982185654,70.5614006085777,0.00012000000000000899,0.00012000000000000899,0.0,0.00013584225247543949,-0.0003532683131863834,-0.00034835891296402475,-4.909400222358662e-06
10:16:10,0.60234,0.60237,0.60227,0.60227,0.0018570775003035056,69.91996028760649,9.999999999998899e-05,9.999999999998899e-05,0.0,0.00014039661881204803,-0.0003577549913762468,-0.00035023812864646913,-7.516862729777646e-06
10:16:15,0.60227,0.60229,0.60224,0.60229,0.001758496965870604,68.69473218437449,4.999999999999449e-05,0.0,4.999999999999449e-05,0.00012834373630377425,-0.0003555977735321125,-0.00035131005762359786,-4.287715908514662e-06
10:16:20,0.60229,0.60248,0.60226,0.60232,0.0016352640218271208,63.98598694520489,0.00021999999999999797,0.000160000000000049,5.999999999994898e-05,0.00014056457146327072,-0.0003474620869189371,-0.0003505404634826657,3.078376563728604e-06
10:16:25,0.60232,0.60232,0.60224,0.60229,0.0014972592504933768,59.319236011314366,7.999999999996898e-05,2.999999999997449e-05,4.999999999999449e-05,0.00013248929526816383,-0.0003395214539664293,-0.00034833666157941845,8.815207612989154e-06
10:16:30,0.60229,0.60241,0.60228,0.60228,0.0013584201350056446,53.4751572656917,0.00012999999999996348,0.00012999999999996348,0.0,0.00013215738923240378,-0.0003302286907816976,-0.0003447150674198743,1.4486376638176725e-05
10:16:35,0.60228,0.60233,0.60228,0.60233,0.0011723750073786565,47.83955896515106,4.999999999999449e-05,0.0,4.999999999999449e-05,0.00012120307066808255,-0.00031519614195285595,-0.00033881128232647064,2.3615140373614693e-05
10:16:40,0.60233,0.60263,0.60233,0.60251,0.0009775996382279661,44.464147179199095,0.00029999999999996696,0.00012000000000000899,0.00017999999999995797,0.00014504266124566712,-0.0002854675507969473,-0.000328142536020566,4.26749852236187e-05
10:16:45,0.60247,0.60268,0.60247,0.60264,0.0007044490195073916,41.12601925519738,0.00021000000000004349,4.0000000000040004e-05,0.00017000000000000348,0.00015370363974625065,-0.00024855235771703565,-0.00031222450035985993,6.367214264282428e-05
10:16:50,0.60268,0.60268,0.6024,0.6024,0.0006468677567859071,36.6068773436484,0.00027999999999994696,0.00027999999999994696,0.0,0.0001705431544467435,-0.0002359429915407274,-0.00029696819859603344,6.102520705530604e-05
10:16:55,0.6024,0.6024,0.60232,0.60234,0.0005935938714669575,31.045856522156942,8.000000000008001e-05,6.0000000000060005e-05,2.0000000000020002e-05,0.00015847073385385506,-0.00022816137426251437,-0.00028320683372932965,5.5045459466815275e-05
10:17:00,0.60241,0.60241,0.60211,0.60211,0.0006208008410457655,28.17604674341056,0.00029999999999996696,0.00029999999999996696,0.0,0.00017734130267333667,-0.00023781211429518834,-0.0002741278898425014,3.6315775547313036e-05
10:17:05,0.60211,0.60219,0.60205,0.60213,0.0005827376407334661,27.509989220905577,0.000140000000000029,5.999999999994898e-05,8.000000000008001e-05,0.00017236246231689566,-0.00024106768424336789,-0.0002675158487226747,2.644816447930679e-05
10:17:10,0.60216,0.60227,0.60213,0.60227,0.0005464950522542367,25.532685736500973,0.00013999999999991797,0.0,0.00013999999999991797,0.00016804746734129863,-0.00022970304321423551,-0.00025995328762098687,3.025024440675135e-05
10:17:15,0.60234,0.60247,0.60231,0.60231,0.0005414172435489473,23.82913895216967,0.00015999999999993797,0.00015999999999993797,0.0,0.00017230780502912254,-0.00021499054049090027,-0.00025096073819496956,3.5970197704069285e-05
10:17:20,0.60228,0.60234,0.60225,0.60226,0.0005488974595366791,20.43426127636028,9.00000000000345e-05,7.999999999996898e-05,1.0000000000065512e-05,0.00016133343102524414,-0.00020500222023212,-0.00024176903460239966,3.676681437027966e-05
10:17:25,0.60226,0.60236,0.60223,0.60223,0.0005573584314297886,17.072301299890977,0.00012999999999996348,0.00012999999999996348,0.0,0.0001571556402218734,-0.0001972335679469861,-0.00023286194127131697,3.562837332433087e-05
10:17:30,0.6022,0.6022,0.60209,0.60216,0.0005603908410836134,16.674545390875036,0.00010999999999994348,3.999999999992898e-05,7.00000000000145e-05,0.0001548682215256275,-0.00019448338660721376,-0.00022518623033849635,3.0702843731282586e-05
10:17:35,0.60212,0.60228,0.60212,0.60222,0.0005253169469667807,15.440641916525523,0.000160000000000049,6.0000000000060005e-05,9.999999999998899e-05,0.00015555245865555035,-0.0001853260264509382,-0.00021721418956098475,3.188816311004654e-05
10:17:40,0.60227,0.60231,0.60216,0.60219,0.0005062098587409469,15.68634983766201,0.00014999999999998348,0.00012000000000000899,2.999999999997449e-05,0.00015481213083480812,-0.00017843264141170767,-0.00020945787993112934,3.102523851942167e-05
10:17:45,0.60219,0.60239,0.60217,0.6022,0.0004955167425417795,16.752544014787688,0.00021999999999999797,0.00019000000000002348,2.999999999997449e-05,0.0001635038467235001,-0.00017020069995465903,-0.0002016064439358353,3.140574398117628e-05
10:17:50,0.60222,0.60224,0.60216,0.60216,0.0005083885791423715,15.26266492759822,7.999999999996898e-05,7.999999999996898e-05,0.0,0.00015237000049369594,-0.0001650024472465983,-0.00019428564459798793,2.9283197351389636e-05
10:17:55,0.60212,0.60236,0.60201,0.60201,0.0005633882460820416,13.165718249550318,0.00034999999999996145,0.00034999999999996145,0.0,0.00017872066709453133,-0.00017101518433015883,-0.00018963155254442214,1.8616368214263306e-05
10:18:00,0.60196,0.60201,0.60192,0.60201,0.000605918181060261,12.93220860039853,9.00000000000345e-05,0.0,9.00000000000345e-05,0.0001668912448152651,-0.000173777127237984,-0.00018646066748313452,1.2683540245150523e-05
10:18:05,0.60201,0.60203,0.60191,0.60196,0.0006583424161303864,13.44007684264275,0.00012000000000000899,6.999999999990347e-05,5.0000000000105516e-05,0.00016063907883989763,-0.00017794928048786574,-0.0001847583900840808,6.80910959621506e-06
10:18:10,0.6021,0.60226,0.6021,0.60226,0.0006574592242969413,13.51383171880192,0.000160000000000049,0.0,0.000160000000000049,0.00017922053499457355,-0.00015525852556419473,-0.0001788584171801036,2.359989161590886e-05
10:18:15,0.60223,0.60223,0.6022,0.6022,0.0006518992495878617,12.832897269322304,3.0000000000085514e-05,3.0000000000085514e-05,0.0,0.00016332446366197176,-0.0001404978654323541,-0.0001711863068305537,3.068844139819961e-05
10:18:20,0.6022,0.6022,0.60196,0.60201,0.0006228322406831577,13.660135697253821,0.00023999999999990695,0.00018999999999991246,4.999999999999449e-05,0.00017354786850702977,-0.0001424888255520118,-0.00016544681057484534,2.2957985022833526e-05
10:18:25,0.60201,0.60215,0.60201,0.60215,0.00046879913781228133,14.064684616534423,0.00013999999999991797,0.0,0.00013999999999991797,0.0001690748193727482,-0.00013125679914371968,-0.0001586088082886202,2.7352009144900513e-05
10:18:30,0.60211,0.60211,0.60203,0.60203,0.00043769251407455023,14.89732404977869,8.000000000008001e-05,8.000000000008001e-05,0.0,0.00016253151012304964,-0.00013053362404735758,-0.0001529937714403677,2.2460147393010122e-05
10:18:35,0.60208,0.60236,0.60208,0.60219,0.0004052497605870897,15.741796266604343,0.000280000000000058,0.00017000000000000348,0.0001100000000000545,0.00018486064210665004,-0.00011571593844139638,-0.00014553820484057345,2.9822266399177064e-05
10:18:40,0.60216,0.6023,0.60216,0.60226,0.00041396160517748193,15.94701470017508,0.00013999999999991797,3.999999999992898e-05,9.999999999998899e-05,0.00017887922315908575,-9.720389486478354e-05,-0.00013587134284541547,3.8667447980631934e-05
10:18:45,0.60226,0.60226,0.60202,0.60202,0.00043208186362875267,16.65436316545362,0.00024000000000001798,0.00024000000000001798,0.0,0.00018702866007121006,-0.00010073771947149979,-0.00012884461817063233,2.8106898699132546e-05
10:18:50,0.60205,0.60245,0.60205,0.60239,0.000470592012405735,17.450647224211174,0.00040000000000006697,6.0000000000060005e-05,0.00034000000000000696,0.0002194248387283876,-7.284270775920199e-05,-0.00011764423608834627,4.480152832914429e-05
10:18:55,0.60239,0.60244,0.60239,0.60244,0.0005173006862886353,17.33307724517626,4.999999999999449e-05,0.0,4.999999999999449e-05,0.00019683486023126852,-4.6168921286393605e-05,-0.00010334917312795574,5.7180251841562136e-05
10:19:00,0.60244,0.60244,0.6023,0.6023,0.0005245107996809661,16.270489599496322,0.000140000000000029,0.000140000000000029,0.0,0.00018925687886710323,-3.591260514634875e-05,-8.986185953163434e-05,5.394925438528559e-05
10:19:05,0.6023,0.60241,0.6023,0.60238,0.0005553339441348726,15.506390716178862,0.0001100000000000545,2.999999999997449e-05,8.000000000008001e-05,0.0001786892950181634,-2.108600298367236e-05,-7.610668822204194e-05,5.5020685238369585e-05
10:19:10,0.60234,0.60235,0.60228,0.60232,0.0005694688199338049,14.153426844285187,7.00000000000145e-05,3.0000000000085514e-05,3.999999999992898e-05,0.00016819738901574014,-1.4015747693996161e-05,-6.36885001164328e-05,4.9672752422436634e-05
10:19:15,0.60232,0.6024,0.60227,0.60236,0.0005901079294974299,13.231242343773843,0.0001300000000000745,4.0000000000040004e-05,9.00000000000345e-05,0.0001631044038136514,-5.125767080227384e-06,-5.197595350919172e-05,4.6850186428964335e-05
10:19:20,0.60228,0.60251,0.60228,0.60251,0.0006550339485238421,13.79376828562844,0.00022999999999995246,0.0,0.00022999999999995246,0.00017202381663849155,1.386354271215584e-05,-3.880805426492221e-05,5.267159697707805e-05
10:19:25,0.60251,0.60272,0.60251,0.60272,0.0007989888346713325,16.30942323441162,0.00021000000000004349,0.0,0.00021000000000004349,0.00017708730775336514,4.5335354740827505e-05,-2.197937246377227e-05,6.731472720459977e-05
10:19:30,0.60275,0.60277,0.60251,0.60251,0.0008323233177665035,18.555968261501874,0.000260000000000038,0.000260000000000038,0.0,0.00018814233338625488,5.272397835598408e-05,-7.038702299820999e-06,5.9762680655805076e-05
10:19:35,0.60255,0.60263,0.60224,0.60224,0.0008009573219676103,17.18160225062885,0.00039000000000000146,0.00039000000000000146,0.0,0.00021505668893475444,3.6373481434925914e-05,1.6437344471283832e-06,3.472974698779753e-05
10:19:40,0.6023,0.60244,0.6023,0.60244,0.0007786060418821794,16.68666137947468,0.000140000000000029,0.0,0.000140000000000029,0.00021304913041011759,3.910316639499367e-05,9.135620836701442e-06,2.996754555829223e-05
10:19:45,0.60244,0.60263,0.60242,0.60263,0.0007740637808839601,17.58407634812431,0.00021000000000004349,0.0,0.00021000000000004349,0.0002126425796887744,5.595288348447802e-05,1.849907336625676e-05,3.745381011822127e-05
10:19:50,0.60263,0.60263,0.60249,0.60254,0.0007965821727411448,19.064996410312567,0.000140000000000029,9.00000000000345e-05,4.999999999999449e-05,0.0002029569023969417,6.133710190525665e-05,2.706667907405674e-05,3.427042283119991e-05
10:19:55,0.60254,0.60268,0.60254,0.60268,0.0008438907387697814,21.07970837116343,0.000140000000000029,0.0,0.000140000000000029,0.00019456264874402,7.602459950661888e-05,3.6858263160569174e-05,3.916633634604971e-05
10:20:00,0.6026,0.6026,0.60247,0.60247,0.0007831810975840181,21.527894962887554,0.0001300000000000745,0.0001300000000000745,0.0,0.00019662096224482313,6.991338424267024e-05,4.346928737698939e-05,2.6444096865680847e-05
10:20:05,0.60247,0.60251,0.60231,0.60231,0.0007564014528864682,20.80087400296925,0.00019999999999997797,0.00019999999999997797,0.0,0.0001970715006121771,5.1565128588726417e-05,4.50884556193368e-05,6.476672969389616e-06
10:20:10,0.60225,0.60228,0.60206,0.60206,0.0007448659363884502,23.168995891821584,0.00021999999999999797,0.00021999999999999797,0.0,0.00020412863386388316,1.665905787884281e-05,3.940257607123801e-05,-2.27435181923952e-05
10:20:15,0.60206,0.60206,0.60194,0.60194,0.0008297012779068247,26.20706107442532,0.00012000000000000899,0.00012000000000000899,0.0,0.00019291148268203327,-2.0451499604723367e-05,2.7431760936045733e-05,-4.7883260540769096e-05
10:20:20,0.6019,0.60217,0.6019,0.60215,0.0008482775117120145,27.63193413485183,0.00026999999999999247,2.0000000000020002e-05,0.00024999999999997247,0.0002031899516577612,-3.254152042975189e-05,1.543710466288621e-05,-4.79786250926381e-05
10:20:25,0.60215,0.60218,0.60206,0.60206,0.0008350102426302186,28.80686979152867,0.00012000000000000899,0.00012000000000000899,0.0,0.00019209795810339424,-4.8822402609727256e-05,2.5852032083635152e-06,-5.140760581809077e-05
10:20:30,0.60206,0.60209,0.60201,0.60209,0.0008720091742833169,28.988651590434973,7.999999999996898e-05,0.0,7.999999999996898e-05,0.00017715156368960423,-5.86285364816419e-05,-9.657544729637568e-06,-4.897099175200433e-05
10:20:35,0.60207,0.60207,0.60197,0.60197,0.0009337101996209629,27.82499637559897,9.999999999998899e-05,9.999999999998899e-05,0.0,0.0001695313551976582,-7.521592300252511e-05,-2.2769220384215077e-05,-5.244670261831003e-05
10:20:40,0.60201,0.60201,0.60196,0.60196,0.0009918488849418594,26.457371634707094,4.999999999999449e-05,4.999999999999449e-05,0.0,0.00015359384117130307,-8.815229793490698e-05,-3.5845835894353457e-05,-5.230646204055352e-05
10:20:45,0.60196,0.60197,0.60189,0.60194,0.0010449678917416882,29.299731810408645,7.999999999996898e-05,2.999999999997449e-05,4.999999999999449e-05,0.0001437813290151252,-9.887849142387051e-05,-4.845236700025687e-05,-5.042612442361364e-05
10:20:50,0.602,0.60209,0.60195,0.60209,0.0010604686153983245,29.450327930111715,0.000140000000000029,0.0,0.000140000000000029,0.00014461048514643964,-9.418957189044619e-05,-5.759980797829474e-05,-3.658976391215145e-05
10:20:55,0.60209,0.60209,0.60196,0.60196,0.0010959273890818189,28.008795567323848,0.00012999999999996348,0.00012999999999996348,0.0,0.00014266242046024282,-9.981290192118131e-05,-6.604242676687206e-05,-3.3770475154309247e-05
10:21:00,0.60196,0.60205,0.60196,0.60202,0.001090738040832484,26.567263204535976,8.999999999992347e-05,2.999999999997449e-05,5.999999999994898e-05,0.00013564076439886693,-9.829485106871427e-05,-7.24929116272405e-05,-2.580193944147377e-05
10:21:05,0.60202,0.60205,0.60199,0.60203,0.001005791649468346,24.74305037264485,5.999999999994898e-05,2.0000000000020002e-05,3.999999999992898e-05,0.00012555532914567788,-9.518760494686695e-05,-7.70318502911658e-05,-1.815575465570116e-05
10:21:10,0.60203,0.60203,0.60198,0.60198,0.0009816505970925427,24.252871920973494,4.999999999999449e-05,4.999999999999449e-05,0.0,0.00011548128525958676,-9.565699781510784e-05,-8.075687979595421e-05,-1.4900118019153623e-05
10:21:15,0.60198,0.60205,0.60198,0.60205,0.0009862443382713248,24.518858044870864,7.00000000000145e-05,0.0,7.00000000000145e-05,0.00010941711389164378,-8.935060193893118e-05,-8.247562422454961e-05,-6.874977714381572e-06
10:21:20,0.60208,0.60208,0.60191,0.60191,0.0009772657883544422,24.069873863720414,0.00017000000000000348,0.00017000000000000348,0.0,0.00011749483203942508,-9.455954417902923e-05,-8.489240821544554e-05,-9.667135963583695e-06
10:21:25,0.60191,0.60195,0.60177,0.60178,0.0009134757220488066,24.584281937186354,0.00017999999999995797,0.00017000000000000348,9.99999999995449e-06,0.0001258288544341628,-0.00010793339300918525,-8.950060517419349e-05,-1.843278783499176e-05
10:21:30,0.60178,0.60191,0.6017,0.60188,0.0008326267882172722,26.97427746347274,0.00020999999999993246,2.999999999997449e-05,0.00017999999999995797,0.0001370516738429321,-0.00010920426154559237,-9.344133644847326e-05,-1.576292509711911e-05
10:21:35,0.60185,0.60185,0.60178,0.60182,0.0006295562347147232,31.50621704530112,7.00000000000145e-05,2.999999999997449e-05,4.0000000000040004e-05,0.00013211145066387302,-0.00011374178804501867,-9.750142676778236e-05,-1.624036127723631e-05
10:21:40,0.60182,0.60186,0.60178,0.60186,0.0004850783984764462,35.19718532201981,7.999999999996898e-05,0.0,7.999999999996898e-05,0.00012516325724201916,-0.00011280974427052559,-0.000100563090268331,-1.2246654002194595e-05
10:21:45,0.60186,0.60186,0.60175,0.60177,0.0004245914445371035,38.716589689376256,0.00010999999999994348,8.999999999992347e-05,2.0000000000020002e-05,0.0001231414896097424,-0.00011797341659236515,-0.00010404515553313784,-1.3928261059227315e-05
10:21:50,0.60177,0.60179,0.60158,0.60158,0.0005372209190146471,42.66790254017969,0.00021000000000004349,0.00021000000000004349,0.0,0.00013472262432844922,-0.00013583129756700174,-0.00011040238393991063,-2.542891362709111e-05
10:21:55,0.60158,0.60185,0.60144,0.60185,0.0005434974459201936,46.241875066438716,0.00041000000000002146,0.0,0.00041000000000002146,0.0001714262744179922,-0.00012673611830127385,-0.00011366913081218328,-1.3066987489090566e-05
10:22:00,0.60178,0.60179,0.60154,0.60166,0.0005586600510769646,54.009961386221256,0.0002500000000000835,0.0001300000000000745,0.00012000000000000899,0.00018990277116226424,-0.00013332267450849589,-0.0001175998395514458,-1.5722834957050083e-05
10:22:05,0.60166,0.60183,0.60166,0.60183,0.0005454153415285212,60.0455245340004,0.00017000000000000348,0.0,0.00017000000000000348,0.0001872490683406295,-0.00012340248151410105,-0.00011876036794397686,-4.642113570124185e-06
10:22:10,0.60183,0.60183,0.60178,0.60182,0.0005196922166417206,66.08108768177955,4.999999999999449e-05,9.99999999995449e-06,4.0000000000040004e-05,0.00016894919256187817,-0.00011502167524757301,-0.00011801262940469611,2.9909541571231004e-06
10:22:15,0.60182,0.60196,0.60178,0.60196,0.000518438952439304,67.57540311368386,0.000180000000000069,0.0,0.000180000000000069,0.00017042263355363695,-9.59766370018933e-05,-0.00011360543092413556,1.7628793922242267e-05
10:22:20,0.60196,0.60196,0.60148,0.60148,0.0006280831323088876,71.03289548748022,0.00048000000000003595,0.00048000000000003595,0.0,0.00021169961574649018,-0.00011825215818261903,-0.00011453477637583226,-3.717381806786767e-06
10:22:25,0.60148,0.60159,0.60144,0.60159,0.0006688749391696724,75.1685830993403,0.00014999999999998348,0.0,0.00014999999999998348,0.00020347300031362263,-0.00012558195787470972,-0.00011674421267560775,-8.837745199101967e-06
10:22:30,0.60159,0.60183,0.60159,0.60177,0.00063072222598759,74.26351793802098,0.00024000000000001798,5.999999999994898e-05,0.000180000000000069,0.00020834326693847536,-0.0001155345706492783,-0.00011650228427034188,9.677136210635743e-07
10:22:35,0.60177,0.60189,0.60177,0.60178,0.0006199354805453972,71.04456902227147,0.00012000000000000899,0.0001100000000000545,9.99999999995449e-06,0.00019656416468001318,-0.00010554833198950231,-0.00011431149381417397,8.763161824671661e-06
10:22:40,0.60175,0.60182,0.60175,0.60176,0.0005926710279806624,67.48894110029343,7.00000000000145e-05,6.0000000000060005e-05,9.99999999995449e-06,0.00017968894272268,-9.8116967432893e-05,-0.00011107258853791779,1.2955621105024793e-05
10:22:45,0.60176,0.6019,0.60176,0.6019,0.0005622923008705705,61.71694359661348,0.000140000000000029,0.0,0.000140000000000029,0.0001743970836929932,-8.000844001732066e-05,-0.00010485975883379838,2.4851318816477717e-05
10:22:50,0.6019,0.60194,0.6019,0.60194,0.0005526548366390216,56.84286604682285,4.0000000000040004e-05,0.0,4.0000000000040004e-05,0.00015647747253393277,-6.171818702771503e-05,-9.623144447258171e-05,3.451325744486668e-05
10:22:55,0.60196,0.60214,0.60193,0.60213,0.0005867699271502325,53.58319955517404,0.00021000000000004349,9.99999999995449e-06,0.000200000000000089,0.0001636138095294142,-3.1528180417295104e-05,-8.329079166152439e-05,5.176261124422929e-05
10:23:00,0.60209,0.60209,0.60201,0.60203,0.0006142826368489285,49.408456127664245,7.999999999996898e-05,6.0000000000060005e-05,1.999999999990898e-05,0.00015779863492549354,-1.5492953809093102e-05,-6.973122409103814e-05,5.423827028194504e-05
10:23:05,0.60203,0.60206,0.6018,0.60206,0.00065280286380065,43.40210263734236,0.000260000000000038,0.0,0.000260000000000038,0.00017142548360209945,-3.600218074772954e-07,-5.585698363432598e-05,5.549696182684868e-05
10:23:10,0.60202,0.60207,0.60196,0.602,0.0006701421687631548,35.0900876321388,0.00010999999999994348,7.00000000000145e-05,3.999999999992898e-05,0.00016323541912181198,6.7140419749422975e-06,-4.334277851247233e-05,5.0056820487414626e-05
10:23:15,0.60203,0.60218,0.60203,0.60211,0.0007153534275827766,28.883053223781648,0.0001500000000000945,7.00000000000145e-05,8.000000000008001e-05,0.00016547069657224625,2.095481511521502e-05,-3.0483259786934863e-05,5.143807490214988e-05
10:23:20,0.60211,0.60211,0.60174,0.60174,0.0007211219329239515,23.729223305058973,0.00036999999999998145,0.00036999999999998145,0.0,0.00019274127036261095,2.357645181083612e-06,-2.3915078793331167e-05,2.627272397441478e-05
10:23:25,0.60164,0.60164,0.60128,0.60132,0.0008564774861312685,25.136062099689873,0.00035999999999991594,0.00031999999999998696,3.999999999992898e-05,0.0002283757676475983,-4.574392835920982e-05,-2.82808487065069e-05,-1.7463079652702916e-05
10:23:30,0.60129,0.60133,0.60126,0.6013,0.0009525389894147196,24.466363763913613,7.00000000000145e-05,3.0000000000085514e-05,3.999999999992898e-05,0.00020725899862792047,-8.45044896415903e-05,-3.952557689352358e-05,-4.497891274806672e-05
10:23:35,0.60136,0.60137,0.60125,0.60134,0.0010362198507012366,23.166501391414226,0.00012000000000000899,2.999999999997449e-05,9.00000000000345e-05,0.0001956244654775323,-0.00011071855344235715,-5.37641722032903e-05,-5.695438123906685e-05
10:23:40,0.60134,0.60137,0.60131,0.60137,0.0010943895198205489,25.617400547605538,5.999999999994898e-05,0.0,5.999999999994898e-05,0.00017754120341385453,-0.00012760172532677583,-6.853168282798742e-05,-5.907004249878841e-05
10:23:45,0.60137,0.60142,0.60135,0.60135,0.001151794937906958,28.05649870383627,6.999999999990347e-05,6.999999999990347e-05,0.0,0.00016320237629199438,-0.0001409705725259336,-8.301946076757665e-05,-5.795111175835694e-05
10:23:50,0.60135,0.60156,0.60135,0.60151,0.001166378109695776,28.557761561001797,0.00020999999999993246,4.999999999999449e-05,0.00015999999999993797,0.00016944205945305281,-0.0001370747055450261,-9.383050972306654e-05,-4.3244195821959554e-05
10:23:55,0.60148,0.60151,0.60143,0.60143,0.0011716277476181425,29.88695909296959,7.999999999996898e-05,7.999999999996898e-05,0.0,0.000157516451525975,-0.00013884204958503066,-0.00010283281769545938,-3.600923188957128e-05
10:24:00,0.60162,0.60162,0.60153,0.6016,0.0011578764592037327,29.312148270084588,9.00000000000345e-05,2.0000000000020002e-05,7.00000000000145e-05,0.00016184759132251478,-0.00012508322170079467,-0.00010728289849652644,-1.7800323204268225e-05
10:24:05,0.60172,0.60202,0.60168,0.60202,0.0011865278846674432,29.4600581671243,0.00034000000000000696,0.0,0.00034000000000000696,0.00019626791247950962,-7.937378992040056e-05,-0.00010170107678130127,2.2327286860900707e-05
10:24:10,0.60202,0.60211,0.60202,0.60211,0.001235816372000098,30.426142509495975,9.00000000000345e-05,0.0,9.00000000000345e-05,0.00018209885748224626,-3.547752525001613e-05,-8.845636647504425e-05,5.297884122502812e-05
10:24:15,0.60211,0.60227,0.60207,0.60224,0.0013143483476563134,33.66333072683746,0.00019999999999997797,2.999999999997449e-05,0.00017000000000000348,0.00018448567648461048,9.688807756647044e-06,-6.882733162870599e-05,7.851613938535304e-05
10:24:20,0.60224,0.60234,0.60219,0.60234,0.0014119847919402684,37.278979752050034,0.00014999999999998348,0.0,0.00014999999999998348,0.00017988758628666022,5.294233010944005e-05,-4.447339928107679e-05,9.741572939051684e-05
10:24:25,0.60229,0.60229,0.60207,0.60214,0.0014434111643992775,39.04897793064772,0.00021999999999999797,0.00014999999999998348,7.00000000000145e-05,0.0001919025747817712,7.027267007109206e-05,-2.1524185410643018e-05,9.179685548173508e-05
10:24:30,0.60214,0.60214,0.60153,0.60156,0.0014532431969609405,38.51241533409597,0.0006099999999999994,0.0005800000000000249,2.999999999997449e-05,0.00024764889814420164,3.678193733369639e-05,-9.862960861775136e-06,4.664489819547153e-05
10:24:35,0.6016,0.60167,0.6016,0.60166,0.0014196975215416963,35.58239358523868,7.00000000000145e-05,1.0000000000065512e-05,5.999999999994898e-05,0.00022929571172498203,1.8100799863418615e-05,-4.270208716736387e-06,2.2371008580155002e-05
10:24:40,0.60166,0.60171,0.60149,0.60171,0.0013974096336617503,33.237484621460055,0.00021999999999999797,0.0,0.00021999999999999797,0.00022805628349498416,7.246908114599826e-06,-1.9667853504691444e-06,9.21369346506897e-06
10:24:45,0.60168,0.60171,0.60162,0.60166,0.0013670698592394004,31.356955214217834,8.999999999992347e-05,4.999999999999449e-05,3.999999999992898e-05,0.0002096487790289761,-5.328043062968746e-06,-2.639036892969065e-06,-2.689006169999681e-06
10:24:50,0.60166,0.60186,0.60164,0.60177,0.0013434535230003597,28.07569125134597,0.00021999999999999797,8.999999999992347e-05,0.0001300000000000745,0.00021102894182511235,-6.3445655746896534e-06,-3.380142629313183e-06,-2.9644229453764706e-06
10:24:55,0.60177,0.6019,0.60174,0.60187,0.0013003384175056532,25.39133503041945,0.00015999999999993797,2.999999999997449e-05,0.00012999999999996348,0.0002042250829150891,9.085243729556325e-07,-2.5224092288594197e-06,3.4309336018150522e-06
10:25:00,0.60187,0.60212,0.60187,0.60202,0.001330984597972762,26.044147190765333,0.00024999999999997247,9.999999999998899e-05,0.00014999999999998348,0.00021032840519307353,1.8546603113844817e-05,1.6913932396814276e-06,1.685520987416339e-05
10:25:05,0.60202,0.60202,0.60185,0.60192,0.0012881582119395052,25.85464703007212,0.00017000000000000348,9.999999999998899e-05,7.00000000000145e-05,0.00020495128450066422,2.4177045396700514e-05,6.1885236710852455e-06,1.798852172561527e-05
10:25:10,0.60192,0.60201,0.60192,0.60201,0.0012366525274802864,27.037427657354094,9.00000000000345e-05,0.0,9.00000000000345e-05,0.00018962444656724694,3.549232587019002e-05,1.2049284110906201e-05,2.344304175928382e-05
10:25:15,0.60198,0.60204,0.60194,0.602,0.001177721260935627,25.993752328050086,9.999999999998899e-05,4.0000000000040004e-05,5.999999999994898e-05,0.0001776745203582792,4.3155382356663274e-05,1.8270503760057614e-05,2.488487859660566e-05
10:25:20,0.60208,0.60212,0.60205,0.60205,0.001117084551309766,25.196350220840568,7.00000000000145e-05,7.00000000000145e-05,0.0,0.00016998458431050984,5.265600630077749e-05,2.5147604268201592e-05,2.75084020325759e-05
10:25:25,0.60199,0.60206,0.60196,0.60196,0.0010165700845881087,22.441866037474064,9.999999999998899e-05,9.999999999998899e-05,0.0,0.0001606533064024404,5.2319959461422094e-05,3.058207530684569e-05,2.17378841545764e-05
10:25:30,0.60196,0.60196,0.60188,0.60189,0.0009553924517595735,18.420571512070126,8.000000000008001e-05,7.00000000000145e-05,1.0000000000065512e-05,0.000149899532215459,4.58763904623849e-05,3.364093833795353e-05,1.2235452124431366e-05
10:25:35,0.60189,0.602,0.60185,0.602,0.0008505379103123101,16.343547026234877,0.00014999999999998348,0.0,0.00014999999999998348,0.00014991292792006228,4.908013109894416e-05,3.672877689015166e-05,1.2351354208792496e-05
10:25:40,0.602,0.60209,0.602,0.60209,0.0008037700640266543,16.49360556219518,9.00000000000345e-05,0.0,9.00000000000345e-05,0.00014192453753072526,5.821035375042083e-05,4.10250922622055e-05,1.718526148821533e-05
10:25:45,0.60209,0.60209,0.60171,0.60171,0.0008287949400593853,17.075882395306472,0.00038000000000004697,0.00038000000000004697,0.0,0.0001736679325266348,3.4386905927386024e-05,3.969745499524161e-05,-5.3105490678555825e-06
10:25:50,0.60171,0.60187,0.60171,0.60187,0.0008139080512108432,17.01182980952628,0.000160000000000049,0.0,0.000160000000000049,0.00017184554152309005,2.8093470670897958e-05,3.737665813037288e-05,-9.283187459474924e-06
10:25:55,0.60187,0.60205,0.60187,0.60205,0.0007681447232299465,15.80113854169153,0.00017999999999995797,0.0,0.00017999999999995797,0.00017293280265333913,3.720153739961152e-05,3.734163398422061e-05,-1.400965846090938e-07
10:26:00,0.60209,0.60222,0.60209,0.60216,0.0006977256285018996,17.322238808281618,0.00012999999999996348,5.999999999994898e-05,7.00000000000145e-05,0.00017254176229956105,5.2688466746664275e-05,4.0411000536709345e-05,1.227746620995493e-05
10:26:05,0.60205,0.60211,0.60198,0.60198,0.0006663142928673427,17.796067235303024,0.0001300000000000745,0.0001300000000000745,0.0,0.00017353619399296212,4.986268812401384e-05,4.230133805417025e-05,7.561350069843594e-06
10:26:10,0.60198,0.60201,0.60197,0.602,0.0005908637745171141,16.557841370249875,4.0000000000040004e-05,1.0000000000065512e-05,2.999999999997449e-05,0.00015573136812723916,4.867596483704162e-05,4.357626341074452e-05,5.099701426297097e-06
10:26:15,0.602,0.60204,0.60194,0.60194,0.0005382388435144492,15.52807772850726,9.999999999998899e-05,9.999999999998899e-05,0.0,0.0001483005190436058,4.240515924369692e-05,4.334204257733501e-05,-9.368833336380867e-07
10:26:20,0.6019,0.60192,0.60182,0.60186,0.0005013623545524482,14.92387377406023,9.999999999998899e-05,6.0000000000060005e-05,3.999999999992898e-05,0.00014452711650445957,3.0627118858594926e-05,4.0799057833587e-05,-1.0171938974992074e-05
10:26:25,0.60186,0.60186,0.60171,0.60171,0.000479315301164851,15.046816719824008,0.00014999999999998348,0.00014999999999998348,0.0,0.00014525683430386278,9.084470478759599e-06,3.445614036262152e-05,-2.537166988386192e-05
10:26:30,0.60171,0.60177,0.60165,0.60175,0.00048568562502082635,14.979971975979144,0.00012000000000000899,2.0000000000020002e-05,9.999999999998899e-05,0.00014188925639668228,-4.706316377056652e-06,2.662364901468589e-05,-3.132996539174254e-05
10:26:35,0.60175,0.60185,0.60168,0.60168,0.0005364797539069155,15.073718587563135,0.00017000000000000348,0.00017000000000000348,0.0,0.00014563735554379178,-2.1041476262584347e-05,1.709062395923184e-05,-3.813210022181619e-05
10:26:40,0.60187,0.60193,0.60184,0.60193,0.0005301201453042914,15.161624065966416,8.999999999992347e-05,0.0,8.999999999992347e-05,0.00015955237480461587,-1.36568696057493e-05,1.0941125246235613e-05,-2.4597994851984913e-05
10:26:45,0.60193,0.60214,0.60193,0.60214,0.0005628349295583313,16.468377500399175,0.00021000000000004349,0.0,0.00021000000000004349,0.0001662787248306729,9.036561474107252e-06,1.056021249180994e-05,-1.5236510177026884e-06
10:26:50,0.60214,0.60224,0.60194,0.60194,0.0005588672754912594,17.48959241271233,0.00029999999999996696,0.00029999999999996696,0.0,0.00018410822818657878,1.0758918457143274e-05,1.0599953684876607e-05,1.589647722666665e-07
10:26:55,0.60194,0.60194,0.60176,0.60179,0.0005699122739828422,16.40358575337405,0.000180000000000069,0.00014999999999998348,3.0000000000085514e-05,0.0001835604644283775,1.99227206953978e-08,8.483947492040365e-06,-8.464024771344968e-06
10:27:00,0.60179,0.60205,0.60179,0.60202,0.000564981601968384,16.18542734477142,0.00025999999999992696,2.999999999997449e-05,0.00022999999999995246,0.00019375240250458408,9.95353093036222e-06,8.777864179704737e-06,1.1756667506574825e-06
10:27:05,0.60202,0.60209,0.60196,0.60206,0.0005773660701702266,17.414281645891155,0.00012999999999996348,2.999999999997449e-05,9.999999999998899e-05,0.00018525208217063467,2.081372504425527e-05,1.1185036352614844e-05,9.628688691640427e-06
10:27:10,0.60206,0.60227,0.60205,0.60227,0.0006513306218682846,18.47776177099781,0.00021999999999999797,0.0,0.00021999999999999797,0.00018988513788121644,4.583736744068201e-05,1.8115502570228277e-05,2.772186487045373e-05
10:27:15,0.60227,0.60255,0.60226,0.60255,0.0008454958059800344,21.87882800761909,0.00029000000000001247,0.0,0.00029000000000001247,0.00020323378616372257,8.725660444697247e-05,3.194372294557712e-05,5.531288150139536e-05
10:27:20,0.60252,0.60255,0.60242,0.60242,0.0009305369135090835,25.382951510052173,0.0001300000000000745,0.0001300000000000745,0.0,0.00019346928134190283,0.00010834282598248812,4.722354355295932e-05,6.11192824295288e-05
10:27:25,0.60242,0.60242,0.60222,0.60226,0.0009204026578979452,26.57421662402666,0.00019999999999997797,0.00015999999999993797,4.0000000000040004e-05,0.00019434004382964617,0.0001108651610773892,5.9951867057845304e-05,5.091329401954389e-05
10:27:30,0.60226,0.60239,0.60207,0.60207,0.0009104677803093431,26.072532422486375,0.00031999999999998696,0.00031999999999998696,0.0,0.00021109470465235827,9.64212337464243e-05,6.724574039556112e-05,2.917549335086319e-05
10:27:35,0.60207,0.60218,0.60203,0.60215,0.0009167815558170922,24.25023644713634,0.0001500000000000945,3.0000000000085514e-05,0.00012000000000000899,0.00020294874403205645,9.038771536740153e-05,7.18741353899292e-05,1.851357997747233e-05
10:27:40,0.60219,0.60219,0.60208,0.60208,0.0009102920295054329,22.042553757002135,0.0001100000000000545,0.0001100000000000545,0.0,0.00019055557816112287,7.904649480983128e-05,7.330860727390962e-05,5.737887535921658e-06
10:27:45,0.60208,0.60234,0.60208,0.60227,0.000933536569369009,22.253326465540766,0.000260000000000038,7.00000000000145e-05,0.00019000000000002348,0.00019981483440631155,8.44168035490922e-05,7.553024652894613e-05,8.886557020146068e-06
10:27:50,0.60227,0.60228,0.60218,0.60218,0.0009401701973756893,22.95766682464912,9.999999999998899e-05,9.999999999998899e-05,0.0,0.00018650618981880186,8.048280836125965e-05,7.652075889540884e-05,3.962049465850809e-06
10:27:55,0.60218,0.60226,0.60211,0.60226,0.0009511411429001804,21.1515359615971,0.00014999999999998348,0.0,0.00014999999999998348,0.00018163869784295941,8.286520177969159e-05,7.77896474722654e-05,5.075554307426187e-06
10:28:00,0.60229,0.60229,0.60204,0.60209,0.0009305029766242257,19.453235302037076,0.00024999999999997247,0.00019999999999997797,4.999999999999449e-05,0.00019075353813056116,7.022616298479889e-05,7.627695057477211e-05,-6.0507875899732175e-06
10:28:05,0.60209,0.60217,0.60209,0.60217,0.000864689783150574,19.162128355378254,7.999999999996898e-05,0.0,7.999999999996898e-05,0.00017598639971314886,6.590525039062989e-05,7.420261053794367e-05,-8.297360147313778e-06
10:28:10,0.60213,0.60216,0.60204,0.60204,0.0008012910635051274,18.733410809994783,0.00012000000000000899,0.00012000000000000899,0.0,0.0001698548797513908,5.139849265578533e-05,6.964178696151201e-05,-1.8243294305726675e-05
10:28:15,0.60217,0.60227,0.60213,0.60227,0.0006962879017595736,17.877238524062843,0.00013999999999991797,0.0,0.00013999999999991797,0.0001778742291178657,5.779463981325783e-05,6.727235753186118e-05,-9.477717718603344e-06
10:28:20,0.60232,0.60235,0.60231,0.60234,0.0006846620372813472,16.80917805354601,4.0000000000040004e-05,1.0000000000065512e-05,2.999999999997449e-05,0.00016482433190216094,6.773128342885126e-05,6.736414271125919e-05,3.671407175920706e-07
10:28:25,0.60234,0.60242,0.60234,0.60242,0.0007197514190981913,15.25715223209158,7.999999999996898e-05,0.0,7.999999999996898e-05,0.00015351442098186866,8.11263029746323e-05,7.011657476393381e-05,1.100972821069849e-05
10:28:30,0.60251,0.60259,0.60244,0.60259,0.0007684844963191662,14.969388935372361,0.00014999999999998348,0.0,0.00014999999999998348,0.00015571249818428665,0.00010425771369593217,7.694480255033348e-05,2.7312911145598693e-05
10:28:35,0.60252,0.60267,0.60252,0.60267,0.0007617044599055323,17.432125710168826,0.0001500000000000945,0.0,0.0001500000000000945,0.0001549508317597277,0.00012757425812204293,8.707069366467539e-05,4.050356445736754e-05
10:28:40,0.60267,0.60279,0.60248,0.60248,0.0007512067484898299,21.78073049283552,0.00031000000000003247,0.00031000000000003247,0.0,0.00017562405419176833,0.00012923167317813178,9.550288956736668e-05,3.37287836107651e-05
10:28:45,0.60251,0.60251,0.60233,0.60233,0.000722274186184757,24.01619443991776,0.00017999999999995797,0.00017999999999995797,0.0,0.00017620751363286029,0.00011709168015172633,9.982064768423862e-05,1.7271032467487714e-05
10:28:50,0.6023,0.60231,0.60212,0.60231,0.0007219709864614288,24.026045246419176,0.00019000000000002348,0.0,0.00019000000000002348,0.00018071317848181805,0.00010465046988716864,0.00010078661212482463,3.863857762344009e-06
10:28:55,0.60231,0.6024,0.60227,0.6023,0.000681855054845748,23.345597703369016,0.0001300000000000745,0.00010000000000010001,2.999999999997449e-05,0.0001739514213509189,9.291276418255112e-05,9.921184253636995e-05,-6.2990783538188235e-06
10:29:00,0.6023,0.60242,0.6023,0.60242,0.000681855054845748,23.36770164561812,0.00012000000000000899,0.0,0.00012000000000000899,0.00016675789850413092,9.223037066252715e-05,9.781554816160138e-05,-5.585177499074231e-06
10:29:05,0.60242,0.60247,0.60242,0.60247,0.0007009737588208331,24.671243666428204,4.999999999999449e-05,0.0,4.999999999999449e-05,0.0001511901787035794,9.463327749825723e-05,9.717909402893256e-05,-2.5458165306753325e-06
10:29:10,0.60247,0.60251,0.60242,0.60251,0.000692197112197146,25.547924785233445,9.00000000000345e-05,0.0,9.00000000000345e-05,0.00014303148820977342,9.862833809615168e-05,9.746894284237638e-05,1.1593952537753002e-06
10:29:15,0.60256,0.6026,0.60225,0.60225,0.0006774410054153357,25.769025518602998,0.0003500000000000725,0.0003500000000000725,0.0,0.00017062728978181328,7.989366092242545e-05,9.39538864583862e-05,-1.4060225535960754e-05
10:29:20,0.60229,0.60261,0.60229,0.60261,0.0006835079794142995,25.140237492657043,0.00031999999999998696,0.0,0.00031999999999998696,0.00019587698447757508,9.302297469315768e-05,9.37677041053405e-05,-7.447294121828264e-07
10:29:25,0.60261,0.60261,0.60251,0.60256,0.0007041859802388029,24.638530179591754,9.999999999998899e-05,4.999999999999449e-05,4.999999999999449e-05,0.00018309338654723026,9.826077921792908e-05,9.466631912785823e-05,3.5944600900708525e-06
10:29:30,0.60259,0.60271,0.60248,0.60251,0.0006935492241675334,23.91480698811807,0.00022999999999995246,0.00019999999999997797,2.999999999997449e-05,0.0001893476016742599,9.725608727328972e-05,9.518427275694454e-05,2.0718145163451735e-06
10:29:35,0.60251,0.60255,0.60243,0.60245,0.0006866516775945186,21.73478132936642,0.00012000000000000899,9.999999999998899e-05,2.0000000000020002e-05,0.0001801012547843598,9.057427919956229e-05,9.42622740454681e-05,-3.6879948459058034e-06
10:29:40,0.60245,0.60259,0.60245,0.60259,0.0006475183395295847,18.825376283394085,0.00013999999999991797,0.0,0.00013999999999991797,0.00017475442081310086,9.547515003416329e-05,9.450484924320714e-05,9.703007909561473e-07
10:29:45,0.60263,0.60263,0.60241,0.60262,0.0006292652357067219,15.478329554364649,0.00021999999999999797,9.99999999995449e-06,0.00021000000000004349,0.00018078716470468716,0.00010061999014632228,9.572787742383018e-05,4.8921127224921e-06
10:29:50,0.60254,0.60265,0.60251,0.60265,0.0005345928111288867,11.902150267513964,0.000140000000000029,0.0,0.000140000000000029,0.0001753488760773994,0.00010589734362287384,9.776177066363892e-05,8.135572959234923e-06
10:29:55,0.60263,0.60275,0.60259,0.60271,0.0005425049114740066,12.107708882511238,0.000160000000000049,4.0000000000040004e-05,0.00012000000000000899,0.000173302359267086,0.00011361153972422322,0.0001009317244757558,1.2679815248467426e-05
10:30:00,0.60276,0.60282,0.60273,0.60282,0.000598140979706896,15.159601863130147,9.00000000000345e-05,0.0,9.00000000000345e-05,0.0001648620446981485,0.00012713563593214072,0.0001061725067670328,2.0963129165107926e-05
10:30:05,0.60286,0.60286,0.60267,0.60269,0.0006112076053745863,16.285288291403397,0.00018999999999991246,0.00017000000000000348,1.999999999990898e-05,0.00016821377207171703,0.0001259122282779579,0.00011012045106921782,1.5791777208740073e-05
10:30:10,0.60272,0.60274,0.60252,0.60268,0.0006241828342334887,16.04898310492019,0.000220000000000109,6.0000000000060005e-05,0.000160000000000049,0.0001751186024621693,0.0001227211000215389,0.00011264058085968204,1.0080519161856868e-05
10:30:15,0.60268,0.60275,0.60266,0.60271,0.0006326252736554849,15.191694124984691,9.00000000000345e-05,4.0000000000040004e-05,4.999999999999449e-05,0.000163769455467218,0.00012121555964950126,0.00011435557661764588,6.8599830318553766e-06
10:30:20,0.60271,0.60281,0.60271,0.60281,0.000676461381030169,13.971443370315654,9.999999999998899e-05,0.0,9.999999999998899e-05,0.0001552668614049208,0.00012663183930516908,0.00011681082915515053,9.821010150018548e-06
10:30:25,0.60281,0.60284,0.60276,0.60279,0.0006756018759312976,14.496140496613206,8.000000000008001e-05,4.999999999999449e-05,3.0000000000085514e-05,0.00014523127988427538,0.00012783682377259797,0.00011901602807864003,8.820795693957948e-06
10:30:30,0.60279,0.60292,0.60275,0.60288,0.0006810858204087111,16.205062300882886,0.00017000000000000348,4.0000000000040004e-05,0.00012999999999996348,0.00014853377589970577,0.0001345035572011266,0.00012211353390313733,1.2390023297989279e-05
10:30:35,0.60288,0.60289,0.60282,0.60289,0.0006654037160160886,17.501677822695296,7.00000000000145e-05,0.0,7.00000000000145e-05,0.00013806260577974692,0.00013899169812436885,0.00012548916674738365,1.35025313769852e-05
10:30:40,0.60289,0.60289,0.60278,0.60281,0.0006525706253557306,17.11061461684353,0.0001100000000000545,8.000000000008001e-05,2.999999999997449e-05,0.00013432092500912128,0.00013454233049314812,0.00012729979949653654,7.242530996611586e-06
10:30:45,0.60286,0.60292,0.60283,0.60287,0.0006574560221619397,18.029899534348782,9.00000000000345e-05,4.999999999999449e-05,4.0000000000040004e-05,0.00013107813500791237,0.00013430943755698976,0.0001287017271086272,5.607710448362577e-06
10:30:50,0.60293,0.60296,0.6029,0.60296,0.0006874636832687742,19.114789897386554,6.0000000000060005e-05,0.0,6.0000000000060005e-05,0.00012560105034019532,0.00013977586687996535,0.0001309165550628948,8.859311817070541e-06
10:30:55,0.60296,0.60296,0.60289,0.60296,0.0005883464786764492,19.903363445239155,7.00000000000145e-05,0.0,7.00000000000145e-05,0.00011818757696150454,0.0001424657945047203,0.0001332264029512599,9.239391553460388e-06
10:31:00,0.60296,0.60308,0.60293,0.60293,0.0006034950835034358,22.11411903555555,0.00014999999999998348,0.00014999999999998348,0.0,0.00012242923336663506,0.00014055658344702682,0.0001346924390504133,5.864144396613519e-06
10:31:05,0.60293,0.60293,0.60285,0.60288,0.0005888043192259218,20.963039569563737,7.999999999996898e-05,4.999999999999449e-05,2.999999999997449e-05,0.00011677200225107958,0.00013347037440236686,0.00013444802612080402,-9.776517184371524e-07
10:31:10,0.60288,0.60294,0.60275,0.60275,0.0005399220216815159,18.34917855194598,0.00019000000000002348,0.00019000000000002348,0.0,0.0001265357352842721,0.00011602710094127389,0.000130763841084898,-1.4736740143624126e-05
10:31:15,0.60275,0.60289,0.60275,0.60281,0.0004468321243948914,17.078630392037272,0.000140000000000029,8.000000000008001e-05,5.999999999994898e-05,0.00012833097057970635,0.00010582479722176519,0.00012577603231227145,-1.9951235090506265e-05
10:31:20,0.60281,0.60281,0.60248,0.60248,0.0004964717620863368,19.89407986754484,0.00032999999999994145,0.00032999999999994145,0.0,0.00015522017450240436,7.030077240177679e-05,0.00011468098033017253,-4.438020792839574e-05
10:31:25,0.60248,0.60273,0.6024,0.60269,0.0004805742179625483,23.352643612319664,0.00032999999999994145,4.0000000000040004e-05,0.00028999999999990145,0.0001785241512354093,5.841954757235257e-05,0.00010342869377860854,-4.5009146206255967e-05
10:31:30,0.60269,0.60269,0.6026,0.6026,0.0004945854191795718,27.70815377177748,8.999999999992347e-05,8.999999999992347e-05,0.0,0.00016672093107067786,4.126565863116216e-05,9.099608674911928e-05,-4.9730428117957114e-05
10:31:35,0.6026,0.60276,0.6026,0.60272,0.0004933707904457574,29.92265293446721,0.00015999999999993797,3.999999999992898e-05,0.00012000000000000899,0.00016582480692791255,3.692838770996687e-05,8.01825469412888e-05,-4.3254159231321924e-05
10:31:40,0.60272,0.60284,0.60267,0.60284,0.0004948364961454566,29.456513301894763,0.00017000000000000348,0.0,0.00017000000000000348,0.00016638149933752468,4.268205422230942e-05,7.268244839749293e-05,-3.0000394175183512e-05
10:31:45,0.60284,0.60284,0.60278,0.60278,0.00048637866991585454,29.402679951779586,6.0000000000060005e-05,6.0000000000060005e-05,0.0,0.00015219729942586273,4.1917182638351314e-05,6.65293952456646e-05,-2.4612212607313293e-05
10:31:50,0.60278,0.60284,0.60267,0.60281,0.0004749337904232931,31.560094603783323,0.00017000000000000348,3.0000000000085514e-05,0.00013999999999991797,0.00015457099283574816,4.3233397976960575e-05,6.18701957919238e-05,-1.8636797814963225e-05
10:31:55,0.60281,0.60281,0.60259,0.60259,0.000504943978155481,33.841473096159675,0.00021999999999999797,0.00021999999999999797,0.0,0.00016329486045764814,2.6222074974713294e-05,5.47405716284817e-05,-2.8518496653768405e-05
10:32:00,0.60259,0.60265,0.60253,0.60253,0.0005562695295420195,35.8640637960227,0.00012000000000000899,0.00012000000000000899,0.0,0.00015752221239662958,7.808963506050759e-06,4.535425000399552e-05,-3.754528649794476e-05
10:32:05,0.60243,0.60256,0.60243,0.60245,0.0006287531521504963,38.78997081465144,0.00012999999999996348,0.00010999999999994348,2.0000000000020002e-05,0.0001538525840770741,-1.308802084709626e-05,3.3665795833777165e-05,-4.6753816680873425e-05
10:32:10,0.60258,0.60264,0.60241,0.60241,0.000691555074507022,38.2591356619015,0.00022999999999995246,0.00022999999999995246,0.0,0.0001640055728667912,-3.250203399163265e-05,2.0432229868695205e-05,-5.293426386032785e-05
10:32:15,0.60241,0.60261,0.60241,0.60249,0.0007098228096342751,39.756550895458595,0.00019999999999997797,0.00012000000000000899,7.999999999996898e-05,0.00016880482981788275,-4.096028321876055e-05,8.153727251204055e-06,-4.911401046996461e-05
10:32:20,0.60249,0.60267,0.60242,0.60267,0.0007055747936952628,40.727712685404114,0.0002500000000000835,0.0,0.0002500000000000835,0.00017963085250884286,-3.276135844565431e-05,-2.9289888167618116e-08,-3.273206855748669e-05
10:32:25,0.60267,0.60272,0.60263,0.60272,0.000689686427621794,40.74625539981965,9.00000000000345e-05,0.0,9.00000000000345e-05,0.00016768007217433508,-2.1975746632540982e-05,-4.4185812370422915e-06,-1.755716539549869e-05
10:32:30,0.60268,0.60268,0.60253,0.60253,0.000661685248774857,39.19524961808252,0.00014999999999998348,0.00014999999999998348,0.0,0.00017065606255109352,-2.8431740264456273e-05,-9.221213042525089e-06,-1.9210527221931186e-05
10:32:35,0.60253,0.6026,0.60247,0.60247,0.0006328382183087289,37.80616180097741,0.0001300000000000745,0.0001300000000000745,0.0,0.00016523525421095766,-3.795217128388373e-05,-1.4967404690796818e-05,-2.298476659308691e-05
10:32:40,0.60247,0.60269,0.60247,0.60262,0.0005788700427056259,33.81494840441353,0.00021999999999999797,6.999999999990347e-05,0.0001500000000000945,0.00017253722031616305,-3.301288309354167e-05,-1.8576500371345787e-05,-1.443638272219588e-05
10:32:45,0.60266,0.60282,0.6026,0.60282,0.0005602856414599344,31.638979347584577,0.00021999999999999797,0.0,0.00021999999999999797,0.00017886559094067438,-1.2812439262432918e-05,-1.7423688149563214e-05,4.6112488871302965e-06
10:32:50,0.60282,0.60282,0.60276,0.60278,0.0005659049576376418,31.07907551535018,6.0000000000060005e-05,4.0000000000040004e-05,2.0000000000020002e-05,0.0001630168454819258,-3.0753192215016156e-08,-1.3945101158093576e-05,1.391434796587856e-05
10:32:55,0.60278,0.60281,0.60262,0.60273,0.0005500277505199325,30.576463506363986,0.00018999999999991246,7.999999999996898e-05,0.00010999999999994348,0.00016661459941765737,5.995134790937051e-06,-9.957053968287451e-06,1.5952188759224504e-05
10:33:00,0.60273,0.60273,0.60254,0.60269,0.0005314686701909377,29.669613317179408,0.00019000000000002348,4.0000000000040004e-05,0.00014999999999998348,0.00016973265282863953,7.457068284200119e-06,-6.474229517789938e-06,1.3931297801990058e-05
10:33:05,0.60271,0.60271,0.60236,0.60236,0.0005879455757351604,29.47166923770924,0.00034999999999996145,0.00034999999999996145,0.0,0.00019376829911814912,-1.780730938660824e-05,-8.740845491553598e-06,-9.06646389505464e-06
10:33:10,0.60234,0.60234,0.60211,0.60211,0.0007502869626634379,29.98705026308175,0.00022999999999995246,0.00022999999999995246,0.0,0.00020126585923572557,-5.7341425118595524e-05,-1.8460961416961982e-05,-3.888046370163354e-05
10:33:15,0.60204,0.60204,0.60186,0.60186,0.0009947313840148464,30.591195468547948,0.000180000000000069,0.000180000000000069,0.0,0.0002077637446709733,-0.00010760500382467342,-3.6289769898504274e-05,-7.131523392616914e-05
10:33:20,0.60183,0.60183,0.60173,0.60174,0.0012017951485079337,33.18692442750587,9.999999999998899e-05,8.999999999992347e-05,1.0000000000065512e-05,0.00019739524538150532,-0.00015533168225445593,-6.0098152369694606e-05,-9.523352988476133e-05
10:33:25,0.60171,0.60171,0.60161,0.60167,0.0013861799078305204,36.0003336422737,9.999999999998899e-05,3.999999999992898e-05,6.0000000000060005e-05,0.0001884092126639812,-0.0001965382629929291,-8.738617449434151e-05,-0.00010915208849858758
10:33:30,0.60155,0.60155,0.60147,0.6015,0.0015829140349805648,40.3109745117877,8.000000000008001e-05,4.999999999999449e-05,3.0000000000085514e-05,0.00018995465097546227,-0.00024014412239770078,-0.00011793776407501336,-0.00012220635832268741
10:33:35,0.60146,0.60146,0.60119,0.60119,0.001896039084660739,45.90092947592409,0.00026999999999999247,0.00026999999999999247,0.0,0.00020596069751207163,-0.00029630091683274795,-0.00015361039462656029,-0.00014269052220618767
10:33:40,0.60119,0.60119,0.60115,0.60118,0.0021374446130184577,50.19799034546172,4.0000000000040004e-05,9.99999999995449e-06,3.0000000000085514e-05,0.0001838326045104674,-0.00033771947752314624,-0.00019043221120587748,-0.00014728726631726876
10:33:45,0.60126,0.60129,0.60124,0.60124,0.002308971974491314,52.490829165202804,4.999999999999449e-05,4.999999999999449e-05,0.0,0.00017398825724239755,-0.00036153493700974426,-0.00022465275636665083,-0.00013688218064309343
10:33:50,0.60127,0.60127,0.60108,0.60108,0.002500286299404131,56.84825595074415,0.00019000000000002348,0.00019000000000002348,0.0,0.00017612315627674768,-0.000388837249291174,-0.0002574896549515555,-0.0001313475943396185
10:33:55,0.60117,0.60117,0.60104,0.60104,0.0026525380100537177,61.16881302927014,0.00012999999999996348,0.00012999999999996348,0.0,0.00016997340210650979,-0.00040898763926322523,-0.0002877892518138895,-0.00012119838744933573
10:34:00,0.60099,0.60099,0.60076,0.60076,0.002821346449750406,65.97400833944039,0.0002300000000000635,0.0002300000000000635,0.0,0.00018464361515898288,-0.00044245033637235753,-0.00031872146872558314,-0.0001237288676467744
10:34:05,0.60076,0.60089,0.60076,0.60089,0.0028774579424508673,70.72191182636244,0.0001300000000000745,0.0,0.0001300000000000745,0.00017735779980446176,-0.00045325500976134414,-0.00034562817693273534,-0.0001076268328286088
10:34:10,0.60089,0.60118,0.60089,0.60118,0.002867266440733207,71.20319981183862,0.00029000000000001247,0.0,0.00029000000000001247,0.00019237675983053518,-0.00043342100731935673,-0.00036318674301005966,-7.023426430929707e-05
10:34:15,0.60118,0.60118,0.60109,0.60109,0.0028595553574213284,70.286664734218,9.00000000000345e-05,9.00000000000345e-05,0.0,0.00017872652518646843,-0.0004201217631576437,-0.00037457374703957647,-4.554801611806724e-05
10:34:20,0.60109,0.60114,0.60096,0.60101,0.002797845787867015,68.86805206703737,0.00017999999999995797,0.00012999999999996348,4.999999999999449e-05,0.00017889632182826706,-0.00041129618139945645,-0.00038191823391155253,-2.9377947487903918e-05
10:34:25,0.60101,0.60108,0.60101,0.60105,0.0026142886725100123,66.48729611192599,6.999999999990347e-05,2.999999999997449e-05,3.999999999992898e-05,0.0001643768122511519,-0.0003965035326556343,-0.0003848352936603689,-1.1668238995265416e-05
10:34:30,0.60105,0.60118,0.60101,0.60118,0.0023639351669921815,62.558479245327916,0.00017000000000000348,0.0,0.00017000000000000348,0.00016512657061766545,-0.00037002492144422305,-0.00038187321921713974,1.1848297772916688e-05
10:34:35,0.60121,0.6014,0.60121,0.60138,0.0020489997559931528,57.616242422920536,0.00019000000000002348,2.0000000000020002e-05,0.00017000000000000348,0.00017244302786864312,-0.0003291083466039346,-0.00037132024469449873,4.221189809056411e-05
10:34:40,0.60138,0.60138,0.60114,0.60118,0.001663501696662406,51.80429979745668,0.00024000000000001798,0.00019999999999997797,4.0000000000040004e-05,0.00018145062415282645,-0.0003092550945599237,-0.00035890721466758373,4.965212010766e-05
10:34:45,0.60118,0.60118,0.60102,0.60102,0.001374527670093606,46.645484455515025,0.000160000000000049,0.000160000000000049,0.0,0.00017859054093245612,-0.0003029398105418579,-0.00034771373384243857,4.4773923300580644e-05
10:34:50,0.60102,0.60117,0.60096,0.60117,0.001123563878708378,41.911252137713646,0.00020999999999993246,0.0,0.00020999999999993246,0.00018277846880811963,-0.0002825738209487616,-0.0003346857512637032,5.2111930314941595e-05
10:34:55,0.60117,0.60122,0.60117,0.60118,0.0009486411334460598,37.95483081293529,4.999999999999449e-05,3.999999999992898e-05,1.0000000000065512e-05,0.0001650746729670363,-0.0002625996260146035,-0.0003202685262138833,5.766890019927979e-05
10:35:00,0.60123,0.60132,0.60116,0.60132,0.0008059228120691486,32.959460056810016,0.00015999999999993797,0.0,0.00015999999999993797,0.00016439804990475652,-0.00023278964849060557,-0.00030277275066922777,6.99831021786222e-05
10:35:05,0.60132,0.60148,0.60132,0.60148,0.0007189934485194449,29.26297824447204,0.000160000000000049,0.0,0.000160000000000049,0.00016381164325079552,-0.00019401784674399902,-0.000281021769884182,8.7003923140183e-05
10:35:10,0.60148,0.60152,0.60146,0.60149,0.0007150090172880486,25.38403072030596,6.0000000000060005e-05,3.0000000000085514e-05,2.999999999997449e-05,0.00014997009081736413,-0.00016063232860352716,-0.0002569438816280511,9.631155302452393e-05
10:35:15,0.60157,0.60162,0.60144,0.60144,0.000758791282628124,22.21751808875494,0.000180000000000069,0.000180000000000069,0.0,0.00015397407870839145,-0.00013663361976290478,-0.00023288182925502182,9.624820949211704e-05
10:35:20,0.60144,0.60145,0.60139,0.60145,0.0007997131064934049,21.759222643446787,6.0000000000060005e-05,0.0,6.0000000000060005e-05,0.00014144420154728058,-0.00011547641346609794,-0.00020940074609723705,9.392433263113911e-05
10:35:25,0.60145,0.60148,0.60133,0.60144,0.0008314122418240366,20.475612035969153,0.00014999999999998348,4.0000000000040004e-05,0.00010999999999994348,0.00014258497467430764,-9.838200496026239e-05,-0.00018719699786984214,8.881499290957974e-05
10:35:30,0.60141,0.60143,0.60129,0.60133,0.0008332460305537914,18.000026386347066,0.000140000000000029,9.999999999998899e-05,4.0000000000040004e-05,0.0001435736447177311,-9.264271618858455e-05,-0.00016828614153359061,7.564342534500606e-05
10:35:35,0.60133,0.60139,0.60122,0.60122,0.0008188412866341199,15.626329643044288,0.00017000000000000348,0.00017000000000000348,0.0,0.00014709715875536742,-9.586529374694397e-05,-0.0001538019719762613,5.793667822931732e-05
10:35:40,0.60122,0.60131,0.60122,0.60131,0.00070205412901303,14.53147848541248,9.00000000000345e-05,0.0,9.00000000000345e-05,0.00013948420425465637,-9.011813606474295e-05,-0.00014106520479395762,5.0947068729214674e-05
10:35:45,0.60131,0.60133,0.60114,0.60114,0.0006287297135458836,15.256479940073103,0.00019000000000002348,0.00019000000000002348,0.0,0.000146219643687372,-9.814964345256083e-05,-0.00013248209252567826,3.433244907311743e-05
10:35:50,0.60109,0.60109,0.60099,0.60104,0.000654365100134946,18.04865308606849,9.999999999998899e-05,4.999999999999449e-05,4.999999999999449e-05,0.0001467236911957202,-0.00011130082851762424,-0.00012824583972406746,1.6945011206443225e-05
10:35:55,0.60104,0.60125,0.601,0.60125,0.0006376800055967191,17.54539971089997,0.00024999999999997247,0.0,0.00024999999999997247,0.00016049386570295384,-0.00010358394127785164,-0.0001233134600348243,1.9729518756972668e-05
10:36:00,0.60125,0.60136,0.60125,0.60136,0.0006006698016298717,16.78332681388756,0.0001100000000000545,0.0,0.0001100000000000545,0.0001537613502759006,-8.758257445140583e-05,-0.00011616728291814062,2.858470846673479e-05
10:36:05,0.60136,0.60151,0.60134,0.60151,0.0005987319935190083,17.871909099357634,0.00017000000000000348,0.0,0.00017000000000000348,0.00015592650357244765,-6.208198705814905e-05,-0.0001053502237461423,4.3268236687993254e-05
10:36:10,0.60155,0.60183,0.60155,0.60181,0.0007446539288467058,21.32373630488673,0.00027999999999994696,2.0000000000020002e-05,0.00025999999999992696,0.00017780296976278623,-1.7463783407389855e-05,-8.777293567839182e-05,7.030915227100197e-05
10:36:15,0.60186,0.60211,0.60186,0.60211,0.0010233381907724937,24.2560819913739,0.0002500000000000835,0.0,0.0002500000000000835,0.00019409590712775847,4.16241400614803e-05,-6.18935205304174e-05,0.0001035176605918977
10:36:20,0.60211,0.60213,0.60196,0.60196,0.0011376263377189666,26.938757130555352,0.00017000000000000348,0.00017000000000000348,0.0,0.00019088311951072449,7.547793605489073e-05,-3.4419229213355785e-05,0.00010989716526824651
10:36:25,0.60196,0.60203,0.60192,0.60195,0.0011783735445887178,28.39158009289274,0.00010999999999994348,7.999999999996898e-05,2.999999999997449e-05,0.00018009870357595366,0.0001003436971772631,-7.4666439352320096e-06,0.00010781034111249512
10:36:30,0.60199,0.60207,0.60194,0.60194,0.0012257088175102737,30.701379040521353,0.00012999999999996348,0.00012999999999996348,0.0,0.0001734188764324883,0.00011788418014013757,1.7603520879841908e-05,0.00010028065926029567
10:36:35,0.60194,0.60194,0.60183,0.60183,0.0012267131951750887,32.32333639674509,0.0001100000000000545,0.0001100000000000545,0.0,0.00016496302624149713,0.00012150838553670607,3.838449381121474e-05,8.312389172549132e-05
10:36:40,0.60183,0.60204,0.60183,0.60204,0.0012954657768562416,35.03042936162996,0.00021000000000004349,0.0,0.00021000000000004349,0.00017096795607597,0.00013971528850498238,5.865065274996827e-05,8.106463575501411e-05
10:36:45,0.60204,0.60207,0.60172,0.60174,0.0013036370176326972,36.503118475619715,0.00034999999999996145,0.00032999999999994145,2.0000000000020002e-05,0.00019483889526583553,0.00012845613512113552,7.261174922420172e-05,5.5844385896933795e-05
10:36:50,0.60169,0.60189,0.60169,0.60189,0.0013322620257745221,37.61041035598875,0.000200000000000089,0.0,0.000200000000000089,0.00019552704256373598,0.00013013678548867702,8.411675647709679e-05,4.602002901158023e-05
10:36:55,0.60184,0.60189,0.6018,0.60189,0.0013508344399915106,37.69358932406476,9.00000000000345e-05,0.0,9.00000000000345e-05,0.00018145677022190913,0.00012997049406171524,9.328750399402048e-05,3.668299006769475e-05
10:37:00,0.60189,0.60208,0.60189,0.60208,0.001404270179452105,37.80727194983097,0.00018999999999991246,0.0,0.00018999999999991246,0.0001825958675256429,0.00014351575868087885,0.00010333315493139217,4.018260374948667e-05
10:37:05,0.60208,0.60214,0.60203,0.60203,0.0014316879989617615,40.59592837246193,0.0001100000000000545,0.0001100000000000545,0.0,0.00017291641852223112,0.00014850403428068315,0.00011236733080125038,3.613670347943277e-05
10:37:10,0.60203,0.60206,0.60198,0.60206,0.001433940467108874,42.39115420690484,8.000000000008001e-05,0.0,8.000000000008001e-05,0.00016052756271927766,0.00015311303614062854,0.00012051647186912602,3.259656427150253e-05
10:37:15,0.60202,0.60216,0.6018,0.6018,0.0013596346258621939,40.61290752976806,0.00036000000000002697,0.00036000000000002697,0.0,0.00018712388769004422,0.00013423845883830943,0.0001232608692629627,1.0977589575346728e-05
10:37:20,0.6018,0.60191,0.60174,0.60191,0.0013057992108285177,37.38593881207226,0.00016999999999989246,0.0,0.00016999999999989246,0.00018484070266469065,0.00012669583036695187,0.00012394786148376053,2.7479688831913342e-06
10:37:25,0.60191,0.60219,0.60191,0.60219,0.0012158583712746918,34.7987802303961,0.000280000000000058,0.0,0.000280000000000058,0.00019752860897607295,0.00014167871882531102,0.00012749403295207065,1.4184685873240376e-05
10:37:30,0.60212,0.60216,0.60201,0.60201,0.0009785574775620365,31.950099543445216,0.00014999999999998348,0.00014999999999998348,0.0,0.00019519146111259098,0.0001374439024456331,0.00012948400685078315,7.959895594849946e-06
10:37:35,0.60199,0.60205,0.60196,0.60196,0.0007885790018473671,28.983642149430633,8.999999999992347e-05,8.999999999992347e-05,0.0,0.00018116593296423533,0.00012857111009756395,0.0001293014275001393,-7.303174025753614e-07
10:37:40,0.60196,0.60213,0.60196,0.60213,0.0006255742625322913,26.574560314729684,0.00017000000000000348,0.0,0.00017000000000000348,0.00017967714190233775,0.00013371554788643714,0.00013018425157739887,3.5312963090382635e-06
10:37:45,0.60213,0.60217,0.60193,0.60205,0.00048138396978214537,26.01616665518959,0.00024000000000001798,0.00012000000000000899,0.00012000000000000899,0.00018772018964869513,0.00012984050002429193,0.0001301155012667775,-2.750012424855726e-07
10:37:50,0.60205,0.60209,0.60202,0.60209,0.00046847569171859504,24.057475822809625,7.00000000000145e-05,0.0,7.00000000000145e-05,0.00017202416436220438,0.0001285157132374648,0.00012979554366091497,-1.279830423450164e-06
10:37:55,0.60209,0.60217,0.60209,0.60213,0.0004733575482318564,24.461675178856414,7.999999999996898e-05,3.999999999992898e-05,4.0000000000040004e-05,0.00015975427578057298,0.00012920409152994417,0.00012967725323472082,-4.7316170477665126e-07
10:38:00,0.60213,0.60223,0.60204,0.60222,0.0005173373123827929,25.84151395742327,0.00019000000000002348,1.0000000000065512e-05,0.00017999999999995797,0.00016378703900983305,0.00013545049513197238,0.00013083190161417113,4.618593517801247e-06
10:38:05,0.60227,0.60235,0.60213,0.60213,0.0005284973734376308,28.178940796800703,0.00021999999999999797,0.00021999999999999797,0.0,0.00017128210047518837,0.00013162131852240133,0.00013098978499581718,6.315335265841466e-07
10:38:10,0.6021,0.60226,0.6021,0.60219,0.0005491083682169773,28.40571664681998,0.000160000000000049,7.00000000000145e-05,9.00000000000345e-05,0.00016977782041183645,0.00013190761811865404,0.00013117335162038456,7.342664982694803e-07
10:38:15,0.60216,0.60216,0.60212,0.60212,0.0005260538295883688,28.775513076143096,4.0000000000040004e-05,4.0000000000040004e-05,0.0,0.0001564741110235935,0.00012504466061580288,0.00012994761341946824,-4.902952803665354e-06
10:38:20,0.60208,0.6022,0.60208,0.6022,0.0005468993942341349,28.84125191885838,0.00012000000000000899,0.0,0.00012000000000000899,0.00015161089622044892,0.0001246244556135645,0.0001288829818582875,-4.258526244722995e-06
10:38:25,0.6022,0.60221,0.60211,0.60214,0.00047362432374686847,31.341378140730303,9.999999999998899e-05,7.00000000000145e-05,2.999999999997449e-05,0.00014472944339105425,0.00011808868866747257,0.00012672412322012452,-8.635434552651947e-06
10:38:30,0.60214,0.60214,0.60196,0.60196,0.0004561578674588951,31.461845332886014,0.00017999999999995797,0.00017999999999995797,0.0,0.00014943218427224142,9.726335913806672e-05,0.00012083197040371297,-2.3568611265646256e-05
10:38:35,0.60196,0.60206,0.60186,0.6019,0.0004530133029791994,31.410973523440067,0.000200000000000089,0.000160000000000049,4.0000000000040004e-05,0.00015617455970262108,7.505247863348607e-05,0.0001116760720496676,-3.662359341618153e-05
10:38:40,0.6019,0.60192,0.60185,0.60185,0.0004916609872265276,31.689019346223947,7.00000000000145e-05,7.00000000000145e-05,0.0,0.0001446846184089402,5.2806888737988444e-05,9.990223538733177e-05,-4.709534664934333e-05
10:38:45,0.60192,0.60192,0.60174,0.60174,0.000566116967682273,33.75567209797975,0.00017999999999995797,0.00017999999999995797,0.0,0.00014939333595440925,2.6001291084987166e-05,8.512204652686285e-05,-5.9120755441875684e-05
10:38:50,0.60174,0.60194,0.60171,0.60194,0.0005725069524220583,35.37821443800089,0.0002300000000000635,0.0,0.0002300000000000635,0.0001601408911604965,2.065785940719156e-05,7.222920910292859e-05,-5.157134969573703e-05
10:38:55,0.60194,0.6022,0.60189,0.6022,0.0005466221633985135,34.0229740637682,0.00030999999999992145,0.0,0.00030999999999992145,0.00018012210567241982,3.697673362645926e-05,6.517871400763473e-05,-2.8201980381175476e-05
10:39:00,0.60216,0.60248,0.60216,0.60243,0.0006244020297700992,35.625835562142335,0.00031999999999998696,4.999999999999449e-05,0.00026999999999999247,0.0001987724915827621,6.768836746062767e-05,6.568064469823332e-05,2.0077227623943502e-06
10:39:05,0.60243,0.60256,0.60243,0.60256,0.0007540347611989517,36.683379439583,0.00012999999999996348,0.0,0.00012999999999996348,0.00018960282603838895,0.00010134918180415564,7.281435211941778e-05,2.853482968473786e-05
10:39:10,0.60256,0.60259,0.60247,0.60256,0.000854116964775109,37.28737398088989,0.00012000000000000899,2.999999999997449e-05,9.00000000000345e-05,0.00018032244923327163,0.00012656663826349224,8.356480934823268e-05,4.3001828915259556e-05
10:39:15,0.60252,0.60254,0.60246,0.60254,0.0009151266809286351,36.77004963383165,7.999999999996898e-05,0.0,7.999999999996898e-05,0.0001696127893355006,0.00014328610827274435,9.550906913313502e-05,4.777703913960933e-05
10:39:20,0.6025,0.60253,0.6024,0.60253,0.0009743143338238891,35.907331868912955,0.00012999999999996348,0.0,0.00012999999999996348,0.0001656644174240896,0.00015395479721713734,0.0001071982147499355,4.675658246720184e-05
10:39:25,0.60253,0.60253,0.60247,0.60247,0.0010013464619618162,34.542223946374975,6.0000000000060005e-05,6.0000000000060005e-05,0.0,0.000151575828434219,0.000155772661236675,0.0001169131040472834,3.885955718939159e-05
10:39:30,0.60247,0.60254,0.60243,0.60254,0.0010416889120627992,33.52538520788789,0.00010999999999994348,0.0,0.00010999999999994348,0.00014603238464298225,0.00016100577223499002,0.00012573163768482472,3.5274134550165295e-05
10:39:35,0.60259,0.60264,0.60257,0.60257,0.0010840450563749382,33.41769826107769,6.999999999990347e-05,6.999999999990347e-05,0.0,0.00013989473335724982,0.00016566412675234066,0.00013371813549832793,3.194599125401273e-05
10:39:40,0.60257,0.60257,0.60205,0.60205,0.0010972041023191714,35.409409527726325,0.000520000000000076,0.000520000000000076,0.0,0.0001905754355762933,0.0001259444429496659,0.0001321633969885955,-6.218954038929617e-06
10:39:45,0.60209,0.60229,0.60209,0.60229,0.0010941297912225867,35.842668108655964,0.00019999999999997797,0.0,0.00019999999999997797,0.00019716537749945662,0.00011253506740116492,0.0001282377310711094,-1.5702663669944474e-05
10:39:50,0.60229,0.60247,0.60229,0.60247,0.0011120848131411787,34.23608121796131,0.00017999999999995797,0.0,0.00017999999999995797,0.00019487666049952348,0.00011510566983585768,0.00012561131882405906,-1.0505648988201377e-05
10:39:55,0.60239,0.60251,0.60236,0.60246,0.0011193983346509118,31.103125294142647,0.00014999999999998348,4.999999999999449e-05,9.999999999998899e-05,0.00018889310576625148,0.00011501020826931718,0.00012349109671311068,-8.480888443793496e-06
10:40:00,0.60246,0.60246,0.60213,0.60213,0.0011248223251687506,29.46666983622323,0.00032999999999994145,0.00032999999999994145,0.0,0.0002077073583307435,8.729997247491905e-05,0.00011625287186547235,-2.89528993905533e-05
10:40:05,0.60213,0.60242,0.60213,0.60238,0.0011225741096332342,30.470465670971155,0.00028999999999990145,3.999999999992898e-05,0.00024999999999997247,0.0002186797105532979,8.453782223738493e-05,0.00010990986193985488,-2.537203970246995e-05
10:40:10,0.60238,0.60238,0.60228,0.60234,0.0010825214231684477,29.912022696160474,9.999999999998899e-05,4.0000000000040004e-05,5.999999999994898e-05,0.00020285574914619004,7.821946723951534e-05,0.00010357178299978697,-2.5352315760271632e-05
10:40:15,0.60231,0.60231,0.60213,0.60213,0.0010296570711894049,29.937138288778822,0.00017999999999995797,0.00017999999999995797,0.0,0.00020380831592668904,5.562566241512634e-05,9.398255888285485e-05,-3.835689646772851e-05
10:40:20,0.60213,0.60218,0.60204,0.60217,0.0009459053029476916,30.285936656090637,0.000140000000000029,1.0000000000065512e-05,0.00012999999999996348,0.00019530054046980105,4.048093598663094e-05,8.328223430361008e-05,-4.280129831697914e-05
10:40:25,0.60217,0.60217,0.60196,0.60201,0.0008288762208634726,31.17990431282644,0.00020999999999993246,0.00015999999999993797,4.999999999999449e-05,0.00019726046840715192,1.5390555611061174e-05,6.97038985651003e-05,-5.431334295403913e-05
10:40:30,0.60201,0.60207,0.60193,0.60193,0.0008329630054570991,33.22136401073403,0.000140000000000029,0.000140000000000029,0.0,0.0001896257392862022,-1.0824307140167022e-05,5.359825742404684e-05,-6.442256456421386e-05
10:40:35,0.60193,0.60193,0.60186,0.60189,0.0009180184610215747,35.57990223274425,7.00000000000145e-05,3.999999999992898e-05,3.0000000000085514e-05,0.00017367564071471051,-3.443054653629041e-05,3.599249663197939e-05,-7.04230431682698e-05
10:40:40,0.602,0.60208,0.602,0.602,0.0009554188940970043,36.11565387897589,7.999999999996898e-05,7.999999999996898e-05,0.0,0.00017585222195273744,-4.37581637664497e-05,2.0042364552293574e-05,-6.380052831874328e-05
10:40:45,0.602,0.602,0.60193,0.60198,0.0009638169732553159,36.14390537270392,7.00000000000145e-05,2.0000000000020002e-05,4.999999999999449e-05,0.00016173859235904105,-5.216289904630411e-05,5.601311832574037e-06,-5.7764210878878146e-05
10:40:50,0.60198,0.60219,0.60198,0.60214,0.0009307744370534721,33.798530162841374,0.00021000000000004349,4.999999999999449e-05,0.000160000000000049,0.00016817344671117473,-4.5389823849051325e-05,-4.596915303751035e-06,-4.079290854530029e-05
10:40:55,0.60214,0.60222,0.6021,0.60221,0.0008904144511279188,31.603086886386677,0.00012000000000000899,9.99999999995449e-06,0.0001100000000000545,0.0001617503204830193,-3.398197491855104e-05,-1.0473927226711037e-05,-2.3508047691840002e-05
10:41:00,0.60231,0.6024,0.60226,0.6024,0.0008611962304894138,32.942340677159976,0.000140000000000029,0.0,0.000140000000000029,0.00016551694441861985,-9.50024740975497e-06,-1.0279191263319824e-05,7.789438535648549e-07
10:41:05,0.60235,0.60246,0.60233,0.60246,0.0008588731908352187,35.09394247788043,0.00012999999999996348,0.0,0.00012999999999996348,0.00016078135182946566,1.4575182945120169e-05,-5.308316421631827e-06,1.9883499366751996e-05
10:41:10,0.60246,0.60258,0.60246,0.60254,0.0008588731908352187,36.27058596519656,0.00012000000000000899,4.0000000000040004e-05,7.999999999996898e-05,0.00015534383825220477,3.965336703570799e-05,3.6840202698361362e-06,3.596934676587185e-05
10:41:15,0.60249,0.60251,0.60238,0.60238,0.0008105203007549022,36.35313477385678,0.00012999999999996348,0.00012999999999996348,0.0,0.0001559646598185692,4.608609397793728e-05,1.2164435011456367e-05,3.392165896648091e-05
10:41:20,0.60242,0.6025,0.60236,0.6025,0.0008316350414370177,35.62111228503908,0.000140000000000029,0.0,0.000140000000000029,0.00015383603850943053,6.017343167952216e-05,2.176623434506953e-05,3.840719733445263e-05
10:41:25,0.60252,0.60266,0.60246,0.60246,0.0008537619537813956,35.09991564079409,0.00019999999999997797,0.00019999999999997797,0.0,0.00015999123337483685,6.733389931834477e-05,3.087976733972458e-05,3.645413197862019e-05
10:41:30,0.60246,0.60252,0.60245,0.60245,0.0008495794625569264,33.94399695583415,6.999999999990347e-05,6.999999999990347e-05,0.0,0.00014799240225817908,7.137889362995864e-05,3.897959259777139e-05,3.239930103218725e-05
10:41:35,0.60245,0.60261,0.60245,0.60261,0.0008906981295226934,33.02998052202446,0.00015999999999993797,0.0,0.00015999999999993797,0.0001495934152904136,8.649814679573264e-05,4.8483303437363645e-05,3.8014843358369e-05
10:41:40,0.60264,0.60264,0.60257,0.60261,0.0009360589275413389,32.172696261374156,6.999999999990347e-05,2.999999999997449e-05,3.999999999992898e-05,0.00013898095991834558,9.735798164867138e-05,5.8258239079625194e-05,3.909974256904618e-05
10:41:45,0.60261,0.6027,0.60261,0.6027,0.0010061264962000216,31.38280741987308,9.00000000000345e-05,0.0,9.00000000000345e-05,0.00013245016526257077,0.00011193639377959919,6.899387001962e-05,4.294252375997919e-05
10:41:50,0.6027,0.60279,0.60267,0.60279,0.0010990981949512424,33.66467134002103,0.00012000000000000899,0.0,0.00012000000000000899,0.00013079014322756253,0.00012926208540608997,8.1047513096914e-05,4.821457230917597e-05
10:41:55,0.60279,0.60281,0.60274,0.60274,0.0011456664344333678,35.52013387885273,6.999999999990347e-05,6.999999999990347e-05,0.0,0.00012268479079720798,0.0001373746690405131,9.231294428563382e-05,4.5061724754879274e-05
10:42:00,0.60276,0.60287,0.60273,0.60287,0.0012223377085420761,40.0985377026042,0.000140000000000029,0.0,0.000140000000000029,0.00012499348535758412,0.00015253552893590427,0.00010435746121568792,4.8178067720216355e-05
10:42:05,0.60287,0.60298,0.60287,0.60298,0.001279315606522502,45.21876247329261,0.00010999999999994348,0.0,0.00010999999999994348,0.00012299435397656537,0.00017145032766952006,0.00011777603450645435,5.367429316306571e-05
10:42:10,0.60298,0.60315,0.60293,0.60315,0.0013401084009714292,49.21837356901089,0.00021999999999999797,0.0,0.00021999999999999797,0.00013592844011302307,0.00019787701809992342,0.00013379623122514818,6.408078687477524e-05
10:42:15,0.60315,0.60315,0.60293,0.60293,0.0012668734826695172,52.7785927502268,0.00021999999999999797,0.00021999999999999797,0.0,0.00014713798143128638,0.00019877682378632855,0.00014679234973738426,5.198447404894429e-05
10:42:20,0.60293,0.60313,0.60293,0.60312,0.0012571580313658348,55.55431712723544,0.000200000000000089,1.0000000000065512e-05,0.00019000000000002348,0.00015418625057379338,0.0002123732319591065,0.00015990852618172872,5.246470577737779e-05
10:42:25,0.60312,0.60319,0.603,0.60309,0.0011854042171060009,59.597971084259385,0.00019000000000002348,9.999999999998899e-05,9.00000000000345e-05,0.0001589614171639574,0.0002182123183399609,0.00017156928461337518,4.664303372658573e-05
10:42:30,0.60309,0.6031,0.60305,0.60307,0.0011349453963380718,65.67246694647521,4.999999999999449e-05,2.999999999997449e-05,2.0000000000020002e-05,0.00014443322820876237,0.0002187049094549698,0.0001809964095816941,3.770849987327568e-05
10:42:35,0.60307,0.60309,0.6029,0.60294,0.001052753782397886,65.82471262348422,0.00019000000000002348,0.00014999999999998348,4.0000000000040004e-05,0.00015050879778093053,0.00020622810865389418,0.00018604274939613413,2.0185359257760053e-05
10:42:40,0.603,0.60316,0.60293,0.60316,0.0010657441186103789,66.7431935365425,0.0002300000000000635,0.0,0.0002300000000000635,0.00016110762474348157,0.00021165251704424737,0.0001911647029257568,2.048781411849058e-05
10:42:45,0.60316,0.60326,0.60316,0.60319,0.0010824844717665094,67.73226943400167,9.999999999998899e-05,7.00000000000145e-05,2.999999999997449e-05,0.00015295994144434922,0.0002158835775548651,0.00019610847785157847,1.977509970328662e-05
10:42:50,0.60319,0.60325,0.60297,0.60297,0.0010588951541135039,65.11955680397165,0.00027999999999994696,0.00027999999999994696,0.0,0.00016989861591842892,0.00019918844174349193,0.00019672447062996117,2.463971113530756e-06
10:42:55,0.60297,0.60326,0.60297,0.60326,0.001032317780548242,62.234316085321765,0.00029000000000001247,0.0,0.00029000000000001247,0.0001859121337959734,0.0002069721565153282,0.00019877400780703456,8.198148708293623e-06
10:43:00,0.60324,0.60351,0.60324,0.60351,0.001111850046702223,60.93993062015021,0.00026999999999999247,0.0,0.00026999999999999247,0.0001971238492898426,0.0002306548714332557,0.0002051501805322788,2.5504690900976897e-05
10:43:05,0.60354,0.60362,0.60354,0.60359,0.0011675813958027526,60.13962468678666,8.000000000008001e-05,3.0000000000085514e-05,4.999999999999449e-05,0.0001855073360512042,0.0002529629258967159,0.00021471272960516623,3.8250196291549646e-05
10:43:10,0.60359,0.60362,0.60352,0.60353,0.001149130563802947,58.70582285081034,0.00010000000000010001,9.00000000000345e-05,1.0000000000065512e-05,0.00017410635791105698,0.0002627716531726776,0.00022432451431866852,3.844713885400907e-05
10:43:15,0.60353,0.6036,0.60338,0.6036,0.001177615789382358,54.765953634717555,0.00021999999999999797,0.0,0.00021999999999999797,0.00018022551018958245,0.0002730460502899934,0.0002340688215129335,3.8977228777059894e-05
10:43:20,0.60358,0.60367,0.60356,0.60363,0.0011808935065100723,50.92160741757852,0.0001100000000000545,4.0000000000040004e-05,7.00000000000145e-05,0.00017086210883097874,0.00028037731811358935,0.00024333052083306468,3.7046797280524665e-05
10:43:25,0.60366,0.60375,0.60352,0.60372,0.0012121212376530188,47.6942330243342,0.0002300000000000635,2.999999999997449e-05,0.000200000000000089,0.0001787471609868567,0.00029010549298269517,0.0002526855152629908,3.741997771970437e-05
10:43:30,0.6037,0.60372,0.6036,0.60372,0.0012375374529285388,44.21864186008346,0.00012000000000000899,0.0,0.00012000000000000899,0.00017091420618861036,0.0002944212369060395,0.00026103265959160054,3.338857731443896e-05
10:43:35,0.60372,0.60388,0.60372,0.6038,0.0012411386961936888,41.77963709155449,0.00015999999999993797,7.999999999996898e-05,7.999999999996898e-05,0.00016945897869678737,0.0003008290563684124,0.00026899193894696293,3.183711742144946e-05
10:43:40,0.60375,0.60385,0.60373,0.60376,0.0012418932914703973,37.77582311827077,0.00012000000000000899,9.00000000000345e-05,2.999999999997449e-05,0.0001628644482038836,0.0002992302931965618,0.00027503960979688273,2.4190683399679075e-05
10:43:45,0.60376,0.60376,0.60366,0.6037,0.0012350393132583015,37.09641378731385,9.999999999998899e-05,5.999999999994898e-05,4.0000000000040004e-05,0.00015448252177669764,0.000289781344350315,0.0002779879567075692,1.179338764274577e-05
10:43:50,0.60373,0.60373,0.60368,0.60371,0.001251727227738364,36.220689676819084,4.999999999999449e-05,2.0000000000020002e-05,2.999999999997449e-05,0.00014055151887313724,0.0002798736910450961,0.0002783651035750746,1.508587470021468e-06
10:43:55,0.60371,0.60388,0.60368,0.60388,0.0012396858685410628,35.88027821108306,0.00019999999999997797,0.0,0.00019999999999997797,0.00014847798302338266,0.000282483094398045,0.0002791887017396687,3.2943926583762855e-06
10:44:00,0.60383,0.60387,0.6038,0.6038,0.0012376054979070794,38.875718949333454,7.00000000000145e-05,7.00000000000145e-05,0.0,0.0001393475852869275,0.0002749265517897337,0.0002783362717496817,-3.4097199599480033e-06
10:44:05,0.60376,0.6039,0.60369,0.6039,0.0012338796324586898,39.38357859007491,0.00021000000000004349,0.0,0.00021000000000004349,0.00014876790724867628,0.0002738503255093061,0.0002774390825016066,-3.588756992300502e-06
10:44:10,0.60378,0.60383,0.6036,0.60382,0.001183854542996965,36.335862189988916,0.00022999999999995246,9.99999999995449e-06,0.00021999999999999797,0.00016893218628218168,0.0002635045604688635,0.00027465217809505803,-1.1147617626194525e-05
10:44:15,0.60382,0.60395,0.60378,0.60395,0.0010787907460256818,34.16199416241529,0.00017000000000000348,0.0,0.00017000000000000348,0.0001690745614445579,0.00026276637349453846,0.00027227501717495416,-9.508643680415695e-06
10:44:20,0.60399,0.60399,0.6038,0.60388,0.0010162801105915165,32.727773103305516,0.00019000000000002348,0.0001100000000000545,7.999999999996898e-05,0.00017186461991862,0.0002536094877055861,0.00026854191128108056,-1.4932423575494448e-05
10:44:25,0.60413,0.60413,0.60392,0.60392,0.0009478951752082132,34.53410503803887,0.00020999999999993246,0.00020999999999993246,0.0,0.00018228267059613366,0.0002467360360168813,0.00026418073622824073,-1.7444700211359412e-05
10:44:30,0.60386,0.60399,0.60386,0.60399,0.0007119166125202359,34.70701327958296,0.0001300000000000745,0.0,0.0001300000000000745,0.00017531164784999245,0.0002441230919756343,0.00026016920737771947,-1.604611540208516e-05
10:44:35,0.60399,0.60399,0.60384,0.60391,0.0005713732304235553,33.915971275276696,0.00014999999999998348,8.000000000008001e-05,6.999999999990347e-05,0.00017193676146999126,0.00023291211767573206,0.000254717789437322,-2.1805671761589943e-05
10:44:40,0.60391,0.60394,0.60379,0.60388,0.0005257936357465631,32.50441885236297,0.00014999999999998348,6.0000000000060005e-05,8.999999999992347e-05,0.0001690118599406569,0.00021908115926216887,0.00024759046340229137,-2.8509304140122505e-05
10:44:45,0.60388,0.60392,0.60377,0.60392,0.0005054482117483605,29.536469381836365,0.00014999999999998348,0.0,0.00014999999999998348,0.00016647694528190045,0.00020893917008624197,0.00023986020473908148,-3.0921034652839515e-05
10:44:50,0.60392,0.60392,0.60383,0.60387,0.0004390611994524729,26.37538374580911,9.00000000000345e-05,4.999999999999449e-05,4.0000000000040004e-05,0.00015628001924431834,0.00019462349001864165,0.00023081286179499352,-3.6189371776351866e-05
10:44:55,0.60387,0.60414,0.60387,0.60405,0.0004353776340517701,27.176173825085833,0.00026999999999999247,9.00000000000345e-05,0.00017999999999995797,0.0001714426833450749,0.00019554854421044432,0.0002237599982780837,-2.8211454067639382e-05
10:45:00,0.60405,0.60416,0.60404,0.60404,0.0004227030810843857,27.720346143528985,0.00012000000000000899,0.00012000000000000899,0.0,0.0001645836588990661,0.00019324710753210184,0.00021765742012888733,-2.4410312596785498e-05
10:45:05,0.60404,0.6041,0.60402,0.60407,0.0004399569357151911,26.587033253299033,7.999999999996898e-05,2.999999999997449e-05,4.999999999999449e-05,0.0001533058377125198,0.00019163490378082404,0.00021245291685927466,-2.0818013078450625e-05
10:45:10,0.60407,0.60423,0.60407,0.60423,0.0005152658996949722,26.588613554193415,0.000160000000000049,0.0,0.000160000000000049,0.00015419839268419037,0.000200951440399888,0.00021015262156739734,-9.201181167509348e-06
10:45:15,0.60423,0.60432,0.60422,0.60422,0.0005771071231568392,29.50338981057063,9.999999999998899e-05,9.999999999998899e-05,0.0,0.00014697194032629686,0.00020516295552419628,0.00020915468835875714,-3.991732834560867e-06
10:45:20,0.6043,0.60441,0.60411,0.60413,0.0005828821312807708,31.717504243858915,0.00029999999999996696,0.000280000000000058,1.999999999990898e-05,0.00016737568161611955,0.00019894504907713717,0.00020711276050243318,-8.167711425296012e-06
10:45:25,0.60424,0.60433,0.60424,0.60431,0.0006223080976808237,31.542087105376076,9.00000000000345e-05,2.0000000000020002e-05,7.00000000000145e-05,0.00017172559073398214,0.00020616526426442405,0.00020692326125483135,-7.57996990407298e-07
10:45:30,0.60423,0.60423,0.60411,0.60411,0.0005808741144686103,30.512420825388002,0.00012000000000000899,0.00012000000000000899,0.0,0.00017549551196944824,0.0001935182503598476,0.0002042422590758346,-1.0724008715987012e-05
10:45:35,0.60411,0.60439,0.60408,0.60412,0.0005808741144681662,28.685795618484555,0.00031000000000003247,0.00026999999999999247,4.0000000000040004e-05,0.00019342944370685948,0.00018220200584362356,0.00019983420842939242,-1.7632202585768863e-05
10:45:40,0.60412,0.60426,0.60412,0.60415,0.0005603420008453153,28.61154127899001,0.000140000000000029,0.0001100000000000545,2.999999999997449e-05,0.0001863055178792821,0.00017365278856340538,0.00019459792445619505,-2.0945135892789667e-05
10:45:45,0.60445,0.60445,0.60425,0.6043,0.0005989851065850704,30.51064087628568,0.000200000000000089,0.0001500000000000945,4.999999999999449e-05,0.0002014647821620549,0.0001769415466650326,0.00019106664889796256,-1.4125102232929971e-05
10:45:50,0.6043,0.60439,0.60429,0.60429,0.0005988198920987564,34.17162422634719,9.999999999998899e-05,9.999999999998899e-05,0.0,0.0001879361445404461,0.0001767040603153358,0.00018819413118143722,-1.1490070866101412e-05
10:45:55,0.60429,0.60445,0.60429,0.60439,0.0006532703156258979,38.50954309759968,0.000160000000000049,6.0000000000060005e-05,9.999999999998899e-05,0.00018421132526839315,0.00018248148200372682,0.00018705160134589515,-4.570119342168328e-06
10:46:00,0.60439,0.60446,0.60439,0.60446,0.0007012289963179708,42.90179898147346,7.00000000000145e-05,0.0,7.00000000000145e-05,0.00016898314856594266,0.00019051243652301597,0.00018774376838131933,2.7686681416966437e-06
10:46:05,0.60451,0.60467,0.60451,0.60459,0.0007920951564397427,45.534948247331734,0.000160000000000049,8.000000000008001e-05,7.999999999996898e-05,0.00017445206209048945,0.00020500378337973135,0.00019119577138100173,1.380801199872962e-05
10:46:10,0.60459,0.60467,0.60452,0.60454,0.0008484189630448835,48.009141230768,0.0001500000000000945,0.0001300000000000745,2.0000000000020002e-05,0.00017119178714510347,0.000210032573271679,0.0001949631317591372,1.5069441512541819e-05
10:46:15,0.60454,0.60475,0.60454,0.60468,0.0009193933926983089,51.15443455801604,0.00021000000000004349,7.00000000000145e-05,0.000140000000000029,0.00017636621552576215,0.0002227470659418307,0.0002005199185956759,2.2227147346154798e-05
10:46:20,0.60468,0.60476,0.60468,0.6047,0.0009576528323864686,53.261295661713696,7.999999999996898e-05,5.999999999994898e-05,2.0000000000020002e-05,0.00016351738678898974,0.00023176557654158714,0.00020676905018485815,2.4996526356728984e-05
10:46:25,0.6047,0.60482,0.60465,0.60468,0.0009725733634933231,54.98658302763484,0.00017000000000000348,0.000140000000000029,2.999999999997449e-05,0.00016438173521712493,0.0002345947164524853,0.00021233418343838357,2.2260533014101735e-05
10:46:30,0.60468,0.60488,0.60468,0.60481,0.0009887174041505187,59.0084362387645,0.00019999999999997797,7.00000000000145e-05,0.00012999999999996348,0.000169130837188172,0.00024450820536903173,0.00021876898782451323,2.5739217544518497e-05
10:46:35,0.60481,0.60481,0.60459,0.60459,0.0009715511200927285,61.452380110362576,0.00021999999999999797,0.00021999999999999797,0.0,0.0001759133922297488,0.0002319389080203127,0.00022140297186367313,1.053593615663956e-05
10:46:40,0.60459,0.60462,0.6045,0.60458,0.0009362748134607024,62.40632187543723,0.00012000000000000899,4.0000000000040004e-05,7.999999999996898e-05,0.0001684582732657835,0.00021865026869560822,0.00022085243123006016,-2.2021625344519383e-06
10:46:45,0.60458,0.60495,0.60458,0.60495,0.001005356181974948,65.23011728800581,0.00036999999999998145,0.0,0.00036999999999998145,0.00019533050349700992,0.0002352628701511872,0.00022373451901428558,1.1528351136901608e-05
******
09:21:35,0.60448,0.60463,0.60445,0.60463,0.0006645140686007966,40.808511505348534,0.00017999999999995797,0.0,0.00017999999999995797,0.0001293113509675599,5.180813290051045e-05,1.1244039529229437e-06,5.068372894758751e-05
09:21:40,0.60463,0.60466,0.60455,0.60455,0.0007167176644442552,42.42544690310321,0.00010999999999994348,0.00010999999999994348,0.0,0.0001267365041718777,6.469484207383136e-05,1.3838491577104628e-05,5.085635049672673e-05
09:21:45,0.60455,0.60457,0.60442,0.60448,0.0007411939159576164,39.15577199073403,0.0001500000000000945,9.00000000000345e-05,6.0000000000060005e-05,0.00012983830361563994,6.846995789822063e-05,2.476478484132783e-05,4.370517305689281e-05
09:21:50,0.6046,0.6046,0.60447,0.60447,0.0007622570363556846,36.33208486993106,0.0001300000000000745,0.0001300000000000745,0.0,0.00012985986313356456,6.984966450818142e-05,3.378176077469855e-05,3.606790373348287e-05
09:21:55,0.60461,0.60462,0.60449,0.60449,0.000782489952853016,35.462690912678895,0.0001300000000000745,0.0001300000000000745,0.0,0.00013254521471576855,7.173006524807679e-05,4.13714216693742e-05,3.0358643578702588e-05
09:22:00,0.60449,0.60474,0.60449,0.60474,0.0008818736035463015,37.4555849559459,0.0002500000000000835,0.0,0.0002500000000000835,0.0001482058527536772,9.232889699306579e-05,5.156291673411252e-05,4.076598025895327e-05
09:22:05,0.60474,0.60476,0.60468,0.60468,0.0009352601664498472,40.80126232713587,7.999999999996898e-05,7.999999999996898e-05,0.0,0.00013911173905318278,0.00010262907688463052,6.177614876421613e-05,4.085292812041439e-05
09:22:10,0.60483,0.60485,0.60474,0.60476,0.0009752538131175825,44.38341355980931,0.00010999999999994348,9.00000000000345e-05,1.999999999990898e-05,0.0001432301738460922,0.00011591122264709153,7.260316354079122e-05,4.330805910630031e-05
09:22:15,0.60481,0.60481,0.60465,0.60465,0.0009230863562272873,46.09700899260867,0.00015999999999993797,0.00015999999999993797,0.0,0.00014546615066660497,0.00011622160781532553,8.132685239569808e-05,3.4894755419627454e-05
09:22:20,0.60465,0.60506,0.60465,0.60504,0.0009867671831211844,47.828928346196484,0.00041000000000002146,2.0000000000020002e-05,0.00039000000000000146,0.00018073733057772718,0.00014625143542235097,9.431176900102865e-05,5.193966642132232e-05
09:22:25,0.60504,0.60517,0.60493,0.60506,0.0010623093017723129,49.906045277914146,0.00024000000000001798,0.00010999999999994348,0.0001300000000000745,0.00018863901983403263,0.000169707836705002,0.00010939098254182333,6.0316854163178674e-05
09:22:30,0.60499,0.60503,0.60486,0.60486,0.0010525557867453461,50.76979136078546,0.00017000000000000348,0.00017000000000000348,0.0,0.0001901538171895068,0.00017019695068198892,0.00012155217616985646,4.8644774512132465e-05
09:22:35,0.60488,0.60491,0.60485,0.60485,0.0010361771846045809,50.62978158888085,5.999999999994898e-05,5.999999999994898e-05,0.0,0.00017279997489756576,0.00016784287245097396,0.00013081031542607995,3.7032557024894004e-05
09:22:40,0.60487,0.60488,0.60476,0.60476,0.0009794756921839287,48.306375450597606,0.00012000000000000899,0.00012000000000000899,0.0,0.0001657599782445582,0.00015690628269793283,0.00013602950888045052,2.0876773817482308e-05
09:22:45,0.60476,0.60487,0.60466,0.60487,0.0009262919853403329,43.53522272799323,0.00021000000000004349,0.0,0.00021000000000004349,0.00017165864781195625,0.00015532455246169974,0.00013988851759670038,1.5436034864999362e-05
09:22:50,0.60487,0.60492,0.60487,0.60488,0.0008906059439330871,39.19498746158473,4.999999999999449e-05,4.0000000000040004e-05,9.99999999995449e-06,0.00015543749477036137,0.00015311294555353516,0.00014253340318806735,1.0579542365467812e-05
09:22:55,0.60483,0.60501,0.60483,0.605,0.0008900005913661246,39.018172733137945,0.000180000000000069,1.0000000000065512e-05,0.00017000000000000348,0.00015871249546765573,0.00015920797779855889,0.00014586831811016566,1.3339659688393229e-05
09:23:00,0.605,0.60512,0.60492,0.60512,0.0008711009368067568,39.43497849432508,0.00019999999999997797,0.0,0.00019999999999997797,0.00016421749607196536,0.00017174160160537966,0.00015104297480920847,2.0698626796171183e-05
09:23:05,0.60539,0.60539,0.60539,0.60539,0.0009947737113749078,41.08114677116867,0.0,0.0,0.0,0.00017832182992903565,0.00020114268462667617,0.000161062916772702,4.0079767853974164e-05
09:23:10,0.60539,0.60544,0.60522,0.60522,0.0010216601556702898,39.394518061030965,0.00021999999999999797,0.00021999999999999797,0.0,0.00018387891927183064,0.00020832424329420007,0.00017051518207700163,3.780906121719844e-05
09:23:15,0.60511,0.60527,0.60503,0.60503,0.0010200103198654276,35.728333476170114,0.00024000000000001798,0.00024000000000001798,0.0,0.00019136173003558897,0.00019642005999065404,0.00017569615765973212,2.072390233092192e-05
09:23:20,0.60503,0.60509,0.605,0.60506,0.0009975527950678575,31.353869196858792,9.00000000000345e-05,2.999999999997449e-05,6.0000000000060005e-05,0.00017784683269751506,0.00018724817780124692,0.0001780065616880351,9.241616113211829e-06
09:23:25,0.60495,0.60495,0.60489,0.60489,0.0009273300667138606,29.989778193765023,5.999999999994898e-05,5.999999999994898e-05,0.0,0.00017680058833784688,0.00016436709428768737,0.00017527866820796553,-1.0911573920278168e-05
09:23:30,0.60489,0.60489,0.60473,0.60481,0.0008434116183066998,27.96731995522614,0.000160000000000049,8.000000000008001e-05,7.999999999996898e-05,0.00017456050989280716,0.00013818542379373522,0.00016786001932511948,-2.9674595531384258e-05
09:23:35,0.60499,0.60508,0.60496,0.60508,0.0007579334785419167,23.65669074596604,0.00011999999999989797,0.0,0.00011999999999989797,0.0001872857752404319,0.0001376364178650169,0.00016181529903309898,-2.4178881168082075e-05
09:23:40,0.60497,0.60517,0.60497,0.60516,0.0007588661902713234,20.71270197283517,0.00019999999999997797,9.99999999995449e-06,0.00019000000000002348,0.00018898100520837137,0.0001420195452099815,0.0001578561482684755,-1.5836603058493986e-05
09:23:45,0.60519,0.60535,0.60507,0.60532,0.0007767652222687715,19.170407129674714,0.000280000000000058,3.0000000000085514e-05,0.00024999999999997247,0.00020111687118059627,0.00015659869574857765,0.00015760465776449594,-1.005962015918283e-06
09:23:50,0.60532,0.60542,0.60531,0.6054,0.0008261897322554557,19.576979210070437,0.00010999999999994348,1.999999999990898e-05,9.00000000000345e-05,0.0001889679550231759,0.00017261827299952515,0.00016060738081150177,1.2010892188023373e-05
09:23:55,0.6054,0.60559,0.6054,0.60559,0.0008942836003722476,22.278075967711324,0.00018999999999991246,0.0,0.00018999999999991246,0.0001891055610200741,0.00019835875918761126,0.00016815765648672368,3.020110270088758e-05
09:24:00,0.60559,0.60569,0.60559,0.60566,0.0010375253960113184,24.842830296488067,9.999999999998899e-05,2.999999999997449e-05,7.00000000000145e-05,0.00017722481955072941,0.00022184935367475234,0.00017889599592432943,4.295335775042291e-05
09:24:05,0.60563,0.60577,0.60563,0.60577,0.001196373467477585,26.802074391358833,0.000140000000000029,0.0,0.000140000000000029,0.00017226151027730272,0.00024650039660711887,0.00019241687606088732,5.4083520546231544e-05
09:24:10,0.60577,0.60593,0.60575,0.60575,0.0012850214005999394,28.411373324604167,0.00017999999999995797,0.00017999999999995797,0.0,0.0001732933089069901,0.0002614093288577646,0.00020621536662026278,5.5193962237501794e-05
09:24:15,0.60579,0.606,0.60579,0.60593,0.0014082747937589346,28.784097916855977,0.00020999999999993246,7.00000000000145e-05,0.00013999999999991797,0.00018352086771938778,0.00028447006690190957,0.00022186630667659214,6.260376022531743e-05
09:24:20,0.60593,0.60596,0.60577,0.60584,0.001432922666587677,31.04575702949344,0.00019000000000002348,0.00012000000000000899,7.00000000000145e-05,0.00018438475202347255,0.0002921162854048198,0.0002359163024222377,5.619998298258213e-05
09:24:25,0.60584,0.60599,0.60584,0.6059,0.0014751271131667743,35.251290781467624,0.00014999999999998348,9.00000000000345e-05,5.999999999994898e-05,0.00017980011842034068,0.00029956427670585484,0.0002486458972789611,5.0918379426893715e-05
09:24:30,0.6059,0.60614,0.60588,0.60614,0.001571595233814227,40.075230131465524,0.000260000000000038,0.0,0.000260000000000038,0.00019049343596430033,0.0003211310587599714,0.00026314292957516316,5.7988129184808224e-05
09:24:35,0.60616,0.60616,0.60606,0.60606,0.0016276764194138593,44.05321985978518,9.999999999998899e-05,9.999999999998899e-05,0.0,0.00017842764450239215,0.00032798673063982875,0.0002761116897880963,5.1875040851732425e-05
09:24:40,0.60606,0.6061,0.60598,0.6061,0.0016920619622846633,45.493192065911394,0.00012000000000000899,0.0,0.00012000000000000899,0.0001706372919020744,0.0003328111262079769,0.00028745157707207246,4.535954913590447e-05
09:24:45,0.60607,0.6062,0.60597,0.60599,0.0017420858640995185,49.27510440212798,0.00022999999999995246,0.00020999999999993246,2.0000000000020002e-05,0.00017855231964845815,0.0003240232751435812,0.0002947659166863742,2.9257358457206986e-05
09:24:50,0.60599,0.6061,0.60599,0.6061,0.0017853627082475843,53.296139112893535,0.00010999999999994348,0.0,0.00010999999999994348,0.00016941201036198953,0.00032222056248465414,0.0003002568458460302,2.1963716638623938e-05
09:24:55,0.60596,0.60596,0.60586,0.60586,0.0017237156927623065,53.679302218539576,0.00010000000000010001,0.00010000000000010001,0.0,0.00017882374231372667,0.00029799085242432355,0.0002998036471616889,-1.8127947373653428e-06
09:25:00,0.6058,0.60587,0.60572,0.60572,0.0016421436567715109,51.760384690452,0.00014999999999998348,0.00014999999999998348,0.0,0.00017498057667189425,0.00026444346303322597,0.00029273161033599633,-2.828814730277036e-05
09:25:05,0.60572,0.60579,0.60549,0.60549,0.001487648798396357,50.68370952730062,0.000300000000000078,0.000300000000000078,0.0,0.0001916498331156521,0.00021679871678059737,0.0002775450316249166,-6.074631484431921e-05
09:25:10,0.60549,0.60549,0.60537,0.60544,0.0012664080991868776,49.921592222677084,0.00012000000000000899,4.999999999999449e-05,7.00000000000145e-05,0.00018209652203356636,0.00017301096724609,0.0002566382187491513,-8.362725150306129e-05
09:25:15,0.60544,0.60549,0.60539,0.60539,0.0011615216879510282,48.82592071060487,9.999999999998899e-05,9.999999999998899e-05,0.0,0.00017115031909575604,0.0001327440869299812,0.00023185939238531728,-9.911530545533609e-05
09:25:20,0.60541,0.60541,0.60515,0.60515,0.0011656847998637865,48.39745695944686,0.000260000000000038,0.000260000000000038,0.0,0.00018299694321632698,8.053790905337976e-05,0.0002015950957189298,-0.00012105718666555003
09:25:25,0.60532,0.60532,0.60525,0.60525,0.001187887997556425,49.25195747176737,7.00000000000145e-05,7.00000000000145e-05,0.0,0.00018126401745415053,4.6695029987220416e-05,0.00017061508257258792,-0.0001239200525853675
09:25:30,0.60525,0.60525,0.60492,0.60498,0.0013353477765032373,51.04228565435278,0.00032999999999994145,0.00026999999999999247,5.999999999994898e-05,0.00020109548179358933,-1.8906448365774153e-06,0.00013611393709075484,-0.00013800458192733225
09:25:35,0.60495,0.60502,0.60482,0.60502,0.001467635405750567,52.835494675394706,0.00019999999999997797,0.0,0.00019999999999997797,0.00020094941755444115,-3.674391548380562e-05,0.00010154236657584274,-0.00013828628205964837
09:25:40,0.60502,0.60511,0.60502,0.60511,0.001552965245146698,52.68212515146843,9.00000000000345e-05,0.0,9.00000000000345e-05,0.00018615616188052028,-5.645238775187078e-05,6.994341571030004e-05,-0.00012639580346217083
09:25:45,0.60511,0.60525,0.60511,0.60525,0.0015882343722051218,50.56928734009764,0.00013999999999991797,0.0,0.00013999999999991797,0.00018000200696310665,-6.0082075280853964e-05,4.3938317512069234e-05,-0.0001040203927929232
09:25:50,0.60525,0.60526,0.60522,0.60523,0.0016211172235940374,49.770515082037086,4.0000000000040004e-05,2.999999999997449e-05,1.0000000000065512e-05,0.00016133507270136443,-6.383659314235235e-05,2.2383335381184913e-05,-8.621992852353726e-05
09:25:55,0.60526,0.60526,0.60518,0.60524,0.0016194137990743762,48.691450516130104,7.999999999996898e-05,2.0000000000020002e-05,5.999999999994898e-05,0.0001504903963411784,-6.525296362469568e-05,4.856075580008796e-06,-7.010903920470448e-05
09:26:00,0.60524,0.60541,0.60524,0.60541,0.0016030641711557436,45.23374585742614,0.00017000000000000348,0.0,0.00017000000000000348,0.00015309167682902176,-5.2057778519798426e-05,-6.5266952399526485e-06,-4.5531083279845776e-05
09:26:05,0.60541,0.60544,0.60538,0.60543,0.0015693163110768182,43.83601626226331,5.999999999994898e-05,9.99999999995449e-06,4.999999999999449e-05,0.00014067945325181206,-3.9530977898882824e-05,-1.3127551771738683e-05,-2.640342612714414e-05
09:26:10,0.60543,0.60564,0.60539,0.60561,0.0014602249286004287,44.9769556623968,0.00024999999999997247,2.999999999997449e-05,0.00021999999999999797,0.0001552555261515668,-1.4907063134339538e-05,-1.3483454044258855e-05,-1.4236090900806824e-06
09:26:15,0.60561,0.60597,0.60561,0.60576,0.0013845630129549757,46.27202485040525,0.00036000000000002697,0.00021000000000004349,0.00014999999999998348,0.00018255478933136148,1.6520870805281085e-05,-7.482589074350868e-06,2.4003459879631955e-05
09:26:20,0.60573,0.60576,0.60555,0.60558,0.001259873009473944,46.15457493613793,0.00020999999999993246,0.00017999999999995797,2.999999999997449e-05,0.0001862141507538376,2.6596649580601373e-05,-6.667413433604198e-07,2.7263390923961794e-05
09:26:25,0.60563,0.60565,0.60558,0.60565,0.0011708224729474193,46.403940153147296,7.00000000000145e-05,0.0,7.00000000000145e-05,0.00017071893065332785,3.9771728112980576e-05,7.420952547907779e-06,3.2350775565072796e-05
09:26:30,0.60565,0.60568,0.60563,0.60563,0.0010099296484098463,45.58297815752218,4.999999999999449e-05,4.999999999999449e-05,0.0,0.00015462307323288343,4.8045402426200035e-05,1.554584252356623e-05,3.249955990263381e-05
09:26:35,0.60563,0.60575,0.60563,0.60575,0.00097276383243039,43.66786784513097,0.00012000000000000899,0.0,0.00012000000000000899,0.0001500066634685002,6.35527495101984e-05,2.5147223920892667e-05,3.8405525589305736e-05
09:26:40,0.60575,0.60581,0.60539,0.60539,0.0009263033491990758,38.07138620540587,0.00041999999999997595,0.00041999999999997595,0.0,0.00018600577500603032,4.626018384079611e-05,2.9369815904873357e-05,1.6890367935922753e-05
09:26:45,0.60536,0.6054,0.60533,0.60533,0.0009225137283248586,32.04331737213876,7.00000000000145e-05,7.00000000000145e-05,0.0,0.00017053833833856154,2.7398371036158053e-05,2.8975526931130297e-05,-1.5771558949722433e-06
09:26:50,0.60533,0.60533,0.60503,0.60503,0.000971637792595681,29.559798234169413,0.000300000000000078,0.000300000000000078,0.0,0.00018779989322676374,-1.162325860892821e-05,2.0855769823118598e-05,-3.247902843204681e-05
09:26:55,0.60507,0.60511,0.60503,0.60511,0.0009962012056334846,28.970485840945006,8.000000000008001e-05,0.0,8.000000000008001e-05,0.0001734265741298726,-3.56815352983153e-05,9.548308798831819e-06,-4.522984409714712e-05
09:27:00,0.60511,0.60516,0.60498,0.60513,0.0009996609951696822,28.510748776332385,0.000180000000000069,3.0000000000085514e-05,0.00014999999999998348,0.00017430303091256545,-5.252854369830473e-05,-2.867061700595491e-06,-4.966148199770924e-05
09:27:05,0.60513,0.60534,0.60513,0.60534,0.0009957298301934703,25.731991797936736,0.00021000000000004349,0.0,0.00021000000000004349,0.00017906262679089587,-4.837701416893214e-05,-1.1969052194262821e-05,-3.640796197466932e-05
09:27:10,0.60534,0.60534,0.60524,0.60524,0.0009401993069784176,24.93948295050621,9.999999999998899e-05,9.999999999998899e-05,0.0,0.00016852094321877494,-5.255029429074298e-05,-2.0085300613558855e-05,-3.246499367718413e-05
09:27:15,0.60521,0.60522,0.60515,0.6052,0.0008978946134388099,25.384778702745784,7.00000000000145e-05,2.0000000000020002e-05,4.999999999999449e-05,0.0001580514841229429,-5.8411977642114365e-05,-2.775063601926996e-05,-3.06613416228444e-05
09:27:20,0.60523,0.60523,0.60475,0.60475,0.0010335101150424908,27.571780121912266,0.00048000000000003595,0.00048000000000003595,0.0,0.00020097795290655528,-9.823623693294703e-05,-4.184775620200537e-05,-5.638848073094166e-05
09:27:25,0.60475,0.60486,0.60472,0.60472,0.0011767770436774683,27.996204639292667,0.00013999999999991797,0.00013999999999991797,0.0,0.0001928475591856703,-0.00013071124079977459,-5.9620453121559224e-05,-7.109078767821536e-05
09:27:30,0.60472,0.60484,0.60472,0.60484,0.0012529443218611824,29.07463206217493,0.00012000000000000899,0.0,0.00012000000000000899,0.0001831345512942488,-0.00014509238353521692,-7.671483920429077e-05,-6.837754433092614e-05
09:27:35,0.60484,0.60487,0.60475,0.60481,0.0013290265531384904,29.332478038142277,0.00012000000000000899,6.0000000000060005e-05,5.999999999994898e-05,0.0001747166111216835,-0.00015709934854413188,-9.2791741072259e-05,-6.430760747187287e-05
09:27:40,0.60481,0.605,0.60475,0.605,0.001347152943296015,27.617888221924936,0.00024999999999997247,0.0,0.00024999999999997247,0.00018475439630545536,-0.00014955951373873955,-0.00010414529560555512,-4.541421813318443e-05
09:27:45,0.605,0.60503,0.60497,0.60503,0.0013533895070874102,25.1135182275931,5.999999999994898e-05,0.0,5.999999999994898e-05,0.00016812047679805453,-0.00013955469144100174,-0.00011122717477264445,-2.8327516668357296e-05
09:27:50,0.60503,0.60507,0.60496,0.60507,0.0013164289814331376,25.1340173145636,0.00010999999999994348,0.0,0.00010999999999994348,0.00016037107989163972,-0.00012693490540793828,-0.00011436872089970321,-1.2566184508235067e-05
09:27:55,0.60507,0.60515,0.60502,0.60502,0.001222931766396762,25.511755104412206,0.00012999999999996348,0.00012999999999996348,0.0,0.00015632160257274955,-0.00011958966101821566,-0.00011541290892340571,-4.176752094809955e-06
09:28:00,0.60493,0.60497,0.60464,0.60464,0.0012533004848245266,25.883429282819634,0.0003300000000000525,0.0003300000000000525,0.0,0.00018614538889638921,-0.00014278538508893934,-0.00012088740415651245,-2.189798093242689e-05
09:28:05,0.60464,0.60472,0.60455,0.60469,0.0012139817045346835,26.7109654891348,0.00017000000000000348,3.0000000000085514e-05,0.00013999999999991797,0.0001839926703768711,-0.00015534288531415807,-0.00012777850038804157,-2.7564384926116503e-05
09:28:10,0.60469,0.60473,0.60469,0.60473,0.0011389302460029782,27.406917693233208,4.0000000000040004e-05,0.0,4.0000000000040004e-05,0.0001647936476599603,-0.00016022021015948962,-0.00013426684234233119,-2.595336781715843e-05
09:28:15,0.60473,0.60482,0.60473,0.60476,0.000948197181357191,28.98332819780285,9.00000000000345e-05,6.0000000000060005e-05,2.999999999997449e-05,0.00015482116130530353,-0.0001598224423299266,-0.00013937796233985027,-2.0444479990076327e-05
09:28:20,0.60476,0.60481,0.60472,0.60472,0.0008991785725092072,30.639372642707862,8.999999999992347e-05,8.999999999992347e-05,0.0,0.00014617833979791955,-0.000160880345684844,-0.00014367843900884902,-1.720190667599497e-05
09:28:25,0.60472,0.60482,0.6047,0.60482,0.0008349093868238455,31.58517697326164,0.00012000000000000899,0.0,0.00012000000000000899,0.00014268789449153147,-0.00015189858511455157,-0.00014532246822998953,-6.576116884562033e-06
09:28:30,0.60482,0.60482,0.60464,0.60464,0.0008687413763275309,30.66286250254237,0.000180000000000069,0.000180000000000069,0.0,0.00014766284189266982,-0.00015748952956673445,-0.00014775588049733852,-9.733649069395937e-06
09:28:35,0.60464,0.60467,0.60463,0.60465,0.000878275822876029,29.708394187908603,4.0000000000040004e-05,2.0000000000020002e-05,2.0000000000020002e-05,0.00013330779630698583,-0.0001592774258802887,-0.00015006018957392856,-9.217236306360144e-06
09:28:40,0.60462,0.60469,0.60455,0.60458,0.0008894113961348538,29.43628806375038,0.00013999999999991797,0.00010999999999994348,2.999999999997449e-05,0.00013420009013271012,-0.00016444711756891106,-0.00015293757517292507,-1.1509542395985996e-05
09:28:45,0.60454,0.60462,0.60454,0.60462,0.0007916697876180212,29.69961962737935,8.000000000008001e-05,0.0,8.000000000008001e-05,0.00012697341144835944,-0.00016343252139816578,-0.0001550365644179732,-8.395956980192563e-06
09:28:50,0.60459,0.60468,0.60442,0.60445,0.0007588467704668922,32.61050749654492,0.000260000000000038,0.00022999999999995246,3.0000000000085514e-05,0.0001447102899219166,-0.0001743363845534418,-0.00015889652844506695,-1.543985610837485e-05
09:28:55,0.60452,0.60452,0.6044,0.6044,0.0007289617707078033,36.019593052271986,0.00011999999999989797,0.00011999999999989797,0.0,0.00014141558459898078,-0.00018488116184534054,-0.00016409345512512167,-2.078770672021886e-05
09:29:00,0.6044,0.6044,0.60397,0.60425,0.0008537323628421412,41.35462964194379,0.00043000000000004146,0.0001500000000000945,0.00027999999999994696,0.00017989350665245554,-0.00020300164363429296,-0.00017187509282695594,-3.1126550807337024e-05
09:29:05,0.60425,0.60438,0.60425,0.60433,0.0009229586293948433,47.00387021155134,0.0001300000000000745,4.999999999999449e-05,8.000000000008001e-05,0.00017324103909880474,-0.0002085034268748398,-0.00017920075963653273,-2.930266723830707e-05
09:29:10,0.6043,0.6043,0.60409,0.60409,0.0010621527296241773,50.72001049443905,0.00020999999999993246,0.00020999999999993246,0.0,0.00018214223388563318,-0.0002295831325261899,-0.00018927723421446416,-4.0305898311725734e-05
09:29:15,0.60401,0.60401,0.60392,0.60392,0.001242779567190766,54.13738071562501,9.00000000000345e-05,9.00000000000345e-05,0.0,0.00018052326936754924,-0.0002570434929934917,-0.0002028304859702697,-5.4213007023222015e-05
09:29:20,0.60395,0.60395,0.60386,0.60392,0.0013369108146434883,57.733496691000674,9.00000000000345e-05,2.999999999997449e-05,6.0000000000060005e-05,0.0001684535001185473,-0.0002756287498497656,-0.00021739013874616888,-5.8238611103596715e-05
09:29:25,0.60392,0.60412,0.60392,0.60406,0.001335229528856896,59.78931579957985,0.00019999999999997797,5.999999999994898e-05,0.000140000000000029,0.00017265970010273805,-0.0002758806889838761,-0.00022908824879371034,-4.679244019016574e-05
09:29:30,0.60411,0.60417,0.6041,0.6041,0.0012781878619831932,61.07034868415609,7.00000000000145e-05,7.00000000000145e-05,0.0,0.00016430507342236542,-0.0002697432545278877,-0.00023721924994054582,-3.25240045873419e-05
09:29:35,0.6041,0.6041,0.60371,0.60371,0.0013386812049234198,63.627556142309686,0.00039000000000000146,0.00039000000000000146,0.0,0.00019439773029938354,-0.0002929718371673662,-0.00024836976738590994,-4.460206978145625e-05
09:29:40,0.60376,0.60376,0.6036,0.60367,0.0014694345493186933,65.92835615952262,0.00015999999999993797,8.999999999992347e-05,7.00000000000145e-05,0.00018981136625945746,-0.00031102304194574604,-0.00026090042229787717,-5.012261964786887e-05
09:29:45,0.60365,0.60366,0.60358,0.60366,0.001558104111106573,68.1896569032189,7.999999999996898e-05,0.0,7.999999999996898e-05,0.00017650318409153442,-0.0003224190224193624,-0.0002732041423221742,-4.921488009718817e-05
09:29:50,0.60379,0.60401,0.60379,0.60401,0.0015250663488568517,66.09746503419419,0.00021999999999999797,0.0,0.00021999999999999797,0.0001996360928793395,-0.0002997529783754782,-0.000278513909532835,-2.123906884264322e-05
09:29:55,0.60401,0.60401,0.60387,0.60387,0.0014906459214554246,63.92360179302049,0.000140000000000029,0.000140000000000029,0.0,0.00019168461382876474,-0.00028974678457038827,-0.0002807604845403457,-8.986300030042584e-06
09:30:00,0.60392,0.60392,0.60381,0.60385,0.0014491522022399561,61.27991249934811,0.0001100000000000545,7.00000000000145e-05,4.0000000000040004e-05,0.00018079333198493672,-0.0002802006579759597,-0.0002806485192274685,4.478612515087946e-07
09:30:05,0.60385,0.60403,0.6037,0.60399,0.0013253337216256877,58.515051103854866,0.00032999999999994145,3.999999999992898e-05,0.00029000000000001247,0.00020068755438693736,-0.00025836023790359874,-0.00027619086296269457,1.783062505909583e-05
09:30:10,0.60399,0.60416,0.60399,0.60416,0.0012391151341919482,52.95895573126201,0.00017000000000000348,0.0,0.00017000000000000348,0.0001965958804686795,-0.00022474326789934107,-0.00026590134395002387,4.11580760506828e-05
09:30:15,0.60416,0.60416,0.60409,0.60411,0.0011321056301814014,47.03773186846595,7.00000000000145e-05,4.999999999999449e-05,2.0000000000020002e-05,0.00017971642973952417,-0.00019983261313361034,-0.00025268759778674114,5.2854984653130806e-05
09:30:20,0.60414,0.60421,0.60407,0.60419,0.0010391575535242392,40.98238366429486,0.000140000000000029,2.0000000000020002e-05,0.00012000000000000899,0.00017442090577425817,-0.00017165665725582535,-0.00023648140968055798,6.482475242473263e-05
09:30:25,0.60419,0.60426,0.60416,0.60424,0.0009176537588035938,35.312690706559486,9.999999999998899e-05,2.0000000000020002e-05,7.999999999996898e-05,0.00016449811833768894,-0.00014363667293837423,-0.00021791246233212125,7.427578939374701e-05
09:30:30,0.6042,0.6042,0.60387,0.60389,0.0008454360444509756,30.665065735471185,0.00032999999999994145,0.00030999999999992145,2.0000000000020002e-05,0.0001918983692259946,-0.0001479670365307495,-0.0002039233771718469,5.5956340641097406e-05
09:30:35,0.60389,0.60404,0.60385,0.60399,0.0007665067720332708,28.888262145580093,0.00019000000000002348,4.999999999999449e-05,0.000140000000000029,0.00019164525332919846,-0.0001416963295273188,-0.00019147796764294132,4.9781638115622506e-05
09:30:40,0.60407,0.60411,0.60394,0.60399,0.0007296286005431529,26.90525294590264,0.00017000000000000348,0.00012000000000000899,4.999999999999449e-05,0.00018875921955197245,-0.00013516860945872455,-0.00018021609600609798,4.5047486547373426e-05
09:30:45,0.60399,0.60399,0.60382,0.60387,0.0006605229188376693,24.441577278764548,0.00017000000000000348,0.00012000000000000899,4.999999999999449e-05,0.0001862579902783766,-0.00013808656542269038,-0.00017179018988941645,3.3703624466726077e-05
09:30:50,0.60384,0.60389,0.60379,0.60389,0.0006526996568860799,21.932856858273794,9.999999999998899e-05,0.0,9.999999999998899e-05,0.00017475692490792494,-0.0001372036355890005,-0.00016487287902933328,2.7669243440332775e-05
09:30:55,0.60389,0.60394,0.60389,0.60391,0.000653205859381778,18.622675807623637,4.999999999999449e-05,3.0000000000085514e-05,1.999999999990898e-05,0.00015812266825353423,-0.00013335286565563376,-0.00015856887635459338,2.521601069895962e-05
09:31:00,0.60391,0.60404,0.60391,0.60404,0.0006567543801021536,17.632391504160886,0.0001300000000000745,0.0,0.0001300000000000745,0.00015437297915307292,-0.00011844581951803157,-0.00015054426498728102,3.209844546924945e-05
09:31:05,0.604,0.60402,0.60376,0.6038,0.0006645425811031558,18.09576780020503,0.000260000000000038,0.00021999999999999797,4.0000000000040004e-05,0.0001711232485993376,-0.0001245619991022684,-0.0001453478118102785,2.07858127080101e-05
09:31:10,0.6038,0.6039,0.60379,0.60389,0.0006502177772782503,17.89753480035225,0.00010999999999994348,9.99999999995449e-06,9.999999999998899e-05,0.00016297348211941838,-0.00012075488055318662,-0.00014042922555886013,1.9674345005673514e-05
09:31:15,0.60389,0.60389,0.6037,0.6037,0.000653205859382,18.559349312448347,0.00019000000000002348,0.00019000000000002348,0.0,0.00016657701783683238,-0.00013155266652686848,-0.0001386539137524618,7.1012472255933216e-06
09:31:20,0.60367,0.60367,0.60318,0.60323,0.000882427274471409,23.036764648230093,0.0004899999999999904,0.00043999999999999595,4.999999999999449e-05,0.00021370008212525006,-0.00017600617215840497,-0.00014612436543365043,-2.9881806724754538e-05
09:31:25,0.60323,0.60324,0.60309,0.60309,0.0011324477448124703,27.73452531539996,0.00014999999999998348,0.00014999999999998348,0.0,0.0002052067378418812,-0.00021999674013573056,-0.00016089884037406645,-5.909789976166411e-05
09:31:30,0.60309,0.60312,0.60302,0.60302,0.0013634260252430863,32.53019023787972,9.999999999998899e-05,9.999999999998899e-05,0.0,0.00019117917279629556,-0.0002575392450736569,-0.00018022692131398454,-7.731232375967235e-05
09:31:35,0.60302,0.60302,0.60284,0.60284,0.0016274733403895958,37.155651571742325,0.00017999999999995797,0.00017999999999995797,0.0,0.00018968861642345056,-0.0002983769427307159,-0.0002038569255973308,-9.452001713338511e-05
09:31:40,0.6028,0.6028,0.60258,0.6027,0.0018920376095057367,41.100704020159014,0.00021999999999999797,9.999999999998899e-05,0.00012000000000000899,0.00019906346756699557,-0.0003381400740264384,-0.00023071355528315234,-0.00010742651874328608
09:31:45,0.60276,0.60284,0.60276,0.60276,0.0020604128354839713,44.387388875068595,8.000000000008001e-05,8.000000000008001e-05,0.0,0.00019118833855806669,-0.0003606537515484787,-0.00025670159453621764,-0.00010395215701226103
09:31:50,0.60281,0.60286,0.60278,0.60278,0.002149301967468542,48.29490154184277,7.999999999996898e-05,7.999999999996898e-05,0.0,0.00017902989341698965,-0.00037258721682575935,-0.00027987871899412596,-9.270849783163339e-05
09:31:55,0.60278,0.60296,0.60278,0.60296,0.0021640079774138954,49.83123235709021,0.000180000000000069,0.0,0.000180000000000069,0.00017915924096140024,-0.0003633318153554166,-0.0002965693382663841,-6.67624770890325e-05
09:32:00,0.60296,0.60296,0.60267,0.60272,0.0021908700506747536,51.58507428652501,0.00029000000000001247,0.00024000000000001798,4.999999999999449e-05,0.0001939380088332152,-0.0003710851980741614,-0.00031147251022793957,-5.961268784622183e-05
09:32:05,0.60264,0.60273,0.60264,0.60273,0.0021573863329200638,54.20761280126343,9.00000000000345e-05,0.0,9.00000000000345e-05,0.00018007960765545778,-0.00037213317373041566,-0.0003236046429284348,-4.852853080198087e-05
09:32:10,0.60273,0.60274,0.60271,0.60274,0.0021780483779840765,58.01569525799942,3.0000000000085514e-05,0.0,3.0000000000085514e-05,0.00016006899330140814,-0.00036791568259242347,-0.0003324668508612325,-3.544883173119096e-05
09:32:15,0.60274,0.60274,0.60256,0.60256,0.002190040614859612,60.990970123953765,0.000180000000000069,0.000180000000000069,0.0,0.0001627264608612296,-0.00037477758346604606,-0.0003409289973821953,-3.384858608385078e-05
09:32:20,0.60256,0.60279,0.60256,0.60276,0.0021204756169557193,63.394286664635025,0.0002300000000000635,3.0000000000085514e-05,0.00019999999999997797,0.0001716962660797408,-0.0003599283310626866,-0.00034472886411829356,-1.5199466944393065e-05
09:32:25,0.60274,0.60281,0.60255,0.60255,0.0020975484437033565,64.58507083406035,0.00025999999999992696,0.00025999999999992696,0.0,0.00018347009726909895,-0.00036094469079150926,-0.0003479720294529367,-1.2972661338572539e-05
09:32:30,0.60255,0.60257,0.60246,0.60246,0.0020527198901378885,63.86818209127695,0.0001100000000000545,0.0001100000000000545,0.0,0.00017367408429989304,-0.0003648071413963061,-0.00035133905184161064,-1.346808955469546e-05
09:32:35,0.60246,0.60246,0.60237,0.60244,0.0019603340209473075,63.37554908441501,9.00000000000345e-05,2.0000000000020002e-05,7.00000000000145e-05,0.00016251753972657858,-0.0003652713731646662,-0.0003541255161062217,-1.1145857058444454e-05
09:32:40,0.60244,0.60245,0.60241,0.60245,0.0017463055740318811,62.930968965617296,4.0000000000040004e-05,0.0,4.0000000000040004e-05,0.0001461818677630401,-0.000360674729984245,-0.0003554353588818264,-5.239371102418579e-06
09:32:45,0.60245,0.60245,0.60227,0.60239,0.0015887644984637905,62.68447846036782,0.000180000000000069,6.0000000000060005e-05,0.00012000000000000899,0.00015069095206131063,-0.00035774944282029875,-0.00035589817566952087,-1.8512671507778787e-06
09:32:50,0.60239,0.60247,0.60239,0.60241,0.0012866586673692115,61.59723021398124,7.999999999996898e-05,5.999999999994898e-05,2.0000000000020002e-05,0.00014126549178646508,-0.00034978519284478704,-0.0003546755791045741,4.890386259787083e-06
09:32:55,0.60241,0.60241,0.602,0.602,0.0011353441398054276,62.093807053923726,0.00041000000000002146,0.00041000000000002146,0.0,0.0001770967595482726,-0.000372265792518256,-0.00035819362178731053,-1.407217073094545e-05
09:33:00,0.602,0.60204,0.6018,0.6019,0.0012128504919366456,63.14416092580925,0.00024000000000001798,0.000140000000000029,9.999999999998899e-05,0.000185483858275172,-0.00039361366072365733,-0.0003652776295745799,-2.833603114907741e-05
09:33:05,0.60187,0.60196,0.60184,0.60196,0.0012588566240845367,65.54283463845519,0.00012000000000000899,0.0,0.00012000000000000899,0.00017675267717181693,-0.00040106724794197746,-0.0003724355532480594,-2.863169469391805e-05
09:33:10,0.60196,0.60214,0.60196,0.60214,0.0012317809101167754,64.72995285144296,0.00017999999999995797,0.0,0.00017999999999995797,0.00017718565354890242,-0.00038797741174045886,-0.00037554392494653933,-1.2433486793919527e-05
09:33:15,0.60214,0.6024,0.60214,0.60216,0.001229687166037552,61.09678073741896,0.000260000000000038,0.00024000000000001798,2.0000000000020002e-05,0.00018822756640905384,-0.00037170500546579444,-0.0003747761410503904,3.0711355845959576e-06
09:33:20,0.60213,0.60218,0.60195,0.60195,0.00129705090595289,58.803219136351174,0.0002300000000000635,0.0002300000000000635,0.0,0.0001937972242211885,-0.0003714721514846975,-0.00037411534313725185,2.6431916525543765e-06
09:33:25,0.60195,0.60205,0.60191,0.60203,0.0013101369956498576,56.11309214570519,0.000140000000000029,2.0000000000020002e-05,0.00012000000000000899,0.00018662426099170056,-0.00036067464877587163,-0.00037142720426497583,1.07525554891042e-05
09:33:30,0.60199,0.60203,0.60193,0.60193,0.0013254814418290906,54.27315724918795,9.999999999998899e-05,9.999999999998899e-05,0.0,0.00017507435952613903,-0.00035608202245107634,-0.00036835816790219594,1.2276145451119603e-05
09:33:35,0.60188,0.60224,0.60188,0.60224,0.001202691717948845,50.86534459257137,0.00036000000000002697,0.0,0.00036000000000002697,0.00019973111158932407,-0.0003236965514280543,-0.00035942584460736763,3.5729293179313315e-05
09:33:40,0.60229,0.60233,0.60224,0.60233,0.0011442690151135526,47.64406629056074,9.00000000000345e-05,0.0,9.00000000000345e-05,0.00018510029671075213,-0.0002874549823765893,-0.000345031672161212,5.7576689784622696e-05
09:33:45,0.60233,0.60255,0.60227,0.60227,0.001072627860125408,45.38248883046565,0.000280000000000058,0.000280000000000058,0.0,0.00019775359048265957,-0.0002605710752009438,-0.0003281395527691583,6.756847756821452e-05
09:33:50,0.6023,0.6023,0.60214,0.60216,0.0009867735835868974,41.686321586299634,0.00015999999999993797,0.00013999999999991797,2.0000000000020002e-05,0.0001927197784182967,-0.00024531364279600787,-0.0003115743707745282,6.626072797852035e-05
09:33:55,0.60216,0.60222,0.60214,0.60222,0.0009440673481782014,37.41952110456082,7.999999999996898e-05,0.0,7.999999999996898e-05,0.00017769047462918636,-0.0002257778921335163,-0.00029441507504632584,6.863718291280955e-05
09:34:00,0.60222,0.60226,0.60216,0.60216,0.000807008771883222,33.91887882715398,9.999999999998899e-05,9.999999999998899e-05,0.0,0.0001673317446786267,-0.0002126854619319829,-0.00027806915242345725,6.538369049147435e-05
09:34:05,0.60221,0.60221,0.60179,0.60192,0.0007780569590849495,29.757079766868603,0.00041999999999997595,0.00029000000000001247,0.00012999999999996348,0.00020102084538813997,-0.00021914939311973303,-0.0002662852005627124,4.7135807442979356e-05
09:34:10,0.60192,0.60199,0.60192,0.60195,0.0007546599094618855,24.413799070688647,7.00000000000145e-05,4.0000000000040004e-05,2.999999999997449e-05,0.00018355139933638992,-0.0002193231352968228,-0.00025689278750953446,3.756965221271167e-05
09:34:15,0.60195,0.60197,0.60179,0.60191,0.0007319936726801757,20.148293207026256,0.00017999999999995797,6.0000000000060005e-05,0.00011999999999989797,0.00018307787942486566,-0.00022015073232672933,-0.00024954437647297344,2.939364414624411e-05
09:34:20,0.60189,0.60214,0.60189,0.60214,0.0006651980314569261,16.904161195773888,0.00024999999999997247,0.0,0.00024999999999997247,0.0001920008288348799,-0.0001999427159560252,-0.0002396240443695838,3.96813284135586e-05
09:34:25,0.60218,0.60241,0.60218,0.60241,0.0006725254837680605,18.15637392538746,0.00022999999999995246,0.0,0.00022999999999995246,0.0002024007183235616,-0.0001602932134895374,-0.00022375787819357455,6.346466470403715e-05
09:34:30,0.60246,0.60262,0.60235,0.60235,0.0006517700595516374,19.248661524692004,0.00026999999999999247,0.00026999999999999247,0.0,0.00021141395588041907,-0.0001321884099787507,-0.00020544398455060977,7.325557457185907e-05
09:34:35,0.60235,0.60248,0.60213,0.60213,0.0006442098383221406,18.23725973332248,0.00034999999999996145,0.00034999999999996145,0.0,0.00022989209509635805,-0.00012621241395205374,-0.00018959767043089858,6.338525647884484e-05
09:34:40,0.60213,0.60242,0.60209,0.60242,0.0006669206533738148,16.91780593194476,0.00032999999999994145,0.0,0.00032999999999994145,0.00024323981575016915,-9.695814454147023e-05,-0.0001710697652530129,7.411162071154268e-05
09:34:45,0.60254,0.60265,0.60254,0.60258,0.0007519238483291169,18.819586372885855,0.0001100000000000545,7.00000000000145e-05,4.0000000000040004e-05,0.00024147450698348838,-6.016966401123369e-05,-0.00014888974500465706,8.872008099342337e-05
09:34:50,0.60265,0.6027,0.6026,0.60264,0.0008603059431337989,20.259293751973278,9.999999999998899e-05,6.0000000000060005e-05,3.999999999992898e-05,0.0002252779060523578,-2.5874761441890826e-05,-0.00012428674829210383,9.8411986850213e-05
09:34:55,0.60264,0.60264,0.60245,0.60247,0.0008937184296975431,18.96041747825566,0.00018999999999991246,0.00017000000000000348,1.999999999990898e-05,0.0002205741852453651,-1.2271920267092895e-05,-0.00010188378268710165,8.961186242000876e-05
09:35:00,0.60247,0.6027,0.60247,0.6027,0.0009589994786245448,19.26793085599584,0.0002300000000000635,0.0,0.0002300000000000635,0.00022183096054599155,1.6873005670547947e-05,-7.813242501557174e-05,9.500543068611969e-05
09:35:05,0.6027,0.60274,0.60249,0.60274,0.0010306686638972273,19.841459103124997,0.0002500000000000835,0.0,0.0002500000000000835,0.00022558683247320382,4.270594757993518e-05,-5.396475049647036e-05,9.667069807640554e-05
09:35:10,0.60269,0.6028,0.60269,0.60275,0.0010545121096869892,20.508344695303524,0.0001100000000000545,4.999999999999449e-05,6.0000000000060005e-05,0.00021017525481011726,6.325647531424394e-05,-3.052050533432751e-05,9.377698064857145e-05
09:35:15,0.60284,0.60284,0.60279,0.6028,0.0011327748882155042,21.045930248519333,4.999999999999449e-05,4.0000000000040004e-05,9.99999999995449e-06,0.00019415188750210622,8.26250486067881e-05,-7.891394546104388e-06,9.051644315289249e-05
09:35:20,0.6028,0.60292,0.60271,0.60292,0.001240685718719714,21.471549023505002,0.00021000000000004349,0.0,0.00021000000000004349,0.00019626496916849787,0.00010643091031903307,1.4973066426923106e-05,9.145784389210996e-05
09:35:25,0.60292,0.60321,0.60292,0.60319,0.0014292935317854472,22.731583801404703,0.00029000000000001247,2.0000000000020002e-05,0.00026999999999999247,0.00020876297327936647,0.000145407800146935,4.106001317092549e-05,0.0001043477869760095
09:35:30,0.60316,0.60328,0.60306,0.60306,0.0015115053493313102,26.06754889940541,0.00021999999999999797,0.00021999999999999797,0.0,0.00021026124350878402,0.00016391781012448092,6.563157256163658e-05,9.828623756284434e-05
09:35:35,0.60306,0.60309,0.60295,0.60295,0.0015491648004495318,26.27389454013397,0.000140000000000029,0.000140000000000029,0.0,0.0002008930777076167,0.00016777701668657663,8.60606613866246e-05,8.171635529995203e-05
09:35:40,0.60295,0.60295,0.60278,0.60278,0.0015305162527736726,23.769048079801543,0.00017000000000000348,0.00017000000000000348,0.0,0.00019677400067993493,0.00015532736921608503,9.99140029525167e-05,5.5413366263568336e-05
09:35:45,0.60278,0.60301,0.60278,0.60299,0.0014629400822370187,23.618217277759346,0.0002300000000000635,2.0000000000020002e-05,0.00021000000000004349,0.00020120413392261873,0.00016055539619264092,0.00011204228160054155,4.8513114592099374e-05
09:35:50,0.60299,0.60299,0.60287,0.6029,0.0013534377282371501,23.600965673681078,0.00012000000000000899,9.00000000000345e-05,2.999999999997449e-05,0.00019037691606627077,0.0001556422504198629,0.00012076227536440582,3.4879975055457087e-05
09:35:55,0.6029,0.60295,0.60278,0.60283,0.0011728059021918202,21.95201077627817,0.00017000000000000348,0.00012000000000000899,4.999999999999449e-05,0.00018765999392410178,0.00014443517324258526,0.0001254968549400417,1.8938318302543557e-05
09:36:00,0.60283,0.60291,0.60268,0.60291,0.0010676013448776,20.999831003946127,0.00022999999999995246,0.0,0.00022999999999995246,0.00019330532806754853,0.00014039048117220343,0.00012847558018647405,1.1914900985729378e-05
09:36:05,0.60286,0.60295,0.60281,0.60281,0.0010270776119936098,20.876277326187154,0.000140000000000029,0.000140000000000029,0.0,0.00018619795099187925,0.00012764446338298097,0.00012830935682577542,-6.648934427944575e-07
09:36:10,0.60272,0.60279,0.6027,0.60275,0.0009571360789826233,21.388641675004425,9.00000000000345e-05,4.0000000000040004e-05,4.999999999999449e-05,0.00017603822419295448,0.00011141730456376564,0.00012493094637337348,-1.3513641809607838e-05
09:36:15,0.6028,0.6028,0.60261,0.60261,0.0007656851077413318,22.338804252375272,0.00019000000000002348,0.00019000000000002348,0.0,0.0001778997943005637,8.626591455351829e-05,0.00011719794000940244,-3.0932025455884153e-05
09:36:20,0.60261,0.60271,0.60261,0.60271,0.0006876320925781609,22.88138816832777,9.999999999998899e-05,0.0,9.999999999998899e-05,0.00016751315506048707,7.355453019164404e-05,0.00010846925804585077,-3.491472785420673e-05
09:36:25,0.60274,0.60274,0.60271,0.60274,0.0006578913684174292,22.618081770880348,3.0000000000085514e-05,0.0,3.0000000000085514e-05,0.00014917806771910018,6.515040249854831e-05,9.980548693639028e-05,-3.465508443784197e-05
09:36:30,0.60274,0.60303,0.60267,0.60267,0.0006517862097072946,22.922078505317444,0.00035999999999991594,0.00035999999999991594,0.0,0.00017728765868987563,5.223947165633458e-05,9.029228388037915e-05,-3.805281222404457e-05
09:36:35,0.6027,0.6027,0.6025,0.6025,0.0006388773047565355,20.125852323067893,0.00019999999999997797,0.00019999999999997797,0.0,0.00018031597086455594,2.7967494823810668e-05,7.782732606906546e-05,-4.9859831245254796e-05
09:36:40,0.6025,0.60254,0.60244,0.60253,0.0006814350183377282,17.53159526016095,9.999999999998899e-05,9.99999999995449e-06,9.00000000000345e-05,0.00016960717474928034,1.1025433261924178e-05,6.446694750763721e-05,-5.3441514245713035e-05
09:36:45,0.60253,0.60253,0.60242,0.60251,0.0007298132421569292,16.456773887663566,0.0001100000000000545,2.0000000000020002e-05,9.00000000000345e-05,0.00016165955144938358,-3.9693492525083585e-06,5.07796881556081e-05,-5.474903740811646e-05
09:36:50,0.60254,0.60258,0.60245,0.60248,0.0007820728193355109,16.45738157124889,0.00012999999999996348,9.999999999998899e-05,2.999999999997449e-05,0.00015743827792279424,-1.80653258750052e-05,3.701068534948545e-05,-5.507601122449065e-05
09:36:55,0.60244,0.60244,0.60234,0.60234,0.0008757697366232886,17.088066734400922,9.999999999998899e-05,9.999999999998899e-05,0.0,0.00015511317419975886,-4.007140071171644e-05,2.159426813724507e-05,-6.166566884896151e-05
09:37:00,0.60234,0.60234,0.60225,0.60229,0.000955857289505424,18.65009918908844,9.00000000000345e-05,4.999999999999449e-05,4.0000000000040004e-05,0.0001464314176397956,-6.084457728505743e-05,5.106499052784571e-06,-6.5951076337842e-05
09:37:05,0.60229,0.60231,0.60225,0.60225,0.0009425139954317707,20.5429633141882,6.0000000000060005e-05,6.0000000000060005e-05,0.0,0.0001349072286211642,-7.9617355770778e-05,-1.1838271911927943e-05,-6.777908385885006e-05
09:37:10,0.60225,0.60241,0.60222,0.60241,0.0009004887561794295,19.950406598612204,0.00019000000000002348,0.0,0.00019000000000002348,0.00014225293147167878,-8.065452004579754e-05,-2.5601521538701865e-05,-5.505299850709568e-05
09:37:15,0.60241,0.60258,0.60241,0.60258,0.0008556905490859634,20.419359114875913,0.00017000000000000348,0.0,0.00017000000000000348,0.00014595254060878872,-6.698671974780801e-05,-3.3878561180523095e-05,-3.3108158567284915e-05
09:37:20,0.60258,0.60258,0.60245,0.60248,0.0008533253837381682,19.866336204223398,0.00012999999999996348,9.999999999998899e-05,2.999999999997449e-05,0.0001438255351942787,-6.349215575662814e-05,-3.9801280095744105e-05,-2.369087566088404e-05
09:37:25,0.60248,0.60264,0.60248,0.60261,0.0007767652222723243,19.217604784693552,0.00015999999999993797,2.999999999997449e-05,0.00012999999999996348,0.00014598213050169993,-4.966032179487545e-05,-4.177308843557038e-05,-7.887233359305073e-06
09:37:30,0.60261,0.60267,0.60256,0.60256,0.0007221342636534178,18.86597530589555,0.0001100000000000545,0.0001100000000000545,0.0,0.00014118451310148056,-4.224608924008333e-05,-4.186768859647297e-05,-3.784006436103579e-07
09:37:35,0.60256,0.60261,0.60246,0.60258,0.000682336542990436,17.39965180176406,0.00014999999999998348,2.999999999997449e-05,0.00012000000000000899,0.00014235991135461428,-3.4360339070560464e-05,-4.036621869129047e-05,6.005879620730008e-06
09:37:40,0.60258,0.60263,0.6024,0.60243,0.0006097592277241048,16.236879853336955,0.00022999999999995246,0.00019999999999997797,2.999999999997449e-05,0.00015404525650732602,-3.9756285928449486e-05,-4.0244232138722276e-05,4.879462102727901e-07
09:37:45,0.60243,0.60243,0.60223,0.60233,0.0005826400893254036,18.104915240778706,0.00019999999999997797,9.999999999998899e-05,9.999999999998899e-05,0.0001601725556396796,-5.1508024510149575e-05,-4.249699061300774e-05,-9.011033897141833e-06
09:37:50,0.6023,0.6024,0.60211,0.60211,0.0006458156817092942,20.32829396711188,0.00029000000000001247,0.00029000000000001247,0.0,0.00017748288155439065,-7.767809861825015e-05,-4.9533212214056225e-05,-2.814488640419392e-05
09:37:55,0.60211,0.60221,0.6021,0.60215,0.0007002074880493314,22.43804103595834,0.0001100000000000545,6.0000000000060005e-05,4.999999999999449e-05,0.00016848516401381252,-9.410561424572084e-05,-5.8447692620389154e-05,-3.565792162533168e-05
09:38:00,0.60215,0.60218,0.6021,0.60211,0.0007271110825177729,25.16955550019637,8.000000000008001e-05,7.00000000000145e-05,1.0000000000065512e-05,0.00015668714214531486,-0.00010909462946107062,-6.857707998852545e-05,-4.0517549472545174e-05
09:38:05,0.60211,0.60211,0.60192,0.60196,0.0007823742542338863,27.955510583734842,0.00019000000000002348,0.00014999999999998348,4.0000000000040004e-05,0.00016112885652594267,-0.0001315607282257325,-8.117380963596686e-05,-5.038691858976564e-05
09:38:10,0.60196,0.602,0.60193,0.602,0.0008122716683238718,29.930530811072355,7.00000000000145e-05,0.0,7.00000000000145e-05,0.00014897834232248557,-0.00014447222180791197,-9.383349207035589e-05,-5.063872973755608e-05
09:38:15,0.60206,0.6023,0.60206,0.6023,0.0008029917742276016,27.97030650582006,0.00023999999999990695,0.0,0.00023999999999990695,0.00016911456334614978,-0.00012901003334031547,-0.00010086880032434782,-2.8141233015967646e-05
09:38:20,0.6023,0.60231,0.60205,0.60205,0.000827045470654042,27.55053541936636,0.000260000000000038,0.000260000000000038,0.0,0.00018123262156666823,-0.00013536860324925293,-0.00010776876090932885,-2.759984233992408e-05
09:38:25,0.60205,0.60209,0.60185,0.60185,0.0009102249577368493,27.973542871233537,0.00024000000000001798,0.00024000000000001798,0.0,0.00018906827202444821,-0.0001547621425996848,-0.00011716743724740004,-3.759470535228475e-05
09:38:30,0.60194,0.60206,0.60194,0.60204,0.0009193384349071021,28.80833385457654,0.00012000000000000899,2.0000000000020002e-05,9.999999999998899e-05,0.00019185916908786093,-0.00015303614473916038,-0.00012434117874575212,-2.8694965993408263e-05
09:38:35,0.60204,0.60204,0.60198,0.60204,0.0009394533684976558,29.37898649588149,6.0000000000060005e-05,0.0,6.0000000000060005e-05,0.00017427794654282082,-0.00014993986556366412,-0.00012946091610933452,-2.04789494543296e-05
09:38:40,0.60204,0.60204,0.60179,0.60179,0.0010268213599577969,31.027078137592657,0.00024999999999997247,0.00024999999999997247,0.0,0.00018437422033710772,-0.0001657483093372436,-0.00013671839475491634,-2.9029914582327267e-05
09:38:45,0.60179,0.60179,0.60149,0.60152,0.0012074505547254866,35.482352875480785,0.000300000000000078,0.00026999999999999247,3.0000000000085514e-05,0.0001997909909588371,-0.00019778343412457655,-0.00014893140262884838,-4.885203149572817e-05
09:38:50,0.60152,0.6017,0.60152,0.6017,0.0012665394211253123,39.99565685445107,0.00017999999999995797,0.0,0.00017999999999995797,0.0001971521921643199,-0.00020626926198796802,-0.00016039897450067231,-4.587028748729571e-05
09:38:55,0.60174,0.60175,0.60165,0.60168,0.0012707213036617926,41.82986988343732,9.999999999998899e-05,7.00000000000145e-05,2.999999999997449e-05,0.00018419856654240912,-0.0002121624973566716,-0.00017075167907187219,-4.14108182847994e-05
09:39:00,0.60168,0.60168,0.60157,0.60157,0.0013103571228769706,43.16141274153099,0.00010999999999994348,0.00010999999999994348,0.0,0.00017430542433674703,-0.0002231368270917411,-0.00018122870867584597,-4.1908118415895124e-05
09:39:05,0.60157,0.60157,0.60152,0.60156,0.0012815303351854102,44.64706097932986,4.999999999999449e-05,1.0000000000065512e-05,3.999999999992898e-05,0.00015773136775851338,-0.00022998979965227484,-0.00019098092687113176,-3.900887278114308e-05
09:39:10,0.60156,0.60158,0.60152,0.60156,0.0012356988221031706,45.9208266539156,5.999999999994898e-05,2.0000000000020002e-05,3.999999999992898e-05,0.00014470051872403814,-0.0002327379713205069,-0.00019933233576100682,-3.340563555950007e-05
09:39:15,0.60151,0.60167,0.60144,0.60161,0.0011302240113308937,44.21656062594769,0.0002300000000000635,6.0000000000060005e-05,0.00017000000000000348,0.00015607378289417484,-0.000228250208709313,-0.00020511591035066805,-2.313429835864496e-05
09:39:20,0.60161,0.60169,0.6016,0.60161,0.0010527237854347504,42.18901434521606,8.999999999992347e-05,7.999999999996898e-05,9.99999999995449e-06,0.00014726394517494134,-0.00022213301340179292,-0.00020851933096089302,-1.36136824408999e-05
09:39:25,0.60161,0.60187,0.60161,0.60185,0.0009624617559038651,42.449485596032396,0.000260000000000038,2.0000000000020002e-05,0.00024000000000001798,0.00016229541915162087,-0.00019566360951817074,-0.0002059481866723486,1.0284577154177855e-05
09:39:30,0.60185,0.60187,0.60177,0.6018,0.0009322186325888548,42.70995684684874,9.999999999998899e-05,7.00000000000145e-05,2.999999999997449e-05,0.00015398936326473662,-0.00017668429183714807,-0.0002000954077053085,2.3411115868160427e-05
09:39:35,0.60188,0.60199,0.60158,0.60158,0.0009104677802898031,42.74529266613301,0.00041000000000002146,0.00041000000000002146,0.0,0.00018812411482944127,-0.0001773508173936733,-0.00019554648964298146,1.8195672249308152e-05
09:39:40,0.60145,0.60163,0.60145,0.60163,0.0008774604504497852,43.37938832757176,0.00017999999999995797,0.0,0.00017999999999995797,0.00018704089951884352,-0.00017186332810148475,-0.00019080985733468215,1.8946529233197405e-05
09:39:45,0.60163,0.60165,0.60154,0.60154,0.0008872808847366631,43.355971276355184,0.0001100000000000545,0.0001100000000000545,0.0,0.000176768779583005,-0.0001727849438630802,-0.00018720487464036177,1.4419930777281582e-05
09:39:50,0.6015,0.60157,0.60146,0.60153,0.0008815751453166154,42.56751109091186,0.0001100000000000545,4.0000000000040004e-05,7.00000000000145e-05,0.00016786627563861162,-0.00017233566910235254,-0.00018423103353275993,1.1895364430407394e-05
09:39:55,0.60153,0.6016,0.60153,0.60153,0.000725197613720141,40.08435745674848,7.00000000000145e-05,7.00000000000145e-05,0.0,0.00015481743888679867,-0.00017001973395802672,-0.0001813887736178133,1.1369039659786583e-05
09:40:00,0.6015,0.60171,0.60148,0.60171,0.0006473915271856256,35.94530451537135,0.00022999999999995246,0.0,0.00022999999999995246,0.0001648417803685525,-0.00015190873367165736,-0.00017549276562858212,2.358403195692476e-05
09:40:05,0.60171,0.60177,0.60166,0.60166,0.0006286459969424563,32.0683325792415,0.0001100000000000545,0.0001100000000000545,0.0,0.00015752954298608614,-0.00013997665386122904,-0.00016838954327511152,2.841288941388248e-05
09:40:10,0.60166,0.60185,0.60161,0.60185,0.00055446892561406,28.771722525035397,0.00024000000000001798,0.0,0.00024000000000001798,0.00016852560392127707,-0.00011387628758408042,-0.00015748689213690531,4.36106045528249e-05
09:40:15,0.60182,0.60182,0.60149,0.60149,0.00045054820408974017,24.712521037775552,0.0003300000000000525,0.0003300000000000525,0.0,0.00019405552339844372,-0.00012084749591301236,-0.00015015901289212673,2.9311516979114375e-05
09:40:20,0.60146,0.60149,0.6014,0.60149,0.0004454731369987197,21.805789937908486,8.999999999992347e-05,0.0,8.999999999992347e-05,0.00018018145361197436,-0.00012493208937969236,-0.00014511362818963986,2.0181538809947507e-05
09:40:25,0.60149,0.60174,0.60148,0.60148,0.00045464155921615124,20.497791380289023,0.000260000000000038,0.000260000000000038,0.0,0.0001908239264637162,-0.0001275062627296153,-0.00014159215509763497,1.4085892368019673e-05
09:40:30,0.60148,0.60148,0.60131,0.60134,0.0005126237976260661,18.74992878572823,0.00017000000000000348,0.000140000000000029,2.999999999997449e-05,0.00018804740293522116,-0.00013923809355675942,-0.00014112134278945987,1.8832492327004453e-06
09:40:35,0.60137,0.60167,0.60127,0.60159,0.0005076094644693718,19.347817273729287,0.00040000000000006697,8.000000000008001e-05,0.00031999999999998696,0.00021630774921053395,-0.0001268999200615406,-0.00013827705824387602,1.1377138182335416e-05
09:40:40,0.60159,0.6016,0.60152,0.60156,0.0005081690559955998,19.377777076524634,7.999999999996898e-05,4.0000000000040004e-05,3.999999999992898e-05,0.0001981333826491253,-0.00011818026937382431,-0.0001342577004698657,1.607743109604138e-05
09:40:45,0.60159,0.60174,0.60157,0.60157,0.0005076094644693718,19.412211171213293,0.00017000000000000348,0.00017000000000000348,0.0,0.0001957155982959178,-0.00010920412972525995,-0.00012924698632094456,2.004285659568461e-05
09:40:50,0.60157,0.60163,0.60118,0.60121,0.0006153509909823107,18.2203931667404,0.00044999999999995044,0.00041999999999997595,2.999999999997449e-05,0.0002296201851897888,-0.0001296449988926751,-0.00012932658883529067,-3.184100573844434e-07
09:40:55,0.60121,0.60149,0.60121,0.60149,0.0006200135821923247,17.153663378915134,0.00027999999999994696,0.0,0.00027999999999994696,0.00023633749383114325,-0.00012184630665756924,-0.0001278305323997464,5.984225742177151e-06
09:41:00,0.60151,0.60154,0.6015,0.6015,0.0006226598294056807,14.965882782940454,3.999999999992898e-05,3.999999999992898e-05,0.0,0.00021149249465365677,-0.00011354993745149589,-0.0001249744134100963,1.1424475958600417e-05
09:41:05,0.60142,0.60143,0.60132,0.6014,0.000580942972106202,14.581949389839806,0.0001100000000000545,2.999999999997449e-05,8.000000000008001e-05,0.00020729349536651175,-0.00011373312468376806,-0.00012272615566483067,8.993030981062605e-06
09:41:10,0.6014,0.6014,0.60106,0.60114,0.0006366325884126223,17.21413648259699,0.00034000000000000696,0.000260000000000038,7.999999999996898e-05,0.00022498769598431112,-0.00013332128419996092,-0.00012484518137185672,-8.476102828104204e-06
09:41:15,0.60104,0.60111,0.60092,0.60092,0.000825210658908393,20.98404814513322,0.00019000000000002348,0.00019000000000002348,0.0,0.0002243226698530694,-0.00016469865949952922,-0.00013281587699739123,-3.188278250213799e-05
09:41:20,0.60092,0.60097,0.60083,0.60083,0.0009964378661257989,24.089910742475777,0.000140000000000029,0.000140000000000029,0.0,0.00021307964720599732,-0.00019458465257482516,-0.00014516963211287802,-4.941502046194713e-05
09:41:25,0.60083,0.60086,0.60071,0.60071,0.0011858818615151367,28.1014024174639,0.00014999999999998348,0.00014999999999998348,0.0,0.0002046690275785288,-0.00022535476506868601,-0.00016120665870403964,-6.414810636464638e-05
09:41:30,0.60071,0.60073,0.60059,0.60059,0.0013810811935417444,31.49689940929731,0.000140000000000029,0.000140000000000029,0.0,0.00019604649056806215,-0.0002564669071642989,-0.0001802587083960915,-7.620819876820738e-05
09:41:35,0.60063,0.60074,0.60063,0.6007,0.0014869693657681982,34.971300152719046,0.0001100000000000545,4.0000000000040004e-05,7.00000000000145e-05,0.00018990695849233313,-0.00026914488849649754,-0.00019803594441617273,-7.11089440803248e-05
09:41:40,0.6007,0.60076,0.6006,0.60071,0.0015296797050350364,39.35830502255442,0.00015999999999993797,4.999999999999449e-05,0.00010999999999994348,0.00018591936402668046,-0.0002752128808395371,-0.00021347133170084563,-6.174154913869147e-05
09:41:45,0.60071,0.60078,0.60071,0.60071,0.0015570228000885145,42.697292547553374,7.00000000000145e-05,7.00000000000145e-05,0.0,0.000170463448823125,-0.0002768306767682027,-0.00022614320071431704,-5.068747605388568e-05
09:41:50,0.60071,0.6009,0.60071,0.6008,0.001477025460349779,44.651024240869425,0.00019000000000002348,9.999999999998899e-05,9.00000000000345e-05,0.00017306832231337813,-0.00026776392797422943,-0.0002344673461662995,-3.329658180792992e-05
09:41:55,0.6008,0.60094,0.60077,0.60094,0.0014557848308316412,44.84009220681287,0.00017000000000000348,0.0,0.00017000000000000348,0.00017265921267159483,-0.0002464408179164712,-0.00023686204051633387,-9.578777400137342e-06
09:42:00,0.60099,0.60124,0.60095,0.60115,0.0014170153956729603,44.5407466408504,0.00029000000000001247,9.00000000000345e-05,0.00019999999999997797,0.00018963798431537778,-0.00021017409843626655,-0.0002315244521003204,2.1350353664053857e-05
09:42:05,0.60115,0.60131,0.60115,0.60131,0.0013882074772868513,44.93398079877634,0.000160000000000049,0.0,0.000160000000000049,0.00018568625307333395,-0.000166601322793003,-0.00021853982623885694,5.193850344585395e-05
09:42:10,0.60131,0.60131,0.60128,0.60128,0.001380799158380519,45.83876795794039,2.999999999997449e-05,2.999999999997449e-05,0.0,0.00016492808599688602,-0.0001329576800778165,-0.00020142339700664888,6.846571692883238e-05
09:42:15,0.60131,0.6017,0.60131,0.6017,0.0014163496446091273,47.571317672791224,0.00039000000000000146,0.0,0.00039000000000000146,0.00019893767453063133,-7.157924000089633e-05,-0.00017545456560549838,0.00010387532560460205
09:42:20,0.60168,0.6017,0.60158,0.60158,0.0014217913089868972,48.034963744097915,0.00012000000000000899,0.00012000000000000899,0.0,0.0001884126512598817,-3.2247650310957e-05,-0.00014681318254659013,0.00011456553223563313
09:42:25,0.60158,0.6019,0.60158,0.60189,0.0015330519955460975,48.68286492399045,0.00031999999999998696,9.99999999995449e-06,0.00031000000000003247,0.00020595763109189572,2.3664537056489188e-05,-0.00011271763862597426,0.00013638217568246345
09:42:30,0.60189,0.60202,0.60189,0.60202,0.0017282921293015896,49.365293899058244,0.00012999999999996348,0.0,0.00012999999999996348,0.00019582994694630475,7.757107089634285e-05,-7.465989672151084e-05,0.00015223096761785368
09:42:35,0.60198,0.60213,0.60198,0.6021,0.0019013081369347873,49.95299863030274,0.0001500000000000945,3.0000000000085514e-05,0.00012000000000000899,0.0001897192873534767,0.0001253033003049131,-3.466725731622605e-05,0.00015997055762113915
09:42:40,0.6021,0.6021,0.60198,0.60198,0.0020106286003180873,50.21611022052229,0.00012000000000000899,0.00012000000000000899,0.0,0.00018042338237301436,0.0001516997387268626,2.6061418923916776e-06,0.00014909359683447091
09:42:45,0.60198,0.60223,0.60193,0.60223,0.0022002669694467514,50.93812992744605,0.000300000000000078,0.0,0.000300000000000078,0.0001963669313899562,0.0001905949569922516,4.0203904912363664e-05,0.00015039105207988792
09:42:50,0.60223,0.60238,0.60223,0.60235,0.0023997368276755804,51.86000568383236,0.00014999999999998348,2.999999999997449e-05,0.00012000000000000899,0.00019018467387129317,0.0002284690458669303,7.7856933103277e-05,0.0001506121127636533
09:42:55,0.60235,0.60246,0.60235,0.60236,0.0025368061146164855,53.2673312984068,0.00010999999999994348,9.999999999998899e-05,9.99999999995449e-06,0.00017949338402177987,0.00025633656226886625,0.00011355285893639486,0.0001427837033324714
09:43:00,0.60236,0.60236,0.60229,0.60231,0.002602764522175116,55.63134813124524,7.00000000000145e-05,4.999999999999449e-05,2.0000000000020002e-05,0.00016489426615221115,0.0002712602681420595,0.0001450943407775278,0.0001261659273645317
09:43:05,0.60231,0.6025,0.60231,0.6025,0.002653949589018767,58.971698238042585,0.00019000000000002348,0.0,0.00019000000000002348,0.00016824169733191947,0.00029501804034304246,0.00017507908069063074,0.00011993895965241172
09:43:10,0.6025,0.60262,0.6025,0.60258,0.0026379577427686485,63.28940575343756,0.00012000000000000899,4.0000000000040004e-05,7.999999999996898e-05,0.00016180947102099807,0.00031665141696379795,0.0002033935479452642,0.00011325786901853375
09:43:15,0.60262,0.60263,0.60236,0.60236,0.0025454553930281953,65.0376126530147,0.00026999999999999247,0.00026999999999999247,0.0,0.000176234874884864,0.00031244222295478963,0.00022520328294716932,8.723894000762031e-05
09:43:20,0.60246,0.60251,0.60239,0.60243,0.002419426639342692,67.2311970271712,0.00012000000000000899,7.999999999996898e-05,4.0000000000040004e-05,0.00017273689156687994,0.00031116787183149697,0.00024239620072403486,6.87716711074621e-05
09:43:25,0.60243,0.60249,0.60243,0.60247,0.0022393645715279575,67.2179394996315,5.999999999994898e-05,2.0000000000020002e-05,3.999999999992898e-05,0.00015770530602462248,0.00030981425916420946,0.0002558798124120698,5.393444675213968e-05
09:43:30,0.60247,0.60251,0.6022,0.60227,0.0019944966387812624,63.845503676871864,0.00031000000000003247,0.00024000000000001798,7.00000000000145e-05,0.00017801126522134383,0.00028926867363665565,0.00026255758465698695,2.6711088979668694e-05
09:43:35,0.60222,0.60227,0.60222,0.60225,0.00174159757270953,60.01863520168197,4.999999999999449e-05,2.0000000000020002e-05,2.999999999997449e-05,0.00016094309652516393,0.000268279754221723,0.00026370201856993415,4.577735651788855e-06
09:43:40,0.60225,0.60225,0.60213,0.60217,0.00151956226384109,55.60460197610664,0.00011999999999989797,7.999999999996898e-05,3.999999999992898e-05,0.0001554840169884618,0.00024239635862055575,0.0002594408865800585,-1.7044527959502744e-05
09:43:45,0.60217,0.60217,0.60166,0.60166,0.00139185449935475,54.01179130604372,0.0005100000000000104,0.0005100000000000104,0.0,0.00020275281472333497,0.00017867123262405027,0.00024328695578885686,-6.461572316480659e-05
09:43:50,0.60166,0.60172,0.60163,0.60167,0.0012264729061335355,52.53783377586767,9.00000000000345e-05,4.999999999999449e-05,4.0000000000040004e-05,0.00018771910609356157,0.00012750572100139745,0.000220130708831365,-9.262498782996754e-05
09:43:55,0.60167,0.6018,0.60164,0.60176,0.0012092346426806344,49.75787138163726,0.000160000000000049,4.0000000000040004e-05,0.00012000000000000899,0.00018402322528109322,9.314521222580918e-05,0.00019473360951025384,-0.00010158839728444466
09:44:00,0.60169,0.60173,0.60168,0.60173,0.0011562898926289478,46.43175585104672,4.999999999999449e-05,0.0,4.999999999999449e-05,0.00017015346191027667,6.276993939902109e-05,0.0001683408754880073,-0.0001055709360889862
09:44:05,0.60173,0.60178,0.60171,0.60171,0.001201295791615653,42.25844092160384,7.00000000000145e-05,7.00000000000145e-05,0.0,0.0001567996669889084,3.6660880182726174e-05,0.00014200487642695108,-0.0001053439962442249
09:44:10,0.60171,0.60171,0.60161,0.60164,0.0012802154423976475,39.88224377001881,9.999999999998899e-05,7.00000000000145e-05,2.999999999997449e-05,0.00014922637805705246,1.0203231164962467e-05,0.00011564454737455336,-0.0001054413162095909
09:44:15,0.60171,0.60171,0.60135,0.60135,0.001456854578591571,38.53927299919218,0.00035999999999991594,0.00035999999999991594,0.0,0.0001773295276494343,-3.377587540065452e-05,8.576046281951179e-05,-0.00011953633822016631
09:44:20,0.6011,0.60115,0.60105,0.60108,0.0017133727894986794,37.857855080442164,9.999999999998899e-05,7.00000000000145e-05,2.999999999997449e-05,0.00019368559062952012,-8.9385991651314e-05,5.073117192534663e-05,-0.00014011716357666064
09:44:25,0.60108,0.60123,0.60108,0.60123,0.0018499684207844425,38.26195184465466,0.0001500000000000945,0.0,0.0001500000000000945,0.00018786084521226339,-0.00011997071530445158,1.659079447938699e-05,-0.00013656150978383856
09:44:30,0.60123,0.60141,0.60117,0.60141,0.0018882952489938098,36.29360195342536,0.00024000000000001798,0.0,0.00024000000000001798,0.00019481273251729735,-0.0001282069436332467,-1.2368753143139746e-05,-0.00011583819049010695
09:44:35,0.60144,0.60148,0.60144,0.60146,0.0018941060938451049,33.771862900887655,4.0000000000040004e-05,2.0000000000020002e-05,2.0000000000020002e-05,0.0001781710348483263,-0.0001292101772968346,-3.573703797387872e-05,-9.347313932295587e-05
09:44:40,0.60142,0.60142,0.60125,0.60135,0.0019144833025632746,35.69857300827496,0.00017000000000000348,6.999999999990347e-05,0.00010000000000010001,0.00018241489686855527,-0.00013729863469935655,-5.6049357318974286e-05,-8.124927738038226e-05
09:44:45,0.60139,0.60139,0.60101,0.60105,0.0019415577034413989,38.40165250152106,0.00037999999999993594,0.00034000000000000696,3.999999999992898e-05,0.0002087595772860727,-0.0001660027123259189,-7.804002832036322e-05,-8.796268400555568e-05
09:44:50,0.60105,0.60118,0.60097,0.60115,0.0018661302487410492,41.50701159644818,0.00021000000000004349,3.0000000000085514e-05,0.00017999999999995797,0.0002089249669812688,-0.00017862268525459246,-9.815655970720907e-05,-8.046612554738339e-05
09:44:55,0.60112,0.60124,0.60112,0.60119,0.00181568719773062,40.839116331633754,0.00012000000000000899,4.999999999999449e-05,7.00000000000145e-05,0.00019706830471710084,-0.00018328365908470978,-0.00011518197958270923,-6.810167950200056e-05
09:45:00,0.60097,0.60126,0.60092,0.60126,0.001690498525039441,40.897576886920696,0.00034000000000000696,0.0,0.00034000000000000696,0.00021612586408815499,-0.0001792626709563594,-0.00012799811785743927,-5.126455309892013e-05
09:45:05,0.60126,0.60126,0.60114,0.60114,0.0015193502766512879,41.94439761264515,0.00012000000000000899,0.00012000000000000899,0.0,0.00020330908220973553,-0.00018364209426380285,-0.000139126913138712,-4.4515181125090854e-05
09:45:10,0.60114,0.60132,0.60114,0.60132,0.0013567701585603942,42.451587891158404,0.00017999999999995797,0.0,0.00017999999999995797,0.00020020120458176521,-0.0001706215046126669,-0.00014542583143350296,-2.5195673179163934e-05
09:45:15,0.60132,0.60144,0.60128,0.60132,0.0011511367379577475,42.222403149104515,0.00015999999999993797,0.00012000000000000899,3.999999999992898e-05,0.0001948410439708549,-0.00015847578332350842,-0.00014803582181150405,-1.0439961512004374e-05
09:45:20,0.60132,0.60153,0.60132,0.60133,0.0009199061737064085,40.23916840794208,0.00021000000000004349,0.00019999999999997797,1.0000000000065512e-05,0.00019686223810808006,-0.00014635619219016682,-0.00014769989588723663,1.3437036970698028e-06
09:45:25,0.60131,0.60131,0.60119,0.60124,0.0008925870147775683,37.86810358043807,0.00012000000000000899,7.00000000000145e-05,4.999999999999449e-05,0.00018928060636033993,-0.000142372396376933,-0.0001466343959851759,4.261999608242892e-06
09:45:30,0.60116,0.60116,0.60112,0.60112,0.0008719826169210076,35.05710254984364,4.0000000000040004e-05,4.0000000000040004e-05,0.0,0.00018004319217896248,-0.00014720136095203173,-0.00014674778897854707,-4.5357197348466554e-07
09:45:35,0.60112,0.60151,0.60112,0.60146,0.0007881330371279915,32.253908374766546,0.00039000000000000146,4.999999999999449e-05,0.00034000000000000696,0.0002080374332217677,-0.0001221847222464545,-0.00014183517563212856,1.9650453385674073e-05
09:45:40,0.60143,0.60143,0.60124,0.60124,0.0006932911593124924,30.78362145763013,0.00019000000000002348,0.00019000000000002348,0.0,0.00020963244212553176,-0.00011874223069940903,-0.00013721658664558466,1.8474355946175624e-05
09:45:45,0.60121,0.60125,0.60098,0.60098,0.0006371515559620011,31.078413963084166,0.00026999999999999247,0.00026999999999999247,0.0,0.00021768144984212653,-0.00013543267486404442,-0.00013685980428927662,1.4271294252321944e-06
09:45:50,0.60087,0.6009,0.60049,0.60052,0.0008390470785368809,32.335850389773555,0.00041000000000002146,0.00037999999999993594,3.0000000000085514e-05,0.00025399058986317507,-0.0001836609980714332,-0.00014622004304570794,-3.744095502572527e-05
09:45:55,0.60052,0.60069,0.60052,0.6006,0.0009885129714566343,32.48191639611661,0.00016999999999989246,8.999999999992347e-05,7.999999999996898e-05,0.0002427918445480707,-0.0002129719521732909,-0.00015957042487122454,-5.340152730206636e-05
09:46:00,0.60066,0.60074,0.60062,0.60062,0.0011036761538749662,31.958470991780462,0.00012000000000000899,0.00012000000000000899,0.0,0.0002290862652749985,-0.00023191390251320332,-0.0001740391203996203,-5.787478211358301e-05
09:46:05,0.60067,0.6007,0.60063,0.60063,0.0011936304638417994,32.06861417051492,7.00000000000145e-05,7.00000000000145e-05,0.0,0.00020920809657166126,-0.0002433138476226615,-0.00018789406584422856,-5.5419781778432944e-05
09:46:10,0.60058,0.60058,0.60048,0.60048,0.001289053508341853,32.02289100975824,9.999999999998899e-05,9.999999999998899e-05,0.0,0.00020131368369543756,-0.0002614384331343089,-0.00020260293930224465,-5.883549383206427e-05
09:46:15,0.60048,0.60048,0.60027,0.6003,0.0014078576483063099,32.71154738952488,0.00021000000000004349,0.000180000000000069,2.999999999997449e-05,0.00020247185920271835,-0.0002870182259638865,-0.00021948599663457302,-6.753222932931346e-05
09:46:20,0.60026,0.60026,0.60022,0.60025,0.0015262475483834859,34.341350577454115,4.0000000000040004e-05,1.0000000000065512e-05,2.999999999997449e-05,0.0001861422779756851,-0.00030777711520690865,-0.00023714422034904018,-7.063289485786847e-05
09:46:25,0.60019,0.60023,0.60012,0.60023,0.0016562176312622245,37.71058398104345,0.0001100000000000545,0.0,0.0001100000000000545,0.00017865664091225555,-0.00032212921230367897,-0.00025414121873996797,-6.7987993563711e-05
09:46:30,0.6005,0.60066,0.60049,0.60066,0.0016566535704940488,37.75875333397541,0.00017000000000000348,0.0,0.00017000000000000348,0.0002121690887906122,-0.000295400750344732,-0.0002623931250609208,-3.300762528381121e-05
09:46:35,0.60066,0.60081,0.60066,0.60078,0.001635521484516289,36.632326827856794,0.00014999999999998348,2.999999999997449e-05,0.00012000000000000899,0.00020387987695186173,-0.00026152060778039665,-0.00026221862160481595,6.980138244192967e-07
09:46:40,0.60075,0.60075,0.60045,0.60045,0.0016350000804759013,35.4585945852722,0.00029999999999996696,0.00029999999999996696,0.0,0.00022069589335827237,-0.00025832083103860537,-0.00026143906349157384,3.1182324529684742e-06
09:46:45,0.60045,0.60057,0.60045,0.60057,0.0016244707640200584,35.25691994511775,0.00012000000000000899,0.0,0.00012000000000000899,0.00020726977424383725,-0.00024329740674200462,-0.00025781073214166,1.451332539965537e-05
09:46:50,0.60057,0.60057,0.60046,0.60047,0.0015746879390092783,35.64940722788503,0.0001100000000000545,0.00010000000000010001,9.99999999995449e-06,0.0001943004710113329,-0.00023673150557812495,-0.000253594886828953,1.6863381250828045e-05
09:46:55,0.60047,0.60047,0.60031,0.60035,0.001523674229582106,35.919575876300385,0.00015999999999993797,0.00011999999999989797,4.0000000000040004e-05,0.00018972707487648023,-0.00023846213565681396,-0.0002505683365945252,1.2106200937711249e-05
09:47:00,0.60038,0.60049,0.60018,0.60024,0.001463289732794859,34.85398823281946,0.00030999999999992145,0.00024999999999997247,5.999999999994898e-05,0.00020576346489293906,-0.00024587545397314337,-0.00024962976007024884,3.754306097105472e-06
09:47:05,0.60024,0.60024,0.60011,0.60016,0.0014207173873554968,34.23742955790813,0.00012999999999996348,7.999999999996898e-05,4.999999999999449e-05,0.00019566166957387564,-0.0002552633762554768,-0.00025075648330729445,-4.506892948182343e-06
09:47:10,0.60011,0.60011,0.60004,0.60004,0.0014197568361100643,34.489387139780625,7.00000000000145e-05,7.00000000000145e-05,0.0,0.00018557344696402676,-0.0002692822512485593,-0.00025446163689554747,-1.4820614353011847e-05
09:47:15,0.60004,0.60037,0.60004,0.60034,0.0011425898559607184,32.082302814921356,0.00032999999999994145,2.999999999997449e-05,0.00029999999999996696,0.00020483032070214873,-0.0002532653327816936,-0.0002542223760727767,9.570432910831184e-07
09:47:20,0.60031,0.60031,0.60018,0.60023,0.0009247474761975294,29.558697369331327,0.00012999999999996348,7.999999999996898e-05,4.999999999999449e-05,0.00019885294460852062,-0.00024660517919317115,-0.0002526989366968556,6.093757503684437e-06
09:47:25,0.60021,0.60028,0.60017,0.60021,0.0007972875067490115,26.385584362763115,0.0001100000000000545,7.00000000000145e-05,4.0000000000040004e-05,0.00018700588532739182,-0.00024017223630556916,-0.00025019359661859834,1.0021360313029173e-05
09:47:30,0.60021,0.60027,0.6001,0.6001,0.0008345663859925523,23.668547731745896,0.00017000000000000348,0.00017000000000000348,0.0,0.0001847384339504067,-0.00024117010456958798,-0.0002483888982087963,7.218793639208305e-06
09:47:35,0.6001,0.60027,0.6001,0.60027,0.000815109937691405,20.65969870961634,0.00017000000000000348,0.0,0.00017000000000000348,0.00018277330942368628,-0.0002256422793681656,-0.00024383957444067017,1.819729507250456e-05
09:47:40,0.60027,0.60043,0.60027,0.60028,0.0007830413042793083,20.414931744520054,0.000160000000000049,0.00014999999999998348,1.0000000000065512e-05,0.0001797368681672013,-0.00021010746156802096,-0.00023709315186614034,2.698569029811938e-05
09:47:45,0.60028,0.60028,0.60003,0.60026,0.0007412393604435685,21.862624178544255,0.0002500000000000835,2.0000000000020002e-05,0.0002300000000000635,0.00018910528574491892,-0.00019713736258986092,-0.00022910199401088445,3.1964631421023534e-05
09:47:50,0.60029,0.60029,0.60024,0.60029,0.000728996426240025,22.738438503718097,4.999999999999449e-05,0.0,4.999999999999449e-05,0.00017055791431226235,-0.00018233586210747443,-0.00021974876763020248,3.741290552272805e-05
09:47:55,0.60029,0.60031,0.60022,0.60022,0.0007347036638545301,23.61425282889194,9.00000000000345e-05,9.00000000000345e-05,0.0,0.00015981685907063198,-0.00017424538894195152,-0.0002106480918925523,3.640270295060077e-05
09:48:00,0.60028,0.60054,0.60027,0.60054,0.0007568883669319959,23.65463610069016,0.00026999999999999247,0.0,0.00026999999999999247,0.00018117461119454597,-0.00014039393117482035,-0.00019659725974900593,5.620332857418558e-05
09:48:05,0.60054,0.60054,0.6005,0.6005,0.00076398952872192,22.713657067216737,3.999999999992898e-05,3.999999999992898e-05,0.0,0.00016235132970193037,-0.00011546308613008538,-0.00018037042502522181,6.490733889513643e-05
09:48:10,0.60053,0.60057,0.60022,0.60032,0.0007053360527899954,21.868181188895843,0.0003500000000000725,0.0002500000000000835,9.999999999998899e-05,0.00018737115240834932,-0.00010897352848970865,-0.0001660910457181192,5.711751722841055e-05
09:48:15,0.60032,0.60059,0.60032,0.60056,0.0006081551048671141,20.43659572266358,0.00026999999999999247,2.999999999997449e-05,0.00024000000000001798,0.0001983883320872351,-8.350195451511944e-05,-0.00014957322747751926,6.607127296239982e-05
09:48:20,0.60052,0.60066,0.60052,0.60057,0.000638471859823575,17.83585968140355,0.00013999999999991797,8.999999999992347e-05,4.999999999999449e-05,0.00019060322114225947,-6.179628311597796e-05,-0.000132017838605211,7.022155548923304e-05
09:48:25,0.60053,0.60073,0.60053,0.60068,0.0006800959684580832,17.39443232625906,0.00019999999999997797,4.999999999999449e-05,0.00014999999999998348,0.00019185612498995528,-3.53112552891055e-05,-0.0001126765219419899,7.73652666528844e-05
09:48:30,0.60068,0.60068,0.60059,0.60059,0.000708549296280836,16.77902535733582,9.00000000000345e-05,9.00000000000345e-05,0.0,0.00017827530832463252,-2.133795707393027e-05,-9.440880896837798e-05,7.307085189444772e-05
09:48:35,0.60059,0.60073,0.60059,0.60066,0.0007651460128952348,15.767136341224553,0.000140000000000029,7.00000000000145e-05,7.00000000000145e-05,0.00017317193388135204,-4.563003120905407e-06,-7.643964779888347e-05,7.187664467797806e-05
09:48:40,0.60066,0.60066,0.60047,0.60047,0.0007641961721118751,15.252481745744664,0.00019000000000002348,0.00019000000000002348,0.0,0.00017541567603050824,-6.524928050977152e-06,-6.24567038493022e-05,5.593177579832505e-05
09:48:45,0.60047,0.60059,0.60047,0.60059,0.0007640777034036983,14.737827150264776,0.00012000000000000899,0.0,0.00012000000000000899,0.00016802691922644168,1.5849590042638084e-06,-4.9648371278589005e-05,5.1233330282852814e-05
09:48:50,0.60059,0.6007,0.60051,0.60051,0.0006976019072859607,14.814783275158941,0.00019000000000002348,0.00019000000000002348,0.0,0.00017095666332958592,1.5390305263540682e-06,-3.941089091760039e-05,4.094992144395446e-05
09:48:55,0.60063,0.60063,0.60063,0.60063,0.0007210985770966793,13.731257470462264,0.0,0.0,0.0,0.000164162441552309,1.1058157439181038e-05,-2.9317081246244105e-05,4.037523868542514e-05
09:49:00,0.60077,0.60103,0.60075,0.60094,0.0008314324987608313,15.427457033534196,0.00027999999999994696,8.999999999992347e-05,0.00019000000000002348,0.0001956074493453286,4.311948869650806e-05,-1.4829767257693673e-05,5.794925595420173e-05
09:49:05,0.60094,0.60101,0.6007,0.6008,0.0008496091980843001,16.370393093734947,0.00031000000000003247,0.00021000000000004349,9.999999999998899e-05,0.00021085978943262244,5.657928396973766e-05,-5.479570122074062e-07,5.712724098194506e-05
09:49:10,0.60063,0.60071,0.60035,0.60035,0.00077977324638967,16.37576132538324,0.00035999999999991594,0.00035999999999991594,0.0,0.0002427451508415995,3.058249355458731e-05,5.678133101151537e-06,2.4904360453435773e-05
09:49:15,0.60035,0.60041,0.60032,0.60036,0.0007612067980971027,16.598496425471414,9.00000000000345e-05,4.999999999999449e-05,4.0000000000040004e-05,0.00022237913072939086,1.066384016878974e-05,6.675274514679178e-06,3.988565654110562e-06
09:49:20,0.60036,0.60039,0.60032,0.60038,0.0007411967563166755,16.00956987636292,7.00000000000145e-05,9.99999999995449e-06,6.0000000000060005e-05,0.00020206191329880734,-3.468026047004358e-06,4.6466144023424716e-06,-8.11464044934683e-06
09:49:25,0.60043,0.60043,0.60017,0.60019,0.0007634685393136387,16.785235993961074,0.000260000000000038,0.00024000000000001798,2.0000000000020002e-05,0.00020978699152563812,-2.9657174494768235e-05,-2.2141433770796696e-06,-2.7443031117688566e-05
09:49:30,0.60016,0.60022,0.60003,0.60003,0.0008556905490801903,19.206857044533034,0.00019000000000002348,0.00019000000000002348,0.0,0.00020714872598888952,-6.260129735846665e-05,-1.4291574173357066e-05,-4.8309723185109576e-05
09:49:35,0.60003,0.60003,0.59989,0.59989,0.0009858450823081455,22.836839093909497,0.00013999999999991797,0.00013999999999991797,0.0,0.0001981955625236933,-9.886690589988589e-05,-3.1206640518662834e-05,-6.766026538122306e-05
09:49:40,0.59986,0.5999,0.59979,0.59979,0.0011591267130204308,26.470341157126633,0.00010999999999994348,0.00010999999999994348,0.0,0.00018643615418719332,-0.00013413065155598591,-5.179144272612745e-05,-8.233920882985846e-05
09:49:45,0.59979,0.59999,0.59979,0.59999,0.0012249683132297129,29.179917139555805,0.00019999999999997797,0.0,0.00019999999999997797,0.00018824466696223128,-0.0001442759719242348,-7.028834856574893e-05,-7.398762335848588e-05
09:49:50,0.59995,0.60006,0.59995,0.60003,0.001270522478516778,29.886429664828018,0.0001100000000000545,3.0000000000085514e-05,7.999999999996898e-05,0.00017781204470060773,-0.00014738953093718088,-8.570858504003532e-05,-6.168094589714556e-05
09:49:55,0.60003,0.60003,0.59981,0.59981,0.0013648273459330174,31.470971196292854,0.00021999999999999797,0.00021999999999999797,0.0,0.0001834371054071931,-0.00016569913379993473,-0.0001017066947920152,-6.399243900791953e-05
09:50:00,0.59981,0.59981,0.59954,0.59955,0.0015295324362956109,35.14730150954191,0.00026999999999999247,0.00025999999999992696,1.0000000000065512e-05,0.00019497882468623302,-0.00019889669577155544,-0.00012114469498792325,-7.775200078363219e-05
09:50:05,0.59958,0.59966,0.59955,0.59963,0.0016033373089627823,38.39447486355296,0.00010999999999994348,2.999999999997449e-05,7.999999999996898e-05,0.00018364831472806106,-0.0002162577862533377,-0.00014016731324100615,-7.609047301233154e-05
09:50:10,0.59963,0.59974,0.59963,0.59965,0.0016596194871418835,37.87888104129474,0.0001100000000000545,9.00000000000345e-05,2.0000000000020002e-05,0.00017382853943099353,-0.000225799862428544,-0.00015729382307851374,-6.850603935003026e-05
09:50:15,0.59965,0.59993,0.59965,0.59987,0.0016304006611216337,35.966929839365186,0.00027999999999994696,5.999999999994898e-05,0.00021999999999999797,0.00018798473417352065,-0.00021315277268063593,-0.00016846561299893817,-4.4687159681697756e-05
09:50:20,0.59987,0.5999,0.59987,0.59988,0.0016252883145027042,36.14840345859632,2.999999999997449e-05,2.0000000000020002e-05,9.99999999995449e-06,0.00016692010295038117,-0.00020001727190732677,-0.0001747759447806159,-2.5241327126710876e-05
09:50:25,0.59988,0.6,0.59984,0.59984,0.0015898308417121587,35.04486940034885,0.00015999999999993797,0.00015999999999993797,0.0,0.00016599742255698875,-0.00019063740922842243,-0.00017794823767017722,-1.2689171558245203e-05
09:50:30,0.59984,0.60009,0.59984,0.60009,0.0015436661760737103,34.81579806942665,0.00024999999999997247,0.0,0.00024999999999997247,0.00017719776621605326,-0.0001611729879360535,-0.0001745931877233525,1.3420199787299e-05
09:50:35,0.60009,0.60012,0.60008,0.60008,0.0014560436662034437,33.73495021592925,4.0000000000040004e-05,4.0000000000040004e-05,0.0,0.0001589047307205848,-0.00013704931896996175,-0.00016708441397267435,3.00350950027126e-05
09:50:40,0.60008,0.60011,0.59997,0.59997,0.001196267880577695,30.809172924993913,0.000140000000000029,0.000140000000000029,0.0,0.00015638409995784406,-0.00012536212170055627,-0.00015873995551825076,3.3377833817694485e-05
09:50:45,0.59997,0.59997,0.5999,0.59995,0.0009363107896065426,27.957370940035087,7.00000000000145e-05,2.0000000000020002e-05,4.999999999999449e-05,0.00014486621996346677,-0.00011637229909111646,-0.0001502664242328239,3.389412514170743e-05
09:50:50,0.59995,0.59995,0.59972,0.59974,0.0008833810645809681,26.190974399372426,0.00022999999999995246,0.00020999999999993246,2.0000000000020002e-05,0.0001562173906349982,-0.00012475494748453997,-0.0001451641288831671,2.0409181398627145e-05
09:50:55,0.59974,0.5998,0.59969,0.59969,0.0008130384855249417,25.868591970754633,0.0001100000000000545,0.0001100000000000545,0.0,0.0001500550718836724,-0.00013388944468750719,-0.00014290919204403512,9.01974735652793e-06
09:51:00,0.59969,0.59972,0.59967,0.5997,0.000695764630496809,26.593698606197815,4.999999999999449e-05,2.0000000000020002e-05,2.999999999997449e-05,0.00013671439563251535,-0.00013872257560498813,-0.00014207186875622572,3.34929315123759e-06
09:51:05,0.59978,0.59985,0.59978,0.59985,0.0006264721609288149,24.501476724662897,7.00000000000145e-05,0.0,7.00000000000145e-05,0.00013848580954817777,-0.00012896252061889157,-0.0001394499991287589,1.0487478509867333e-05
09:51:10,0.59985,0.59985,0.59964,0.59964,0.0006300008354196418,22.48074631455532,0.00021000000000004349,0.00021000000000004349,0.0,0.00014802103494175988,-0.00013659823228939771,-0.00013887964576088667,2.281413471488954e-06
09:51:15,0.59964,0.59996,0.59956,0.59986,0.0006282440022107316,19.110462606429188,0.00040000000000006697,0.00010000000000010001,0.00029999999999996696,0.0001816182302828675,-0.00012347409491120231,-0.0001357985355909498,1.2324440679747494e-05
09:51:20,0.59986,0.59986,0.59975,0.59983,0.0006270901890965686,18.31447104311196,0.00010999999999994348,2.999999999997449e-05,7.999999999996898e-05,0.00017206913291181096,-0.00011417770129684701,-0.00013147436873212924,1.7296667435282232e-05
09:51:25,0.59994,0.60011,0.59994,0.60011,0.0006607523622421674,18.683571887040447,0.00017000000000000348,0.0,0.00017000000000000348,0.0001864599151902439,-8.325684930499122e-05,-0.00012183086484670165,3.857401554171043e-05
09:51:30,0.60014,0.60042,0.60014,0.60042,0.0008270785617860987,20.74290811621452,0.00027999999999994696,0.0,0.00027999999999994696,0.00020293192649820094,-3.335296983220104e-05,-0.00010413528584380153,7.078231601160049e-05
09:51:35,0.60042,0.60042,0.60028,0.60035,0.0009347107630299778,23.869885154427305,0.00013999999999991797,6.999999999990347e-05,7.00000000000145e-05,0.00019454100296509654,5.415564765520742e-07,-8.319991737973082e-05,8.374147385628289e-05
09:51:40,0.60012,0.60016,0.60009,0.60009,0.0008957067189170331,23.914282722026254,7.00000000000145e-05,7.00000000000145e-05,0.0,0.0002032688692364221,6.350184707293316e-06,-6.528989696232599e-05,7.164008166961931e-05
09:51:45,0.60002,0.60002,0.59991,0.59994,0.000855533074815007,23.333009124594856,0.00010999999999994348,7.999999999996898e-05,2.999999999997449e-05,0.0002001663533382269,-1.1370744817940093e-06,-5.24593324662196e-05,5.132225798442559e-05
09:51:50,0.59994,0.60007,0.59994,0.60005,0.0008203593564295453,23.328750939695023,0.00012999999999996348,2.0000000000020002e-05,0.00010999999999994348,0.00019081083955979178,1.784726147646687e-06,-4.1610520743446346e-05,4.339524689109303e-05
09:51:55,0.60009,0.60015,0.59982,0.59982,0.0008255396958782857,23.547894596939877,0.00032999999999994145,0.00032999999999994145,0.0,0.00020936939428514505,-1.4294030922124001e-05,-3.614722277918188e-05,2.185319185705788e-05
09:52:00,0.59982,0.59982,0.59971,0.59974,0.0008441102447314108,23.043486361097514,0.0001100000000000545,7.999999999996898e-05,3.0000000000085514e-05,0.00019612014171379967,-3.311021915719525e-05,-3.5539822054784554e-05,2.4296028975893014e-06
09:52:05,0.59974,0.59977,0.59972,0.59977,0.0008532266928964471,22.259650330559246,4.999999999999449e-05,0.0,4.999999999999449e-05,0.000176637456151959,-4.5081760148724115e-05,-3.744820967357247e-05,-7.633550475151647e-06
09:52:10,0.59974,0.5999,0.59974,0.5999,0.000840901771594682,19.823853253020385,0.00015999999999993797,0.0,0.00015999999999993797,0.00017441912866502288,-4.357704998370071e-05,-3.867397773559812e-05,-4.903072248102592e-06
09:52:15,0.5999,0.59994,0.59973,0.59973,0.0008448357049857247,19.14613951149076,0.00021000000000004349,0.00021000000000004349,0.0,0.00017916324484302563,-5.546279501122964e-05,-4.203174119072443e-05,-1.343105382050521e-05
09:52:20,0.59976,0.59978,0.59966,0.59966,0.0008706295362961303,17.727422773482193,0.00012000000000000899,0.00012000000000000899,0.0,0.0001712748121972901,-6.972697934892746e-05,-4.757078882236504e-05,-2.2156190526562425e-05
09:52:25,0.59972,0.59972,0.59945,0.59963,0.0008992534915712724,19.397587416772296,0.00026999999999999247,9.00000000000345e-05,0.00017999999999995797,0.00018443817057098375,-8.250117529051693e-05,-5.455686611599542e-05,-2.7944309174521504e-05
09:52:30,0.59965,0.59981,0.5995,0.59981,0.0008924926654558796,18.518115486019862,0.00030999999999992145,0.0,0.00030999999999992145,0.00020117974782817545,-7.721028977125677e-05,-5.9087550847047696e-05,-1.8122738924209073e-05
09:52:35,0.59981,0.59995,0.59981,0.59992,0.0008749039044964046,17.566583365510137,0.000140000000000029,2.999999999997449e-05,0.0001100000000000545,0.00019302244811775595,-6.341019097666489e-05,-5.995207887297114e-05,-3.4581121036937525e-06
09:52:40,0.59992,0.59996,0.59991,0.59996,0.0008578455265175755,14.70068747455407,4.999999999999449e-05,0.0,4.999999999999449e-05,0.0001739527883687211,-4.86846413118025e-05,-5.769859136073742e-05,9.013950048934918e-06
09:52:45,0.59996,0.60004,0.59996,0.60001,0.000861294008117186,12.612076326463031,7.999999999996898e-05,2.999999999997449e-05,4.999999999999449e-05,0.00016142574991955417,-3.2604115035139714e-05,-5.267969609561788e-05,2.007558106047817e-05
09:52:50,0.60001,0.60001,0.59976,0.59979,0.0008313312089323066,12.633278696066226,0.0002500000000000835,0.00021999999999999797,3.0000000000085514e-05,0.0001732356499302914,-3.7183712795152424e-05,-4.958049943552479e-05,1.239678664037237e-05
09:52:55,0.59979,0.59979,0.59966,0.59969,0.0008551417241713377,13.767579336206447,0.0001300000000000745,0.00010000000000010001,2.999999999997449e-05,0.00016747089660626248,-4.832517870068109e-05,-4.9329435288556056e-05,1.004256587874963e-06
09:53:00,0.59969,0.59975,0.59962,0.59975,0.0008644657613978701,15.640021068618685,0.00012999999999996348,0.0,0.00012999999999996348,0.00016247477705875595,-5.1717208356505395e-05,-4.980698990214593e-05,-1.9102184543594674e-06
09:53:05,0.59975,0.59985,0.59968,0.59985,0.000844090292001054,15.312065552774254,0.00017000000000000348,0.0,0.00017000000000000348,0.00016347814011758897,-4.5808203575692374e-05,-4.9007232636855214e-05,3.19902906116284e-06
09:53:10,0.59988,0.6,0.59988,0.59998,0.0006910678236178303,14.15981596959925,0.00012000000000000899,2.0000000000020002e-05,9.999999999998899e-05,0.0001616810547685749,-3.0286240245036566e-05,-4.526303415849149e-05,1.4976793913454923e-05
09:53:15,0.59994,0.60002,0.59994,0.60002,0.0005468339495848795,13.2607629630991,7.999999999996898e-05,0.0,7.999999999996898e-05,0.0001507902474660941,-1.4589132333764354e-05,-3.912825379354606e-05,2.453912145978171e-05
09:53:20,0.60002,0.60002,0.59991,0.59995,0.0005093277302874455,13.488461804684704,0.00010999999999994348,7.00000000000145e-05,3.999999999992898e-05,0.00014535154780394066,-7.708616080348563e-06,-3.2844326250906566e-05,2.5135710170558003e-05
09:53:25,0.59998,0.60035,0.59992,0.60035,0.000676075361727202,16.363374803296946,0.00043000000000004146,0.0,0.00043000000000004146,0.00018330467476342078,2.9678781167552515e-05,-2.033970476721475e-05,5.0018485934767266e-05
09:53:30,0.60035,0.60048,0.60035,0.60048,0.0008579510475532626,19.33598434477077,0.00012999999999996348,0.0,0.00012999999999996348,0.0001761973847949598,6.900305216062108e-05,-2.4711533816475833e-06,7.147420554226867e-05
09:53:35,0.60045,0.60045,0.60038,0.60038,0.0009594099063585659,20.6060043292053,7.00000000000145e-05,7.00000000000145e-05,0.0,0.0001660377334889637,9.104909864032784e-05,1.6232897022747504e-05,7.481620161758033e-05
09:53:40,0.60038,0.60048,0.60034,0.60044,0.0010497739104948778,22.357087175644757,0.000140000000000029,4.0000000000040004e-05,9.999999999998899e-05,0.00016256603569043905,0.00011207037039928647,3.54003916980553e-05,7.666997870123116e-05
09:53:45,0.60044,0.6005,0.60039,0.60039,0.0011035998512036738,25.29469298291388,0.0001100000000000545,0.0001100000000000545,0.0,0.00015555723093172114,0.00012327426855329726,5.2975167069103696e-05,7.029910148419357e-05
09:53:50,0.60039,0.60039,0.60006,0.60009,0.0011044331720735379,25.723750652074596,0.00032999999999994145,0.00029999999999996696,2.999999999997449e-05,0.00017881626680748387,0.00010671579253673791,6.372329216263054e-05,4.299250037410737e-05
09:53:55,0.60005,0.60005,0.59995,0.59995,0.001077345666073759,26.18341092237847,9.999999999998899e-05,9.999999999998899e-05,0.0,0.0001736407645664899,8.135840201040079e-05,6.72503141321846e-05,1.4108087878216186e-05
09:54:00,0.59995,0.60008,0.59995,0.6,0.0010274219140504748,26.412016895717805,0.00012999999999996348,7.999999999996898e-05,4.999999999999449e-05,0.0001678219959576197,6.455294331320083e-05,6.671083996838784e-05,-2.157896655187016e-06
09:54:05,0.60005,0.6001,0.59999,0.6,0.0009596029880811763,25.634672493552785,0.00010999999999994348,9.999999999998899e-05,9.99999999995449e-06,0.0001601123964965962,5.065062731601788e-05,6.349879743791386e-05,-1.2848170121895977e-05
09:54:10,0.6,0.60004,0.59997,0.59997,0.000937658898813476,24.75990988644019,7.00000000000145e-05,7.00000000000145e-05,0.0,0.00014809741029705198,3.678812187868363e-05,5.8156662326067814e-05,-2.136854044738418e-05
09:54:15,0.59993,0.59999,0.59993,0.59995,0.0009345756143539496,25.535844487756616,6.0000000000060005e-05,4.0000000000040004e-05,2.0000000000020002e-05,0.00013635108892411972,2.3912505118572902e-05,5.130783088456883e-05,-2.739532576599593e-05
09:54:20,0.59995,0.59995,0.59975,0.59975,0.0009698160433257996,27.833266663852328,0.00019999999999997797,0.00019999999999997797,0.0,0.00014483761040090081,-2.402151945579689e-06,4.056583431853913e-05,-4.296798626411882e-05
09:54:25,0.59975,0.59975,0.59953,0.59953,0.0010717796317083472,31.059874898636508,0.00021999999999999797,0.00021999999999999797,0.0,0.0001548592623474471,-4.0541531104665296e-05,2.4344361233898245e-05,-6.488589233856354e-05
09:54:30,0.59962,0.5998,0.59962,0.59977,0.0010754661168157487,33.918967532411195,0.00017999999999995797,2.999999999997449e-05,0.00014999999999998348,0.00017021136070111982,-5.0815500176826234e-05,9.31238895175335e-06,-6.012788912857958e-05
09:54:35,0.59984,0.59985,0.59977,0.59977,0.0010573671373537152,33.566667194308835,7.999999999996898e-05,7.999999999996898e-05,0.0,0.00015818317927429972,-5.8285812125857817e-05,-4.207251263768884e-06,-5.407856086208893e-05
09:54:40,0.59977,0.59977,0.59947,0.59951,0.0011281116032870742,34.093641950321064,0.000300000000000078,0.000260000000000038,4.0000000000040004e-05,0.0001770920887044035,-8.42151355945342e-05,-2.0208828129921947e-05,-6.400630746461225e-05
09:54:45,0.59951,0.59957,0.59951,0.59956,0.0011901065852299997,34.459618007787775,6.0000000000060005e-05,1.0000000000065512e-05,4.999999999999449e-05,0.00016147981021049103,-9.95818119805536e-05,-3.608342490004828e-05,-6.349838708050532e-05
09:54:50,0.59952,0.5997,0.5995,0.5997,0.001218496053164042,33.57768986716788,0.00019999999999997797,0.0,0.00019999999999997797,0.00016661583551575595,-9.931830416920473e-05,-4.8730400753879574e-05,-5.0587903415325156e-05
09:54:55,0.5997,0.59982,0.5997,0.5998,0.0012279619400914488,31.171400388722645,0.00012000000000000899,2.0000000000020002e-05,9.999999999998899e-05,0.00016040039078032303,-9.000281167692581e-05,-5.6984882938488824e-05,-3.3017928738436985e-05
09:55:00,0.5998,0.5998,0.59948,0.59956,0.001280912503687226,32.73050131263485,0.00031999999999998696,0.00024000000000001798,7.999999999996898e-05,0.00018168033867627822,-0.00010082397497590545,-6.575270134597215e-05,-3.5071273629933304e-05
09:55:05,0.59956,0.59956,0.59924,0.59937,0.001320878495546518,34.618370572771106,0.00031999999999998696,0.00019000000000002348,0.00012999999999996348,0.00020012296018610606,-0.0001233097983585063,-7.726412074847899e-05,-4.604567761002732e-05
09:55:10,0.59937,0.59937,0.59915,0.59915,0.0013628206044806745,37.17811970723792,0.00021999999999999797,0.00021999999999999797,0.0,0.00020277323216129166,-0.00015707151413291154,-9.32255994253655e-05,-6.384591470754604e-05
09:55:15,0.59909,0.5992,0.59905,0.59905,0.0014299930069747724,40.33158066068679,0.00014999999999998348,0.00014999999999998348,0.0,0.0001957368012064506,-0.00018971022006286642,-0.00011252252355286568,-7.718769651000074e-05
09:55:20,0.59905,0.59911,0.59905,0.59911,0.0013961088782743492,43.288512973274784,6.0000000000060005e-05,0.0,6.0000000000060005e-05,0.00017763856104559852,-0.00020833359114680317,-0.0001316847370716532,-7.664885407514997e-05
09:55:25,0.599,0.59908,0.599,0.59908,0.0013406848210784084,46.03498755262501,7.999999999996898e-05,0.0,7.999999999996898e-05,0.000168620086239526,-0.00022294354181207066,-0.0001499364980197367,-7.300704379233395e-05
09:55:30,0.5991,0.5991,0.59887,0.59908,0.0013553542943283148,47.785720453921435,0.00022999999999995246,2.0000000000020002e-05,0.00020999999999993246,0.0001768040747409162,-0.00023184941721277053,-0.00016631908185834349,-6.553033535442704e-05
09:55:35,0.59911,0.59933,0.59906,0.59933,0.0013271322466115176,45.43567416326393,0.00026999999999999247,0.0,0.00026999999999999247,0.00018923019810879304,-0.00021624177637613595,-0.000176303620761902,-3.993815561423395e-05
09:55:40,0.59933,0.5994,0.59924,0.5994,0.0012635522191513093,43.107316833101585,0.000160000000000049,0.0,0.000160000000000049,0.0001853328383609605,-0.0001959652284116986,-0.00018023594229186132,-1.5729286119837293e-05
09:55:45,0.5994,0.59943,0.59922,0.59922,0.0012063760433176363,41.20857055324063,0.00021000000000004349,0.00021000000000004349,0.0,0.00018862179324617158,-0.00019220479649184607,-0.00018262971313185827,-9.575083359987806e-06
09:55:50,0.59919,0.59925,0.59917,0.59922,0.0011358632237878918,38.27059382121346,7.999999999996898e-05,2.999999999997449e-05,4.999999999999449e-05,0.00017413888748001125,-0.00018706822109604282,-0.0001835174147246952,-3.5508063713476294e-06
09:55:55,0.59922,0.59922,0.59905,0.59913,0.0010636560583772159,36.448858808788586,0.00017000000000000348,8.999999999992347e-05,8.000000000008001e-05,0.0001735870358160102,-0.00018809149426346483,-0.00018443223063244915,-3.659263631015686e-06
09:56:00,0.59913,0.59919,0.5991,0.59919,0.0010278050193937016,36.92672301657945,9.00000000000345e-05,0.0,9.00000000000345e-05,0.00016244209770721344,-0.0001819633864115211,-0.00018393846178826355,1.9750753767424527e-06
09:56:05,0.59919,0.59929,0.5991,0.59925,0.0010230912908777423,37.26940895370463,0.00019000000000002348,4.0000000000040004e-05,0.00014999999999998348,0.0001661164846795881,-0.00017030218069946645,-0.00018121120557050417,1.0909024871037711e-05
09:56:10,0.5992,0.59923,0.5992,0.59923,0.00095361693732543,37.0604487670925,3.0000000000085514e-05,0.0,3.0000000000085514e-05,0.00015063428672230898,-0.0001608205844213506,-0.00017713308134067345,1.6312496919322845e-05
09:56:15,0.59923,0.59926,0.59911,0.59915,0.0008736107768736456,36.60134478320058,0.00014999999999998348,0.0001100000000000545,3.999999999992898e-05,0.00015054971515933226,-0.00015794103651778357,-0.00017329467237609547,1.53536358583119e-05
09:56:20,0.59917,0.59952,0.59917,0.59952,0.0008756351078511582,33.61452767080656,0.0003500000000000725,0.0,0.0003500000000000725,0.0001798097531381003,-0.00012436941310023375,-0.00016350962052092313,3.9140207420689383e-05
09:56:25,0.59952,0.5996,0.59952,0.59955,0.0008732251171714722,31.007519033777687,7.999999999996898e-05,4.999999999999449e-05,2.999999999997449e-05,0.00016650178605301613,-9.425638149851423e-05,-0.00014965897271644138,5.540259121792715e-05
09:56:30,0.59948,0.59948,0.59932,0.59932,0.0007905201485471913,27.5613158878111,0.000160000000000049,0.000160000000000049,0.0,0.00017496821457928913,-8.79369820213638e-05,-0.00013731457457742587,4.937759255606208e-05
09:56:35,0.59938,0.59947,0.59935,0.59943,0.000643294153880758,24.030542764835946,0.00011999999999989797,3.999999999992898e-05,7.999999999996898e-05,0.0001716391193020484,-7.320882594075151e-05,-0.000124493424850091,5.1284598909339486e-05
09:56:40,0.59941,0.59945,0.59936,0.59945,0.0006076390895539685,19.924780451244715,9.00000000000345e-05,0.0,9.00000000000345e-05,0.00016075390339511322,-5.923994210610406e-05,-0.00011144272830129362,5.220278619518956e-05
09:56:45,0.59933,0.59933,0.59907,0.59907,0.0006216141974910716,21.17174445969164,0.000260000000000038,0.000260000000000038,0.0,0.00018998671627577104,-7.793395115751611e-05,-0.00010474097287253812,2.680702171502201e-05
09:56:50,0.59905,0.59906,0.59902,0.59906,0.0006383663360043368,23.41981712909245,4.0000000000040004e-05,0.0,4.0000000000040004e-05,0.00017132182077233418,-9.248983914766917e-05,-0.00010229074612756434,9.800906979895167e-06
09:56:55,0.59906,0.59906,0.59899,0.59901,0.000649404585590263,26.15534569932608,7.00000000000145e-05,4.999999999999449e-05,2.0000000000020002e-05,0.00015781224466935822,-0.00010682861362254492,-0.00010319831962656047,-3.630293995984449e-06
09:57:00,0.59901,0.59901,0.59877,0.5988,0.0007526486564102264,29.456140559345705,0.00024000000000001798,0.00021000000000004349,2.999999999997449e-05,0.00016877061204677952,-0.0001335974128422457,-0.00010927813826969752,-2.4319274572548165e-05
09:57:05,0.59876,0.59876,0.59864,0.59867,0.000894841356122722,32.22094141122081,0.00012000000000000899,8.999999999992347e-05,3.0000000000085514e-05,0.00016760119710721545,-0.00016341801151464885,-0.0001201061129186878,-4.331189859596105e-05
09:57:10,0.59871,0.59887,0.59871,0.59887,0.0009380180673808081,32.928090467073424,0.000160000000000049,0.0,0.000160000000000049,0.00017192103749291712,-0.00016896499894736294,-0.00012987789012442285,-3.9087108822940094e-05
09:57:15,0.59891,0.59891,0.59864,0.59889,0.0009662319651730922,35.508098926094256,0.0002700000000001035,2.0000000000020002e-05,0.0002500000000000835,0.0001849982324938753,-0.00016978996062311236,-0.00013786030422416074,-3.192965639895162e-05
09:57:20,0.59885,0.59885,0.59854,0.59854,0.0010928494864326233,37.53584307657004,0.00031000000000003247,0.00031000000000003247,0.0,0.00020699846816136825,-0.0001964215977124928,-0.00014957256292182715,-4.684903479066564e-05
09:57:25,0.59857,0.59861,0.59855,0.59855,0.0012042381299728344,38.63120954605336,5.999999999994898e-05,5.999999999994898e-05,0.0,0.00018873200573985441,-0.0002142506968826341,-0.00016250818971398856,-5.1742507168645534e-05
09:57:30,0.59865,0.59882,0.59865,0.59869,0.0012503321663910327,38.927175736963406,0.00017000000000000348,0.00012999999999996348,4.0000000000040004e-05,0.00019956773830787284,-0.00021460966977226992,-0.00017292848572564485,-4.1681184046625064e-05
09:57:35,0.59877,0.59877,0.59852,0.59852,0.0013408308500393318,39.46037202918732,0.00024999999999997247,0.00024999999999997247,0.0,0.00020629203986681946,-0.00022600647565695908,-0.00018354408371190772,-4.246239194505137e-05
09:57:40,0.59858,0.59877,0.59848,0.59873,0.0013599071175698363,41.107577099738656,0.00029000000000001247,4.0000000000040004e-05,0.00024999999999997247,0.00021745310121791187,-0.00021560788795238484,-0.00018995684456000315,-2.565104339238169e-05
09:57:45,0.59878,0.59891,0.59874,0.59891,0.001344343314546137,40.95455016004748,0.00017000000000000348,0.0,0.00017000000000000348,0.00021245935438886617,-0.00019064480199626477,-0.00019009443604725549,-5.503659490092817e-07
09:57:50,0.59891,0.59891,0.59876,0.59887,0.001330516322412656,40.910845130540295,0.0001500000000000945,4.0000000000040004e-05,0.0001100000000000545,0.00020413144047036328,-0.00017210512152365798,-0.000186496573142536,1.4391451618878028e-05
09:57:55,0.59887,0.5989,0.59872,0.59875,0.0013355700537287518,38.91825479129535,0.00017999999999995797,0.00014999999999998348,2.999999999997449e-05,0.00020091391507430926,-0.0001651910684864477,-0.00018223547221131835,1.704440372487064e-05
09:58:00,0.59878,0.59885,0.59878,0.59878,0.00123445960902413,37.4725990403341,7.00000000000145e-05,7.00000000000145e-05,0.0,0.00018745872639773322,-0.00015549839367401397,-0.0001768880565038575,2.1389662829843524e-05
09:58:05,0.59878,0.59881,0.59877,0.59877,0.0010894634121032531,35.97548015869736,3.999999999992898e-05,3.999999999992898e-05,0.0,0.00016779756287802597,-0.00014693007701260807,-0.0001708964606056076,2.3966383592999535e-05
09:58:10,0.59874,0.59879,0.59874,0.59879,0.0010111692033929476,33.84881498199299,4.999999999999449e-05,0.0,4.999999999999449e-05,0.00015209122116095511,-0.00013694714997580792,-0.00016410659847964767,2.715944850383974e-05
09:58:15,0.59881,0.59881,0.59855,0.59866,0.000868528095473664,32.96781318611569,0.00025999999999992696,0.00014999999999998348,0.00010999999999994348,0.0001664790583394847,-0.00013793548748286533,-0.00015887237628029122,2.0936888797425893e-05
09:58:20,0.59866,0.59868,0.59846,0.59849,0.0006865811563143698,34.19294555095064,0.00021999999999999797,0.00019000000000002348,2.999999999997449e-05,0.0001736151838942198,-0.00015069916515952908,-0.0001572377340561388,6.5385688966097225e-06
09:58:25,0.59849,0.59856,0.59848,0.59848,0.0006728759954541808,34.96283500495685,7.999999999996898e-05,7.999999999996898e-05,0.0,0.00016113315937498634,-0.00015977954892143487,-0.00015774609702919802,-2.0334518922368453e-06
09:58:30,0.59858,0.59858,0.59853,0.59855,0.000622308097662394,34.74075912987194,4.999999999999449e-05,2.999999999997449e-05,2.0000000000020002e-05,0.00015298207145832002,-0.00015948891455919156,-0.00015809466053519675,-1.3942540239948124e-06
09:58:35,0.59858,0.59872,0.59853,0.59853,0.0005778508275864347,31.53603879229865,0.00019000000000002348,0.00019000000000002348,0.0,0.00015791779526388048,-0.00015903911368220225,-0.00015828355116459788,-7.55562517604371e-07
09:58:40,0.59851,0.59869,0.59848,0.59869,0.000568843702513977,31.95779717643351,0.00021000000000004349,0.0,0.00021000000000004349,0.00016486208922870222,-0.00014411076127218703,-0.0001554489931861157,1.1338231913928686e-05
09:58:45,0.59869,0.59889,0.59869,0.5988,0.0005774863862557655,31.20179867035068,0.00019999999999997797,9.00000000000345e-05,0.00010999999999994348,0.00016954714399820565,-0.00012199754201902557,-0.0001487587029526977,2.6761160933672134e-05
09:58:50,0.59891,0.59899,0.59882,0.59886,0.0005749691067173934,31.084476727660142,0.00017000000000000348,0.0001300000000000745,3.999999999992898e-05,0.0001722741914651147,-9.849576007392447e-05,-0.00013870611437694308,4.0210354303018615e-05
09:58:55,0.5989,0.59894,0.5989,0.5989,0.0005779236882743621,32.164395736616605,4.0000000000040004e-05,4.0000000000040004e-05,0.0,0.0001599709659364434,-7.576934105635313e-05,-0.00012611875971282508,5.0349418656471946e-05
******
08:01:35,0.63852,0.63852,0.63836,0.63836,0.0005721096692805627,48.62843371472251,0.00015999999999993797,0.00015999999999993797,0.0,0.00018314512951808024,2.252929023316419e-05,-7.586596720054549e-06,3.0115886953218738e-05
08:01:40,0.63836,0.63866,0.63836,0.63866,0.0007024888086764047,53.46594328717844,0.00029999999999996696,0.0,0.00029999999999996696,0.00019872577891566517,5.519697018063763e-05,4.970116660083886e-06,5.0226853520553744e-05
08:01:45,0.63866,0.63868,0.63828,0.63831,0.0007058820536633981,56.31997866693287,0.00040000000000006697,0.00036999999999998145,3.0000000000085514e-05,0.00022556234172691874,5.224205310028207e-05,1.4424503948123525e-05,3.781754915215855e-05
08:01:50,0.63828,0.63828,0.63817,0.63817,0.0007024288688468605,54.772129511735955,0.00010999999999994348,0.00010999999999994348,0.0,0.00021415402949666676,3.8163504925137204e-05,1.917230414352626e-05,1.8991200781610943e-05
08:01:55,0.63817,0.63826,0.63809,0.63826,0.0006995938671452429,49.56301491819134,0.00017000000000000348,0.0,0.00017000000000000348,0.00020826682556377834,3.387787880582138e-05,2.2113419075985285e-05,1.1764459729836097e-05
08:02:00,0.63821,0.63825,0.63805,0.63805,0.000685967622375383,44.867944636277244,0.00019999999999997797,0.00019999999999997797,0.0,0.0002084979154886137,1.3381985079385927e-05,2.0367132276665414e-05,-6.985147197279486e-06
08:02:05,0.63805,0.63812,0.63802,0.63812,0.0006868969125137792,38.795476809098595,9.999999999998899e-05,0.0,9.999999999998899e-05,0.00019403152675679706,2.7554930134288114e-06,1.6844804424018093e-05,-1.4089311410589281e-05
08:02:10,0.63812,0.63825,0.63812,0.63816,0.0006878065823594515,33.77099622517438,0.00012999999999996348,9.00000000000345e-05,3.999999999992898e-05,0.00018549398985588593,-2.4106246223620786e-06,1.2993718614742059e-05,-1.5404343237104138e-05
08:02:15,0.63816,0.63817,0.6381,0.63815,0.0006871420599310341,28.329714657812822,7.00000000000145e-05,2.0000000000020002e-05,4.999999999999449e-05,0.00017009479120843642,-7.22840197675545e-06,8.949294496442557e-06,-1.6177696473198007e-05
08:02:20,0.63811,0.63811,0.63783,0.63789,0.0007391460221806145,26.332622480407515,0.00027999999999994696,0.00021999999999999797,5.999999999994898e-05,0.00019008215238064315,-3.166137965338045e-05,8.271596664779556e-07,-3.2488539319858403e-05
08:02:25,0.63782,0.63782,0.63777,0.63781,0.0008101565800577859,28.52529823852507,5.0000000000105516e-05,1.0000000000065512e-05,4.0000000000040004e-05,0.0001807378653965586,-5.682497891978944e-05,-1.0703268050775524e-05,-4.612171086901391e-05
08:02:30,0.63781,0.63805,0.63781,0.63803,0.0008190649354120616,28.79135673556998,0.00024000000000001798,2.0000000000020002e-05,0.00021999999999999797,0.00018863948334368652,-5.834261391290951e-05,-2.0231137223202324e-05,-3.8111476689707186e-05
08:02:35,0.63795,0.6381,0.63795,0.63807,0.0008216133038438933,27.032514951846963,0.00014999999999998348,2.999999999997449e-05,0.00012000000000000899,0.0001834875522311928,-5.567588789423539e-05,-2.7320087357408937e-05,-2.835580053682645e-05
08:02:40,0.63807,0.63808,0.63801,0.63807,0.0008261617020264289,23.753648128117444,7.00000000000145e-05,9.99999999995449e-06,6.0000000000060005e-05,0.00016835587860036902,-5.2952089584556994e-05,-3.244648780283855e-05,-2.0505601781718445e-05
08:02:45,0.63807,0.63811,0.63803,0.63803,0.0008335365366289871,20.310024036388338,7.999999999996898e-05,7.999999999996898e-05,0.0,0.00015657509478698235,-5.3405500144321216e-05,-3.663829027113508e-05,-1.6767209873186135e-05
08:02:50,0.63803,0.63809,0.63794,0.63796,0.0008503398701329434,15.776221133731337,0.0001500000000000945,0.0001300000000000745,2.0000000000020002e-05,0.00015569841548206397,-5.8736172233730954e-05,-4.105786666365426e-05,-1.7678305570076697e-05
08:02:55,0.63798,0.63798,0.63777,0.63777,0.0008843814371166658,14.245278196489691,0.00021000000000004349,0.00021000000000004349,0.0,0.00016293862675112792,-7.739996179401132e-05,-4.832628568972567e-05,-2.9073676104285646e-05
08:03:00,0.63781,0.6379,0.63781,0.63783,0.0009268736358549745,13.973477814547943,9.00000000000345e-05,7.00000000000145e-05,2.0000000000020002e-05,0.00015854680985098746,-8.635421330926984e-05,-5.593187121363451e-05,-3.0422342095635336e-05
08:03:05,0.63786,0.63786,0.6378,0.63783,0.0009426390725266742,14.833521574462534,5.999999999994898e-05,2.999999999997449e-05,2.999999999997449e-05,0.00014540723520418234,-9.238555893176237e-05,-6.322260875726008e-05,-2.9162950174502287e-05
08:03:10,0.63783,0.63794,0.6378,0.63787,0.0008772204907976366,14.820575539674794,0.00013999999999991797,6.999999999990347e-05,7.00000000000145e-05,0.00014468627051028043,-9.286726209545293e-05,-6.915153942489865e-05,-2.3715722670554284e-05
08:03:15,0.63782,0.63801,0.63782,0.63801,0.000834606746350941,15.462764774257087,0.00018999999999991246,0.0,0.00018999999999991246,0.00015072810110889804,-8.101825731376966e-05,-7.152488300267285e-05,-9.493374311096806e-06
08:03:20,0.63798,0.638,0.63786,0.63786,0.0006245335101222604,14.567433094715595,0.000140000000000029,0.000140000000000029,0.0,0.00015063102096104277,-8.277737599116097e-05,-7.377538160037047e-05,-9.001994390790498e-06
08:03:25,0.63786,0.63797,0.63782,0.63786,0.0005714616531802275,13.649716239425588,0.00014999999999998348,0.0001100000000000545,3.999999999992898e-05,0.00015054688483290155,-8.321227095509087e-05,-7.566275947131455e-05,-7.549511483776318e-06
08:03:30,0.63786,0.63791,0.63786,0.63788,0.0005531117713284406,12.528505831690724,4.999999999999449e-05,2.999999999997449e-05,2.0000000000020002e-05,0.0001371406335218473,-8.100927104415234e-05,-7.673206178588211e-05,-4.27720925827023e-06
08:03:35,0.63786,0.63786,0.63766,0.63766,0.0005535683288813154,12.900848514528167,0.00019999999999997797,0.00019999999999997797,0.0,0.00014818854905226738,-9.590994893682314e-05,-8.056763921607032e-05,-1.534230972075282e-05
08:03:40,0.63761,0.63769,0.63754,0.63769,0.0005888615242488626,16.217023982295807,0.00014999999999998348,0.0,0.00014999999999998348,0.0001484300758452962,-0.00010409811595879503,-8.527373456461528e-05,-1.8824381394179755e-05
08:03:45,0.63769,0.63773,0.63762,0.63762,0.0006202037016844741,18.25363731835378,0.0001100000000000545,0.0001100000000000545,0.0,0.00014330606573259732,-0.00011491108879990719,-9.120120541167367e-05,-2.370988338823352e-05
08:03:50,0.63762,0.6377,0.63749,0.63749,0.0006732044344262,21.485805548540718,0.00021000000000004349,0.00021000000000004349,0.0,0.00015219859030159014,-0.000132443633461099,-9.944969102155873e-05,-3.299394243954027e-05
08:03:55,0.63749,0.63752,0.63744,0.63752,0.0006874361214381786,24.70503126324106,7.999999999996898e-05,0.0,7.999999999996898e-05,0.00014257211159470731,-0.00014227746607642366,-0.00010801524603253172,-3.426222004389194e-05
08:04:00,0.63752,0.63752,0.6374,0.6374,0.0007882398779996969,28.702041479160393,0.00012000000000000899,0.00012000000000000899,0.0,0.00013956249671541422,-0.0001579332897372332,-0.00011799885477347202,-3.993443496376118e-05
08:04:05,0.63745,0.63745,0.63727,0.63727,0.0009259214471659671,31.700250461984638,0.00017999999999995797,0.00017999999999995797,0.0,0.00014495416382002006,-0.00017876980924647068,-0.00013015304566807174,-4.861676357839894e-05
08:04:10,0.63727,0.63732,0.63724,0.6373,0.0009917958193979004,35.185717838780775,7.999999999996898e-05,2.0000000000020002e-05,5.999999999994898e-05,0.00013629360864401323,-0.0001906642925172397,-0.00014225529503790533,-4.8408997479334375e-05
08:04:15,0.63732,0.63738,0.63726,0.6373,0.0010209510530083676,37.14033464358795,0.00011999999999989797,7.999999999996898e-05,3.999999999992898e-05,0.00013412112749146453,-0.000197810519666497,-0.00015336633996362365,-4.444417970287333e-05
08:04:20,0.63733,0.63733,0.63718,0.63718,0.0010667234634038625,40.987773028796546,0.00014999999999998348,0.00014999999999998348,0.0,0.00013623831049260039,-0.00021072781421749287,-0.00016483863481439752,-4.5889179403095346e-05
08:04:25,0.63715,0.63724,0.63708,0.63724,0.001074026364475067,45.03470176065189,0.000160000000000049,0.0,0.000160000000000049,0.0001394065357602602,-0.00021366042032766597,-0.00017460299191705123,-3.905742841061474e-05
08:04:30,0.63724,0.63757,0.63724,0.63755,0.0010286240170391814,44.611696736241676,0.00032999999999994145,2.0000000000020002e-05,0.00030999999999992145,0.00016481899765888439,-0.00018879382488312668,-0.00017744115851026635,-1.135266637286033e-05
08:04:35,0.63753,0.63768,0.63753,0.63763,0.0010174457181997276,45.45833522171478,0.00014999999999998348,4.999999999999449e-05,9.999999999998899e-05,0.00016284313130436427,-0.00016077818657334042,-0.0001741085641228812,1.3330377549540767e-05
08:04:40,0.63763,0.63773,0.63762,0.63771,0.001000065261032912,46.26427155200498,0.0001100000000000545,2.0000000000020002e-05,9.00000000000345e-05,0.00015579738046378965,-0.00013061461597085877,-0.0001654097744924767,3.479515852161793e-05
08:04:45,0.63771,0.63771,0.63759,0.63759,0.0009749947368327128,44.7577366313227,0.00012000000000000899,0.00012000000000000899,0.0,0.00015102439640195223,-0.00011506635278113464,-0.0001553410901502083,4.027473736907365e-05
08:04:50,0.63759,0.63776,0.63759,0.63767,0.0009409759771019655,42.70518061159901,0.00017000000000000348,9.00000000000345e-05,7.999999999996898e-05,0.00015355447688169242,-9.519160124749071e-05,-0.0001433111923696648,4.811959112217408e-05
08:04:55,0.63767,0.63785,0.63767,0.63785,0.0008875537048298465,42.27904409374894,0.000180000000000069,0.0,0.000180000000000069,0.0001570805466308093,-6.41764357867114e-05,-0.00012748424105307412,6.330780526636273e-05
08:05:00,0.63785,0.63785,0.63769,0.63783,0.0008794831017850946,40.84906199978911,0.000160000000000049,2.0000000000020002e-05,0.000140000000000029,0.00015746980708004126,-4.07408909294249e-05,-0.00011013557102834428,6.939468009891938e-05
08:05:05,0.63783,0.63802,0.6378,0.63794,0.000904854742637129,40.35429089921356,0.00021999999999999797,8.000000000008001e-05,0.00013999999999991797,0.0001658071661360355,-1.314049662914929e-05,-9.07365561485053e-05,7.7596059519356e-05
08:05:10,0.63794,0.63797,0.63785,0.63797,0.0009342579380162697,39.618552011320936,0.00012000000000000899,0.0,0.00012000000000000899,0.0001596995439845653,1.1026655562074161e-05,-7.038391380638941e-05,8.141056936846357e-05
08:05:15,0.63794,0.63799,0.63789,0.63799,0.0010048388192347435,38.37828161740968,9.999999999998899e-05,0.0,9.999999999998899e-05,0.0001517396047866218,3.1430815762512054e-05,-5.002096789260912e-05,8.145178365512117e-05
08:05:20,0.63796,0.63796,0.6379,0.6379,0.0010399089028971797,37.26280537081902,5.999999999994898e-05,5.999999999994898e-05,0.0,0.0001435076574817287,3.9879308047607864e-05,-3.2040912704565725e-05,7.19202207521736e-05
08:05:25,0.6379,0.63795,0.63774,0.63777,0.0010512348628404222,34.258387414367355,0.00021000000000004349,0.000180000000000069,2.999999999997449e-05,0.00015237330315083733,3.5673661740398543e-05,-1.8497997815572873e-05,5.4171659555971416e-05
08:05:30,0.63777,0.63782,0.63773,0.63779,0.001057822987882595,30.560789447088045,9.00000000000345e-05,3.0000000000085514e-05,5.999999999994898e-05,0.0001440568627307303,3.356754384464811e-05,-8.084889483528678e-06,4.165243332817678e-05
08:05:35,0.63782,0.63782,0.63766,0.63771,0.001056347231592314,26.464936782108133,0.000160000000000049,0.0001100000000000545,4.999999999999449e-05,0.00014618261436663945,2.5153148982104412e-05,-1.4372817904020594e-06,2.6590430772506473e-05
08:05:40,0.63771,0.63771,0.63731,0.63731,0.001075702952544999,29.959916779220595,0.00039999999999995595,0.00039999999999995595,0.0,0.00018002493245108166,-1.3634803106454818e-05,-3.8767860536126115e-06,-9.758017052842207e-06
08:05:45,0.63731,0.63739,0.63731,0.63735,0.0010556634232399276,32.50339861085017,7.999999999996898e-05,4.0000000000040004e-05,3.999999999992898e-05,0.0001666882747909333,-4.067795869600044e-05,-1.1237020582090176e-05,-2.944093811391026e-05
08:05:50,0.63735,0.63735,0.63712,0.63715,0.0011025157833974841,35.52330080263466,0.00022999999999995246,0.00019999999999997797,2.999999999997449e-05,0.00017512983815213585,-7.735646568274301e-05,-2.4460909602220743e-05,-5.2895556080522274e-05
08:05:55,0.63715,0.63736,0.63715,0.63735,0.0010910854084029697,38.74748774756299,0.00021000000000004349,1.0000000000065512e-05,0.00019999999999997797,0.00017977919306519022,-8.925721656205532e-05,-3.742017099418766e-05,-5.183704556786766e-05
08:06:00,0.63737,0.63737,0.63725,0.63728,0.0010600417072272883,41.307947630633166,0.00012000000000000899,9.00000000000345e-05,2.999999999997449e-05,0.00017180863398983274,-0.00010314803600797173,-5.056574399694448e-05,-5.2582292011027255e-05
08:06:05,0.63728,0.6374,0.63728,0.63734,0.0010325563575841468,42.47201446691823,0.00012000000000000899,5.999999999994898e-05,6.0000000000060005e-05,0.0001649008161245229,-0.00010806935567642117,-6.206646633283983e-05,-4.600288934358135e-05
08:06:10,0.63734,0.63738,0.63732,0.63732,0.001068190797075319,44.10606550872274,5.999999999994898e-05,5.999999999994898e-05,0.0,0.0001509140406412464,-0.00011228897244597302,-7.211096755546648e-05,-4.0178004890506545e-05
08:06:15,0.63732,0.6374,0.63729,0.63735,0.0010955431241403968,44.71910252441825,0.00010999999999994348,4.999999999999449e-05,5.999999999994898e-05,0.000145458835222406,-0.00011192213119770589,-8.007320028391436e-05,-3.1848930913791525e-05
08:06:20,0.63735,0.63735,0.63711,0.63726,0.0011337056148146285,46.3070787368653,0.00024000000000001798,8.999999999992347e-05,0.0001500000000000945,0.00015806432385942094,-0.00011753874126019248,-8.756630847916999e-05,-2.997243278102249e-05
08:06:25,0.63726,0.63726,0.63703,0.63706,0.0012273703168754757,48.042561355652914,0.0002300000000000635,0.000200000000000089,2.999999999997449e-05,0.00016765574734483994,-0.00013655416234892304,-9.736387925312061e-05,-3.9190283095802425e-05
08:06:30,0.63706,0.63707,0.63697,0.63697,0.0013297233586491153,49.716908635345135,9.999999999998899e-05,9.999999999998899e-05,0.0,0.00015863498103219314,-0.00015707559867372822,-0.00010930622313724214,-4.7769375536486087e-05
08:06:35,0.63697,0.63697,0.63684,0.63692,0.0013965129505537632,55.0292342467194,0.0001300000000000745,4.999999999999449e-05,8.000000000008001e-05,0.00015481698356124398,-0.00017535221575237792,-0.0001225154216602693,-5.283679409210862e-05
08:06:40,0.63692,0.63701,0.63692,0.63695,0.0014311070429684492,59.5656283758078,8.999999999992347e-05,5.999999999994898e-05,2.999999999997449e-05,0.00014617471908640126,-0.00018528002439510693,-0.00013506834220723685,-5.021168218787009e-05
08:06:45,0.63695,0.63711,0.63695,0.63707,0.0013828102583290924,61.88361828590752,0.00015999999999993797,3.999999999992898e-05,0.00012000000000000899,0.00014801808987487282,-0.00018137411920760016,-0.0001443294976073095,-3.7044621600290656e-05
08:06:50,0.63705,0.63714,0.63705,0.63714,0.0012857698901984627,60.66302325747032,9.00000000000345e-05,0.0,9.00000000000345e-05,0.00014028234455822772,-0.0001706629499671486,-0.00014959618807927733,-2.1066761887871265e-05
08:06:55,0.63714,0.63735,0.63712,0.63735,0.0011357612795943606,57.658701703974835,0.00022999999999995246,0.0,0.00022999999999995246,0.00015224469861712436,-0.00014357399457975983,-0.00014839174937937384,4.817754799614011e-06
08:07:00,0.63743,0.63753,0.63743,0.63753,0.00101792565130987,55.318077157392054,9.999999999998899e-05,0.0,9.999999999998899e-05,0.00015594540546818366,-0.00010635530879676836,-0.00013998446126285274,3.362915246608438e-05
08:07:05,0.6375,0.6375,0.63731,0.63731,0.0009166047188089443,51.726968962846286,0.00018999999999991246,0.00018999999999991246,0.0,0.00016448601807242557,-9.353320103178131e-05,-0.00013069420921663847,3.716100818485716e-05
08:07:10,0.63731,0.6375,0.63726,0.6375,0.000810031838241132,47.78905689158211,0.00023999999999990695,0.0,0.00023999999999990695,0.00017455454899608974,-6.726478952323589e-05,-0.00011800832527795797,5.074353575472208e-05
08:07:15,0.6375,0.63752,0.63731,0.63733,0.0006959249808453638,44.684511723787786,0.00020999999999993246,0.00019000000000002348,1.999999999990898e-05,0.00017928060912993546,-5.9478828489112345e-05,-0.00010630242592018885,4.68235974310765e-05
08:07:20,0.63729,0.63729,0.6371,0.63712,0.0007010218106200394,42.38091578634188,0.00019000000000002348,0.00017000000000000348,2.0000000000020002e-05,0.00018604319457927107,-6.945303191274732e-05,-9.893254711870056e-05,2.9479515205953238e-05
08:07:25,0.63715,0.63715,0.63702,0.63702,0.0007164121131075785,40.435590478349766,0.00012999999999996348,0.00012999999999996348,0.0,0.00017857076863536339,-8.445329918860267e-05,-9.603669753268099e-05,1.1583398344078318e-05
08:07:30,0.63702,0.6371,0.63674,0.63674,0.0008326470156374555,38.989829906037706,0.00036000000000002697,0.00036000000000002697,0.0,0.00020276133281731855,-0.00011757939692114139,-0.00010034523741037307,-1.7234159510768314e-05
08:07:35,0.63674,0.63713,0.63674,0.63693,0.0008515471986907386,36.868125367249355,0.00039000000000000146,0.00019999999999997797,0.00019000000000002348,0.0002277264884416763,-0.00012703626099175302,-0.00010568344212664906,-2.135281886510396e-05
08:07:40,0.63687,0.63723,0.63684,0.63723,0.000847495381150809,33.289143066537946,0.00039000000000000146,0.0,0.00039000000000000146,0.000249362956649453,-0.00010906615436900857,-0.00010635998457512097,-2.7061697938876063e-06
08:07:45,0.63719,0.63726,0.63719,0.63724,0.0008354362239153534,29.011949363718966,7.00000000000145e-05,2.0000000000020002e-05,4.999999999999449e-05,0.0002254478957628612,-9.294637106771475e-05,-0.00010367726187363973,1.0730890805924983e-05
08:07:50,0.63727,0.63742,0.63727,0.63732,0.0008354362239153534,24.05395547127199,0.00014999999999998348,9.999999999998899e-05,4.999999999999449e-05,0.00021938817632780744,-7.287592693061562e-05,-9.751699488503492e-05,2.4641067954419296e-05
08:07:55,0.63732,0.63736,0.63722,0.63736,0.0008373265727856793,21.53066054871511,0.000140000000000029,0.0,0.000140000000000029,0.0002088030861507703,-5.312984190097847e-05,-8.863956428822363e-05,3.550972238724516e-05
08:08:00,0.63741,0.63741,0.63712,0.63712,0.0008336577614209695,20.470742514578426,0.00029000000000001247,0.00029000000000001247,0.0,0.00021962934133066926,-5.6199093323328064e-05,-8.215147009524452e-05,2.5952376771916453e-05
08:08:05,0.63712,0.63716,0.63708,0.63708,0.0008318172876415897,21.533056129423013,7.999999999996898e-05,7.999999999996898e-05,0.0,0.00020101209581990922,-6.115421516894592e-05,-7.795201910998481e-05,1.6797803941038885e-05
08:08:10,0.63703,0.63708,0.63701,0.63703,0.000821856691322731,21.628439822091103,7.00000000000145e-05,4.999999999999449e-05,2.0000000000020002e-05,0.00018354381637725658,-6.832812299506497e-05,-7.602723988700084e-05,7.699116891935877e-06
08:08:15,0.63703,0.63703,0.63677,0.63677,0.0008690321295123926,24.588329085390797,0.000260000000000038,0.000260000000000038,0.0,0.00019373797419362744,-9.391077872200615e-05,-7.96039476540019e-05,-1.4306831068004245e-05
08:08:20,0.63673,0.63673,0.63667,0.63673,0.000933078662007425,28.516789974846784,6.0000000000060005e-05,0.0,6.0000000000060005e-05,0.00018123957763447566,-0.0001160748448474358,-8.689812709268869e-05,-2.917671775474711e-05
08:08:25,0.63673,0.63692,0.63673,0.63684,0.0009707707193225001,29.833851458854276,0.00019000000000002348,8.000000000008001e-05,0.00010999999999994348,0.00018240763394988203,-0.00012334213489051393,-9.418692865225375e-05,-2.915520623826018e-05
08:08:30,0.63679,0.63679,0.63668,0.63671,0.00104227282013869,30.210785729492727,0.00010999999999994348,7.999999999996898e-05,2.999999999997449e-05,0.00017941994942322282,-0.000138000642646241,-0.0001029496714510512,-3.5050971195189806e-05
08:08:35,0.63671,0.63688,0.63671,0.63678,0.0010577015796531253,28.974320875351417,0.00017000000000000348,9.999999999998899e-05,7.00000000000145e-05,0.0001781639561667936,-0.00014232852601459012,-0.000110825442363759,-3.150308365083112e-05
08:08:40,0.63678,0.63678,0.63649,0.63649,0.0010971254306364475,27.738253234774334,0.00029000000000001247,0.00029000000000001247,0.0,0.00019307542867788943,-0.00016723124345674467,-0.00012210660258235614,-4.5124640874388535e-05
08:08:45,0.63653,0.63662,0.63653,0.63661,0.001126288735544101,26.643944986905545,8.999999999992347e-05,9.99999999995449e-06,7.999999999996898e-05,0.00018466537152083263,-0.00017526350078644892,-0.00013273798222317472,-4.252551856327421e-05
08:08:50,0.63647,0.63653,0.63647,0.6365,0.0011055363071110769,27.231582882009718,6.0000000000060005e-05,3.0000000000085514e-05,2.999999999997449e-05,0.00017870998865139213,-0.00018833420381370036,-0.00014385722654127985,-4.447697727242051e-05
08:08:55,0.6365,0.63657,0.6365,0.63652,0.0011069236649499103,27.59460749295167,7.00000000000145e-05,4.999999999999449e-05,2.0000000000020002e-05,0.0001642153234978751,-0.00019483308278023248,-0.00015405239778907038,-4.07806849911621e-05
08:09:00,0.63652,0.63656,0.6365,0.63656,0.001129277365596204,29.578395828325007,6.0000000000060005e-05,0.0,6.0000000000060005e-05,0.00015031994703149977,-0.00019451359384781153,-0.00016214463700081863,-3.23689568469929e-05
08:09:05,0.63659,0.63684,0.63657,0.63684,0.0011218030599398077,30.437590164743153,0.00026999999999999247,0.0,0.00026999999999999247,0.00016761062076062606,-0.00016971042053770535,-0.00016365779370819598,-6.052626829509375e-06
08:09:10,0.63681,0.63681,0.63674,0.63679,0.0011178080053699802,30.123432235651986,7.00000000000145e-05,2.0000000000020002e-05,4.999999999999449e-05,0.00015859587132587444,-0.0001523323169980717,-0.00016139269836617113,9.060381368099425e-06
08:09:15,0.63679,0.63691,0.63676,0.6368,0.0011182241560552253,30.40786445962536,0.00014999999999998348,0.00010999999999994348,4.0000000000040004e-05,0.000157449755149089,-0.00013618329209375002,-0.0001563508171116869,2.0167525017936893e-05
08:09:20,0.6368,0.63683,0.63665,0.63668,0.0010748238533906385,28.643173071467913,0.00017999999999995797,0.00014999999999998348,2.999999999997449e-05,0.00016045645446253822,-0.00013155162537836773,-0.0001513909787650231,1.983935338665537e-05
08:09:25,0.63668,0.63671,0.63661,0.63661,0.0010231098104502845,24.99313614186669,9.999999999998899e-05,9.999999999998899e-05,0.0,0.00015239559386753167,-0.00013200770843180276,-0.00014751432469837903,1.5506616266576273e-05
08:09:30,0.63659,0.63673,0.63649,0.63673,0.0009030358155910356,22.200999383863685,0.00024000000000001798,0.0,0.00024000000000001798,0.0001640761813518632,-0.00012128802753719192,-0.0001422690652661416,2.098103772894968e-05
08:09:35,0.63673,0.63692,0.63673,0.63684,0.000722250867648988,21.288184752236408,0.00019000000000002348,8.000000000008001e-05,0.00010999999999994348,0.00016753269050495123,-0.00010273228863078021,-0.00013436170993906933,3.1629421308289123e-05
08:09:40,0.63684,0.63704,0.63684,0.63704,0.0006907356871510562,21.01769651924246,0.000200000000000089,0.0,0.000200000000000089,0.00017186166510430295,-7.106916226673476e-05,-0.00012170320040460243,5.0634038137867664e-05
08:09:45,0.63699,0.63713,0.63684,0.63713,0.0007121206284781412,22.405827620542933,0.00029000000000001247,0.0,0.00029000000000001247,0.00018761344309039754,-3.827247736876149e-05,-0.00010501705579743425,6.674457842867275e-05
08:09:50,0.63707,0.63711,0.637,0.63703,0.0007121206284781412,22.172089324296955,0.00010999999999994348,7.999999999996898e-05,2.999999999997449e-05,0.00017993165067833967,-2.0118123361889673e-05,-8.803726931032534e-05,6.791914594843567e-05
08:09:55,0.63703,0.63707,0.63695,0.63695,0.0007342335782287712,21.416656059804946,0.00012000000000000899,0.00012000000000000899,0.0,0.0001719407639212289,-1.204712665148211e-05,-7.28392407785567e-05,6.0792114127074595e-05
08:10:00,0.63695,0.63741,0.63695,0.63741,0.0009358452413827933,22.46533380767801,0.00046000000000001595,0.0,0.00046000000000001595,0.0002103486620650672,3.110874970735367e-05,-5.204964268137463e-05,8.31583923887283e-05
08:10:05,0.63734,0.63744,0.63734,0.6374,0.001082134343263652,24.24117975326675,9.999999999998899e-05,4.0000000000040004e-05,5.999999999994898e-05,0.00019563550712305676,6.376809728525501e-05,-2.888609468804871e-05,9.265419197330372e-05
08:10:10,0.63743,0.63756,0.63743,0.63756,0.0012609954296951553,26.51542922299919,0.00012999999999996348,0.0,0.00012999999999996348,0.00019088410617332238,0.00010139273601683652,-2.8303285470716642e-06,0.00010422306456390818
08:10:15,0.63756,0.63773,0.63753,0.63768,0.0014531142600147096,30.12090029856689,0.00019999999999997797,4.999999999999449e-05,0.00014999999999998348,0.00019209955868354313,0.0001392879061224983,2.5593318386842333e-05,0.00011369458773565597
08:10:20,0.63764,0.63794,0.63764,0.63785,0.001622539919231114,34.49745937878573,0.00029999999999996696,8.999999999992347e-05,0.00021000000000004349,0.00020648628419239962,0.00018095178120680622,5.6665010950835115e-05,0.0001242867702559711
08:10:25,0.63785,0.63792,0.63784,0.6379,0.0017797882783670005,37.893286089401535,8.000000000008001e-05,2.0000000000020002e-05,6.0000000000060005e-05,0.00018962144630009034,0.00021552089380894035,8.843618752245617e-05,0.00012708470628648418
08:10:30,0.6379,0.63799,0.6379,0.63795,0.001878421509790229,42.92618543611119,8.999999999992347e-05,3.999999999992898e-05,4.999999999999449e-05,0.00017633858679340144,0.00024413748181562056,0.00011957644638108906,0.0001245610354345315
08:10:35,0.63795,0.63795,0.63786,0.63786,0.0019040776189449549,47.68930264042221,9.00000000000345e-05,9.00000000000345e-05,0.0,0.00016482677522095253,0.00025659620482021417,0.00014698039806891407,0.0001096158067513001
08:10:40,0.63786,0.63806,0.63786,0.63806,0.001964162068566866,51.523602395865886,0.00019999999999997797,0.0,0.00019999999999997797,0.0001695165385248226,0.00027938755526746295,0.00017346182950862387,0.00010592572575883908
08:10:45,0.63806,0.63814,0.63806,0.63811,0.0020638604604032995,56.1019908226109,8.000000000008001e-05,3.0000000000085514e-05,4.999999999999449e-05,0.00015758100005485692,0.0002980487266404097,0.00019837920893498107,9.966951770542864e-05
08:10:50,0.63811,0.63813,0.63793,0.63793,0.002069666639827661,57.51916722700893,0.00019999999999997797,0.00019999999999997797,0.0,0.00016323686671420638,0.00029491376145796,0.00021768611943957686,7.722764201838314e-05
08:10:55,0.63793,0.63793,0.63783,0.63785,0.0020363961976241907,56.919562505401835,9.999999999998899e-05,7.999999999996898e-05,2.0000000000020002e-05,0.00015480528448564407,0.00028271498518739335,0.00023069189258914018,5.2023092598253175e-05
08:11:00,0.63785,0.63791,0.63779,0.63779,0.0019321719439702179,55.94510864862623,0.00012000000000000899,0.00012000000000000899,0.0,0.0001501645798875594,0.00026514939141197846,0.00023758339235370785,2.7565999058270612e-05
08:11:05,0.63779,0.63779,0.63767,0.63774,0.0017582515238339091,54.612330534164435,0.00012000000000000899,4.999999999999449e-05,7.00000000000145e-05,0.00014614263590255269,0.0002443769245917826,0.00023894209880132283,5.434825790459792e-06
08:11:10,0.63774,0.63777,0.63772,0.63777,0.0015928194135625962,51.30570041393866,4.999999999999449e-05,0.0,4.999999999999449e-05,0.00013332361778221161,0.00022771044005076568,0.00023669576705121143,-8.985327000445747e-06
08:11:15,0.63777,0.63783,0.63777,0.63778,0.0014326993293887202,47.87340689601796,6.0000000000060005e-05,4.999999999999449e-05,1.0000000000065512e-05,0.00012354713541125805,0.00021285538304516294,0.00023192769025000173,-1.9072307204838794e-05
08:11:20,0.63778,0.6378,0.63769,0.63769,0.0013169406332818046,44.19227393619533,0.0001100000000000545,0.0001100000000000545,0.0,0.00012174085068976425,0.00019161161606862098,0.0002238644754137256,-3.2252859345104627e-05
08:11:25,0.63769,0.63774,0.63759,0.63767,0.001214363164274035,41.03147545098381,0.00014999999999998348,7.00000000000145e-05,7.999999999996898e-05,0.00012550873726446015,0.00017118858933706793,0.0002133292981983941,-4.2140708861326164e-05
08:11:30,0.63767,0.63767,0.63754,0.63754,0.0010526737886313864,37.84711548337168,0.00012999999999996348,0.00012999999999996348,0.0,0.0001261075722958606,0.0001428664049822892,0.00019923671955517314,-5.637031457288394e-05
08:11:35,0.63754,0.63754,0.63741,0.63741,0.0008230239492630353,35.73284862907658,0.00012999999999996348,0.00012999999999996348,0.0,0.00012662656265640768,0.00010867818185544831,0.0001811250120152282,-7.244683015977988e-05
08:11:40,0.63748,0.63756,0.63743,0.63751,0.0007927965160099415,33.086566379221615,0.00012999999999996348,4.999999999999449e-05,7.999999999996898e-05,0.00012974302096888446,8.86312471338746e-05,0.00016262625903895746,-7.399501190508286e-05
08:11:45,0.63751,0.63773,0.63751,0.63773,0.000720923384503136,28.572825325017895,0.00021999999999999797,0.0,0.00021999999999999797,0.0001417772848396996,8.946477409399467e-05,0.0001479939620499649,-5.852918795597024e-05
08:11:50,0.63773,0.63787,0.63769,0.63782,0.0006944714006515973,24.621486510751613,0.000180000000000069,4.999999999999449e-05,0.0001300000000000745,0.0001468736468610822,9.62777678765736e-05,0.00013765072321528666,-4.1372955338713055e-05
08:11:55,0.63782,0.63802,0.63782,0.63802,0.0007185834017495729,21.609870131146945,0.00019999999999997797,0.0,0.00019999999999997797,0.00015395716061293496,0.00011647281693261125,0.0001334151419587516,-1.694232502614035e-05
08:12:00,0.63802,0.63838,0.63799,0.63838,0.0008869082905216263,22.469544029602282,0.00039000000000000146,0.0,0.00039000000000000146,0.0001854295391978772,0.00015968577198299805,0.0001386692679636009,2.1016504019397158e-05
08:12:05,0.63836,0.63854,0.63825,0.63854,0.0010929727689608093,25.19044567826136,0.00029000000000001247,0.0,0.00029000000000001247,0.00019937226730482854,0.00020448582768373136,0.00015183257990762698,5.2653247776104375e-05
08:12:10,0.63857,0.63874,0.63857,0.63871,0.0013323173322032922,28.907891945481683,0.00017000000000000348,2.999999999997449e-05,0.000140000000000029,0.00019945596499751513,0.000250816517162189,0.0001716293673585394,7.918714980364961e-05
08:12:15,0.63871,0.63882,0.63871,0.63878,0.001548283939688977,33.918636933815336,0.0001100000000000545,4.0000000000040004e-05,7.00000000000145e-05,0.00018752850299785372,0.00028984122809649904,0.00019527173950613133,9.45694885903677e-05
08:12:20,0.63881,0.63885,0.6387,0.63873,0.0017000061919403286,38.749948902789335,0.00014999999999998348,0.00012000000000000899,2.999999999997449e-05,0.0001825247025981377,0.00031312450614362497,0.00021884229283363008,9.428221330999489e-05
08:12:25,0.63876,0.63876,0.63869,0.63872,0.001823840944127797,43.42349043553378,7.00000000000145e-05,4.0000000000040004e-05,2.999999999997449e-05,0.00016752140891838793,0.0003270002994153476,0.0002404738941499736,8.652640526537398e-05
08:12:30,0.63872,0.63877,0.63865,0.63877,0.0019452668603296974,47.19463704321015,0.00011999999999989797,0.0,0.00011999999999989797,0.0001611852210625893,0.0003381337522702088,0.0002600058657740207,7.812788649618814e-05
08:12:35,0.63877,0.63877,0.63866,0.63872,0.0020248934994739898,49.889673855860494,0.00010999999999994348,4.999999999999449e-05,5.999999999994898e-05,0.00015436052492090316,0.00033901456288565335,0.00027580760519634723,6.320695768930612e-05
08:12:40,0.63875,0.63875,0.63864,0.63867,0.0020672687295077985,51.71462901271686,0.0001100000000000545,8.000000000008001e-05,2.999999999997449e-05,0.00014844578826479004,0.0003318526388620402,0.00028701661192948583,4.483602693255436e-05
08:12:45,0.63869,0.63882,0.63869,0.63875,0.0021018478086021197,52.894094389621145,0.0001300000000000745,7.00000000000145e-05,6.0000000000060005e-05,0.00014865301649616397,0.00032884141475397755,0.0002953815724943842,3.345984225959335e-05
08:12:50,0.6387,0.6387,0.63827,0.63827,0.0020658822506820496,50.926789617142774,0.00043000000000004146,0.00043000000000004146,0.0,0.00019283261429668024,0.00028444411478600884,0.00029319408095270915,-8.749966166700309e-06
08:12:55,0.63822,0.63854,0.63822,0.63854,0.0020442381157004252,51.910526969819365,0.00031999999999998696,0.0,0.00031999999999998696,0.0002097882657237878,0.0002679568385742792,0.0002881466324770232,-2.0189793902743993e-05
08:13:00,0.63854,0.63854,0.63844,0.63848,0.0019837062600882582,51.97354424743179,9.999999999998899e-05,5.999999999994898e-05,4.0000000000040004e-05,0.00019514983029394797,0.0002471994929545973,0.00027995720457253806,-3.275771161794075e-05
08:13:05,0.63848,0.63859,0.63842,0.63859,0.0019117101740249165,50.257747848944874,0.00017000000000000348,0.0,0.00017000000000000348,0.0001917965195880887,0.0002368944558683861,0.0002713446548317077,-3.445019896332162e-05
08:13:10,0.63854,0.63861,0.63844,0.63844,0.0017604257858154782,46.605057409638654,0.00017000000000000348,0.00017000000000000348,0.0,0.00018889031697634398,0.0002141552449790307,0.0002599067728611723,-4.575152788214161e-05
08:13:15,0.63844,0.63856,0.63841,0.63856,0.0015100658751732166,42.83898367913743,0.00014999999999998348,0.0,0.00014999999999998348,0.00018370494137949592,0.00020347175787216454,0.00024861976986337075,-4.5148011991206214e-05
08:13:20,0.63856,0.63869,0.63842,0.63869,0.0012461629529303409,38.765261674799554,0.00026999999999999247,0.0,0.00026999999999999247,0.00019521094919556215,0.00020315310833973754,0.00023952643755864413,-3.6373329218906584e-05
08:13:25,0.63869,0.6387,0.63861,0.63864,0.001020868567236155,34.6401569835562,9.00000000000345e-05,6.0000000000060005e-05,2.999999999997449e-05,0.00018118282263615847,0.00019659971502128393,0.0002309410930511721,-3.434137802988817e-05
08:13:30,0.63858,0.63868,0.63858,0.63868,0.0007678157673700614,29.9626596722758,9.999999999998899e-05,0.0,9.999999999998899e-05,0.0001703584462846692,0.00019241572065475943,0.00022323601857188955,-3.0820297917130127e-05
08:13:35,0.63866,0.63866,0.63851,0.63851,0.0005622923008266056,25.419448789166875,0.00014999999999998348,0.00014999999999998348,0.0,0.0001703106534467138,0.00017338363708374604,0.00021326554227426087,-3.988190519051482e-05
08:13:40,0.63851,0.63867,0.6385,0.63853,0.0005257816236605706,21.6768931295805,0.00017000000000000348,0.00013999999999991797,3.0000000000085514e-05,0.00017026923298715243,0.0001580920201881275,0.0002022308378570342,-4.4138817668906694e-05
08:13:45,0.63865,0.63865,0.63851,0.63855,0.0005246392244000475,17.763169319053585,0.000140000000000029,0.00010000000000010001,3.999999999992898e-05,0.00016623333525553596,0.00014590523179192072,0.00019096571664401152,-4.50604848520908e-05
08:13:50,0.63855,0.63859,0.63848,0.63859,0.0005175610820704613,14.803812353264446,0.00010999999999994348,0.0,0.00010999999999994348,0.00015873555722145695,0.00013788532371183937,0.0001803496380575771,-4.246431434573773e-05
08:13:55,0.63859,0.6388,0.63859,0.6388,0.000523353558656181,12.6600191041554,0.00021000000000004349,0.0,0.00021000000000004349,0.00016557081625860184,0.0001467827139770561,0.00017363625324147292,-2.6853539264416808e-05
08:14:00,0.6388,0.63895,0.6388,0.63892,0.0005836942241943532,15.251668799054773,0.00014999999999998348,2.999999999997449e-05,0.00012000000000000899,0.0001634947074241194,0.00016165351587760224,0.0001712397057686988,-9.586189891096566e-06
08:14:05,0.63892,0.63893,0.63884,0.63884,0.000610104391403965,17.326564330515904,9.00000000000345e-05,9.00000000000345e-05,0.0,0.00015369541310090808,0.00016508045735652566,0.00017000785608626418,-4.927398729738519e-06
08:14:10,0.63884,0.63897,0.6388,0.63897,0.0006726037388111727,19.72346893400469,0.00017000000000000348,0.0,0.00017000000000000348,0.0001558693580207875,0.00017625449461378118,0.00017125718379176758,4.997310822013601e-06
08:14:15,0.639,0.639,0.63886,0.63886,0.0006983167732328432,22.971042378065132,0.000140000000000029,0.000140000000000029,0.0,0.00015375344361801967,0.00017422555520418825,0.0001718508580742517,2.3746971299365427e-06
08:14:20,0.63886,0.63904,0.63883,0.63904,0.000783178409457852,26.78086733265032,0.00021000000000004349,0.0,0.00021000000000004349,0.0001612529844689562,0.0001850094282571657,0.00017448257211083454,1.0526856146331171e-05
08:14:25,0.63907,0.63907,0.63892,0.63899,0.0008335567419754941,30.45334016101989,0.00014999999999998348,8.000000000008001e-05,6.999999999990347e-05,0.00015975258653975983,0.00018736135810482057,0.00017705832930963177,1.0303028795188808e-05
08:14:30,0.63902,0.63902,0.63891,0.63891,0.0007658253201867637,33.63105514821124,0.0001100000000000545,0.0001100000000000545,0.0,0.0001531189083344658,0.00018068709963103835,0.0001777840833739131,2.9030162571252397e-06
08:14:35,0.63891,0.63898,0.63889,0.63898,0.0007861190481603941,36.00477269096191,9.00000000000345e-05,0.0,9.00000000000345e-05,0.00014470305388987497,0.00017898291308171554,0.0001780238493154736,9.590637662419362e-07
08:14:40,0.63898,0.63901,0.63895,0.63895,0.0007733018747284603,39.225981690371256,5.999999999994898e-05,5.999999999994898e-05,0.0,0.00013340931337121819,0.00017321487047960993,0.00017706205354830088,-3.8471830686909495e-06
08:14:45,0.63889,0.639,0.63889,0.639,0.0007877883765963212,40.4858706111166,0.0001100000000000545,0.0,0.0001100000000000545,0.00013028807158839637,0.00017071039413329991,0.0001757917216653007,-5.081327532000776e-06
08:14:50,0.63903,0.63906,0.63881,0.63906,0.0007621879861943182,39.97809397973564,0.00024999999999997247,0.0,0.00024999999999997247,0.00014624966204327316,0.00017158910475501,0.00017495119828324254,-3.3620935282325484e-06
08:14:55,0.63902,0.63904,0.63897,0.63903,0.0007515989972146642,40.132285698564935,7.00000000000145e-05,1.0000000000065512e-05,5.999999999994898e-05,0.0001387497071041599,0.0001679289594614941,0.00017354675051889286,-5.617791057398755e-06
08:15:00,0.63903,0.63911,0.63903,0.63904,0.0007629830652620129,40.08362582783675,7.999999999996898e-05,6.999999999990347e-05,1.0000000000065512e-05,0.00013091641282360111,0.0001639453247219702,0.00017162646535950833,-7.681140637538124e-06
08:15:05,0.639,0.63916,0.6389,0.63916,0.000786996957114372,39.378123116369956,0.00025999999999992696,0.0,0.00025999999999992696,0.00014812755778044457,0.00016852857015714484,0.00017100688631903566,-2.4783161618908154e-06
08:15:10,0.6391,0.63918,0.6391,0.63918,0.0008117531385063437,36.99318777097941,7.999999999996898e-05,0.0,7.999999999996898e-05,0.0001390438834097145,0.00017179432005465234,0.000171164373066159,6.299469884933292e-07
08:15:15,0.63915,0.63933,0.63915,0.63933,0.000815148678708244,35.155149709092356,0.00017999999999995797,0.0,0.00017999999999995797,0.0001445046989550803,0.00018436099795104965,0.00017380369804313714,1.055729990791251e-05
08:15:20,0.63933,0.63933,0.63928,0.63928,0.0007752378242757985,32.99510257517765,4.999999999999449e-05,4.999999999999449e-05,0.0,0.00013190407242773554,0.00018811710173927132,0.00017666637878236397,1.1450722956907346e-05
08:15:25,0.63928,0.63928,0.63914,0.63923,0.0006966506335597256,30.036318278359214,0.00013999999999991797,4.999999999999449e-05,8.999999999992347e-05,0.00013298352943735985,0.00018492752947374402,0.00017831860892064,6.608920553104029e-06
08:15:30,0.63923,0.63927,0.63918,0.63924,0.0006047496219412363,26.959876966374736,9.00000000000345e-05,2.999999999997449e-05,6.0000000000060005e-05,0.0001272523921790498,0.00018111886140848021,0.00017887865941820804,2.2402019902721703e-06
08:15:35,0.63924,0.63937,0.63924,0.6393,0.0006026572736206326,23.19058086109455,0.00012999999999996348,7.00000000000145e-05,5.999999999994898e-05,0.00012761873988850495,0.00018085715438964645,0.00017927435841249575,1.5827959771507003e-06
08:15:40,0.6393,0.63936,0.63916,0.63916,0.000591999288739764,19.734468995509797,0.000200000000000089,0.000200000000000089,0.0,0.0001372695745700495,0.0001674229719175191,0.00017690408111350044,-9.481109195981345e-06
08:15:45,0.63916,0.63916,0.63909,0.63912,0.0005488015651105016,17.898064096528323,6.999999999990347e-05,3.999999999992898e-05,2.999999999997449e-05,0.0001283002979606967,0.00015179877799298414,0.0001718830204893972,-2.0084242496413052e-05
08:15:50,0.63928,0.63944,0.63928,0.63944,0.0006178400405945084,16.031344491754663,0.000160000000000049,0.0,0.000160000000000049,0.00015386025823260207,0.00016335476534001803,0.00017017736945952136,-6.822604119503334e-06
08:15:55,0.63944,0.63947,0.63922,0.63933,0.0005971546568368513,15.3341310746264,0.00024999999999997247,0.000140000000000029,0.00010999999999994348,0.00016667889046825146,0.00016177208003820276,0.00016849631157525767,-6.724231537054908e-06
08:16:00,0.63933,0.63935,0.63928,0.63934,0.000615487825329275,17.20433544588377,7.00000000000145e-05,9.99999999995449e-06,6.0000000000060005e-05,0.00015378837173915318,0.00015948624876149786,0.0001666942990125057,-7.208050251007839e-06
08:16:05,0.63934,0.63934,0.63919,0.6393,0.0006085565319686737,17.058770743293927,0.00014999999999998348,4.0000000000040004e-05,0.00010999999999994348,0.0001532832555072639,0.00015268696501169465,0.00016389283221234348,-1.1205867200648827e-05
08:16:10,0.63926,0.63946,0.63921,0.63946,0.0006102665508831429,17.90950098271693,0.0002500000000000835,0.0,0.0002500000000000835,0.00016617882143963987,0.00015838340121898664,0.00016279094601367213,-4.407544794685493e-06
08:16:15,0.63946,0.63946,0.63904,0.63904,0.0005944975764373694,16.74890665246234,0.00041999999999997595,0.00041999999999997595,0.0,0.0002000216452476847,0.00012753720849001393,0.0001557401985089405,-2.820299001892658e-05
08:16:20,0.63904,0.63919,0.63904,0.63919,0.0005464950521949508,16.046889129435645,0.00014999999999998348,0.0,0.00014999999999998348,0.0001933520925479912,0.00011388235995890561,0.00014736863079893353,-3.348627084002792e-05
08:16:25,0.63919,0.63938,0.63919,0.63938,0.0005280310995319226,16.208328854013732,0.00018999999999991246,0.0,0.00018999999999991246,0.00019290514687491406,0.00011704300729264983,0.0001413035060976768,-2.4260498805026974e-05
08:16:30,0.63938,0.63942,0.63935,0.63942,0.0005283180859736447,16.708791260640236,7.00000000000145e-05,0.0,7.00000000000145e-05,0.00017651779395826077,0.0001213763576844995,0.00013731807641504136,-1.5941718730541854e-05
08:16:35,0.63942,0.6397,0.63942,0.6396,0.0005738292428636438,19.48451268659837,0.000280000000000058,0.00010000000000010001,0.00017999999999995797,0.0001903154214305004,0.00013774720078163494,0.00013740390128836008,3.4329949327485914e-07
08:16:40,0.6396,0.6397,0.63951,0.6397,0.0006436736668824494,22.06932278117196,0.00019000000000002348,0.0,0.00019000000000002348,0.00019027336523977015,0.00015698079921055985,0.00014131928087280005,1.5661518337759797e-05
08:16:45,0.6397,0.63974,0.63966,0.63969,0.0007107327575079925,25.328209666560934,7.999999999996898e-05,4.999999999999449e-05,2.999999999997449e-05,0.00017557024987446335,0.00016946318203425736,0.00014694806110509152,2.2515120929165848e-05
08:16:50,0.63963,0.63965,0.63957,0.63963,0.0007406284670996577,27.122258572678565,8.000000000008001e-05,2.0000000000020002e-05,6.0000000000060005e-05,0.0001681608832245361,0.00017252529755662493,0.0001520635083953982,2.046178916122673e-05
08:16:55,0.63963,0.63963,0.63948,0.63951,0.000752103016435024,26.70557126188112,0.00014999999999998348,0.00012000000000000899,2.999999999997449e-05,0.0001657394321279291,0.00016338564108497877,0.00015432793493331434,9.057706151664437e-06
08:17:00,0.63951,0.63951,0.63929,0.63929,0.000751170314953642,25.69839582078834,0.00021999999999999797,0.00021999999999999797,0.0,0.00017297417451087163,0.00013681313939251094,0.00015082497582515365,-1.401183643264271e-05
08:17:05,0.63929,0.63929,0.63912,0.63912,0.0007743357084857294,26.76585910651675,0.00017000000000000348,0.00017000000000000348,0.0,0.00017257761790942256,0.00010087385015322692,0.0001408347506907683,-3.996090053754139e-05
08:17:10,0.63912,0.63912,0.639,0.63905,0.0008172122058782705,27.591710624767618,0.00012000000000000899,7.00000000000145e-05,4.999999999999449e-05,0.0001655672688548341,6.598268222890447e-05,0.00012586433699839555,-5.9881654769491086e-05
08:17:15,0.63916,0.63916,0.63911,0.63911,0.0008448880336688891,29.426205411438083,4.999999999999449e-05,4.999999999999449e-05,0.0,0.00015815829967418202,4.268068249080326e-05,0.00010922760609687709,-6.654692360607383e-05
08:17:20,0.63911,0.63911,0.63901,0.63908,0.0008624078897971899,30.53206364923273,9.999999999998899e-05,2.999999999997449e-05,7.00000000000145e-05,0.00015040385971762295,2.1544578052035135e-05,9.16910004879087e-05,-7.014642243587357e-05
08:17:25,0.63908,0.63914,0.63899,0.63914,0.0008582871559499328,32.67554550349943,0.0001500000000000945,0.0,0.0001500000000000945,0.00015035001175528584,9.525754596673153e-06,7.525795130966161e-05,-6.573219671298845e-05
08:17:30,0.63922,0.63936,0.63919,0.63923,0.0008584416725827548,32.333818226873014,0.00017000000000000348,0.0001300000000000745,3.999999999992898e-05,0.0001596366768545808,7.18022904511173e-06,6.164240685675163e-05,-5.4462177811639905e-05
08:17:35,0.63923,0.63923,0.63902,0.63911,0.0008808106313986652,32.01561412036029,0.00020999999999993246,0.00012000000000000899,8.999999999992347e-05,0.00016635178660729438,-4.311908968768208e-06,4.8451543691647666e-05,-5.2763452660415874e-05
08:17:40,0.63911,0.63918,0.63911,0.63911,0.0009001146125655612,31.949158727612144,7.00000000000145e-05,7.00000000000145e-05,0.0,0.00015350488172632373,-1.3266582239213065e-05,3.610791850547553e-05,-4.937450074468859e-05
08:17:45,0.63911,0.63922,0.63904,0.63906,0.0009271030147535164,30.69645758715942,0.00017999999999995797,0.000160000000000049,1.999999999990898e-05,0.0001570375641628083,-2.411976976179897e-05,2.4062380852020627e-05,-4.81821506138196e-05
08:17:50,0.63909,0.63913,0.63885,0.63904,0.0009405485521296608,30.572465137327406,0.00027999999999994696,8.999999999992347e-05,0.00019000000000002348,0.00017343255560776013,-3.3943551783655046e-05,1.2461194324885495e-05,-4.640474610854054e-05
08:17:55,0.63904,0.63904,0.63887,0.63887,0.0009874390054276372,30.136633141599727,0.00017000000000000348,0.00017000000000000348,0.0,0.0001729748815267259,-5.481467955825714e-05,-9.93980451743033e-07,-5.3820699106514104e-05
08:18:00,0.63891,0.639,0.63891,0.63892,0.0010335101150262815,30.906186142216836,9.00000000000345e-05,7.999999999996898e-05,1.0000000000065512e-05,0.00016724489732315758,-6.65534300418047e-05,-1.4105870369755367e-05,-5.244755967204933e-05
08:18:05,0.63885,0.6389,0.63881,0.63887,0.0010803410767314947,33.65515788483675,9.00000000000345e-05,2.999999999997449e-05,6.0000000000060005e-05,0.00015961224434674385,-7.898061711553162e-05,-2.7080819718910617e-05,-5.1899797396620995e-05
08:18:10,0.63892,0.63893,0.63886,0.63893,0.0010956065371197088,36.02756153246374,7.00000000000145e-05,0.0,7.00000000000145e-05,0.00014766394510051326,-8.303062844539078e-05,-3.827078146420666e-05,-4.475984698118412e-05
08:18:15,0.63893,0.63901,0.63879,0.63879,0.0010879531723533287,35.56328677297806,0.00021999999999999797,0.00021999999999999797,0.0,0.00015730875242044455,-9.642558742528617e-05,-4.990174265642256e-05,-4.6523844768863614e-05
08:18:20,0.63874,0.6388,0.63869,0.6388,0.0010084172068793862,35.36823143381263,0.0001100000000000545,0.0,0.0001100000000000545,0.00015100091876439257,-0.00010502362551589872,-6.09261192283178e-05,-4.4097506287580925e-05
08:18:25,0.6388,0.63886,0.6388,0.6388,0.0008901898082496196,34.60899675075801,5.999999999994898e-05,5.999999999994898e-05,0.0,0.00013886746292913343,-0.00011056312971202686,-7.085352132505961e-05,-3.970960838696725e-05
08:18:30,0.6388,0.63885,0.63876,0.63883,0.0007442806488058284,33.66203402151039,9.00000000000345e-05,2.0000000000020002e-05,7.00000000000145e-05,0.00013235180120525357,-0.00011125005602274918,-7.893282826459753e-05,-3.231722775815165e-05
08:18:35,0.6388,0.63887,0.6388,0.63887,0.0006061995502428807,32.753968921917256,7.00000000000145e-05,0.0,7.00000000000145e-05,0.00012403822771122169,-0.00010732955605519123,-8.461217382271628e-05,-2.2717382232474953e-05
08:18:40,0.63862,0.63876,0.63862,0.63866,0.0006151046123952231,36.03836829281687,0.000140000000000029,9.999999999998899e-05,4.0000000000040004e-05,0.00014083313068306993,-0.00011978694717962313,-9.164712849409766e-05,-2.813981868552547e-05
08:18:45,0.63847,0.63853,0.63847,0.63849,0.000732246722859653,38.90932198605491,6.0000000000060005e-05,4.0000000000040004e-05,2.0000000000020002e-05,0.00014738871325866375,-0.00014174317159698635,-0.0001016663371146754,-4.007683448231096e-05
08:18:50,0.63846,0.63854,0.63846,0.63854,0.0008050237001957505,41.189504283479955,7.999999999996898e-05,0.0,7.999999999996898e-05,0.0001384035514908378,-0.00015334143093714836,-0.00011200135587916999,-4.134007505797837e-05
08:18:55,0.63854,0.6387,0.63851,0.63859,0.0008315135217333847,40.15468285675467,0.00019000000000002348,0.0001100000000000545,7.999999999996898e-05,0.00014528307795872925,-0.00015669230157766556,-0.00012093954501886912,-3.575275655879644e-05
08:19:00,0.63866,0.63872,0.63863,0.63872,0.0008232694768806059,37.69828387751322,8.999999999992347e-05,0.0,8.999999999992347e-05,0.00014324533423089382,-0.00014716158995309314,-0.00012618395400571393,-2.0977635947379216e-05
08:19:05,0.63878,0.63881,0.63873,0.63875,0.0007881116672054933,34.34641488256368,7.999999999996898e-05,5.999999999994898e-05,2.0000000000020002e-05,0.00013614595633344592,-0.00013562429064672976,-0.0001280720213339171,-7.552269312812663e-06
08:19:10,0.63871,0.63875,0.63863,0.63871,0.0007097634891377602,32.20136994948835,0.00012000000000000899,4.0000000000040004e-05,7.999999999996898e-05,0.00013399316215565433,-0.00012823040326248591,-0.00012810369771963087,-1.2670554285504755e-07
08:19:15,0.63871,0.63898,0.63871,0.63898,0.0006741263351750515,29.712737591722696,0.00026999999999999247,0.0,0.00026999999999999247,0.0001521274072015661,-9.943769487585907e-05,-0.00012237049715087652,2.2932802275017446e-05
08:19:20,0.63901,0.63908,0.63899,0.63899,0.0006376899097837452,28.613795926481874,9.00000000000345e-05,9.00000000000345e-05,0.0,0.0001451770862413558,-7.494839121269248e-05,-0.00011288607596323972,3.793768475054724e-05
08:19:25,0.63903,0.63909,0.639,0.639,0.0006199320845554634,29.159929517128727,9.00000000000345e-05,9.00000000000345e-05,0.0,0.00013915347474252168,-5.4109781320255124e-05,-0.00010113081703464281,4.702103571438769e-05
08:19:30,0.639,0.63904,0.63872,0.63872,0.0005838925640082593,27.306736524335175,0.000320000000000098,0.000320000000000098,0.0,0.00016326634477686517,-5.9502781759812606e-05,-9.280520997967678e-05,3.330242821986418e-05
08:19:35,0.63874,0.63874,0.63872,0.63872,0.0005823220306300225,26.534048481588705,2.0000000000020002e-05,2.0000000000020002e-05,0.0,0.00014416416547328583,-6.304997262540635e-05,-8.68541625088227e-05,2.3804189883416355e-05
08:19:40,0.63872,0.63874,0.63855,0.63866,0.0005776030324946557,26.644164477324278,0.00019000000000002348,7.999999999996898e-05,0.0001100000000000545,0.00015027561007685086,-6.989691734771153e-05,-8.346271347660047e-05,1.3565796128888938e-05
08:19:45,0.63858,0.63868,0.6385,0.63868,0.0005751741155055612,27.480034647228475,0.000180000000000069,0.0,0.000180000000000069,0.00015423886206661328,-7.286934506645082e-05,-8.134403979457054e-05,8.474694728119719e-06
08:19:50,0.63868,0.63886,0.63867,0.63886,0.0005611416933268831,24.543971207488216,0.00019000000000002348,0.0,0.00019000000000002348,0.00015900701379106797,-6.000877595646603e-05,-7.707698702694964e-05,1.7068211070483608e-05
08:19:55,0.63883,0.63888,0.6388,0.63888,0.0005711484275610079,20.53181160450084,7.999999999996898e-05,0.0,7.999999999996898e-05,0.0001484727452855881,-4.765352920677035e-05,-7.119229546291378e-05,2.3538766256143433e-05
08:20:00,0.6389,0.63897,0.6389,0.63897,0.0006000561377157432,17.03134931752068,7.00000000000145e-05,0.0,7.00000000000145e-05,0.00014067637924751429,-3.0250945238230464e-05,-6.300402541797713e-05,3.275308017974666e-05
08:20:05,0.63897,0.63899,0.63879,0.63884,0.0006027445998271208,16.06333734523375,0.00019999999999997797,0.00014999999999998348,4.999999999999449e-05,0.00014858619534784278,-2.6642072382676574e-05,-5.573163481091702e-05,2.9089562428240447e-05
08:20:10,0.63884,0.63886,0.63873,0.63873,0.0006014158732698949,15.955214506649574,0.00012999999999996348,0.00012999999999996348,0.0,0.00014610803596812555,-3.2285923309061104e-05,-5.1042492510545846e-05,1.875656920148474e-05
08:20:15,0.63873,0.6388,0.63868,0.6387,0.0005963361821110791,17.31123042719177,0.00012000000000000899,9.999999999998899e-05,2.0000000000020002e-05,0.00014262696450571003,-3.8732975478628084e-05,-4.8580589104162295e-05,9.84761362553421e-06
08:20:20,0.6387,0.6387,0.63858,0.63861,0.0006049758585791043,18.57320375203159,0.00012000000000000899,9.00000000000345e-05,2.999999999997449e-05,0.00013961003590494988,-5.052217047785135e-05,-4.896890537890011e-05,-1.5532650989512377e-06
08:20:25,0.63861,0.63861,0.63857,0.63857,0.0005789136832214936,19.5610985150627,4.0000000000040004e-05,4.0000000000040004e-05,0.0,0.00012632869778429523,-6.23738512267602e-05,-5.164989454847213e-05,-1.0723956678288074e-05
08:20:30,0.63857,0.639,0.63852,0.639,0.0005772384347173531,19.108804117153273,0.00048000000000003595,0.0,0.00048000000000003595,0.00017348487141306067,-3.664654866564199e-05,-4.86492253719061e-05,1.2002676706264115e-05
08:20:35,0.63896,0.63896,0.6388,0.6388,0.000547603390851803,18.290602708038584,0.00015999999999993797,0.00015999999999993797,0.0,0.0001770202218913163,-3.202662160317615e-05,-4.532470461816012e-05,1.3298083014983966e-05
08:20:40,0.63884,0.63884,0.63855,0.63861,0.0005686401137237063,18.450290867875758,0.00029000000000001247,0.00022999999999995246,6.0000000000060005e-05,0.00019208419230580913,-4.319874004021784e-05,-4.4899511702571664e-05,1.7007716623538215e-06
08:20:45,0.63861,0.6387,0.63861,0.63861,0.00059010792945835,18.093057842997307,9.00000000000345e-05,9.00000000000345e-05,0.0,0.0001784729666650392,-5.1459530951980526e-05,-4.621151555245344e-05,-5.248015399527087e-06
08:20:50,0.63861,0.63863,0.63854,0.63858,0.0006144197091046966,17.096503292455953,9.00000000000345e-05,4.999999999999449e-05,4.0000000000040004e-05,0.00016667657110970522,-5.9738389575736406e-05,-4.891689035711004e-05,-1.0821499218626368e-05
08:20:55,0.63858,0.63858,0.63846,0.63858,0.0006064183027287839,16.47778659003209,0.00012000000000000899,0.0,0.00012000000000000899,0.00016045302829507908,-6.554389545387895e-05,-5.224229137646382e-05,-1.3301604077415131e-05
08:21:00,0.63861,0.63864,0.63845,0.63845,0.0006226970201776982,17.092203817082993,0.00019000000000002348,0.00019000000000002348,0.0,0.000164392624522405,-7.97158001110132e-05,-5.7736993123373704e-05,-2.19788069876395e-05
08:21:05,0.63845,0.63855,0.63845,0.6385,0.0005992662179632458,17.908833194615195,9.999999999998899e-05,4.999999999999449e-05,4.999999999999449e-05,0.00015580694125274952,-8.592209806046469e-05,-6.33740141107919e-05,-2.254808394967279e-05
08:21:10,0.6385,0.63874,0.6385,0.63874,0.0005999964912111189,18.483635341961353,0.00024000000000001798,0.0,0.00024000000000001798,0.000167032682419052,-7.066011385503668e-05,-6.483123405964087e-05,-5.82887979539581e-06
08:21:15,0.63877,0.63877,0.63868,0.63875,0.0006012478252437337,19.59823161449424,8.999999999992347e-05,1.999999999990898e-05,7.00000000000145e-05,0.00015676165809650153,-5.7099754561806826e-05,-6.328493816007405e-05,6.1851835982672276e-06
08:21:20,0.6387,0.6388,0.63864,0.63877,0.0006022099651259438,19.53946722638898,0.000160000000000049,3.0000000000085514e-05,0.00012999999999996348,0.00015719343701697453,-4.42293903912816e-05,-5.9473828606315565e-05,1.5244438215033967e-05
08:21:25,0.63877,0.63879,0.63868,0.63878,0.0006044431974461251,18.89248341499239,0.00010999999999994348,9.99999999995449e-06,9.999999999998899e-05,0.00015090097874803705,-3.2844012304411585e-05,-5.4147865345934776e-05,2.130385304152319e-05
08:21:30,0.63878,0.63885,0.63876,0.63885,0.0006025070429742652,18.191075420942656,9.00000000000345e-05,0.0,9.00000000000345e-05,0.0001427808482483034,-1.7965507965067573e-05,-4.6911393869761335e-05,2.8945885904693762e-05
08:21:35,0.63885,0.63913,0.63885,0.63913,0.0006943107146026861,19.624516919873635,0.00027999999999994696,0.0,0.00027999999999994696,0.00016107673514852256,1.6232357348933135e-05,-3.428264362602244e-05,5.0515000974955576e-05
08:21:40,0.63913,0.6393,0.6391,0.6393,0.0008386957292760844,22.47274708229747,0.00019999999999997797,0.0,0.00019999999999997797,0.00016626650379538327,5.640182610078259e-05,-1.6145749680661434e-05,7.254757578144403e-05
08:21:45,0.6393,0.63938,0.63924,0.63935,0.0009965392748430002,25.88771765650216,0.00013999999999991797,2.999999999997449e-05,0.00010999999999994348,0.00016276430328932123,9.12194802387134e-05,5.327296303213534e-06,8.589218393549987e-05
08:21:50,0.63935,0.63935,0.63909,0.63909,0.0010354780233448047,27.508176460757205,0.00025999999999992696,0.00025999999999992696,0.0,0.00017572906285073532,9.671799011601312e-05,2.3605435065773452e-05,7.311255505023967e-05
08:21:55,0.63912,0.63912,0.63879,0.6389,0.001036534712642867,27.397474689902346,0.0003300000000000525,0.00021999999999999797,0.0001100000000000545,0.00019629852113731095,8.476704497584198e-05,3.583775704778716e-05,4.892928792805482e-05
08:22:00,0.63893,0.63893,0.63888,0.63891,0.0010252619690838127,26.713837859238282,4.999999999999449e-05,2.0000000000020002e-05,2.999999999997449e-05,0.00017679205165233546,7.52354834561153e-05,4.371730232945279e-05,3.1518181126662516e-05
08:22:05,0.63891,0.63897,0.63891,0.63897,0.0010075316372133436,25.699297724636352,6.0000000000060005e-05,0.0,6.0000000000060005e-05,0.00016121977809869874,7.169667618611708e-05,4.931317710078565e-05,2.238349908533143e-05
08:22:10,0.63897,0.63897,0.63887,0.63887,0.0009960849678334327,25.02936380661954,9.999999999998899e-05,9.999999999998899e-05,0.0,0.00015305714101887077,6.012984227155016e-05,5.147651013493856e-05,8.653332136611603e-06
08:22:15,0.63885,0.63885,0.63876,0.63881,0.000995896845211286,24.895973822070086,9.00000000000345e-05,4.0000000000040004e-05,4.999999999999449e-05,0.0001473161888830286,4.559594285391544e-05,5.030039667873393e-05,-4.704453824818492e-06
08:22:20,0.63877,0.63878,0.63871,0.63875,0.000977858024344469,24.98460823862253,7.00000000000145e-05,2.999999999997449e-05,4.0000000000040004e-05,0.00014100736369862332,2.890304795000187e-05,4.602092693298752e-05,-1.7117878982985653e-05
08:22:25,0.63875,0.63875,0.63864,0.63873,0.0009603924636292227,25.437798306730873,0.0001100000000000545,2.0000000000020002e-05,9.00000000000345e-05,0.00013687304853881416,1.3899747977497157e-05,3.959669114188945e-05,-2.5696943164392296e-05
08:22:30,0.63873,0.63883,0.63867,0.63878,0.0009309169220581559,25.313713375790787,0.000160000000000049,4.999999999999449e-05,0.0001100000000000545,0.00013995664206697882,5.975228078991535e-06,3.287239852930987e-05,-2.6897170450318333e-05
08:22:35,0.63878,0.6388,0.63851,0.63851,0.0009499562316708232,26.765501753625305,0.00029000000000001247,0.00029000000000001247,0.0,0.00015996242312471664,-2.1839996662831318e-05,2.192991949088163e-05,-4.3769916153712946e-05
08:22:40,0.63851,0.63873,0.63851,0.63869,0.000887707870384391,27.432880474345016,0.00021999999999999797,4.0000000000040004e-05,0.00017999999999995797,0.00016796743337475415,-2.9024688450118852e-05,1.1738997902681537e-05,-4.076368635280039e-05
08:22:45,0.63869,0.63869,0.63861,0.63861,0.0008550998710430413,26.664595081322172,7.999999999996898e-05,7.999999999996898e-05,0.0,0.00015623844225811615,-4.0704721178785874e-05,1.2502540863880565e-06,-4.195497526517393e-05
08:22:50,0.63866,0.63884,0.63866,0.63884,0.0008474829605396028,22.47869541428504,0.00017999999999995797,0.0,0.00017999999999995797,0.0001660733166236943,-3.104429415778931e-05,-5.2086555624474165e-06,-2.5835638595341892e-05
08:22:55,0.63884,0.63886,0.63861,0.63861,0.000872974346994404,18.641288787815082,0.00024999999999997247,0.00024999999999997247,0.0,0.00017726354107386474,-4.146938074645057e-05,-1.2460800599248047e-05,-2.900858014720252e-05
08:23:00,0.63871,0.63871,0.6386,0.63866,0.0008882010203867807,17.17257219633608,0.0001100000000000545,4.999999999999449e-05,6.0000000000060005e-05,0.00016829506893069004,-4.517599410502893e-05,-1.9003839300404222e-05,-2.6172154804624705e-05
08:23:05,0.63868,0.63875,0.63865,0.63865,0.0009051408730051946,17.227611801307056,9.999999999998899e-05,9.999999999998899e-05,0.0,0.0001591890597399299,-4.8362930564205264e-05,-2.4875657553164433e-05,-2.348727301104083e-05
08:23:10,0.63868,0.63888,0.63868,0.63881,0.0009058662617602575,18.24536174392143,0.00019999999999997797,7.00000000000145e-05,0.00012999999999996348,0.00016863051844126623,-3.754514083220695e-05,-2.740955420897294e-05,-1.0135586623234008e-05
08:23:15,0.63871,0.63871,0.63859,0.63859,0.0008932283258447082,17.46522752564788,0.00012000000000000899,0.00012000000000000899,0.0,0.00017547978264909712,-4.61916572435106e-05,-3.116597481588047e-05,-1.5025682427630125e-05
08:23:20,0.63859,0.63866,0.63859,0.63865,0.0007823204350811963,17.172031431359247,7.00000000000145e-05,9.99999999995449e-06,6.0000000000060005e-05,0.00016141581162921944,-4.765326802447234e-05,-3.4463433457598846e-05,-1.3189834566873493e-05
08:23:25,0.63865,0.63866,0.63843,0.63866,0.0005839214078247057,18.268936728957318,0.00022999999999995246,0.0,0.00022999999999995246,0.0001705603700786505,-4.7457626692892774e-05,-3.706227210465763e-05,-1.0395354588235142e-05
08:23:30,0.6386,0.6386,0.63835,0.63843,0.0005625917468961017,19.594786291017062,0.00024999999999997247,0.00016999999999989246,8.000000000008001e-05,0.00018915232073483476,-6.511109714046892e-05,-4.267203711181989e-05,-2.243906002864903e-05
08:23:35,0.63838,0.63838,0.63822,0.63823,0.0006886263978258533,21.192879137188417,0.00015999999999993797,0.00014999999999998348,9.99999999995449e-06,0.00019193201130352926,-9.415457287975659e-05,-5.296854426540724e-05,-4.1186028614349356e-05
08:23:40,0.63823,0.63827,0.63818,0.6382,0.0007823177440315909,24.216323297515597,9.00000000000345e-05,7.00000000000145e-05,2.0000000000020002e-05,0.0001783410764630633,-0.00011822960859708687,-6.602075713174317e-05,-5.220885146534369e-05
08:23:45,0.6382,0.63834,0.63813,0.63831,0.0007794708056361177,24.45344431432559,0.00021000000000004349,2.999999999997449e-05,0.000180000000000069,0.000182562266267994,-0.00012696954132618288,-7.821051397063112e-05,-4.8759027355551755e-05
08:23:50,0.63831,0.63831,0.63804,0.63804,0.0008991785725105395,25.396861184058405,0.00026999999999999247,0.00026999999999999247,0.0,0.0001942206307655938,-0.00015390858216712822,-9.335012760993054e-05,-6.055845455719768e-05
08:23:55,0.63804,0.63804,0.63787,0.63787,0.001071498704472429,26.53839140040605,0.00017000000000000348,0.00017000000000000348,0.0,0.00019099121333018175,-0.00018682197790109711,-0.00011204449766816385,-7.477748023293326e-05
******
08:59:35,0.64835,0.64838,0.64823,0.64823,0.0010906762749971488,31.737667301223986,0.00014999999999998348,0.00014999999999998348,0.0,0.00021047499611119428,-0.0001331298980951079,-5.816442012637364e-05,-7.496547796873425e-05
08:59:40,0.64823,0.64823,0.64809,0.64809,0.0012212780191254158,37.304829605697265,0.00013999999999991797,0.00013999999999991797,0.0,0.0002010783299630241,-0.00015895520984055,-7.832257806920893e-05,-8.063263177134108e-05
08:59:45,0.64809,0.64809,0.64791,0.64791,0.0014020195959283388,43.1927471910711,0.000180000000000069,0.000180000000000069,0.0,0.00019826788596796343,-0.00019173623517010352,-0.00010100530948938785,-9.073092568071567e-05
08:59:50,0.64791,0.64797,0.64778,0.64778,0.001596906219438976,48.01577556235927,0.00019000000000002348,0.00019000000000002348,0.0,0.0001971655011722381,-0.00022560471672261606,-0.00012592519093603352,-9.967952578658255e-05
08:59:55,0.64784,0.64789,0.64772,0.64772,0.0017764055961699832,53.429922639660916,0.00017000000000000348,0.00017000000000000348,0.0,0.00019354343434927352,-0.0002543551827056678,-0.00015161118928996037,-0.00010274399341570744
09:00:00,0.64776,0.64789,0.64776,0.64786,0.0018050910459610492,57.85138311765267,0.00012999999999996348,2.999999999997449e-05,9.999999999998899e-05,0.00019040430976937088,-0.0002628137508381423,-0.00017385170159959677,-8.896204923854553e-05
09:00:05,0.64786,0.64795,0.64786,0.64787,0.0017867759851337706,62.55855600277128,9.00000000000345e-05,8.000000000008001e-05,9.99999999995449e-06,0.00017701706846679272,-0.0002656480848355347,-0.00019221097824678436,-7.343710658875034e-05
09:00:10,0.64791,0.648,0.64791,0.648,0.0017650931092176858,66.30492396862435,9.00000000000345e-05,0.0,9.00000000000345e-05,0.0001707481260045636,-0.00025447101791231663,-0.00020466298617989083,-4.9808031732425804e-05
09:00:15,0.648,0.648,0.64784,0.64792,0.0017318940042918562,70.49690920333437,0.000160000000000049,7.999999999996898e-05,8.000000000008001e-05,0.000169315042537295,-0.0002491958684094353,-0.00021356956262579972,-3.562630578363558e-05
09:00:20,0.64792,0.64801,0.6479,0.64801,0.0016956960998819604,71.28415654543453,0.00010999999999994348,0.0,0.00010999999999994348,0.00016140637019898145,-0.0002350435903840653,-0.00021786436817745287,-1.7179222206612437e-05
09:00:25,0.64801,0.64809,0.64798,0.64809,0.0016133182542419355,70.02318222911198,0.0001100000000000545,0.0,0.0001100000000000545,0.00015455218750579121,-0.00021489529745366553,-0.0002172705540326954,2.3752565790298766e-06
09:00:30,0.64809,0.64824,0.64803,0.64803,0.0015355108870360734,66.26338298020404,0.00021000000000004349,0.00021000000000004349,0.0,0.00016194522917169153,-0.00020144697339186113,-0.00021410583790452855,1.2658864512667426e-05
09:00:35,0.64805,0.64809,0.64804,0.64808,0.0014001669073424594,61.24480490380297,5.0000000000105516e-05,1.0000000000065512e-05,4.0000000000040004e-05,0.00014835253194880733,-0.00018462624116810655,-0.00020820991855724415,2.35836773891376e-05
09:00:40,0.64802,0.64809,0.64802,0.64808,0.0012008049931502285,56.39393992997124,7.00000000000145e-05,1.0000000000065512e-05,5.999999999994898e-05,0.00013790552768896827,-0.00016934360206199983,-0.00020043665525819532,3.109305319619549e-05
09:00:45,0.64808,0.64808,0.64798,0.64801,0.0009457272334003619,51.966136167419215,9.999999999998899e-05,7.00000000000145e-05,2.999999999997449e-05,0.0001328514573304377,-0.0001610242283800467,-0.00019255416988256562,3.152994150251891e-05
09:00:50,0.64806,0.64806,0.64772,0.64772,0.0008820908176150333,49.676332812292934,0.00034000000000000696,0.00034000000000000696,0.0,0.00016047126301971362,-0.0001758050697588942,-0.00018920434985783134,1.3399280098937139e-05
09:00:55,0.64772,0.64778,0.6477,0.64778,0.0007824926433113166,47.19361138567377,7.999999999996898e-05,0.0,7.999999999996898e-05,0.00014974176128374769,-0.00018059569967376898,-0.00018748261982101888,6.8869201472499e-06
09:01:00,0.64778,0.64785,0.64757,0.64766,0.0007030040802413762,45.272190066732556,0.000280000000000058,0.00019000000000002348,9.00000000000345e-05,0.0001671095264459224,-0.00019186362112055821,-0.00018835882008092677,-3.5048010396314486e-06
09:01:05,0.64766,0.64766,0.64748,0.64748,0.0008043984349179745,43.680644968179514,0.00017999999999995797,0.00017999999999995797,0.0,0.00016882825625312716,-0.00021286425905053807,-0.00019325990787484904,-1.960435117568903e-05
09:01:10,0.64748,0.64759,0.64746,0.64746,0.0008303607332726948,42.17480681848086,0.00012999999999996348,0.00012999999999996348,0.0,0.00016365115541937202,-0.0002284873883796612,-0.00020030540397581148,-2.818198440384973e-05
09:01:15,0.64748,0.64756,0.64746,0.64755,0.0008178534162788242,41.9108725443647,9.999999999998899e-05,1.0000000000065512e-05,8.999999999992347e-05,0.0001551643346967876,-0.0002309443998098626,-0.0002064332031426217,-2.451119666724088e-05
09:01:20,0.64755,0.64781,0.64755,0.64781,0.0007878979362121452,38.28394094694196,0.000260000000000038,0.0,0.000260000000000038,0.00016914242340388764,-0.00020949682301230066,-0.0002070459271165575,-2.450895895743149e-06
09:01:25,0.64781,0.6479,0.64777,0.64782,0.0007853688372470025,34.486682428950616,0.0001300000000000745,8.000000000008001e-05,4.999999999999449e-05,0.00016392343361671256,-0.0001895080169970198,-0.00020353834509265,1.40303280956302e-05
09:01:30,0.64785,0.64785,0.64773,0.6478,0.000784360282411134,30.416499457733817,0.00012000000000000899,4.999999999999449e-05,7.00000000000145e-05,0.0001580669758011521,-0.00017328307761754758,-0.00019748729159762952,2.4204213980081945e-05
09:01:35,0.6478,0.64793,0.64771,0.64771,0.0007856716871521563,28.923719702334875,0.00021999999999999797,0.00021999999999999797,0.0,0.0001663247123609982,-0.0001657759817775828,-0.00019114502963362017,2.5369047856037378e-05
09:01:40,0.64768,0.64771,0.6475,0.6475,0.0008408416835732346,30.038986110888295,0.00021000000000004349,0.00021000000000004349,0.0,0.00017214808404620425,-0.00017475730575733373,-0.00018786748485836291,1.3110179101029189e-05
09:01:45,0.6475,0.6475,0.64733,0.64733,0.0009454689730177268,32.50112674504121,0.00017000000000000348,0.00017000000000000348,0.0,0.00017186167284004414,-0.0001933636729123389,-0.00018896672246915811,-4.3969504431807995e-06
09:01:50,0.64737,0.64737,0.64708,0.64708,0.0011174708285333068,35.87320337522995,0.00029000000000001247,0.00029000000000001247,0.0,0.00018761344979470657,-0.00022568075631979045,-0.0001963095292392846,-2.9371227080505862e-05
09:01:55,0.64718,0.64721,0.64711,0.64711,0.0012394548886682788,38.51243964577343,9.999999999998899e-05,9.999999999998899e-05,0.0,0.00017993165648874082,-0.00024603538569789585,-0.00020625470053100685,-3.978068516688899e-05
09:02:00,0.64711,0.64711,0.647,0.647,0.0013543846922967617,39.15754025174669,0.00010999999999994348,0.00010999999999994348,0.0,0.00017060743562356785,-0.0002679538516129343,-0.00021859453074739237,-4.935932086554191e-05
09:02:05,0.647,0.647,0.6467,0.6467,0.0015367758457205394,40.6025583226244,0.00029999999999996696,0.00029999999999996696,0.0,0.00018785977754042106,-0.000306004457653386,-0.00023607651612859109,-6.992794152479493e-05
09:02:10,0.6467,0.6467,0.64662,0.64662,0.001701936976998164,41.493585030369424,8.000000000008001e-05,8.000000000008001e-05,0.0,0.0001734784738683756,-0.00033871072212787734,-0.00025660335732844835,-8.210736479942899e-05
09:02:15,0.64662,0.64668,0.64658,0.64668,0.0017698528038674333,42.07396688738567,9.999999999998899e-05,0.0,9.999999999998899e-05,0.00016368134401925738,-0.00035568901227578387,-0.0002764204883179155,-7.926852395786837e-05
09:02:20,0.64668,0.64671,0.64659,0.64671,0.0017800898853674862,42.089090599210735,0.00012000000000000899,0.0,0.00012000000000000899,0.00015785716481669094,-0.0003625444930210886,-0.0002936452892585501,-6.88992037625385e-05
09:02:25,0.64671,0.64676,0.64663,0.64671,0.0017702227037974527,41.279058706113396,0.00012999999999996348,4.999999999999449e-05,7.999999999996898e-05,0.0001541428761744606,-0.00036378403499504053,-0.0003076730384058482,-5.6110996589192304e-05
09:02:30,0.64676,0.64687,0.64667,0.64687,0.0017683009984275078,43.168795646712105,0.00019999999999997797,0.0,0.00019999999999997797,0.00016025715935119624,-0.00034784596634229725,-0.00031570762399313806,-3.213834234915919e-05
09:02:35,0.64687,0.64691,0.64683,0.64691,0.0017273271106987842,44.30863270418615,7.999999999996898e-05,0.0,7.999999999996898e-05,0.0001495562047710326,-0.0003282039357300759,-0.0003182068863405257,-9.997049389550209e-06
09:02:40,0.64691,0.64692,0.64683,0.64683,0.0017109627945097738,45.79046236767765,9.00000000000345e-05,9.00000000000345e-05,0.0,0.00014161537746823288,-0.0003154564309970631,-0.0003176567952718332,2.2003642747700698e-06
09:02:45,0.64683,0.64716,0.64683,0.64716,0.001688130700847612,45.96701199392461,0.00032999999999994145,0.0,0.00032999999999994145,0.00016673332713912738,-0.00027554933833173756,-0.0003092353038838141,3.368596555207654e-05
09:02:50,0.64716,0.6477,0.64716,0.6477,0.0017360572389262252,48.568491872260545,0.000540000000000096,0.0,0.000540000000000096,0.0002165022168539232,-0.00019806601116278966,-0.0002870014453396092,8.893543417681955e-05
09:02:55,0.6477,0.64773,0.64756,0.64756,0.0017378740793785319,50.04822614579946,0.00017000000000000348,0.00017000000000000348,0.0,0.0002103019212734006,-0.00014627062935046453,-0.0002588552821417803,0.00011258465279131579
09:03:00,0.64756,0.64757,0.64748,0.64757,0.001676852942109175,49.434030270384504,8.999999999992347e-05,0.0,8.999999999992347e-05,0.00019426166510360366,-0.00010322557944797417,-0.0002277293416030191,0.00012450376215504492
09:03:05,0.64757,0.64778,0.64757,0.64778,0.0016640989343017498,49.738236305009956,0.00021000000000004349,0.0,0.00021000000000004349,0.00019636010975646232,-5.15723286189651e-05,-0.0001924979390062083,0.0001409256103872432
09:03:10,0.64778,0.6479,0.64778,0.64785,0.0016806464921468312,49.9266793801854,0.00012000000000000899,4.999999999999449e-05,7.00000000000145e-05,0.00018617876178893522,-4.931493027937606e-06,-0.00015498464981055415,0.00015005315678261655
09:03:15,0.64788,0.64788,0.64778,0.64778,0.0017006685991682868,49.1873677810487,9.999999999998899e-05,9.999999999998899e-05,0.0,0.00017468826021707572,2.608262594550048e-05,-0.00011877119465934323,0.0001448538206048437
09:03:20,0.64778,0.6478,0.6474,0.64744,0.0016917620835552594,44.580024342368894,0.00040000000000006697,0.00036000000000002697,4.0000000000040004e-05,0.00020472982552147457,2.2961692082046348e-05,-9.042461731106532e-05,0.00011338630939311166
09:03:25,0.64744,0.64754,0.64742,0.64754,0.0017187510765508396,40.03494236143889,0.00012000000000000899,0.0,0.00012000000000000899,0.00019343251545194583,2.8232052250665163e-05,-6.669328339871923e-05,9.492533564938439e-05
09:03:30,0.6475,0.64768,0.6475,0.64766,0.0017679199791331701,36.86632748835864,0.000180000000000069,2.0000000000020002e-05,0.000160000000000049,0.0001916415133916956,4.161216859643879e-05,-4.503219299968763e-05,8.664436159612642e-05
09:03:35,0.64766,0.64798,0.64763,0.64798,0.0018936736783266017,35.94216391155718,0.00034999999999996145,0.0,0.00034999999999996145,0.00021275597827279772,7.714801851288478e-05,-2.0596150697173145e-05,9.774416921005792e-05
09:03:40,0.64795,0.64818,0.64795,0.64815,0.002038368800881818,37.354343621567686,0.00022999999999995246,2.999999999997449e-05,0.00019999999999997797,0.0002150551811697517,0.00011767157023079289,7.057393488420064e-06,0.00011061417674237282
09:03:45,0.6482,0.64837,0.64815,0.64834,0.002149823983000232,39.849324230753325,0.00021999999999999797,2.999999999997449e-05,0.00019000000000002348,0.00021571449034711788,0.00016323650026361936,3.8293214843459925e-05,0.00012494328542015943
09:03:50,0.64834,0.64848,0.64834,0.64836,0.0021866542575574854,42.762963701888786,0.00013999999999991797,0.00011999999999989797,2.0000000000020002e-05,0.0002056192249674912,0.00019867071609824816,7.036871509441759e-05,0.00012830200100383057
09:03:55,0.64836,0.64837,0.64831,0.64837,0.0021890935398711786,45.75344107556679,5.999999999994898e-05,0.0,5.999999999994898e-05,0.00018620332830515226,0.00022496623316414777,0.00010128821870836363,0.00012367801445578412
09:04:00,0.64843,0.64854,0.64835,0.64854,0.0022001531047182166,46.5175954630209,0.00019000000000002348,0.0,0.00019000000000002348,0.00018670955119780175,0.0002565656698036989,0.0001323437089274307,0.0001242219608762682
09:04:05,0.64854,0.64854,0.64834,0.64838,0.0021009180950468664,47.06608716790576,0.00019999999999997797,0.000160000000000049,3.999999999992898e-05,0.0001884816110380919,0.0002656357051218361,0.00015900210816631178,0.00010663359695552431
09:04:10,0.64838,0.64845,0.64838,0.64842,0.002017080746235189,49.0921897745833,7.00000000000145e-05,2.999999999997449e-05,4.0000000000040004e-05,0.00017268406289968157,0.0002729055538169822,0.00018178279729644587,9.112275652053636e-05
09:04:15,0.64839,0.64842,0.64818,0.64818,0.0018496076397560568,47.54732516968341,0.00024000000000001798,0.00024000000000001798,0.0,0.00018165952117972644,0.00025634597027257566,0.00019669543189167183,5.9650538380903837e-05
09:04:20,0.64809,0.64813,0.64807,0.64807,0.0015682252791953122,44.438212728804736,5.999999999994898e-05,5.999999999994898e-05,0.0,0.00017210491835575536,0.0002316756872076109,0.00020369148295485966,2.7984204252751236e-05
09:04:25,0.6481,0.64816,0.64809,0.64812,0.0013903411167925928,41.558334474569946,6.999999999990347e-05,3.999999999992898e-05,2.999999999997449e-05,0.00016115759590831113,0.00021369554307171246,0.0002056922949782302,8.003248093482252e-06
09:04:30,0.64812,0.64825,0.64812,0.64818,0.0013723449006382005,43.03783740631052,0.00012999999999996348,7.00000000000145e-05,5.999999999994898e-05,0.0001570032497871981,0.00020195958349999987,0.00020494575268258414,-2.986169182584271e-06
09:04:35,0.64824,0.6483,0.64811,0.64821,0.0013133420607034374,44.7182376844019,0.00019000000000002348,9.00000000000345e-05,9.999999999998899e-05,0.0001614028164822415,0.0001928563720577925,0.0002025278765576258,-9.671504499833317e-06
09:04:40,0.64821,0.64833,0.64821,0.64833,0.001256052295254051,45.720063522248275,0.00012000000000000899,0.0,0.00012000000000000899,0.00015588244095127716,0.00019309908249987018,0.0002006421177460747,-7.54303524620452e-06
09:04:45,0.64829,0.64829,0.64805,0.64805,0.001223824892871983,43.15385549686421,0.00024000000000001798,0.00024000000000001798,0.0,0.00017243144882443315,0.0001687524985727329,0.00019426419391140634,-2.5511695338673447e-05
09:04:50,0.64805,0.64806,0.64799,0.64799,0.0012062626056030812,39.65333351478615,7.00000000000145e-05,7.00000000000145e-05,0.0,0.00015877392231451065,0.00014296810947223015,0.0001840049770235711,-4.103686755134095e-05
09:04:55,0.64799,0.64802,0.64795,0.64795,0.001176979184179583,36.062372861169315,7.00000000000145e-05,7.00000000000145e-05,0.0,0.00014693739933924449,0.00011794651562457847,0.0001707932847437726,-5.2846769119194116e-05
09:05:00,0.64798,0.64809,0.64798,0.64809,0.0009932381916013533,31.799795843986402,0.0001100000000000545,0.0,0.0001100000000000545,0.0001460124127606824,0.00010816667411295278,0.00015826796261760864,-5.010128850465586e-05
09:05:05,0.64813,0.64823,0.64813,0.64823,0.0008147069217905312,29.290303384062025,9.999999999998899e-05,0.0,9.999999999998899e-05,0.0001452107577259138,0.00011043982763947469,0.00014870233562198185,-3.826250798250717e-05
09:05:10,0.64823,0.64829,0.6481,0.6481,0.0006582400777774833,26.82300481257173,0.00019000000000002348,0.00019000000000002348,0.0,0.0001511826566957951,0.00010059184447497316,0.00013908023739258012,-3.848839291760697e-05
09:05:15,0.6481,0.64817,0.64803,0.64817,0.0006253958746205157,23.448683688455095,0.000140000000000029,0.0,0.000140000000000029,0.0001496916358030263,9.731388792755258e-05,0.0001307269674995746,-3.3413079572022027e-05
09:05:20,0.64827,0.64843,0.64827,0.64843,0.0006517958995952977,21.41370062768987,0.00015999999999993797,0.0,0.00015999999999993797,0.00016439941769594638,0.00011437743891828944,0.00012745706178331757,-1.3079622865028124e-05
09:05:25,0.64849,0.64857,0.64844,0.64852,0.000696756394787057,22.838681182526194,0.00012999999999996348,4.999999999999449e-05,7.999999999996898e-05,0.0001611461620031574,0.0001336223584817997,0.000128690121123014,4.932237358785702e-06
09:05:30,0.64852,0.64852,0.64839,0.64839,0.0007018051911380496,24.756284236232233,0.00012999999999996348,0.00012999999999996348,0.0,0.00015699334040273155,0.00013680715462438542,0.0001303135278232883,6.49362680109713e-06
09:05:35,0.6483,0.64836,0.64819,0.64819,0.0006912505829388405,24.113829895407793,0.00017000000000000348,0.00017000000000000348,0.0,0.0001627275616823644,0.00012178889342973065,0.00012860860094457676,-6.8197075148461114e-06
09:05:40,0.64819,0.64822,0.64804,0.64804,0.00064362133358431,22.661105960749097,0.000180000000000069,0.000180000000000069,0.0,0.00016503055345805837,9.666872989055886e-05,0.0001222206267337732,-2.5551896843214344e-05
09:05:45,0.64804,0.64804,0.64786,0.64786,0.0006889687182514148,22.074722907336866,0.00017999999999995797,0.00017999999999995797,0.0,0.00016702647966364498,6.152707777429267e-05,0.0001100819169418771,-4.855483916758443e-05
09:05:50,0.64786,0.64795,0.64786,0.64795,0.0006769435955609193,21.269998382656638,9.00000000000345e-05,0.0,9.00000000000345e-05,0.0001567562823751636,4.047276824981072e-05,9.616008720346384e-05,-5.568731895365312e-05
09:05:55,0.64795,0.64802,0.64788,0.64802,0.0006865290272486391,21.827503382590482,0.000140000000000029,0.0,0.000140000000000029,0.00015452211139181231,2.9100044055430097e-05,8.27480785738571e-05,-5.3648034518427e-05
09:06:00,0.64802,0.64811,0.64802,0.64811,0.0006838005249243384,21.69970612695507,8.999999999992347e-05,0.0,8.999999999992347e-05,0.00014591916320622715,2.7037652802763823e-05,7.160599341963845e-05,-4.456834061687463e-05
09:06:05,0.64811,0.64811,0.64796,0.64798,0.0006996510408334711,21.71251143509019,0.00014999999999998348,0.00012999999999996348,2.0000000000020002e-05,0.000146463274778728,1.4743327430455366e-05,6.0233460221801834e-05,-4.549013279134647e-05
09:06:10,0.64798,0.64829,0.64794,0.64821,0.0007016251810822993,22.53982200803106,0.0003500000000000725,8.000000000008001e-05,0.00026999999999999247,0.0001736015048082406,2.3290584447166474e-05,5.284488506687477e-05,-2.9554300619708294e-05
09:06:15,0.64817,0.64832,0.64807,0.64821,0.0007016251810822993,22.190829019239946,0.00024999999999997247,0.0001100000000000545,0.00013999999999991797,0.00018378797083380485,2.9721733569187947e-05,4.8220254767337403e-05,-1.8498521198149456e-05
09:06:20,0.64817,0.64817,0.64807,0.64807,0.0006808786892431584,21.3347824022273,9.999999999998899e-05,9.999999999998899e-05,0.0,0.00017794957472261992,2.3253582783655524e-05,4.322692037060103e-05,-1.9973337586945506e-05
09:06:25,0.64813,0.64819,0.6481,0.64819,0.0006788845340102156,21.712283279731356,9.00000000000345e-05,0.0,9.00000000000345e-05,0.00017022296475960514,2.7493594757510564e-05,4.0080255247982936e-05,-1.2586660490472371e-05
09:06:30,0.64819,0.64835,0.64819,0.64829,0.0006779535770415901,21.525116361905447,0.00015999999999993797,5.999999999994898e-05,9.999999999998899e-05,0.00016885990279164953,3.8479432118765367e-05,3.976009062213943e-05,-1.2806585033740635e-06
09:06:35,0.64831,0.64837,0.64828,0.64828,0.000659987240700044,20.803513379591713,9.00000000000345e-05,9.00000000000345e-05,0.0,0.00015834524908610087,4.5850336807817804e-05,4.097813985927511e-05,4.872196948542697e-06
09:06:40,0.64823,0.64825,0.64816,0.64825,0.000659885157466622,18.850110929823465,9.00000000000345e-05,0.0,9.00000000000345e-05,0.0001532325492079553,4.870958878022691e-05,4.2524429643465466e-05,6.1851591367614425e-06
09:06:45,0.64831,0.64864,0.64831,0.64864,0.0007799055273374211,21.743419981348982,0.00032999999999994145,0.0,0.00032999999999994145,0.00018480154264689477,8.150575954157802e-05,5.032069562308798e-05,3.1185063918490035e-05
09:06:50,0.64864,0.64864,0.6485,0.6486,0.000853377191850857,24.77273896709989,0.000140000000000029,4.0000000000040004e-05,9.999999999998899e-05,0.00017882800362731266,0.00010308104136835805,6.0872764772142e-05,4.220827659621605e-05
09:06:55,0.6486,0.64864,0.64852,0.64856,0.0009039305981701773,26.580445157072567,0.00012000000000000899,7.999999999996898e-05,4.0000000000040004e-05,0.00017098426981033884,0.00011561915628832686,7.182204307537898e-05,4.379711321294789e-05
09:07:00,0.64856,0.64871,0.64856,0.64865,0.0009624945659412187,28.75159656838283,0.00014999999999998348,6.0000000000060005e-05,8.999999999992347e-05,0.00016818636716895813,0.00013130435565533727,8.371850559137064e-05,4.758585006396663e-05
09:07:05,0.64865,0.64865,0.64843,0.6485,0.0009579341807919306,29.700907690857488,0.00021999999999999797,0.00014999999999998348,7.00000000000145e-05,0.00017509485154643012,0.00013013117161919663,9.300103879693584e-05,3.713013282226079e-05
09:07:10,0.6485,0.64854,0.64835,0.64838,0.0009567400790915226,30.556062275018117,0.00019000000000002348,0.000160000000000049,2.999999999997449e-05,0.0001770822046735759,0.00011815638444989673,9.803210792752803e-05,2.012427652236871e-05
09:07:15,0.64838,0.64858,0.64835,0.64845,0.0009713885882931539,31.217470860427404,0.0002300000000000635,0.0001300000000000745,9.999999999998899e-05,0.0001841379107171076,0.00011301196277080372,0.00010102807889618317,1.1983883874620545e-05
09:07:20,0.64852,0.64857,0.64847,0.64852,0.0009738820851530328,31.360543596947355,9.999999999998899e-05,4.999999999999449e-05,4.999999999999449e-05,0.0001755861892881611,0.00011327759293378037,0.00010347798170370262,9.799611230077747e-06
09:07:25,0.64847,0.64847,0.64838,0.64843,0.0008940952498377452,30.162150283830215,9.00000000000345e-05,4.0000000000040004e-05,4.999999999999449e-05,0.0001708413640497435,0.00010501530781437118,0.00010378544692583634,1.2298608885348415e-06
09:07:30,0.64843,0.64847,0.64827,0.64827,0.0008275747700317027,30.245159671043034,0.00019999999999997797,0.00019999999999997797,0.0,0.00017472918217644143,8.458171909897505e-05,9.994470136046408e-05,-1.536298226148903e-05
09:07:35,0.64827,0.64848,0.64827,0.64848,0.0007833289286878209,29.96514755901067,0.00020999999999993246,0.0,0.00020999999999993246,0.00017943195788624024,8.436073968842717e-05,9.68279090260567e-05,-1.2467169337629532e-05
09:07:40,0.64848,0.64848,0.64838,0.64838,0.0007491300217363772,28.31697006052401,9.999999999998899e-05,9.999999999998899e-05,0.0,0.0001688410301680734,7.52490237434511e-05,9.251213196953558e-05,-1.726310822608448e-05
09:07:45,0.64843,0.64846,0.64838,0.64843,0.0006556603742098321,26.524482321585054,8.000000000008001e-05,3.0000000000085514e-05,4.999999999999449e-05,0.00015699555947900763,7.124128021107623e-05,8.825796161784372e-05,-1.7016681406767492e-05
09:07:50,0.64843,0.64847,0.64843,0.64846,0.0006358549983609407,26.42886746319409,4.0000000000040004e-05,9.99999999995449e-06,3.0000000000085514e-05,0.0001413961515484786,6.968260615913824e-05,8.454289052610263e-05,-1.4860284366964387e-05
09:07:55,0.64846,0.64853,0.64846,0.6485,0.0006146663622124127,23.14156291271608,7.00000000000145e-05,3.0000000000085514e-05,3.999999999992898e-05,0.00013187666467535006,7.085820220209538e-05,8.180595286130118e-05,-1.0947750659205804e-05
09:08:00,0.64852,0.64853,0.64837,0.64842,0.0005211162108940126,20.84592591208006,0.000160000000000049,0.0001100000000000545,4.999999999999449e-05,0.00013562644271864326,6.45899859713639e-05,7.836275948331373e-05,-1.3772773511949835e-05
09:08:05,0.64844,0.64856,0.64844,0.64849,0.0004693377192708237,17.892007331587454,0.00012000000000000899,7.00000000000145e-05,4.999999999999449e-05,0.0001362095836894947,6.45269677169713e-05,7.559560113004526e-05,-1.1068633413073955e-05
09:08:10,0.64849,0.64849,0.64833,0.64836,0.0004532688292531173,16.181351397749175,0.000160000000000049,0.00012999999999996348,3.0000000000085514e-05,0.0001393816391975686,5.337187401077692e-05,7.11508557061916e-05,-1.7778981695414675e-05
09:08:15,0.64836,0.64844,0.64836,0.6484,0.00042674286599519995,16.06652683088493,7.999999999996898e-05,4.0000000000040004e-05,3.999999999992898e-05,0.00013146408730455532,4.7214784936078225e-05,6.636364155216892e-05,-1.9148856616090697e-05
09:08:20,0.6484,0.6485,0.64835,0.6485,0.0003798947222499738,15.519060424164115,0.00014999999999998348,0.0,0.00014999999999998348,0.00013393554233061242,4.983000249925151e-05,6.305691374158543e-05,-1.3226911242333921e-05
09:08:25,0.64853,0.64853,0.64845,0.64845,0.00034513765368826554,14.471527187766702,8.000000000008001e-05,8.000000000008001e-05,0.0,0.00012674413668654143,4.732249486349982e-05,5.991002996596832e-05,-1.25875351024685e-05
09:08:30,0.64845,0.64845,0.64837,0.6484,0.0003232141216198414,14.550418422324269,7.999999999996898e-05,4.999999999999449e-05,2.999999999997449e-05,0.00012051158512833177,4.083003167476562e-05,5.6094030307727785e-05,-1.5263998632962164e-05
09:08:35,0.6484,0.64862,0.64837,0.64857,0.0003261514017072198,16.011212076175457,0.00024999999999997247,4.999999999999449e-05,0.00019999999999997797,0.0001377767071112172,4.883929804622156e-05,5.464308385542654e-05,-5.8037858092049836e-06
09:08:40,0.64857,0.64865,0.64857,0.64859,0.00029874121875450577,16.550464816439916,7.999999999996898e-05,5.999999999994898e-05,2.0000000000020002e-05,0.00013007314616305076,5.615323269014816e-05,5.494511362237087e-05,1.208119067777291e-06
09:08:45,0.6485,0.6485,0.64829,0.64829,0.0003263256365138023,17.107529603964043,0.00020999999999993246,0.00020999999999993246,0.0,0.00015273006000797294,3.73119765542107e-05,5.141848620873884e-05,-1.4106509654528138e-05
09:08:50,0.64829,0.64829,0.64818,0.64818,0.00039773569641665674,18.503929927193298,0.0001100000000000545,0.0001100000000000545,0.0,0.00014703271867358382,1.3350172156534335e-05,4.380482339829794e-05,-3.0454651241763604e-05
09:08:55,0.64818,0.64818,0.64801,0.64801,0.0005451064599002464,20.88652619029977,0.00017000000000000348,0.00017000000000000348,0.0,0.0001500950228504398,-1.9136713592771137e-05,3.1216516000084126e-05,-5.0353229592855263e-05
09:09:00,0.64801,0.64807,0.64795,0.64801,0.0006385378033515465,23.791970038190378,0.00012000000000000899,6.0000000000060005e-05,5.999999999994898e-05,0.00014608235313704902,-4.437131965184804e-05,1.6098948869697693e-05,-6.047026852154573e-05
09:09:05,0.64801,0.64801,0.64785,0.64785,0.0007930859115827804,27.813028022947844,0.00015999999999993797,0.00015999999999993797,0.0,0.00014793803938543422,-7.639989910368516e-05,-2.4008207249788797e-06,-7.399907837870628e-05
09:09:10,0.64781,0.64799,0.64779,0.64799,0.0008546196445409215,31.08293450263204,0.00019999999999997797,0.0,0.00019999999999997797,0.00015487963413404006,-8.945477019450809e-05,-1.9811610618884724e-05,-6.964315957562337e-05
09:09:15,0.64795,0.64819,0.64795,0.64814,0.0008611277794987604,32.09749217487978,0.00024000000000001798,4.999999999999449e-05,0.00019000000000002348,0.0001662290162495038,-8.669770600411297e-05,-3.3188829695930376e-05,-5.35088763081826e-05
09:09:20,0.64817,0.64819,0.64801,0.64804,0.0008945589916080632,31.505341979135608,0.000180000000000069,0.0001500000000000945,2.999999999997449e-05,0.00016806514741624583,-9.152681290902631e-05,-4.4856426338549566e-05,-4.6670386570476745e-05
09:09:25,0.64801,0.64805,0.64798,0.64798,0.000930989287062145,31.584344204030543,7.00000000000145e-05,7.00000000000145e-05,0.0,0.00015498979442741498,-9.905358540829301e-05,-5.5695858152498255e-05,-4.3357727255794755e-05
09:09:30,0.64798,0.64802,0.64795,0.64801,0.0009452284602666783,33.40118321301025,7.00000000000145e-05,1.0000000000065512e-05,5.999999999994898e-05,0.0001436578218370949,-0.00010142865120787992,-6.484241676357459e-05,-3.6586234444305324e-05
09:09:35,0.64804,0.64808,0.64798,0.64808,0.0009295703591574167,34.3395108581001,9.999999999998899e-05,0.0,9.999999999998899e-05,0.00013783677892548077,-9.654953009685663e-05,-7.1183839430231e-05,-2.536569066662563e-05
09:09:40,0.64813,0.6482,0.64813,0.6482,0.0009139941264311169,33.49819626021806,7.00000000000145e-05,0.0,7.00000000000145e-05,0.00013545854173541787,-8.205392774385256e-05,-7.335785709295532e-05,-8.696070650897241e-06
09:09:45,0.64797,0.64802,0.64794,0.64799,0.0009021704821927656,33.49171508240405,8.000000000008001e-05,3.0000000000085514e-05,4.999999999999449e-05,0.0001520640695040339,-8.651402358983429e-05,-7.598909039233112e-05,-1.0524933197503169e-05
09:09:50,0.64799,0.64834,0.64795,0.64828,0.0008931646868786114,32.953185185891726,0.00039000000000000146,6.0000000000060005e-05,0.00032999999999994145,0.00018378886023682957,-6.588858274447773e-05,-7.396898886276044e-05,8.080406118282711e-06
09:09:55,0.64824,0.64833,0.64823,0.64826,0.0008750963856642979,32.48564624474878,9.999999999998899e-05,7.00000000000145e-05,2.999999999997449e-05,0.00017261701220525083,-5.0573623874172746e-05,-6.928991586504291e-05,1.8716291990870164e-05
09:10:00,0.64822,0.64826,0.64818,0.6482,0.0008256314967425293,30.613004547592855,7.999999999996898e-05,5.999999999994898e-05,2.0000000000020002e-05,0.00016026807724454657,-4.278471166674347e-05,-6.398887502538303e-05,2.120416335863956e-05
09:10:05,0.6482,0.64827,0.64816,0.64823,0.0007866785607137938,27.517784355224276,0.0001100000000000545,4.0000000000040004e-05,7.00000000000145e-05,0.00015356566694528097,-3.380155011778463e-05,-5.795141004386335e-05,2.4149859926078724e-05
09:10:10,0.64823,0.64823,0.64815,0.64819,0.0007556635285714819,24.004315526955235,7.999999999996898e-05,3.999999999992898e-05,4.0000000000040004e-05,0.0001437569113525727,-2.9569140925667092e-05,-5.2274956220224104e-05,2.270581529455701e-05
09:10:15,0.64828,0.64828,0.64823,0.64828,0.0006598245380740053,20.653069071813853,4.999999999999449e-05,0.0,4.999999999999449e-05,0.00013658932317221948,-1.873669337137951e-05,-4.556730365045519e-05,2.683061027907568e-05
09:10:20,0.64828,0.64828,0.64811,0.64811,0.0005058645543623008,16.686132939832685,0.00017000000000000348,0.00017000000000000348,0.0,0.00014104408008259068,-2.3597463026825416e-05,-4.117333552572924e-05,1.757587249890382e-05
09:10:25,0.64811,0.6482,0.64807,0.6482,0.00048580264564734854,16.094617857521325,0.00012999999999996348,0.0,0.00012999999999996348,0.00013957153607157372,-1.995735420390332e-05,-3.693013926136406e-05,1.6972785057460737e-05
09:10:30,0.6482,0.64828,0.6482,0.64828,0.0005055106849742863,14.497953404069463,7.999999999996898e-05,0.0,7.999999999996898e-05,0.00013162866459535976,-1.0496216474087383e-05,-3.164335470390872e-05,2.114713822982134e-05
09:10:35,0.64832,0.64851,0.64832,0.64847,0.0005850739944137651,14.88856237904531,0.00019000000000002348,4.0000000000040004e-05,0.00014999999999998348,0.00014474484264932026,1.2192665980292894e-05,-2.2876150567068398e-05,3.506881654736129e-05
09:10:40,0.64838,0.64848,0.64813,0.64813,0.0005724150132204731,12.809664637171307,0.00034999999999996145,0.00034999999999996145,0.0,0.00017211219696273907,2.707401054569125e-06,-1.7759440242740894e-05,2.046684129731002e-05
09:10:45,0.64816,0.64817,0.64814,0.64814,0.0005006101540199204,11.830935783720278,2.999999999997449e-05,2.999999999997449e-05,0.0,0.00015449723736771253,-3.957207090121706e-06,-1.4998993612217058e-05,1.1041786522095352e-05
09:10:50,0.6481,0.64816,0.64809,0.64816,0.00047440156207301243,11.723704261035163,6.999999999990347e-05,0.0,6.999999999990347e-05,0.00014323093905200466,-7.538228205317132e-06,-1.3506840530837075e-05,5.968612325519942e-06
09:10:55,0.64811,0.64818,0.64807,0.6481,0.0004777623280431964,10.494379421329985,0.00010999999999994348,7.999999999996898e-05,2.999999999997449e-05,0.0001388001471783965,-1.504429058096779e-05,-1.3814330540863218e-05,-1.2299600401045713e-06
09:11:00,0.64806,0.64809,0.64802,0.64809,0.0004686194730463278,10.064853924451043,7.00000000000145e-05,0.0,7.00000000000145e-05,0.00013096012755460615,-2.155138457238248e-05,-1.536174134716707e-05,-6.189643225215412e-06
09:11:05,0.64804,0.64812,0.64799,0.64802,0.0004562363191804586,10.077437080968016,0.0001300000000000745,9.999999999998899e-05,3.0000000000085514e-05,0.00013083211054733528,-3.198798089532051e-05,-1.868698925679776e-05,-1.3300991638522752e-05
09:11:10,0.64802,0.64803,0.64793,0.64803,0.00045060894470116963,11.362197385638762,9.999999999998899e-05,0.0,9.999999999998899e-05,0.00012672116247435577,-3.9002545183630666e-05,-2.2750100442164342e-05,-1.6252444741466324e-05
09:11:15,0.64796,0.64796,0.64782,0.64782,0.000545357439514893,13.92725069986929,0.000140000000000029,0.000140000000000029,0.0,0.0001378250074777808,-6.080594973789655e-05,-3.0361270301310783e-05,-3.0444679436585764e-05
09:11:20,0.64782,0.64782,0.64761,0.64763,0.0007197046177662703,17.88292475885025,0.00020999999999993246,0.00018999999999991246,2.0000000000020002e-05,0.0001474483398140677,-9.23521390640003e-05,-4.275944405384869e-05,-4.959269501015161e-05
09:11:25,0.64763,0.64783,0.6476,0.64783,0.0007591546545109296,21.23656370651659,0.0002300000000000635,0.0,0.0002300000000000635,0.00015845522783886713,-0.00010006095247827584,-5.421974573873413e-05,-4.5841206739541716e-05
09:11:30,0.64787,0.64788,0.64772,0.64772,0.0008238012023811248,23.935096570425173,0.000160000000000049,0.000160000000000049,0.0,0.00015866119746035803,-0.00011373525412805563,-6.612284741659843e-05,-4.76124067114572e-05
09:11:35,0.64769,0.64769,0.64751,0.64751,0.000958955572206488,27.33091119136906,0.00017999999999995797,0.00017999999999995797,0.0,0.0001655063711323013,-0.00013990474682656906,-8.087922729859255e-05,-5.9025519527976505e-05
09:11:40,0.64751,0.64767,0.64751,0.64765,0.0010144617447549464,31.73187518345346,0.00015999999999993797,2.0000000000020002e-05,0.00013999999999991797,0.00016477218831465287,-0.00014764546336432094,-9.423247451173823e-05,-5.341298885258271e-05
09:11:45,0.64767,0.64767,0.6475,0.64763,0.0010557092901246623,33.93718926738053,0.00017000000000000348,3.999999999992898e-05,0.0001300000000000745,0.0001654692298726996,-0.00015362299953070035,-0.00010611057951553067,-4.7512420015169687e-05
09:11:50,0.64743,0.64777,0.64743,0.64773,0.0010659337394200996,36.25850590615819,0.00034000000000000696,3.999999999992898e-05,0.000300000000000078,0.00018873999922300726,-0.00014857835693149468,-0.00011460413499872348,-3.39742219327712e-05
09:11:55,0.64773,0.64773,0.64761,0.64761,0.0010737126931170682,39.33681239121896,0.00012000000000000899,0.00012000000000000899,0.0,0.00017957466599327417,-0.00015250545054246167,-0.00012218439810747112,-3.032105243499055e-05
09:12:00,0.64761,0.64787,0.64761,0.64787,0.0010636897054432382,39.52153723657698,0.00025999999999992696,0.0,0.00025999999999992696,0.00019029804386082788,-0.0001331035386930024,-0.00012436822622457737,-8.735312468425026e-06
09:12:05,0.6478,0.6478,0.64765,0.64773,0.0010465280945222144,39.2986381585864,0.0001500000000000945,7.00000000000145e-05,8.000000000008001e-05,0.0001942583046793839,-0.0001275538523303199,-0.00012500535144572587,-2.5485008845940315e-06
09:12:10,0.64773,0.64784,0.64769,0.64784,0.0009869442473418033,39.15032438565761,0.00014999999999998348,0.0,0.00014999999999998348,0.0001883571973887972,-0.00011297727352943543,-0.00012259973586246779,9.622462333032356e-06
09:12:15,0.64784,0.64794,0.64766,0.64782,0.0008198690524410246,40.04654962970573,0.00027999999999994696,0.00012000000000000899,0.00015999999999993797,0.0002005762377369505,-0.00010186482833185462,-0.00011845275435634515,1.6587926024490537e-05
09:12:20,0.64782,0.64787,0.64772,0.64772,0.0007844676371127068,41.95456139109968,0.00014999999999998348,0.00014999999999998348,0.0,0.0001938327393720216,-9.997485185708754e-05,-0.00011475717385649364,1.4782321999406097e-05
09:12:25,0.64772,0.64772,0.6476,0.64764,0.0007459504710476406,39.52143211746709,0.00012000000000000899,7.999999999996898e-05,4.0000000000040004e-05,0.00018398837412241992,-0.00010373655288842265,-0.00011255304966287946,8.816496774456808e-06
09:12:30,0.64769,0.64769,0.64735,0.64735,0.0007748792775199576,37.770398306405355,0.00034000000000000696,0.00034000000000000696,0.0,0.00020478992423943152,-0.00012863547474617487,-0.00011576953467953855,-1.2865940066636317e-05
09:12:35,0.64735,0.64735,0.64718,0.64718,0.0008726873196558405,37.13980593467712,0.00017000000000000348,0.00017000000000000348,0.0,0.00020015126767417447,-0.00016023849928148426,-0.0001246633275999277,-3.557517168155657e-05
09:12:40,0.64718,0.64721,0.64706,0.64706,0.000984979828804411,38.11225328736377,0.00014999999999998348,0.00014999999999998348,0.0,0.00019346443198428235,-0.00019274527349821824,-0.00013827971677958582,-5.446555671863242e-05
09:12:45,0.64706,0.64715,0.647,0.64704,0.001077031006734508,38.176629679114235,0.00014999999999998348,0.0001100000000000545,3.999999999992898e-05,0.00018766917438637585,-0.00021761245815821173,-0.000154146265055311,-6.346619310290073e-05
09:12:50,0.64704,0.64711,0.64704,0.64708,0.0011076081389496117,38.052131163141006,7.00000000000145e-05,2.999999999997449e-05,4.0000000000040004e-05,0.000171979951134861,-0.0002314244978984803,-0.00016960191162394486,-6.182258627453543e-05
09:12:55,0.64708,0.64718,0.64705,0.64713,0.001149189187848343,36.4084745018206,0.00012999999999996348,4.999999999999449e-05,7.999999999996898e-05,0.00016638262431687467,-0.00023561997635146437,-0.00018280552456944877,-5.281445178201559e-05
09:13:00,0.64713,0.64716,0.64712,0.64712,0.0012042101582603326,37.28965220036937,3.999999999992898e-05,3.999999999992898e-05,0.0,0.00014953160774128192,-0.00023701962498134943,-0.0001936483446518289,-4.337128032952053e-05
09:13:05,0.64712,0.64714,0.64708,0.64714,0.001209386099157772,37.66181300434101,6.0000000000060005e-05,0.0,6.0000000000060005e-05,0.00013759406004245234,-0.00023381969584557183,-0.0002016826148905775,-3.2137080954994316e-05
09:13:10,0.64717,0.6472,0.6471,0.6471,0.0012320543391957095,39.326651996600226,9.999999999998899e-05,9.999999999998899e-05,0.0,0.00013258151870345724,-0.00023183890013134256,-0.00020771387193873055,-2.4125028192612013e-05
09:13:15,0.6471,0.6471,0.64671,0.64671,0.001394900486921813,43.91556593804218,0.00039000000000000146,0.00039000000000000146,0.0,0.00016690398287632982,-0.00025875606702030485,-0.0002179223109550454,-4.083375606525944e-05
09:13:20,0.64671,0.64671,0.64658,0.64658,0.0015571309649797804,48.200841901026415,0.00012999999999996348,0.00012999999999996348,0.0,0.00016198345182614763,-0.00028726659871947113,-0.00023179116850793058,-5.547543021154055e-05
09:13:25,0.64644,0.64648,0.64635,0.64635,0.0017721114376250124,51.581254629584954,0.0001300000000000745,0.0001300000000000745,0.0,0.0001710523249160031,-0.00032467779479461445,-0.00025036849376526733,-7.430930102934712e-05
09:13:30,0.64635,0.6464,0.64627,0.64637,0.0019005860591969626,53.38307431639115,0.00012999999999996348,2.999999999997449e-05,9.999999999998899e-05,0.00016557868159386448,-0.00034869308750540284,-0.00027003341251329445,-7.86596749921084e-05
09:13:35,0.64637,0.64642,0.64634,0.64642,0.001991851822853219,58.151491499329424,7.999999999996898e-05,0.0,7.999999999996898e-05,0.00015416819071467842,-0.0003595461733899574,-0.00028793596468862706,-7.161020870133036e-05
09:13:40,0.64642,0.64647,0.64636,0.64636,0.001998066433749779,60.11194655142411,0.00010999999999994348,0.00010999999999994348,0.0,0.00014827909861938042,-0.000368738235853483,-0.00030409641892159827,-6.464181693188471e-05
09:13:45,0.6464,0.64643,0.64631,0.64634,0.002008146566257585,61.14237363525282,0.00011999999999989797,8.999999999992347e-05,2.999999999997449e-05,0.00014450855213678278,-0.00037333329065125653,-0.0003179437932675299,-5.5389497383726634e-05
09:13:50,0.64634,0.64647,0.64626,0.64647,0.0019069247770313602,61.78764023598292,0.00021000000000004349,0.0,0.00021000000000004349,0.00015324074518521756,-0.0003623085240038737,-0.00032681673941479866,-3.549178458907504e-05
09:13:55,0.64647,0.64647,0.64626,0.64626,0.0018151595551134658,62.18190537823711,0.00021000000000004349,0.00021000000000004349,0.0,0.00016080864582719437,-0.00036629415100097873,-0.0003347122217320347,-3.1581929268944056e-05
09:14:00,0.64626,0.64651,0.64626,0.64645,0.0016640786924693174,61.8355001669878,0.0002500000000000835,6.0000000000060005e-05,0.00019000000000002348,0.0001727008263835796,-0.00035008580575945913,-0.0003377869385375196,-1.2298867221939547e-05
09:14:05,0.64642,0.64654,0.64642,0.64646,0.001492847508690609,62.261861468469554,0.00012000000000000899,7.999999999996898e-05,4.0000000000040004e-05,0.00016567404953243684,-0.0003325996571426071,-0.0003367494822585371,4.149825115930012e-06
09:14:10,0.64624,0.64624,0.64592,0.64592,0.0015542999778184186,64.33943276065362,0.00031999999999998696,0.00031999999999998696,0.0,0.00021558417626144327,-0.0003581862967488858,-0.00034103684515660683,-1.7149451592278974e-05
09:14:15,0.64592,0.64592,0.64585,0.64589,0.0016292006435167927,66.20614027942584,7.00000000000145e-05,3.0000000000085514e-05,3.999999999992898e-05,0.00019617295275991943,-0.00037654407653453514,-0.0003481382914321925,-2.840578510234263e-05
09:14:20,0.64589,0.64589,0.64578,0.64578,0.0017321371040890376,69.69771412109019,0.00010999999999994348,0.00010999999999994348,0.0,0.00018468322572525597,-0.00039541078062255153,-0.0003575927892702643,-3.78179913522872e-05
09:14:25,0.64575,0.64591,0.64571,0.64578,0.0017964866296524828,70.80427868223204,0.00019999999999997797,0.00012999999999996348,7.00000000000145e-05,0.0001867254622952189,-0.0004056862806274264,-0.0003672114875416968,-3.8474793085729615e-05
09:14:30,0.64574,0.64574,0.64559,0.64559,0.001873916248197105,71.71325193988805,0.00014999999999998348,0.00014999999999998348,0.0,0.00018716206732252618,-0.0004242703757239008,-0.0003786232651781376,-4.5647110545763195e-05
09:14:35,0.64559,0.64593,0.64559,0.64593,0.0017917659621591309,69.2707116128934,0.00034000000000000696,0.0,0.00034000000000000696,0.0002075404583461903,-0.0004068730670305776,-0.0003842732255486256,-2.259984148195198e-05
09:14:40,0.64593,0.64593,0.64582,0.64589,0.0016815769541194125,66.68856788245927,0.0001100000000000545,4.0000000000040004e-05,7.00000000000145e-05,0.00019453506390003887,-0.00039179685005397147,-0.0003857779504496948,-6.018899604276647e-06
09:14:45,0.64595,0.64601,0.64587,0.64601,0.0014935144000483014,63.32326603022552,0.00013999999999991797,0.0,0.00013999999999991797,0.0001872637220466894,-0.0003659474282055042,-0.0003818118460008567,1.5864417795352496e-05
09:14:50,0.64605,0.64636,0.64604,0.64633,0.0012571965470395963,59.956547768512046,0.000320000000000098,3.0000000000085514e-05,0.00029000000000001247,0.0002089618924404738,-0.00031599762558121025,-0.0003686490019169274,5.265137633571717e-05
09:14:55,0.64633,0.64633,0.64617,0.64617,0.001159736812245793,56.18415978688572,0.00015999999999993797,0.00015999999999993797,0.0,0.00020243364011506904,-0.0002860255850569704,-0.000352124318544936,6.609873348796563e-05
09:15:00,0.64617,0.64633,0.64617,0.64629,0.0011003616630305135,52.22417227977196,0.00015999999999993797,3.999999999992898e-05,0.00012000000000000899,0.00019677582143305157,-0.0002497110167252181,-0.0003316416581809925,8.193064145577437e-05
09:15:05,0.64634,0.64653,0.64617,0.64617,0.0010848933976221886,49.76286483090223,0.00036000000000002697,0.00036000000000002697,0.0,0.00021853904524198162,-0.00022798637183052417,-0.00031091060091089886,8.292422908037469e-05
09:15:10,0.64617,0.64628,0.64617,0.64628,0.0010720153180336922,48.231102643259696,0.00010999999999994348,0.0,0.00010999999999994348,0.0002040671725430432,-0.00019959257458435076,-0.00028864699564558924,8.905442106123848e-05
09:15:15,0.64628,0.64632,0.64622,0.64632,0.0010535533858497814,47.67922242710592,9.999999999998899e-05,0.0,9.999999999998899e-05,0.00019019154953730264,-0.0001718812795956648,-0.00026529385243560436,9.341257283993957e-05
09:15:20,0.64637,0.64637,0.6463,0.6463,0.001044062914011601,45.388603040229114,7.00000000000145e-05,7.00000000000145e-05,0.0,0.00017416600959899755,-0.0001498068316176937,-0.00024219644827202223,9.238961665432852e-05
09:15:25,0.64633,0.6465,0.6463,0.64641,0.0010576239506772112,43.74191556153465,0.00019999999999997797,8.999999999992347e-05,0.0001100000000000545,0.0001776105416524616,-0.00012202990705800776,-0.00021816314002921934,9.613323297121159e-05
09:15:30,0.64641,0.64641,0.6462,0.64631,0.0010240970348729395,40.332186635664016,0.00021000000000004349,9.999999999998899e-05,0.0001100000000000545,0.00018192913609880586,-0.00010685391309184222,-0.00019590129464174395,8.904738154990173e-05
09:15:35,0.64631,0.64643,0.64627,0.64636,0.0010388333537365568,36.95127290880341,0.00015999999999993797,6.999999999990347e-05,9.00000000000345e-05,0.00017900525128562348,-8.975757692930575e-05,-0.00017467255109925633,8.491497416995058e-05
09:15:40,0.64636,0.64636,0.64628,0.64628,0.0010056074362210232,33.554479803349075,8.000000000008001e-05,8.000000000008001e-05,0.0,0.00016580455111421768,-8.172189957189602e-05,-0.00015608242079378427,7.436052122188825e-05
09:15:45,0.64625,0.64635,0.64625,0.64631,0.000971717957777507,32.38665604308613,9.999999999998899e-05,3.999999999992898e-05,6.0000000000060005e-05,0.00015703061096565386,-7.210167486659813e-05,-0.00013928627160834705,6.718459674174892e-05
09:15:50,0.64634,0.64634,0.64613,0.64613,0.0009540407141228613,29.267816655087582,0.00021000000000004349,0.00021000000000004349,0.0,0.00016409319617023915,-7.810176462896834e-05,-0.0001270493702124713,4.894760558350297e-05
09:15:55,0.64613,0.64617,0.6461,0.64617,0.0009281084328631728,27.69414913032156,7.00000000000145e-05,0.0,7.00000000000145e-05,0.00015154743668087587,-7.872175786594049e-05,-0.00011738384774316516,3.866208987722467e-05
09:16:00,0.64617,0.64617,0.64601,0.64601,0.0008741046546965059,28.145670181416673,0.000160000000000049,0.000160000000000049,0.0,0.00015267444512343228,-9.107392626661603e-05,-0.00011212186344785534,2.10479371812393e-05
09:16:05,0.64601,0.64607,0.64575,0.64583,0.0008571654633573456,30.831647017853584,0.00031999999999998696,0.00024000000000001798,7.999999999996898e-05,0.0001749845191069729,-0.00011407264593943367,-0.00011251201994617101,-1.560625993262657e-06
09:16:10,0.64583,0.64588,0.64583,0.64588,0.0007254646423928701,32.99586077299737,4.999999999999449e-05,0.0,4.999999999999449e-05,0.0001583199165593758,-0.00012680300869227779,-0.00011537021769539238,-1.1432790996885404e-05
09:16:15,0.64593,0.64593,0.64578,0.64578,0.0007776103746288676,33.66139446989712,0.00014999999999998348,0.00014999999999998348,0.0,0.00015721059435145683,-0.00014330909906901113,-0.00012095799397011614,-2.235110509889499e-05
09:16:20,0.64578,0.64603,0.64572,0.64597,0.0007571108519226488,32.275084924506906,0.00031000000000003247,5.999999999994898e-05,0.0002500000000000835,0.00017758251510460024,-0.00013945137387627593,-0.0001246566699513481,-1.4794703924927836e-05
09:16:25,0.64597,0.64597,0.64558,0.64562,0.0008927686091406706,32.081470554764635,0.00039000000000000146,0.0003500000000000725,3.999999999992898e-05,0.00020590484642398708,-0.00016275997808279374,-0.00013227733157763724,-3.048264650515651e-05
09:16:30,0.64568,0.64568,0.64545,0.64547,0.0010593423978026983,32.482943712603216,0.0002300000000000635,0.00021000000000004349,2.0000000000020002e-05,0.00020911753356746396,-0.00019113270242610003,-0.0001440484057473298,-4.7084296678770227e-05
09:16:35,0.64553,0.64573,0.64553,0.64566,0.0011281563907978853,31.202537573926552,0.00019999999999997797,7.00000000000145e-05,0.00012999999999996348,0.00021590186242514048,-0.00019602719924860512,-0.00015444416444758486,-4.158303480102026e-05
09:16:40,0.64566,0.64578,0.64556,0.64572,0.0011526737795652942,30.68452138851713,0.00021999999999999797,6.0000000000060005e-05,0.00015999999999993797,0.00021644828076845482,-0.00019284166599842223,-0.00016212366475775234,-3.071800124066989e-05
09:16:45,0.64572,0.64572,0.64554,0.64554,0.0012319859876135375,30.217904914303766,0.00017999999999995797,0.00017999999999995797,0.0,0.00021158850999932193,-0.00020250722637504825,-0.00017020037708121151,-3.230684929383674e-05
09:16:50,0.64544,0.64546,0.64536,0.64546,0.0013012237155409778,31.066362907863887,9.999999999998899e-05,0.0,9.999999999998899e-05,0.00020737670866607342,-0.00021415395058610454,-0.00017899109178219012,-3.516285880391442e-05
09:16:55,0.64546,0.64559,0.64525,0.64525,0.0014107019529265852,30.465091739974678,0.00034000000000000696,0.00034000000000000696,0.0,0.00022505981417726456,-0.00023759051285299204,-0.00019071097599635052,-4.687953685664152e-05
09:17:00,0.64525,0.64534,0.64515,0.64534,0.0014552699152756698,32.65982301493793,0.00019000000000002348,0.0,0.00019000000000002348,0.00022038517228696575,-0.0002460654204655688,-0.00020178186489019418,-4.42835555753746e-05
09:17:05,0.64534,0.64534,0.64513,0.64513,0.001508371027925559,34.5840126412253,0.00021000000000004349,0.00021000000000004349,0.0,0.00021900048264870948,-0.00026665327776354,-0.00021475614746486335,-5.189713029867663e-05
09:17:10,0.64513,0.64521,0.64513,0.64515,0.0015416791938764884,35.34972534377078,7.999999999996898e-05,5.999999999994898e-05,2.0000000000020002e-05,0.00020046708496221073,-0.0002781491400024594,-0.00022743474597238254,-5.071439403007684e-05
09:17:15,0.64515,0.64521,0.64514,0.64514,0.0015232430776710437,34.09623850981978,6.999999999990347e-05,6.999999999990347e-05,0.0,0.0001830714736339031,-0.0002847837997052016,-0.00023890455671894635,-4.5879242986255275e-05
09:17:20,0.64514,0.64518,0.64512,0.64514,0.0014936497158546391,33.59200021790655,5.999999999994898e-05,3.999999999992898e-05,2.0000000000020002e-05,0.00016666194381604257,-0.00028673649548716096,-0.0002484709444725893,-3.8265551014571644e-05
09:17:25,0.64514,0.64521,0.64507,0.64511,0.0014208374105983967,33.63643068583662,0.00013999999999991797,9.999999999998899e-05,3.999999999992898e-05,0.00016310701797389262,-0.0002873918953677501,-0.0002562551346516215,-3.113676071612862e-05
09:17:30,0.64519,0.64526,0.64508,0.64526,0.0013457629415034589,34.461333640041076,0.00017999999999995797,0.0,0.00017999999999995797,0.00016535941557736802,-0.000272664452022231,-0.0002595369981257434,-1.31274538964876e-05
09:17:35,0.64521,0.64527,0.64501,0.64501,0.0012806758084318304,34.677667870886374,0.000260000000000038,0.000260000000000038,0.0,0.00017797816016705737,-0.0002779615895488474,-0.0002632219164103642,-1.4739673138483209e-05
09:17:40,0.64501,0.64518,0.64499,0.64499,0.0012453112060790694,34.17177146279619,0.00019000000000002348,0.00019000000000002348,0.0,0.00017958107214478619,-0.0002805395566761737,-0.0002666854444635261,-1.3854112212647587e-05
09:17:45,0.64499,0.64526,0.64499,0.64521,0.001196997999376892,32.60286218414397,0.00026999999999999247,4.999999999999449e-05,0.00021999999999999797,0.00019163692919214705,-0.0002618124419562218,-0.0002657108439620652,3.898402005843445e-06
09:17:50,0.64521,0.6455,0.64521,0.6455,0.0011116133367821135,33.0869079463877,0.00029000000000001247,0.0,0.00029000000000001247,0.00020475200529986243,-0.00022102268037271777,-0.0002567732112441957,3.575053087147794e-05
09:17:55,0.64547,0.64572,0.64547,0.64562,0.0010706790761922935,34.82006459995209,0.00024999999999997247,9.999999999998899e-05,0.00014999999999998348,0.0002107850712598771,-0.00017697346340139752,-0.0002408132616756361,6.383979827423856e-05
09:18:00,0.64562,0.64567,0.64558,0.64566,0.0009524174228530136,34.761226881699635,8.999999999992347e-05,9.99999999995449e-06,7.999999999996898e-05,0.0001946803950918833,-0.00013725429382660526,-0.00022010146810582992,8.284717427922467e-05
09:18:05,0.64566,0.64598,0.64561,0.64598,0.0010840159252987203,38.17454247818497,0.00036999999999998145,0.0,0.00036999999999998145,0.00021805634241296308,-7.904406930125951e-05,-0.00019188998834491583,0.00011284591904365632
09:18:10,0.64606,0.64624,0.64604,0.64611,0.001270351795447322,41.365579860584525,0.000200000000000089,0.0001300000000000745,7.00000000000145e-05,0.00022364883009123973,-2.2166610550100607e-05,-0.00015794531278595278,0.00013577870223585218
09:18:15,0.64614,0.64614,0.646,0.64611,0.0014048502448704703,43.82567759398402,0.000140000000000029,3.0000000000085514e-05,0.00010999999999994348,0.00021249565274574498,2.2648111953404992e-05,-0.00012182662783808124,0.00014447473979148622
09:18:20,0.64611,0.64623,0.64599,0.64623,0.0015614352372053109,46.52536971591814,0.00024000000000001798,0.0,0.00024000000000001798,0.0002161628990463147,6.707391320892597e-05,-8.404651962867981e-05,0.0001511204328376058
09:18:25,0.64623,0.64625,0.64592,0.646,0.0016368905052881466,48.16773222162801,0.00032999999999994145,0.00024999999999997247,7.999999999996898e-05,0.00023134117917346494,8.276849922739249e-05,-5.068351585746535e-05,0.00013345201508485784
09:18:30,0.64576,0.64585,0.64575,0.64585,0.0016716824175810885,47.40276670422175,9.999999999998899e-05,0.0,9.999999999998899e-05,0.00023382902195033262,8.215578457815287e-05,-2.411565577034171e-05,0.00010627144034849458
09:18:35,0.64582,0.64582,0.64572,0.64572,0.0016678306111097552,45.745356672643766,9.999999999998899e-05,9.999999999998899e-05,0.0,0.00021998515235696487,7.03691188606026e-05,-5.21870084415285e-06,7.558781970475544e-05
09:18:40,0.64572,0.64584,0.64572,0.6458,0.001678365119296421,45.519449392792765,0.00012000000000000899,3.999999999992898e-05,8.000000000008001e-05,0.00020665379870937075,6.671439080430108e-05,9.167917485537938e-06,5.7546473318763145e-05
09:18:45,0.64589,0.646,0.64589,0.646,0.0016815268750649537,45.56252237755073,0.0001100000000000545,0.0,0.0001100000000000545,0.00020576662554811837,7.904513787349021e-05,2.3143361563128394e-05,5.590177631036182e-05
09:18:50,0.646,0.64615,0.64595,0.64615,0.001704160852300518,46.173862050744155,0.00019999999999997797,0.0,0.00019999999999997797,0.00020499774214169966,9.977099226821107e-05,3.846888770414493e-05,6.130210456406614e-05
09:18:55,0.64612,0.64621,0.64596,0.64598,0.0016661724179396487,49.02090004095088,0.00024999999999997247,0.00022999999999995246,2.0000000000020002e-05,0.00021099804318946936,0.00010131095235221821,5.103730063375959e-05,5.0273651718458617e-05
09:19:00,0.64598,0.64598,0.64568,0.64568,0.0015893474331138968,47.407685037718636,0.00029999999999996696,0.00029999999999996696,0.0,0.0002228649707642024,7.743130908632878e-05,5.631610232427343e-05,2.111520676205535e-05
09:19:05,0.64568,0.64576,0.64561,0.64561,0.0014934678824056746,43.72209836656403,0.00014999999999998348,0.00014999999999998348,0.0,0.0002131496413289732,5.22557332046647e-05,5.550402850035169e-05,-3.2482952956869914e-06
09:19:10,0.64558,0.64583,0.64558,0.64583,0.0014301770225315646,40.922596699802206,0.00024999999999997247,0.0,0.00024999999999997247,0.00021806302248510644,4.9485629785128715e-05,5.43003487573071e-05,-4.814718972178388e-06
09:19:15,0.6458,0.6458,0.64577,0.6458,0.0012479726717606887,36.43182744436352,3.0000000000085514e-05,0.0,3.0000000000085514e-05,0.00019698795282043359,4.43582196441028e-05,5.231192293466625e-05,-7.953703290563444e-06
09:19:20,0.6458,0.6458,0.64571,0.64571,0.001000115782764821,31.34500009222969,9.00000000000345e-05,9.00000000000345e-05,0.0,0.00018272289244438038,3.265602401048007e-05,4.8380743149829015e-05,-1.572471913934895e-05
09:19:25,0.64571,0.6458,0.64568,0.64571,0.0008247615285252863,27.164325109039442,0.00012000000000000899,9.00000000000345e-05,2.999999999997449e-05,0.0001743598401184642,2.3115488696268116e-05,4.332769225911684e-05,-2.0212203562848722e-05
09:19:30,0.64571,0.64585,0.64559,0.64559,0.0007957889167284904,23.688096241665445,0.000260000000000038,0.000260000000000038,0.0,0.00018577852810267405,5.804636371009586e-06,3.582308108149539e-05,-3.0018444710485806e-05
09:19:35,0.64555,0.64558,0.64531,0.64531,0.0009131806761841776,23.166664892123514,0.00026999999999999247,0.00026999999999999247,0.0,0.00019834139102231044,-3.0160329255624063e-05,2.2626399014071502e-05,-5.2786728269695565e-05
09:19:40,0.64531,0.64538,0.64527,0.64531,0.0010192587605903913,25.019176952133893,0.00010999999999994348,6.999999999990347e-05,4.0000000000040004e-05,0.00018656253888599484,-5.799430142172657e-05,6.50225892691189e-06,-6.449656034863846e-05
09:19:45,0.64531,0.64531,0.64517,0.64528,0.0011166792876948772,27.674253913661698,0.000140000000000029,3.0000000000085514e-05,0.00010999999999994348,0.00018035420036786605,-8.153380324504855e-05,-1.1104953507480198e-05,-7.042884973756835e-05
09:19:50,0.64525,0.64542,0.64525,0.64542,0.001120186074762941,28.522163272515343,0.00017000000000000348,0.0,0.00017000000000000348,0.00017897364031881769,-8.78791815596136e-05,-2.6459799117906882e-05,-6.141938244170672e-05
09:19:55,0.64542,0.64554,0.64542,0.64554,0.001083262129907947,26.73574908163688,0.00012000000000000899,0.0,0.00012000000000000899,0.00017111048827630988,-8.227651007886028e-05,-3.7623141310097564e-05,-4.465336876876271e-05
09:20:00,0.64554,0.64554,0.64543,0.64543,0.0010031865020436737,24.154796710516614,0.0001100000000000545,0.0001100000000000545,0.0,0.0001629624231728092,-8.572425737951583e-05,-4.724336452398122e-05,-3.8480892855534615e-05
09:20:05,0.64543,0.64547,0.64541,0.64547,0.0009750983755976161,21.50072854139363,5.999999999994898e-05,0.0,5.999999999994898e-05,0.0001492341000830945,-8.425768609210404e-05,-5.4646228837605784e-05,-2.961145725449826e-05
09:20:10,0.64539,0.64545,0.64537,0.64537,0.0009905213937955182,22.53790235071033,7.999999999996898e-05,7.999999999996898e-05,0.0,0.0001426695534053471,-9.01256694301189e-05,-6.174211695610842e-05,-2.8383552474010485e-05
09:20:15,0.64541,0.6455,0.64535,0.64542,0.0010052053992715138,23.36738370694106,0.00014999999999998348,7.999999999996898e-05,7.00000000000145e-05,0.00014364694628463197,-8.970741512870362e-05,-6.733517659062746e-05,-2.2372238538076155e-05
09:20:20,0.64542,0.64552,0.64539,0.64545,0.00100131282245286,23.273798324232395,0.00012999999999996348,7.00000000000145e-05,5.999999999994898e-05,0.00014182735344667617,-8.596425389395534e-05,-7.106099205129304e-05,-1.4903261842662301e-05
09:20:25,0.64545,0.64557,0.64537,0.64537,0.0009481083659961254,23.252350977848987,0.00019999999999997797,0.00019999999999997797,0.0,0.00014958370632044973,-8.843369447752991e-05,-7.453553253654042e-05,-1.389816194098949e-05
09:20:30,0.64537,0.64537,0.64524,0.64528,0.0008104163971869305,24.399091757760914,0.00012999999999996348,9.00000000000345e-05,3.999999999992898e-05,0.00014697254547771824,-9.654013716287047e-05,-7.893645346180643e-05,-1.760368370106404e-05
09:20:35,0.6453,0.6453,0.64502,0.64506,0.0007959476311707459,27.019694407563666,0.00027999999999994696,0.00024000000000001798,3.999999999992898e-05,0.0001647095394140154,-0.0001193410237435577,-8.701736751815668e-05,-3.232365622540103e-05
09:20:40,0.64506,0.64506,0.645,0.64504,0.0008647482140320406,28.821051622510055,5.999999999994898e-05,2.0000000000020002e-05,3.999999999992898e-05,0.0001507482674921399,-0.00013744039615026793,-9.710197324457894e-05,-4.033842290568899e-05
09:20:45,0.64506,0.64517,0.64504,0.64504,0.0009241804335040626,26.91541195839043,0.0001300000000000745,0.0001300000000000745,0.0,0.00014798183182653118,-0.00015005454380623284,-0.00010769248735690972,-4.236205644932312e-05
09:20:50,0.64504,0.64504,0.64493,0.64497,0.0009241804335040626,25.72601136939004,0.00010999999999994348,6.999999999990347e-05,4.0000000000040004e-05,0.00014291758758298615,-0.0001638114453166306,-0.0001189162789488539,-4.4895166367776715e-05
09:20:55,0.64493,0.64517,0.64493,0.64505,0.0008784579790974689,22.301688305989988,0.00024000000000001798,0.00012000000000000899,0.00012000000000000899,0.0001558619092385904,-0.0001663410810264221,-0.00012840123936436754,-3.793984166205455e-05
09:21:00,0.64512,0.64512,0.64509,0.64512,0.000826739951469424,21.225004045744885,2.999999999997449e-05,0.0,2.999999999997449e-05,0.00014441365467344694,-0.000160843318906978,-0.00013488965527288965,-2.5953663634088357e-05
09:21:05,0.64512,0.64524,0.64508,0.6452,0.0007411399470005353,20.427821590743967,0.000160000000000049,4.0000000000040004e-05,0.00012000000000000899,0.0001464918340503272,-0.00014832121674601684,-0.0001375759675675151,-1.0745249178501745e-05
09:21:10,0.6452,0.64526,0.6451,0.6452,0.0006865044945518761,19.88287259619607,0.00015999999999993797,5.999999999994898e-05,9.999999999998899e-05,0.00014829292284360864,-0.00013682018266836238,-0.00013742481058768454,6.046279193221659e-07
09:21:15,0.6452,0.64533,0.6452,0.64533,0.0006878035215072131,19.99041910449126,0.00012999999999996348,0.0,0.00012999999999996348,0.00014585386646445594,-0.00011587982625238524,-0.00013311581372062468,1.723598746823944e-05
09:21:20,0.64533,0.64541,0.64528,0.64528,0.0006867651096094107,20.518133629769494,0.0001300000000000745,0.0001300000000000745,0.0,0.0001437400176025384,-0.00010214160027111063,-0.00012692097103072188,2.4779370759611246e-05
09:21:25,0.64532,0.64532,0.6452,0.64523,0.0006873626178431902,20.528218713582692,0.00012000000000000899,9.00000000000345e-05,2.999999999997449e-05,0.00014057468192220116,-9.420263005488483e-05,-0.00012037730283555447,2.6174672780669646e-05
09:21:30,0.64523,0.64523,0.64502,0.64506,0.0006937282950518764,21.334877662349083,0.00020999999999993246,0.00017000000000000348,3.999999999992898e-05,0.000149831390999232,-0.00010047035846028063,-0.00011639591396049972,1.5925555500219087e-05
09:21:35,0.64509,0.64511,0.64506,0.6451,0.0006464510401846812,21.9150716666908,4.999999999999449e-05,9.99999999995449e-06,4.0000000000040004e-05,0.00013652053886600035,-0.0001010451273424362,-0.00011332575663688702,1.2280629294450816e-05
09:21:40,0.64507,0.64507,0.64479,0.64485,0.000696635523512068,23.603566166202295,0.000280000000000058,0.00021999999999999797,6.0000000000060005e-05,0.00015965113368387128,-0.00012028695336296913,-0.00011471799598210345,-5.568957380865677e-06
09:21:45,0.64482,0.64492,0.64482,0.64489,0.0006966355235122901,23.286258153812348,0.00010000000000010001,3.0000000000085514e-05,7.00000000000145e-05,0.00015169764919270177,-0.0001308007833978886,-0.00011793455346526048,-1.2866229932628108e-05
09:21:50,0.64493,0.64503,0.64493,0.64503,0.000678732564950657,21.089706672249736,9.999999999998899e-05,0.0,9.999999999998899e-05,0.00015013796263367872,-0.0001263794162355003,-0.00011962352601930845,-6.755890216191858e-06
09:21:55,0.64503,0.64518,0.645,0.64518,0.0006300910543959315,20.026460390091508,0.00017999999999995797,0.0,0.00017999999999995797,0.0001541195676158493,-0.00010950934890041619,-0.00011760069059553,8.091341695113814e-06
09:22:00,0.64518,0.64531,0.64518,0.64531,0.0005820435867096574,19.21398992950498,0.0001300000000000745,0.0,0.0001300000000000745,0.00015090362526707933,-8.467371951936808e-05,-0.00011101529638029762,2.6341576860929532e-05
09:22:05,0.64531,0.64557,0.64531,0.64552,0.0006461676497369062,21.74624883160869,0.00025999999999992696,4.999999999999449e-05,0.00020999999999993246,0.00016544980856479234,-4.749852590713033e-05,-9.831194228566417e-05,5.081341637853384e-05
09:22:10,0.64552,0.64559,0.64547,0.64559,0.0007543697264591476,23.674381327700136,0.00012000000000000899,0.0,0.00012000000000000899,0.0001593898340894879,-1.2247322639380442e-05,-8.109901835640744e-05,6.885169571702699e-05
09:22:15,0.64563,0.64563,0.64552,0.64552,0.0008165111917808332,27.025692467585078,0.0001100000000000545,0.0001100000000000545,0.0,0.00015280452287756347,9.926666503567994e-06,-6.289388138441235e-05,7.282054788798034e-05
09:22:20,0.64543,0.64554,0.64543,0.64552,0.0008610862173275002,28.792064803284,0.0001100000000000545,2.0000000000020002e-05,9.00000000000345e-05,0.0001470972531605623,2.7186325615602414e-05,-4.48778399844094e-05,7.20641656000118e-05
09:22:25,0.64552,0.64552,0.64542,0.64542,0.0008688552662390325,29.555902065426846,9.999999999998899e-05,9.999999999998899e-05,0.0,0.00014081761940581917,3.2421826907103046e-05,-2.9417906606106912e-05,6.183973351320996e-05
09:22:30,0.64542,0.64569,0.64542,0.64569,0.0009318210806279481,30.6626256414765,0.00026999999999999247,0.0,0.00026999999999999247,0.00015804193681837563,5.769269741295879e-05,-1.199578580229377e-05,6.968848321525256e-05
09:22:35,0.64569,0.64573,0.64567,0.6457,0.0009911694315767328,33.337240579127766,6.0000000000060005e-05,2.999999999997449e-05,3.0000000000085514e-05,0.00014496967857593356,7.763206664224143e-05,5.929784686613271e-06,7.170228195562816e-05
09:22:40,0.64567,0.64571,0.64557,0.64557,0.0010088847412066393,33.97026512963301,0.000140000000000029,0.000140000000000029,0.0,0.00014430705476581296,8.199901328465042e-05,2.1143630406220702e-05,6.0855382878429725e-05
09:22:45,0.6456,0.6456,0.6455,0.6455,0.0010171145978943308,34.070329956623546,9.999999999998899e-05,9.999999999998899e-05,0.0,0.0001383994474637031,7.890190295267718e-05,3.2695284915512e-05,4.6206618037165185e-05
09:22:50,0.6455,0.64561,0.6455,0.64561,0.0010406880315125822,31.973516681719474,0.0001100000000000545,0.0,0.0001100000000000545,0.00013461285446854997,8.43511537985675e-05,4.30264586921231e-05,4.13246951064444e-05
09:22:55,0.64557,0.64557,0.64534,0.64534,0.001040605087127,29.883608715653775,0.00022999999999995246,0.00022999999999995246,0.0,0.00015266447387274232,6.612078162593349e-05,4.764532327888518e-05,1.8475458347048312e-05
09:23:00,0.64537,0.64542,0.64529,0.64542,0.0010407183753680105,30.048309525080082,0.00012999999999996348,0.0,0.00012999999999996348,0.00014964254402303847,5.7465979705795256e-05,4.9609454564267194e-05,7.856525141528062e-06
09:23:05,0.64542,0.64549,0.64536,0.64536,0.0010343083119634944,29.91040469578053,0.00012999999999996348,0.00012999999999996348,0.0,0.00014702353815329512,4.524394424476608e-05,4.873635250036698e-05,-3.492408255600902e-06
09:23:10,0.64536,0.64536,0.64497,0.64503,0.0010419314049483486,31.462597116217562,0.00039000000000000146,0.0003300000000000525,5.999999999994898e-05,0.000179420399732856,8.827888607121359e-06,4.075465972171786e-05,-3.19267711145965e-05
09:23:15,0.64503,0.64513,0.64503,0.64509,0.0010440487990142078,31.131011994880613,9.999999999998899e-05,3.999999999992898e-05,6.0000000000060005e-05,0.00016883101310180706,-1.5017487047463973e-05,2.9600230367881493e-05,-4.461771741534547e-05
09:23:20,0.64502,0.64502,0.64492,0.64492,0.0010169489973170798,31.318024349946036,9.999999999998899e-05,9.999999999998899e-05,0.0,0.00016898687802156657,-4.708987552837218e-05,1.426220918863076e-05,-6.135208471700295e-05
09:23:25,0.64492,0.64492,0.64477,0.6448,0.0010545061203619532,31.97036856520496,0.0001500000000000945,0.00012000000000000899,3.0000000000085514e-05,0.0001664552942853703,-8.125382803592096e-05,-4.840998256279584e-06,-7.641282977964137e-05
09:23:30,0.6448,0.64507,0.6448,0.64504,0.0010519375606778958,31.927848262968315,0.00026999999999999247,3.0000000000085514e-05,0.00023999999999990695,0.00018026125504731993,-8.794918879773128e-05,-2.1462636364569925e-05,-6.648655243316135e-05
09:23:35,0.64504,0.64507,0.64504,0.64504,0.0010788278239231008,32.03262737832543,3.0000000000085514e-05,3.0000000000085514e-05,0.0,0.00016022642104102203,-9.219257185855145e-05,-3.5608623463366236e-05,-5.658394839518522e-05
09:23:40,0.64504,0.64516,0.64476,0.64476,0.0012010241243851638,32.466074715791166,0.00039999999999995595,0.00039999999999995595,0.0,0.0001921962315688799,-0.00011680271446334878,-5.184744166336275e-05,-6.495527279998603e-05
09:23:45,0.64476,0.64476,0.64463,0.64466,0.0013218742674456774,33.15074944745421,0.00012999999999996348,9.999999999998899e-05,2.999999999997449e-05,0.00018390340069302438,-0.000142730288134163,-7.00240109575228e-05,-7.270627717664019e-05
09:23:50,0.64466,0.64472,0.64463,0.64472,0.0013773796632847723,35.40925328450438,8.999999999992347e-05,0.0,8.999999999992347e-05,0.0001713829472672776,-0.00015663103345309182,-8.734541545663661e-05,-6.928561799645521e-05
09:23:55,0.64472,0.64472,0.64464,0.64468,0.0014349780852862537,38.63599796589993,7.999999999996898e-05,3.999999999992898e-05,4.0000000000040004e-05,0.0001591985542983031,-0.00016892784493149904,-0.0001036619013516091,-6.526594357988994e-05
09:24:00,0.64471,0.64472,0.64468,0.64468,0.0014702824648022972,41.75648162338905,3.999999999992898e-05,3.999999999992898e-05,0.0,0.00014330541372518655,-0.00017663699529280041,-0.00011825692013984736,-5.8380075152953054e-05
09:24:05,0.64468,0.64508,0.64468,0.64506,0.0014500395638850083,41.29407638019761,0.00039999999999995595,2.0000000000020002e-05,0.00037999999999993594,0.0001775313585618225,-0.00015035058038725957,-0.0001246756521893298,-2.5674928197929757e-05
09:24:10,0.64506,0.64529,0.64503,0.64526,0.0013592319812811837,41.77982380724226,0.000260000000000038,3.0000000000085514e-05,0.00022999999999995246,0.00018852717742025125,-0.00011208799799256042,-0.00012215812134997594,1.0070123357415527e-05
09:24:15,0.64523,0.64523,0.6452,0.6452,0.0012459348635465162,42.84136127769509,2.999999999997449e-05,2.999999999997449e-05,0.0,0.00017139022043087762,-8.561915995686231e-05,-0.00011485032907135323,2.9231169114490917e-05
09:24:20,0.6452,0.64523,0.64508,0.64517,0.0011640292996815127,39.755151969917904,0.00014999999999998348,5.999999999994898e-05,9.00000000000345e-05,0.00016853819104009174,-6.629891180964798e-05,-0.00010514004561901219,3.884113380936421e-05
09:24:25,0.64517,0.64521,0.64508,0.64511,0.0010918935749140157,36.98412416843513,0.00012999999999996348,9.999999999998899e-05,2.999999999997449e-05,0.00016339976556807464,-5.5192746887477995e-05,-9.515058587270535e-05,3.995783898522736e-05
09:24:30,0.64511,0.6452,0.64508,0.64517,0.000964504781572284,33.598022100370045,0.00012000000000000899,2.999999999997449e-05,9.00000000000345e-05,0.00015761313015899924,-4.107603366476642e-05,-8.433567543111757e-05,4.325964176635115e-05
09:24:35,0.64517,0.64528,0.64517,0.64528,0.0009494042453266349,30.469484439815925,0.00010999999999994348,0.0,0.00010999999999994348,0.00015126471280445846,-2.0772898989829258e-05,-7.162312014285991e-05,5.085022115303065e-05
09:24:40,0.64525,0.64531,0.64516,0.64531,0.000915099074298098,29.697535455737068,0.0001500000000000945,0.0,0.0001500000000000945,0.00015109608443054326,-2.2359940565763736e-06,-5.7745694925603204e-05,5.550970086902683e-05
09:24:45,0.64531,0.64531,0.64518,0.64522,0.0008787551003024419,28.925586471658214,0.0001300000000000745,9.00000000000345e-05,4.0000000000040004e-05,0.00014828327317314744,5.13321629347363e-06,-4.516991268178784e-05,5.030312897526147e-05
09:24:50,0.64522,0.64526,0.64522,0.64526,0.0009067953984931432,27.562768598029354,3.999999999992898e-05,0.0,3.999999999992898e-05,0.0001338455034167183,1.4039199145554626e-05,-3.332809031631935e-05,4.7367289461873974e-05
09:24:55,0.64526,0.64542,0.64524,0.64542,0.0009733804362506149,27.300236975242427,0.00017999999999995797,0.0,0.00017999999999995797,0.0001399994362944836,3.3620362928199476e-05,-1.993839966741558e-05,5.355876259561506e-05
09:25:00,0.64539,0.64539,0.64529,0.64532,0.0009979853389869842,26.791041708844165,9.999999999998899e-05,7.00000000000145e-05,2.999999999997449e-05,0.00013866617812188092,4.060138454808904e-05,-7.830442824314657e-06,4.843182737240369e-05
09:25:05,0.64532,0.6455,0.64532,0.64546,0.0010284295641469487,27.129279414287982,0.00017999999999995797,3.999999999992898e-05,0.000140000000000029,0.0001441773543722912,5.6776243258060966e-05,5.0908943921604685e-06,5.16853488659005e-05
09:25:10,0.64546,0.64549,0.64544,0.64549,0.0010867450192351136,27.398728426731335,4.999999999999449e-05,0.0,4.999999999999449e-05,0.0001316203737893183,7.119499303642751e-05,1.8311714121013877e-05,5.2883278915413635e-05
09:25:15,0.64549,0.64549,0.64538,0.64538,0.001109687485637112,29.638383423204566,0.0001100000000000545,0.0001100000000000545,0.0,0.00012873765728408314,7.290546658900166e-05,2.9230464614611435e-05,4.367500197439022e-05
09:25:20,0.64538,0.64557,0.64538,0.64557,0.0011184124086307534,31.2897887562963,0.00019000000000002348,0.0,0.00019000000000002348,0.00013690596964620853,8.85714448244368e-05,4.1098660656576516e-05,4.747278416786028e-05
09:25:25,0.64557,0.64568,0.64553,0.64553,0.0010524337708828213,34.188139757644514,0.00014999999999998348,0.00014999999999998348,0.0,0.0001386518403600452,9.66451150108405e-05,5.2207951527429315e-05,4.4437163483411184e-05
09:25:30,0.6455,0.6455,0.64526,0.64526,0.0009440138268330678,34.21489441577335,0.00024000000000001798,0.00024000000000001798,0.0,0.00015616492831205296,8.033080971503459e-05,5.783252316495038e-05,2.2498286550084212e-05
09:25:35,0.64526,0.64531,0.64524,0.64528,0.000782145497293163,34.46997614347986,7.00000000000145e-05,3.0000000000085514e-05,3.999999999992898e-05,0.00014467627120378116,6.822893736402325e-05,5.9911806004764954e-05,8.317131359258291e-06
09:25:40,0.64531,0.64531,0.64518,0.64518,0.0005600413518462855,35.41113657406742,0.0001300000000000745,0.0001300000000000745,0.0,0.00014271943504328693,4.999266771732458e-05,5.7927978347276886e-05,-7.935310629952307e-06
09:25:45,0.64516,0.64527,0.64506,0.64527,0.0005150533952789083,36.573785777558804,0.00021000000000004349,0.0,0.00021000000000004349,0.00015169017703752115,4.2314762236594916e-05,5.4805335125140496e-05,-1.249057288854558e-05
09:25:50,0.64524,0.64526,0.64522,0.64522,0.0005193518227346594,37.58373561279898,3.999999999992898e-05,3.999999999992898e-05,0.0,0.00013813148676585096,3.1828485723472966e-05,5.0209965244806995e-05,-1.838147952133403e-05
09:25:55,0.64522,0.6453,0.64492,0.64499,0.000584930045290255,40.43768423915098,0.00037999999999993594,0.00031000000000003247,6.999999999990347e-05,0.00017038062186372895,4.902445883026019e-06,4.11484613724508e-05,-3.6246015489424784e-05
09:26:00,0.64503,0.64507,0.64501,0.64501,0.0006294224587410913,41.92228162376035,6.0000000000060005e-05,6.0000000000060005e-05,0.0,0.0001583298722819091,-1.46538810105179e-05,2.9987992895857064e-05,-4.464187390637497e-05
09:26:05,0.64501,0.64504,0.64493,0.645,0.0006622322696276939,42.282653769743256,0.00010999999999994348,3.999999999992898e-05,7.00000000000145e-05,0.00015188588931098034,-3.060651454822594e-05,1.7869091407040467e-05,-4.8475605955266405e-05
09:26:10,0.645,0.64502,0.64481,0.64481,0.0007807257082792507,43.43999754734485,0.00021000000000004349,0.00021000000000004349,0.0,0.00015963443740285544,-5.7912919575797694e-05,2.712689210472834e-06,-6.062560878627053e-05
09:26:15,0.64481,0.64488,0.64474,0.64482,0.0008750097743754903,44.01394885155212,0.000140000000000029,6.0000000000060005e-05,7.999999999996898e-05,0.00015701651241581193,-7.784912955932644e-05,-1.3399674543487022e-05,-6.444945501583941e-05
09:26:20,0.64478,0.64497,0.64478,0.64494,0.000911888728201804,42.86243416040846,0.00019000000000002348,3.0000000000085514e-05,0.00015999999999993797,0.00016141431076037349,-8.300884815548581e-05,-2.7321509265886783e-05,-5.568733888959903e-05
09:26:25,0.64497,0.64512,0.64492,0.64512,0.0009164025775829643,41.213699878518455,0.00019999999999997797,0.0,0.00019999999999997797,0.00016655906932565407,-7.174641858653796e-05,-3.6206491130017025e-05,-3.553992745652094e-05
09:26:30,0.64509,0.64515,0.64499,0.64515,0.0009172866165121363,38.31084334875949,0.000160000000000049,0.0,0.000160000000000049,0.00016568452674890674,-5.9711792359307125e-05,-4.0907551375875045e-05,-1.880424098343208e-05
09:26:35,0.64515,0.64523,0.64507,0.64507,0.0009034460342669526,34.30096404458527,0.00015999999999993797,0.00015999999999993797,0.0,0.00016492658984904423,-5.598424426245252e-05,-4.3922889953190545e-05,-1.2061354309261975e-05
09:26:40,0.64507,0.64509,0.64492,0.64492,0.0009268191216205146,35.35902199362396,0.00017000000000000348,0.00017000000000000348,0.0,0.00016560304453583878,-6.43916154771107e-05,-4.801663505797458e-05,-1.6374980419136117e-05
09:26:45,0.64488,0.645,0.64488,0.64496,0.0009042845383544496,36.5586375872706,0.00012000000000000899,4.0000000000040004e-05,7.999999999996898e-05,0.00015952263859772816,-6.70538964518963e-05,-5.182408733675892e-05,-1.5229809115137377e-05
09:26:50,0.64496,0.64502,0.6449,0.64496,0.0008588462272705044,36.76417590141042,0.00012000000000000899,6.0000000000060005e-05,5.999999999994898e-05,0.00015425295345136562,-6.837558215644357e-05,-5.5134386300695856e-05,-1.3241195855747714e-05
09:26:55,0.64496,0.64505,0.64496,0.64497,0.0008330312434858822,35.33516710264968,9.00000000000345e-05,7.999999999996898e-05,1.0000000000065512e-05,0.00014568589299118813,-6.783416118805174e-05,-5.767434127816703e-05,-1.0159819909884712e-05
09:27:00,0.64497,0.64515,0.64494,0.64515,0.0007096893315814423,33.47585614588307,0.00021000000000004349,0.0,0.00021000000000004349,0.00015426110725903552,-5.2277957737767444e-05,-5.659506457008712e-05,4.317106832319676e-06
09:27:05,0.64515,0.64529,0.64509,0.64525,0.0005953185790135151,31.250254133056792,0.00019999999999997797,4.0000000000040004e-05,0.00015999999999993797,0.00016035962629116119,-3.151708087234528e-05,-5.1579467830538755e-05,2.0062386958193473e-05
09:27:10,0.64519,0.64537,0.64519,0.64531,0.0006104907430590778,30.12977933284594,0.00017999999999995797,5.999999999994898e-05,0.00012000000000000899,0.00016297834278566743,-1.0105942805371804e-05,-4.3284762825505366e-05,3.317882002013356e-05
09:27:15,0.64531,0.64531,0.64516,0.64516,0.0005844439552553649,28.027282792384515,0.0001500000000000945,0.0001500000000000945,0.0,0.00016124789708092438,-5.18147915973266e-06,-3.566410609235083e-05,3.048262693261817e-05
09:27:20,0.64507,0.64521,0.64503,0.64516,0.0005813378399890379,23.414573598461082,0.00017999999999995797,4.999999999999449e-05,0.00012999999999996348,0.00016374817747012886,-1.264232951103672e-06,-2.87841314641014e-05,2.7519898512997727e-05
09:27:25,0.64513,0.64518,0.64512,0.64515,0.000554468925609175,18.45683273139857,5.999999999994898e-05,2.999999999997449e-05,2.999999999997449e-05,0.00014991508714077154,1.0215210065611657e-06,-2.2823000969968888e-05,2.3844521976530054e-05
09:27:30,0.64512,0.64512,0.64476,0.64479,0.000580159687629811,18.43529844197442,0.00036000000000002697,0.0003300000000000525,2.999999999997449e-05,0.00018192640885533555,-2.5917236103567554e-05,-2.344184799668862e-05,-2.475388106878933e-06
09:27:35,0.64479,0.64496,0.64474,0.64483,0.000607500487323609,20.82028284393789,0.00021999999999999797,0.00012999999999996348,9.00000000000345e-05,0.00018700288767462388,-4.3536863627235967e-05,-2.7460851122798093e-05,-1.6076012504437874e-05
09:27:40,0.64485,0.64485,0.64474,0.64474,0.0006594543198685798,23.59932611110187,0.0001100000000000545,0.0001100000000000545,0.0,0.00017673583598468132,-6.402475569144972e-05,-3.477363203652842e-05,-2.92511236549213e-05
09:27:45,0.64474,0.64496,0.64474,0.64496,0.0006610868244543155,24.84289732716896,0.00021999999999999797,0.0,0.00021999999999999797,0.00018250439118672356,-6.179703858300023e-05,-4.017831334582278e-05,-2.161872523717745e-05
09:27:50,0.64496,0.64496,0.64468,0.64468,0.0007032525936814249,25.722089881584367,0.00027999999999994696,0.00027999999999994696,0.0,0.00019550380569515336,-8.16836187562675e-05,-4.8479374427911725e-05,-3.320424432835578e-05
09:27:55,0.64468,0.64483,0.64465,0.64483,0.000701096884958563,26.495618101184554,0.000180000000000069,0.0,0.000180000000000069,0.00019343663160247546,-8.436759332208776e-05,-5.5657018206746934e-05,-2.871057511534083e-05
09:28:00,0.64483,0.64487,0.64467,0.64487,0.0007093095234051994,26.857658287943003,0.000200000000000089,0.0,0.000200000000000089,0.00019431174738882392,-8.231808515213324e-05,-6.0989231595824205e-05,-2.132885355630903e-05
09:28:05,0.64487,0.64487,0.64472,0.64481,0.0007198128411673999,27.704648220129844,0.0001500000000000945,6.0000000000060005e-05,9.00000000000345e-05,0.00018840351440366,-8.456057208283685e-05,-6.570349969322673e-05,-1.885707238961012e-05
09:28:10,0.64484,0.64503,0.64484,0.64493,0.0007043324573809961,27.945516496828766,0.00019000000000002348,9.999999999998899e-05,9.00000000000345e-05,0.00019261637914983842,-7.578120347206951e-05,-6.771904044899529e-05,-8.062163023074225e-06
09:28:15,0.64493,0.64501,0.64476,0.64476,0.0007234391546775409,26.170104379972717,0.00024999999999997247,0.00024999999999997247,0.0,0.00020026752859652296,-8.160043087401814e-05,-7.049531853399986e-05,-1.1105112340018279e-05
09:28:20,0.64476,0.64476,0.64469,0.64469,0.0007622238930606873,24.59490933468369,7.00000000000145e-05,7.00000000000145e-05,0.0,0.00018289852478365517,-9.081378076591928e-05,-7.455901098038375e-05,-1.6254769785535537e-05
09:28:25,0.64469,0.64473,0.64464,0.64469,0.0007961459797345416,24.103605503474864,9.00000000000345e-05,4.0000000000040004e-05,4.999999999999449e-05,0.00017051205481250574,-9.69973024104176e-05,-7.904666926639052e-05,-1.7950633144027078e-05
09:28:30,0.64469,0.64477,0.6446,0.6446,0.0008497454727249831,26.003653050042807,0.00017000000000000348,0.00017000000000000348,0.0,0.00017044378083750543,-0.00010791604669124766,-8.482054475136196e-05,-2.30955019398857e-05
09:28:35,0.6446,0.6446,0.64451,0.64451,0.0009218996406139546,28.83946266753401,8.999999999992347e-05,8.999999999992347e-05,0.0,0.00015971794339249452,-0.00012242029310283176,-9.234049442165593e-05,-3.0079798681175823e-05
09:28:40,0.64451,0.64451,0.64406,0.64409,0.0011361597367296472,30.59113586104411,0.00045000000000006146,0.00041999999999997595,3.0000000000085514e-05,0.0001984222176068368,-0.0001658931893729898,-0.00010705103341192271,-5.884215596106709e-05
09:28:45,0.64409,0.64431,0.64409,0.64428,0.0011724270822339733,32.152330959034956,0.00021999999999999797,3.0000000000085514e-05,0.00018999999999991246,0.0002012992552592583,-0.00018290593500480679,-0.00012222201373049955,-6.068392127430724e-05
09:28:50,0.64428,0.6443,0.64394,0.64394,0.001296490810245965,34.11782067129274,0.00036000000000002697,0.00036000000000002697,0.0,0.00022245935455802746,-0.00022127311822051077,-0.0001420322346285018,-7.924088359200897e-05
09:28:55,0.64394,0.64394,0.64374,0.64374,0.0015000280699131174,38.275143866386586,0.00019999999999997797,0.00019999999999997797,0.0,0.00021946477395028754,-0.00026476566212774166,-0.00016657892012834978,-9.818674199939189e-05
09:29:00,0.64376,0.64376,0.64372,0.64372,0.0016365033326875,41.931415509004694,4.0000000000040004e-05,4.0000000000040004e-05,0.0,0.00019553613742358787,-0.00029741918613335194,-0.0001927469733293502,-0.00010467221280400173
09:29:05,0.64369,0.64384,0.64369,0.64384,0.0016716836769536947,43.98040700706467,0.00014999999999998348,0.0,0.00014999999999998348,0.00018946465243377397,-0.00031004038942983314,-0.00021620565654944683,-9.383473288038631e-05
09:29:10,0.64384,0.64384,0.64365,0.64365,0.0018182976422451702,46.90018273667712,0.00018999999999991246,0.00018999999999991246,0.0,0.00018953603210925912,-0.0003315522679163685,-0.00023927497882283118,-9.227728909353731e-05
09:29:15,0.64365,0.64365,0.64352,0.64352,0.001964264962298179,50.261753204925434,0.0001300000000000745,0.0001300000000000745,0.0,0.00018159789449470116,-0.0003549983007145041,-0.0002624196432011658,-9.257865751333832e-05
09:29:20,0.64352,0.64355,0.6435,0.6435,0.0020887054666285376,54.54620292006043,4.999999999999449e-05,4.999999999999449e-05,0.0,0.00016405150856207363,-0.00037091757654539315,-0.00028411922987001126,-8.679834667538189e-05
09:29:25,0.6435,0.64367,0.6435,0.64356,0.002108647858103163,57.25562505438175,0.00017000000000000348,0.00010999999999994348,6.0000000000060005e-05,0.0001648446407537976,-0.00037437663793371545,-0.0003021707114827521,-7.220592645096335e-05
09:29:30,0.64356,0.64359,0.64353,0.64359,0.0021509909589010334,58.891567431343205,5.999999999994898e-05,0.0,5.999999999994898e-05,0.00015086535531995114,-0.0003704271659396019,-0.00031582200237412206,-5.460516356547984e-05
09:29:35,0.64359,0.64379,0.64359,0.64379,0.0020973928678522658,57.239898621379815,0.00019999999999997797,0.0,0.00019999999999997797,0.00015741664127728804,-0.0003471570421158532,-0.00032208901032246826,-2.5068031793384926e-05
09:29:40,0.64376,0.64385,0.64372,0.64376,0.002011515270691211,55.796695015736155,0.0001300000000000745,9.00000000000345e-05,4.0000000000040004e-05,0.0001537610891069929,-0.0003273624204063186,-0.00032314369233923837,-4.218728067080209e-06
09:29:45,0.64376,0.64383,0.64376,0.64378,0.0019132821070264594,53.26677978805086,7.00000000000145e-05,4.999999999999449e-05,2.0000000000020002e-05,0.00014259294389272912,-0.00030652774618489254,-0.00031982050310836927,1.3292756923476731e-05
09:29:50,0.64378,0.64383,0.64375,0.64383,0.0017299637964010017,48.5241367661601,7.999999999996898e-05,0.0,7.999999999996898e-05,0.0001342472180403611,-0.00028272248579852555,-0.00031240089964640057,2.967841384787502e-05
09:29:55,0.64383,0.64392,0.64383,0.64388,0.0015729074654138309,45.05564057313833,9.00000000000345e-05,4.0000000000040004e-05,4.999999999999449e-05,0.00012834758896831754,-0.0002568611281078548,-0.00030129294533869143,4.4431817230836655e-05
09:30:00,0.64388,0.64427,0.64388,0.64427,0.0014457837066221835,43.658096031989956,0.00039000000000000146,0.0,0.00039000000000000146,0.0001632345771058754,-0.00020256107717508964,-0.0002815465717059711,7.898549453088147e-05
09:30:05,0.64427,0.64445,0.64423,0.64445,0.0013520199313454828,42.520877009800486,0.00021999999999999797,0.0,0.00021999999999999797,0.00017080330015842508,-0.00014335093952488887,-0.0002539074452697547,0.00011055650574486584
09:30:10,0.64445,0.64448,0.64434,0.64434,0.0012578076164575513,41.44517584300142,0.000140000000000029,0.000140000000000029,0.0,0.00016669619347063896,-0.00010410253037429484,-0.00022394646229066274,0.0001198439319163679
09:30:15,0.64434,0.64443,0.64422,0.64422,0.0011629273408166885,39.9317025604473,0.00020999999999993246,0.00020999999999993246,0.0,0.00017247003434121144,-8.173864821492405e-05,-0.000195504899475515,0.00011376625126059095
09:30:20,0.64422,0.64431,0.64422,0.64423,0.0011898854434104766,38.26693165580819,9.00000000000345e-05,8.000000000008001e-05,9.99999999995449e-06,0.00016147402976238786,-6.248787275431322e-05,-0.00016890149413127466,0.00010641362137696144
09:30:25,0.6442,0.64445,0.64417,0.64445,0.0012447176809549099,36.95266795922208,0.00027999999999994696,0.0,0.00027999999999994696,0.0001772774924607291,-2.9143386307883823e-05,-0.0001409498725665965,0.00011180648625871268
09:30:30,0.64452,0.6446,0.64445,0.6445,0.0013546582400687512,36.2196205636721,0.00014999999999998348,9.999999999998899e-05,4.999999999999449e-05,0.00017364049346596302,1.3019336864150688e-06,-0.00011249951131599419,0.00011380144500240926
09:30:35,0.64446,0.64457,0.64441,0.64454,0.0014455973087148521,36.96544400276902,0.00015999999999993797,2.999999999997449e-05,0.00012999999999996348,0.00017182176100382634,2.8331150961902196e-05,-8.433337886041492e-05,0.00011266452982231711
09:30:40,0.64478,0.64485,0.64469,0.64485,0.0016228305356329464,38.971737736994555,0.000160000000000049,0.0,0.000160000000000049,0.0001902455262033205,7.391437075376928e-05,-5.268382893757808e-05,0.00012659819969134734
09:30:45,0.64482,0.64482,0.64474,0.64474,0.0017312909694982004,43.612648747923686,7.999999999996898e-05,7.999999999996898e-05,0.0,0.0001795461227095517,0.00010001046180707629,-2.2144970788647207e-05,0.0001221554325957235
09:30:50,0.64477,0.64505,0.64477,0.64503,0.0018811989458042966,48.24630395463934,0.000280000000000058,2.0000000000020002e-05,0.000260000000000038,0.00019693997301494916,0.00014245029996207137,1.077408336149651e-05,0.00013167621660057486
09:30:55,0.64503,0.64534,0.64503,0.64534,0.002069726653705972,53.60700223066853,0.00031000000000003247,0.0,0.00031000000000003247,0.00021201464327962695,0.00019880686489881505,4.8380639668960224e-05,0.00015042622522985484
09:31:00,0.64534,0.64536,0.64514,0.64514,0.002100525247597629,59.150611404602095,0.00021999999999999797,0.00021999999999999797,0.0,0.00021307935750900975,0.00022474084751433754,8.365268123803569e-05,0.00014108816627630185
09:31:05,0.64508,0.64534,0.64508,0.64532,0.002157264349514687,62.60910580086535,0.000260000000000038,2.0000000000020002e-05,0.00024000000000001798,0.0002193354431744802,0.0002568573199621671,0.00011829360898286197,0.00013856371097930513
09:31:10,0.64532,0.64534,0.64527,0.64527,0.00214773417937697,63.59235393098827,7.00000000000145e-05,7.00000000000145e-05,0.0,0.0001994240507512181,0.0002751040454416209,0.00014965569627461376,0.00012544834916700717
09:31:15,0.64531,0.64554,0.64531,0.64554,0.002238285057806211,64.43134229347217,0.00022999999999995246,0.0,0.00022999999999995246,0.00020883417731772138,0.0003078032856841384,0.0001812852141565187,0.0001265180715276197
09:31:20,0.64558,0.64567,0.6455,0.64567,0.0023043199704710915,65.42345809398543,0.00017000000000000348,0.0,0.00017000000000000348,0.00020365628700869234,0.0003402849891710469,0.00021308516915942433,0.00012719982001162256
09:31:25,0.64558,0.64558,0.64534,0.64534,0.0022180456072369292,65.94733501528763,0.00024000000000001798,0.00024000000000001798,0.0,0.00022050211540752557,0.0003355309393198169,0.00023757432319150286,9.795661612831407e-05
09:31:30,0.64539,0.64555,0.64539,0.64555,0.0021514166691281034,66.32698009288164,0.00015999999999993797,0.0,0.00015999999999993797,0.00021910183335317984,0.0003447346787318617,0.00025900639429957465,8.572828443228705e-05
09:31:35,0.64555,0.6456,0.64547,0.64548,0.0020266134572859418,66.18233550223003,0.00012999999999996348,0.00011999999999989797,1.0000000000065512e-05,0.00020722158890608433,0.0003424329397672121,0.0002756917033931021,6.674123637411e-05
09:31:40,0.64548,0.64559,0.64548,0.64548,0.001991747183277326,65.33524943490137,0.00010999999999994348,0.00010999999999994348,0.0,0.00019425871038526553,0.00033672721334454536,0.00028789880538339076,4.8828407961154605e-05
09:31:45,0.64545,0.64549,0.64545,0.64549,0.0019785119341744206,64.54624842851219,4.0000000000040004e-05,0.0,4.0000000000040004e-05,0.00017369088233390212,0.0003292172885022149,0.00029616250200715556,3.305478649505932e-05
09:31:50,0.64554,0.64568,0.64549,0.64554,0.001918350168349292,63.89596986336715,0.00019000000000002348,0.000140000000000029,4.999999999999449e-05,0.00017586543135605164,0.00032357028426976964,0.0003016440584596784,2.192622581009124e-05
09:31:55,0.64558,0.64563,0.64558,0.64558,0.001782176079665021,63.05683618817062,4.999999999999449e-05,4.999999999999449e-05,0.0,0.00016441670717524937,0.00031864946574822195,0.00030504513991738713,1.360432583083482e-05
09:32:00,0.64558,0.6456,0.64548,0.64548,0.0015750836235048915,59.62363820808536,0.00011999999999989797,0.00011999999999989797,0.0,0.0001584944795518692,0.0003031855826816088,0.0003046732284702315,-1.4876457886227128e-06
09:32:05,0.64546,0.64546,0.64506,0.6451,0.0014070439337701135,56.08324911169334,0.00040000000000006697,0.00036000000000002697,4.0000000000040004e-05,0.00019336188227829824,0.0002573015081116514,0.0002951988843985155,-3.789737628686409e-05
09:32:10,0.64507,0.6451,0.64493,0.64493,0.0012590706681310238,53.204031474660205,0.00017000000000000348,0.00017000000000000348,0.0,0.00019024696464119226,0.0002048589823590019,0.00027713090399061283,-7.227192163161093e-05
09:32:15,0.64493,0.64527,0.64493,0.64525,0.001055942582161018,49.4325827507751,0.00034000000000000696,2.0000000000020002e-05,0.00031999999999998696,0.00021021403602236756,0.00018696402363704845,0.0002590975279199,-7.213350428285153e-05
09:32:20,0.64525,0.64529,0.64501,0.64519,0.0009728179361117029,45.466137302194106,0.000280000000000058,9.999999999998899e-05,0.000180000000000069,0.00021951883121939297,0.00016602678790178516,0.000240483379916277,-7.445659201449185e-05
09:32:25,0.64519,0.64527,0.64515,0.64519,0.0008164080506958271,41.21620958146736,0.00012000000000000899,7.999999999996898e-05,4.0000000000040004e-05,0.0002062496537234751,0.000147730927563261,0.0002219328894456738,-7.420196188241281e-05
09:32:30,0.64519,0.64522,0.64517,0.64517,0.0007796220406666166,36.52152804015078,4.999999999999449e-05,4.999999999999449e-05,0.0,0.00018541636656034438,0.00013011757912073652,0.00020356982738068636,-7.345224825994984e-05
09:32:35,0.64517,0.64517,0.64505,0.64505,0.0008253458605043118,35.215020200385894,0.00012000000000000899,0.00012000000000000899,0.0,0.00017669418435229967,0.00010526247616293727,0.00018390835713713653,-7.864588097419926e-05
09:32:40,0.64505,0.64505,0.64486,0.64491,0.0008945472244774599,35.31616655648087,0.00019000000000002348,0.000140000000000029,4.999999999999449e-05,0.00017846829310532952,7.342144135369377e-05,0.000161810973980448,-8.838953262675422e-05
09:32:45,0.64497,0.64497,0.6449,0.64495,0.000955921159477402,34.90527117857269,7.00000000000145e-05,2.0000000000020002e-05,4.999999999999449e-05,0.00016400585402462085,5.082893326835425e-05,0.00013961456583802925,-8.8785632569675e-05
09:32:50,0.64499,0.64499,0.64487,0.64491,0.0010200515982718983,34.76577351202617,0.00011999999999989797,7.999999999996898e-05,3.999999999992898e-05,0.00015813840682132448,2.9358120001821142e-05,0.00011756327667078762,-8.820515666896648e-05
09:32:55,0.64491,0.64499,0.64469,0.64471,0.0011145185413117265,36.21915566576343,0.00029999999999996696,0.00027999999999994696,2.0000000000020002e-05,0.00017705328591181016,-3.7527236685930276e-06,9.33000766029115e-05,-9.705280027150453e-05
09:33:00,0.64471,0.64486,0.64468,0.64477,0.0011185912192446246,36.5364846196393,0.00017999999999995797,9.00000000000345e-05,8.999999999992347e-05,0.00017744618112356322,-2.486517698674362e-05,6.966702588498047e-05,-9.45322028717241e-05
09:33:05,0.64481,0.64493,0.64478,0.64478,0.0011719152115832188,35.726923135407844,0.00014999999999998348,0.00014999999999998348,0.0,0.00017512002364042798,-4.032518825336506e-05,4.766858305731137e-05,-8.799377131067643e-05
09:33:10,0.64478,0.64501,0.64478,0.64498,0.0011286209563625693,35.471902041279535,0.00022999999999995246,2.999999999997449e-05,0.00019999999999997797,0.0001824373538216979,-3.6023770433657454e-05,3.0930112359117606e-05,-6.695388279277506e-05
09:33:15,0.64494,0.64494,0.64473,0.64473,0.0011415575693738411,35.32635387985802,0.00020999999999993246,0.00020999999999993246,0.0,0.00019144570664546786,-5.218620638181015e-05,1.4306848610932055e-05,-6.64930549927422e-05
09:33:20,0.64473,0.64473,0.6446,0.6446,0.0011719870665649612,35.55897762469771,0.0001300000000000745,0.0001300000000000745,0.0,0.0001832529457594154,-7.46247393168531e-05,-3.4794689746249746e-06,-7.114527034222812e-05
09:33:25,0.6446,0.6447,0.6446,0.64461,0.0011678698557571199,37.577645921861226,0.00010000000000010001,9.00000000000345e-05,1.0000000000065512e-05,0.00017215255299150669,-9.055664131085717e-05,-2.0894903441871414e-05,-6.966173786898576e-05
09:33:30,0.64461,0.64465,0.64456,0.64465,0.0011047152526606485,40.10752807288174,8.999999999992347e-05,0.0,8.999999999992347e-05,0.0001611988792592956,-9.881603300065933e-05,-3.6479129353629e-05,-6.233690364703033e-05
09:33:35,0.64465,0.64469,0.6445,0.6445,0.001027954535135045,42.85335851937281,0.00019000000000002348,0.00019000000000002348,0.0,0.00016503902869139265,-0.00011612676970351732,-5.2408657423606667e-05,-6.371811227991065e-05
09:33:40,0.6445,0.64477,0.64448,0.64477,0.0008910195224929307,44.03639934080314,0.00028999999999990145,0.0,0.00028999999999990145,0.00018170049153252716,-0.00010682746917500818,-6.329241977388697e-05,-4.353504940112121e-05
09:33:45,0.64477,0.64477,0.64456,0.64456,0.0009131991193433997,44.08033722083564,0.00020999999999993246,0.00020999999999993246,0.0,0.00018547375932818122,-0.00011507642210362157,-7.36492202398339e-05,-4.142720186378767e-05
09:33:50,0.6446,0.64463,0.64456,0.64458,0.0009439090054224053,42.86085274871646,7.00000000000145e-05,4.999999999999449e-05,2.0000000000020002e-05,0.00017007725808442566,-0.00011863242314913425,-8.264586082169398e-05,-3.598656232744027e-05
09:33:55,0.64458,0.64472,0.64442,0.64442,0.0009344201692085274,43.357358156092126,0.00029999999999996696,0.00029999999999996696,0.0,0.00018740029033983117,-0.00013283006017161814,-9.268270069167881e-05,-4.0147359479939326e-05
09:34:00,0.64442,0.64443,0.64434,0.64443,0.0009153912019594923,44.20982838844569,8.999999999992347e-05,0.0,8.999999999992347e-05,0.00017441358496117683,-0.00014164211128420146,-0.00010247458281018336,-3.91675284740181e-05
09:34:05,0.64446,0.64469,0.64446,0.64469,0.0008238829758457911,39.88858606646164,0.00022999999999995246,0.0,0.00022999999999995246,0.00018582510696635833,-0.00012619124407853288,-0.00010721791506385328,-1.8973329014679606e-05
09:34:10,0.64469,0.64477,0.64456,0.64456,0.0007301737356308902,36.361336818048,0.00020999999999993246,0.00020999999999993246,0.0,0.00018904842603750157,-0.00012301815730397792,-0.00011037796351187821,-1.2640193792099705e-05
09:34:15,0.64461,0.64488,0.64461,0.6447,0.0006554034514751894,35.23044872353065,0.00026999999999999247,0.00017999999999995797,9.00000000000345e-05,0.00020650863589916627,-0.00010796211316654869,-0.00010989479344281232,1.9326802762636324e-06
09:34:20,0.6447,0.64471,0.64465,0.64465,0.0006225076621770853,36.1549407777536,6.0000000000060005e-05,6.0000000000060005e-05,0.0,0.00018697415111261877,-9.892433370661813e-05,-0.00010770070149557349,8.776367788955363e-06
09:34:25,0.64465,0.64479,0.64465,0.64479,0.0005784152578571788,37.229810171775476,0.000140000000000029,0.0,0.000140000000000029,0.0001807109309642735,-7.954801836096426e-05,-0.00010207016486865165,2.2522146507687396e-05
09:34:30,0.64479,0.64484,0.64479,0.6448,0.0005474380522474398,37.60111300600516,4.999999999999449e-05,3.999999999992898e-05,1.0000000000065512e-05,0.00016328280683570298,-6.266289359324606e-05,-9.418871061357054e-05,3.1525817020324476e-05
09:34:35,0.6448,0.64488,0.6448,0.64488,0.0005796369099393406,38.25306093993134,7.999999999996898e-05,0.0,7.999999999996898e-05,0.00015217843259093843,-4.2337933805369765e-05,-8.381855525193039e-05,4.148062144656062e-05
09:34:40,0.64488,0.64509,0.64488,0.64499,0.0006409565220459879,39.648696453829906,0.00021000000000004349,0.00010000000000010001,0.00010999999999994348,0.00015988797491215244,-1.715640766053461e-05,-7.048612573365124e-05,5.3329718073116624e-05
09:34:45,0.64499,0.64499,0.64479,0.64497,0.0006859921742652375,38.939849187167574,0.00019999999999997797,1.999999999990898e-05,0.000180000000000069,0.0001652362449238625,1.1727812867512455e-06,-5.615434432957074e-05,5.7327125616321986e-05
09:34:50,0.645,0.64518,0.64487,0.64518,0.0007741181740299474,40.965166146862124,0.00030999999999992145,0.0,0.00030999999999992145,0.0001845380789340037,3.227202868083534e-05,-3.846906972748953e-05,7.074109840832487e-05
09:34:55,0.64518,0.64548,0.64509,0.64548,0.0010408478325483195,43.90332670438649,0.00039000000000000146,0.0,0.00039000000000000146,0.00021193300174280342,8.020138742348415e-05,-1.4734978297294795e-05,9.493636572077894e-05
09:35:00,0.64548,0.64559,0.64544,0.64544,0.0012037747647311026,47.07532923122413,0.00014999999999998348,0.00014999999999998348,0.0,0.00020367526817709412,0.00011364802019986353,1.0941621402136872e-05,0.00010270639879772666
09:35:05,0.64544,0.64548,0.64544,0.64546,0.0013342137444132263,48.77537133412681,4.0000000000040004e-05,2.0000000000020002e-05,2.0000000000020002e-05,0.00018185189908682023,0.00014015295448110976,3.678388801793145e-05,0.00010336906646317831
09:35:10,0.64544,0.64544,0.64532,0.64532,0.0013934750200739199,48.08334251295489,0.00012000000000000899,0.00012000000000000899,0.0,0.00017627164587524807,0.00014815365279863268,5.90578409740717e-05,8.909581182456099e-05
09:35:15,0.64532,0.64533,0.64522,0.64533,0.0014112928003822134,50.234809392960635,0.00010999999999994348,0.0,0.00010999999999994348,0.00016743542642520744,0.000153531366263282,7.795254603191376e-05,7.557882023136825e-05
09:35:20,0.64533,0.64538,0.64533,0.64538,0.0014682879396334947,51.869550917384274,4.999999999999449e-05,0.0,4.999999999999449e-05,0.0001517773695685124,0.0001599836333223692,9.435876349000485e-05,6.562486983236435e-05
09:35:25,0.64538,0.64542,0.64535,0.64535,0.0014704385310757573,52.77970156181592,7.00000000000145e-05,7.00000000000145e-05,0.0,0.00014087372029271267,0.00016082249061000198,0.00010765150891400428,5.3170981695997694e-05
09:35:30,0.64531,0.64531,0.64515,0.64515,0.0014309819962778914,50.55500562325907,0.000160000000000049,0.000160000000000049,0.0,0.00014875722425368137,0.0001436925640905251,0.00011485971994930845,2.8832844141216655e-05
09:35:35,0.6452,0.6452,0.64485,0.64493,0.001326230907888526,49.24656529303404,0.00034999999999996145,0.00026999999999999247,7.999999999996898e-05,0.00017558959435318538,0.00011108430184203488,0.00011410463632785375,-3.020334485818866e-06
09:35:40,0.64486,0.64504,0.64468,0.64468,0.001248512377944433,48.43565569319232,0.00035999999999991594,0.00035999999999991594,0.0,0.0002001776484394161,6.4327580116319e-05,0.00010414922508554681,-3.98216449692278e-05
09:35:45,0.64463,0.64466,0.6446,0.64465,0.0012583347391594835,47.7027368615489,6.0000000000060005e-05,1.0000000000065512e-05,4.999999999999449e-05,0.00018415396198083798,2.456858070032375e-05,8.82330962085022e-05,-6.366451550817845e-05
09:35:50,0.64459,0.64459,0.64424,0.64424,0.0013860219486327985,47.10860392668036,0.00034999999999996145,0.00034999999999996145,0.0,0.00021426676705004765,-3.956816904948646e-05,6.267284315690447e-05,-0.00010224101220639093
09:35:55,0.64419,0.64419,0.64403,0.64403,0.0016246781057662751,48.64823340434486,0.000160000000000049,0.000160000000000049,0.0,0.00021369786477671378,-0.00010611897675616433,2.891447917429071e-05,-0.00013503345593045504
09:36:00,0.64382,0.64392,0.64382,0.64392,0.001864878717656504,49.59148679061112,0.00010000000000010001,0.0,0.00010000000000010001,0.0002132048161398244,-0.00016582551867139195,-1.003352039484582e-05,-0.00015579199827654613
09:36:05,0.64392,0.64401,0.64387,0.64401,0.002042721610728604,48.708497185705696,0.00013999999999991797,0.0,0.00013999999999991797,0.00020344417398783689,-0.0002035349116971119,-4.873379865529904e-05,-0.00015480111304181287
09:36:10,0.64405,0.64405,0.64398,0.64402,0.0021916386563463064,47.17385880367435,7.00000000000145e-05,2.999999999997449e-05,4.0000000000040004e-05,0.00018565161745612725,-0.00022996210097137038,-8.497945911851331e-05,-0.00014498264185285707
09:36:15,0.64405,0.64405,0.64396,0.64396,0.002337879380976071,45.70738588353612,9.00000000000345e-05,9.00000000000345e-05,0.0,0.00017289806846198155,-0.000252832837856265,-0.00011855013486606364,-0.00013428270299020134
09:36:20,0.64406,0.64406,0.6438,0.6438,0.002503370359713042,46.58145813311164,0.00025999999999992696,0.00025999999999992696,0.0,0.0001845116593337076,-0.00028063375321774053,-0.00015096685853639903,-0.0001296668946813415
09:36:25,0.64348,0.64391,0.64348,0.64388,0.0026155317462777106,49.501232154602846,0.00042999999999993044,2.999999999997449e-05,0.00039999999999995595,0.00021724343808920399,-0.0002928352253304123,-0.00017934053189520168,-0.0001134946934352106
09:36:30,0.64393,0.64393,0.64365,0.64383,0.0026891469983894023,51.861917975171416,0.00027999999999994696,9.999999999998899e-05,0.00017999999999995797,0.00022561097967730307,-0.00030304623367694017,-0.0002040816722515494,-9.896456142539077e-05
09:36:35,0.64378,0.64386,0.64378,0.64381,0.0026661693395901853,54.96893420228047,7.999999999996898e-05,4.999999999999449e-05,2.999999999997449e-05,0.00020619618238699186,-0.00030918823470438284,-0.0002251029847421161,-8.408524996226672e-05
09:36:40,0.64381,0.64381,0.64352,0.64357,0.0026707428495509333,60.879639640811895,0.00029000000000001247,0.00024000000000001798,4.999999999999449e-05,0.0002173700247353946,-0.000329622130270546,-0.0002460068138478021,-8.36153164227439e-05
09:36:45,0.64357,0.64362,0.64348,0.64354,0.0026206306995011364,65.26594614044677,0.00013999999999991797,7.999999999996898e-05,5.999999999994898e-05,0.00020705402143733105,-0.0003442683774489419,-0.00026565912656803005,-7.860925088091185e-05
09:36:50,0.64351,0.64384,0.64351,0.64384,0.0025004050198258465,65.81915359189777,0.00032999999999994145,0.0,0.00032999999999994145,0.00022344681857901244,-0.00032788844714770615,-0.0002781049906839653,-4.978345646374085e-05
09:36:55,0.64382,0.64382,0.64363,0.64363,0.0023671755321512666,66.2622879284218,0.00018999999999991246,0.00018999999999991246,0.0,0.00022165390943513512,-0.0003280706846934267,-0.0002880981294858576,-3.997255520756909e-05
09:37:00,0.64359,0.64364,0.64354,0.64354,0.002165486210146561,65.89848968560425,9.999999999998899e-05,9.999999999998899e-05,0.0,0.00020543338817711565,-0.00033165425331538323,-0.0002968093542517628,-3.484489906362045e-05
09:37:05,0.64354,0.6436,0.64343,0.64343,0.0019125337286387545,65.4895475857501,0.00017000000000000348,0.00017000000000000348,0.0,0.0002007089364201674,-0.0003394572856738609,-0.0003053389405361824,-3.41183451376785e-05
09:37:10,0.64331,0.64331,0.64325,0.64327,0.001707883886113759,65.2570698271876,6.0000000000060005e-05,4.0000000000040004e-05,2.0000000000020002e-05,0.00019794774489747283,-0.00035446584623177735,-0.0003151643216753014,-3.930152455647594e-05
09:37:15,0.64322,0.64325,0.64306,0.64318,0.001554526158987768,66.37150162373777,0.00019000000000002348,7.00000000000145e-05,0.00012000000000000899,0.00019955471224448226,-0.0003693646803301087,-0.0003260043934062629,-4.336028692384584e-05
09:37:20,0.64315,0.64319,0.64313,0.64319,0.0014451428631001573,68.87445235649679,6.0000000000060005e-05,0.0,6.0000000000060005e-05,0.0001809474172785593,-0.000376030551144213,-0.00033600962495385295,-4.002092619036007e-05
09:37:25,0.64319,0.64319,0.64303,0.64303,0.001333702405073467,71.41192838486208,0.000160000000000049,0.000160000000000049,0.0,0.00017815442830809125,-0.0003897313838202576,-0.0003467539767271339,-4.297740709312373e-05
09:37:30,0.64306,0.64322,0.64306,0.64313,0.001314820780277115,72.84769762517323,0.000160000000000049,9.00000000000345e-05,7.00000000000145e-05,0.00017973383786701555,-0.0003880470631668631,-0.0003550125940150798,-3.303446915178332e-05
09:37:35,0.64317,0.64325,0.64314,0.64319,0.0013145517547168417,72.9369886571513,0.00010999999999994348,5.999999999994898e-05,4.999999999999449e-05,0.0001717693261514147,-0.0003775189251830069,-0.00035951386024866527,-1.8005064934341623e-05
09:37:40,0.64323,0.64323,0.64317,0.64317,0.0013263896387281093,73.72899331223881,5.999999999994898e-05,5.999999999994898e-05,0.0,0.00015686674933121928,-0.0003665636156492402,-0.0003609238113287803,-5.639804320459944e-06
09:37:45,0.64317,0.6433,0.64295,0.64295,0.0013560065207269822,73.97132492443818,0.00034999999999996145,0.00034999999999996145,0.0,0.0001826178494203849,-0.00037135289033773944,-0.00036300962713057216,-8.343263207167282e-06
09:37:50,0.64295,0.64315,0.64295,0.64311,0.0013043005788717643,73.8963015618206,0.00019999999999997797,4.0000000000040004e-05,0.00015999999999993797,0.00018493546949766398,-0.00035810969654270774,-0.0003620296410129993,3.91994447029154e-06
09:37:55,0.64311,0.6434,0.64311,0.6434,0.0012138481653269917,69.40114857166535,0.00029000000000001247,0.0,0.00029000000000001247,0.00019894407356464377,-0.00032051904959184974,-0.0003537275227287694,3.320847313691968e-05
09:38:00,0.6434,0.6434,0.6433,0.6433,0.0011649964987727746,67.877788524478,9.999999999998899e-05,9.999999999998899e-05,0.0,0.0001857515304226898,-0.0002953922572559442,-0.0003420604696342044,4.6668212378260195e-05
09:38:05,0.6433,0.64343,0.6433,0.64343,0.001074731790309258,65.65953109000316,0.00012999999999996348,0.0,0.00012999999999996348,0.00017831799303299296,-0.0002619693600441897,-0.00032604224771620147,6.407288767201178e-05
09:38:10,0.64343,0.64343,0.64328,0.64328,0.00098864926463893,63.263454683716375,0.00014999999999998348,0.00014999999999998348,0.0,0.0001745422606285917,-0.00024476373561843623,-0.00030978654529664843,6.50228096782122e-05
09:38:15,0.64333,0.64333,0.64322,0.64324,0.0008917776451964343,61.07374343022379,0.00010999999999994348,8.999999999992347e-05,2.0000000000020002e-05,0.00016593662587810527,-0.0002316850984116492,-0.0002941662559196486,6.24811575079994e-05
09:38:20,0.64324,0.64324,0.64311,0.64311,0.0008784292201362565,59.28459456224086,0.0001300000000000745,0.0001300000000000745,0.0,0.0001611450757610345,-0.0002291683872278627,-0.0002811666821812914,5.199829495342869e-05
09:38:25,0.64311,0.64331,0.64311,0.64314,0.0008582577211087017,55.78028839931954,0.000200000000000089,0.00017000000000000348,3.0000000000085514e-05,0.0001663257323262418,-0.00022219183701577272,-0.00026937171314818766,4.717987613241494e-05
09:38:30,0.64314,0.64332,0.64314,0.64324,0.0006757888178789972,51.12401268681875,0.00017999999999995797,7.999999999996898e-05,9.999999999998899e-05,0.00016814896801607064,-0.00020621657018826678,-0.0002567406845562035,5.0524114367936704e-05
09:38:35,0.64324,0.64333,0.64297,0.64333,0.0005793789779195979,47.90542964354711,0.00035999999999991594,0.0,0.00035999999999991594,0.00019372910561391666,-0.00018417080193111612,-0.00024222670803118602,5.805590610006989e-05
09:38:40,0.64333,0.64341,0.64326,0.64326,0.0005036122151156341,43.88987880062363,0.00014999999999998348,0.00014999999999998348,0.0,0.0001878985581987256,-0.00017038370939992387,-0.0002278581083049336,5.747439890500973e-05
09:38:45,0.64326,0.64334,0.64316,0.64334,0.00047762129906359085,41.34083651588253,0.000180000000000069,0.0,0.000180000000000069,0.00018684541710557137,-0.0001512583952014701,-0.00021253816568424092,6.127977048277081e-05
09:38:50,0.64334,0.64347,0.64331,0.64347,0.0005280310996151893,36.40799783338419,0.00015999999999993797,0.0,0.00015999999999993797,0.0001832660281581536,-0.00012418006190972886,-0.0001948665449293385,7.068648301960964e-05
09:38:55,0.64345,0.64354,0.64342,0.64354,0.0005962514482402703,30.291722621390793,0.00012000000000000899,0.0,0.00012000000000000899,0.00017483055773706766,-9.596564053404588e-05,-0.00017508636405028,7.912072351623411e-05
09:39:00,0.64361,0.64361,0.64352,0.64359,0.0006694380990615034,24.958645727545893,9.00000000000345e-05,2.0000000000020002e-05,7.00000000000145e-05,0.00016351981670546326,-6.877809511973698e-05,-0.0001538247102641714,8.504661514443441e-05
09:39:05,0.64359,0.64365,0.64353,0.64365,0.0007161622868494533,24.43409404163201,0.00012000000000000899,0.0,0.00012000000000000899,0.00015771717447806937,-4.190719093344342e-05,-0.0001314412063980258,8.953401546458239e-05
09:39:10,0.64365,0.64378,0.64365,0.64368,0.0007768112959563034,25.101469549382823,0.00012999999999996348,9.999999999998899e-05,2.999999999997449e-05,0.00015402155121432192,-1.7983751004591042e-05,-0.00010874971531933885,9.076596431474781e-05
09:39:15,0.6435,0.64375,0.6435,0.64375,0.0008548462465927109,24.168503465618226,0.0002500000000000835,0.0,0.0002500000000000835,0.00016681867771909013,6.548673452511089e-06,-8.569003756496888e-05,9.223871101747997e-05
09:39:20,0.64372,0.64385,0.64372,0.64385,0.0009464037193762653,23.967438764162893,0.0001300000000000745,0.0,0.0001300000000000745,0.00016190952068988805,3.3671813144398044e-05,-6.181766742309549e-05,9.548948056749353e-05
09:39:25,0.64385,0.64405,0.64381,0.64405,0.0010302866234026542,24.549806759743056,0.00024000000000001798,0.0,0.00024000000000001798,0.0001723215845979054,7.049282785298594e-05,-3.5355568367879206e-05,0.00010584839622086514
09:39:30,0.64405,0.64405,0.64389,0.64389,0.0010570345809424175,24.175881134549638,0.000160000000000049,0.000160000000000049,0.0,0.00017067870665152455,8.577433136702783e-05,-1.11295884208978e-05,9.690391978792564e-05
09:39:35,0.64385,0.64385,0.64375,0.64375,0.001081634241147711,23.23736548805777,9.999999999998899e-05,9.999999999998899e-05,0.0,0.00016658821243131032,8.560144287950155e-05,8.216617839182073e-06,7.738482504031949e-05
09:39:40,0.64378,0.64385,0.6437,0.6437,0.0010802319439244812,21.904881359923923,0.00014999999999998348,0.00014999999999998348,0.0,0.00016437645077380008,8.050186992925035e-05,2.267366825719573e-05,5.7828201672054615e-05
09:39:45,0.6437,0.64395,0.64366,0.64395,0.0011442101389811388,19.988704136330703,0.00029000000000001247,0.0,0.00029000000000001247,0.00018112625733729507,9.553209773260907e-05,3.72453541522784e-05,5.828674358033067e-05
09:39:50,0.64395,0.64397,0.64393,0.64397,0.0011778660454795364,19.637459405911876,4.0000000000040004e-05,0.0,4.0000000000040004e-05,0.00016230942302566104,0.00010781467395759581,5.135921811334188e-05,5.6455455844253926e-05
09:39:55,0.64397,0.64405,0.64395,0.64395,0.0011790076112594416,19.151034366711276,9.999999999998899e-05,9.999999999998899e-05,0.0,0.00015400149995557143,0.000114613676140074,6.401010971868831e-05,5.0603566421385696e-05
09:40:00,0.64395,0.64398,0.64395,0.64395,0.0011164511444450298,20.58086516934369,2.999999999997449e-05,2.999999999997449e-05,0.0,0.00013746796662815852,0.00011863439094250694,7.493496596345205e-05,4.369942497905489e-05
09:40:05,0.64395,0.6441,0.64392,0.64403,0.0010544821627769263,23.730718133181515,0.00017999999999995797,7.00000000000145e-05,0.00010999999999994348,0.00014313890441106512,0.00012681433113304053,8.531083899736974e-05,4.150349213567078e-05
09:40:10,0.64403,0.64412,0.64397,0.64412,0.001026708588816705,26.24448372800787,0.00014999999999998348,0.0,0.00014999999999998348,0.00014405371715625425,0.0001389574257991688,9.604015635772956e-05,4.291726944143925e-05
09:40:15,0.64414,0.64418,0.64407,0.64418,0.0010216416098514092,28.764126164793446,0.00010999999999994348,0.0,0.00010999999999994348,0.0001395132215354128,0.00015167401078497456,0.00010716692724317857,4.4507083541795985e-05
09:40:20,0.6441,0.6441,0.64395,0.64396,0.000904750038192903,27.80086237892457,0.00014999999999998348,0.000140000000000029,9.99999999995449e-06,0.00015157812533068477,0.00014235881086455127,0.00011420530396745312,2.8153506897098148e-05
09:40:25,0.64396,0.644,0.64391,0.64395,0.0007903523531533896,28.239585545266838,9.00000000000345e-05,4.999999999999449e-05,4.0000000000040004e-05,0.0001433677086199314,0.0001326405338801795,0.0001178923499499984,1.4748183930181092e-05
09:40:30,0.64395,0.64395,0.64385,0.6439,0.0007057627453050941,26.924848995398442,9.999999999998899e-05,4.999999999999449e-05,4.999999999999449e-05,0.00013758534747060575,0.00011952632218126258,0.00011821914439625124,1.307177785011342e-06
09:40:35,0.64398,0.64401,0.64388,0.64394,0.000635175897748752,24.9257123925567,0.00012999999999996348,7.00000000000145e-05,5.999999999994898e-05,0.00013657396780785344,0.00011108041475715869,0.00011679139846843273,-5.710983711274044e-06
09:40:40,0.64391,0.64391,0.64366,0.64366,0.0006098697013787735,23.97419951373987,0.00024999999999997247,0.00024999999999997247,0.0,0.00015569743876679926,8.086119481220955e-05,0.0001096053577371881,-2.8744162924978557e-05
09:40:45,0.64366,0.64366,0.64354,0.64362,0.0006204751999172586,25.782505319030555,0.00012000000000000899,4.0000000000040004e-05,7.999999999996898e-05,0.00015093778026456056,5.3072789501396045e-05,9.82988440900297e-05,-4.522605458863365e-05
09:40:50,0.64362,0.64362,0.64357,0.6436,0.0006471020419223095,27.93644747375642,4.999999999999449e-05,2.0000000000020002e-05,2.999999999997449e-05,0.00013747940956261844,2.9100987169461412e-05,8.445927270591605e-05,-5.5358285536454636e-05
09:40:55,0.6436,0.6436,0.64343,0.64349,0.0007303899463391161,30.14902616637161,0.00017000000000000348,0.00010999999999994348,6.0000000000060005e-05,0.0001418154882876031,1.2130965998391474e-06,6.781003748470068e-05,-6.659694088486153e-05
09:41:00,0.64349,0.6435,0.6434,0.6434,0.0008454559654431648,32.36382302467765,9.999999999998899e-05,9.999999999998899e-05,0.0,0.00013624008984925457,-2.7829701955917052e-05,4.868208959657713e-05,-7.651179155249418e-05
09:41:05,0.6434,0.64368,0.6434,0.64341,0.0009111149907377047,31.00882723229997,0.000280000000000058,0.00026999999999999247,1.0000000000065512e-05,0.00015540807786936168,-4.946916291037606e-05,2.90518390951865e-05,-7.852100200556256e-05
09:41:10,0.64341,0.64378,0.64341,0.64372,0.0009129593292549476,29.079152851288,0.00036999999999998145,6.0000000000060005e-05,0.00030999999999992145,0.00018402033415344432,-4.1130060661975776e-05,1.5015459143754042e-05,-5.6145519805729817e-05
09:41:15,0.64369,0.64369,0.64323,0.64325,0.0010421738414592152,27.28601578812549,0.00046000000000001595,0.00043999999999999595,2.0000000000020002e-05,0.00022481762293298383,-7.162073484723308e-05,-2.311779654443381e-06,-6.93089551927897e-05
09:41:20,0.64325,0.64336,0.6432,0.64333,0.0011181111892883955,25.588451309979227,0.000160000000000049,3.0000000000085514e-05,0.00012999999999996348,0.0002161752732085925,-8.831148260091126e-05,-1.951172024373696e-05,-6.87997623571743e-05
09:41:25,0.64333,0.64333,0.64316,0.64319,0.0012167878334423676,23.792609891739875,0.00017000000000000348,0.00013999999999991797,3.0000000000085514e-05,0.00021001857011411398,-0.00011154997178008941,-3.7919370551007454e-05,-7.363060122908195e-05
09:41:30,0.64323,0.64342,0.64321,0.64342,0.0012252277983828552,23.032862201029218,0.00021000000000004349,0.0,0.00021000000000004349,0.00021268276076555912,-0.00011013796219938587,-5.236308888068314e-05,-5.7774873318702734e-05
09:41:35,0.64346,0.64355,0.64342,0.64355,0.0012095949735493328,22.894211219334004,0.00012999999999996348,0.0,0.00012999999999996348,0.0002016583926634797,-9.740618304399096e-05,-6.137170771334471e-05,-3.603447533064625e-05
09:41:40,0.64349,0.64359,0.64347,0.64347,0.0011966602648665337,23.96119538868404,0.00012000000000000899,0.00012000000000000899,0.0,0.00019077060697501695,-9.27028668049612e-05,-6.7637939531668e-05,-2.50649272732932e-05
09:41:45,0.64347,0.64347,0.64338,0.64344,0.0011585835272052147,23.201441206613147,9.00000000000345e-05,2.999999999997449e-05,6.0000000000060005e-05,0.0001773345260450193,-9.035465189632941e-05,-7.218128200460029e-05,-1.817336989172912e-05
09:41:50,0.64344,0.64356,0.64343,0.64343,0.0010741341678603966,22.332395229637033,0.0001300000000000745,0.0001300000000000745,0.0,0.00017102325590569333,-8.82829205361979e-05,-7.54016097109198e-05,-1.28813108252781e-05
09:41:55,0.64346,0.64351,0.64342,0.64342,0.0009314956846739886,20.408942886337474,9.00000000000345e-05,9.00000000000345e-05,0.0,0.00016022015511827216,-8.645141681473678e-05,-7.76115711316832e-05,-8.839845683053575e-06
09:42:00,0.64346,0.64352,0.64346,0.64346,0.0008536608472609064,18.83928093986138,5.999999999994898e-05,5.999999999994898e-05,0.0,0.00015219080110250106,-8.084039347944216e-05,-7.825733560123501e-05,-2.5830578782071493e-06
09:42:05,0.64346,0.64355,0.64346,0.64355,0.0007585998182522147,16.648925379269865,8.999999999992347e-05,0.0,8.999999999992347e-05,0.00014389869428882405,-6.834354735085757e-05,-7.627457795115953e-05,7.931030600301958e-06
09:42:10,0.64355,0.64362,0.64347,0.64361,0.000673417052321934,15.121896844148791,0.00014999999999998348,9.99999999995449e-06,0.000140000000000029,0.00014471220171697864,-5.298740240855526e-05,-7.161714284263868e-05,1.8629740434083418e-05
09:42:15,0.64361,0.64363,0.64354,0.64354,0.0005326557099161189,16.564762708442917,9.00000000000345e-05,9.00000000000345e-05,0.0,0.00013741724148805276,-4.5936435261073605e-05,-6.648100132632568e-05,2.054456606525207e-05
09:42:20,0.64349,0.64349,0.64341,0.64343,0.0005055106850258007,16.43534404918231,7.999999999996898e-05,6.0000000000060005e-05,1.999999999990898e-05,0.00013642827595630752,-4.8663609886312464e-05,-6.291752303832303e-05,1.4253913152010564e-05
09:42:25,0.64341,0.64341,0.64319,0.64334,0.0004958565157933137,17.530937321835328,0.00021999999999999797,7.00000000000145e-05,0.00014999999999998348,0.00015023783916212076,-5.742520128904083e-05,-6.181905868846659e-05,4.39385739942576e-06
09:42:30,0.64334,0.64345,0.64334,0.64342,0.00047652690876964776,17.744693353474386,0.00010999999999994348,2.999999999997449e-05,7.999999999996898e-05,0.0001448727939404971,-5.7253511347776787e-05,-6.090594922032863e-05,3.6524378725518412e-06
09:42:35,0.64342,0.6435,0.64335,0.64335,0.0004814495656406681,16.83695524120358,0.00014999999999998348,0.00014999999999998348,0.0,0.00014555642141509528,-6.205058035280153e-05,-6.11348754468232e-05,-9.157049059783289e-07
09:42:40,0.64335,0.64335,0.64313,0.64313,0.0005538154737751988,19.03912494992755,0.00021999999999999797,0.00021999999999999797,0.0,0.00015548223189308232,-8.265169617893697e-05,-6.543823959324595e-05,-1.721345658569102e-05
09:42:45,0.64309,0.64309,0.64298,0.64302,0.0006610072059836103,22.08010832891029,0.0001100000000000545,7.00000000000145e-05,4.0000000000040004e-05,0.00015475126764066916,-0.00010662520064452785,-7.367563180350234e-05,-3.294956884102551e-05
09:42:50,0.64306,0.6431,0.64305,0.6431,0.0006433955974238792,24.56242874203483,4.999999999999449e-05,0.0,4.999999999999449e-05,0.00014478443195524248,-0.00011781099245500304,-8.250270393380247e-05,-3.5308288521200564e-05
09:42:55,0.6431,0.64311,0.64304,0.64307,0.0006906625347375961,28.199337791500596,7.00000000000145e-05,3.999999999992898e-05,3.0000000000085514e-05,0.00013481317436121209,-0.00012762537643806748,-9.152723843465549e-05,-3.6098138003411994e-05
09:43:00,0.64316,0.64339,0.64316,0.64339,0.0006902966563240298,27.362313533638275,0.0002300000000000635,0.0,0.0002300000000000635,0.00015950475111304875,-0.00010833322284709013,-9.488843531714242e-05,-1.344478752994771e-05
09:43:05,0.64335,0.64342,0.64332,0.64332,0.0006718521140887113,26.95761109310335,9.999999999998899e-05,9.999999999998899e-05,0.0,0.0001515707842979741,-9.756776663949474e-05,-9.542430158161289e-05,-2.143465057881849e-06
09:43:10,0.64332,0.64372,0.64332,0.64372,0.0007396841431488443,28.6078213692682,0.00039999999999995595,0.0,0.00039999999999995595,0.00018469467972490503,-5.6112577113354156e-05,-8.756195668796115e-05,3.144937957460699e-05
09:43:15,0.64372,0.64389,0.64368,0.64389,0.0008557914158335844,30.658140762913202,0.00020999999999993246,0.0,0.00020999999999993246,0.00018806872242824204,-9.432726890801213e-06,-7.193611072852915e-05,6.250338383772794e-05
09:43:20,0.64393,0.64404,0.64386,0.64386,0.0009469707937712624,32.42605701054281,0.00017999999999995797,0.00017999999999995797,0.0,0.0001869928927711375,2.4854138404806214e-05,-5.257806090186208e-05,7.74321993066683e-05
09:43:25,0.64386,0.64393,0.64376,0.64379,0.0010019433748273965,32.92135708249139,0.00017000000000000348,0.000140000000000029,2.999999999997449e-05,0.00018472717373498629,4.58497834266991e-05,-3.289249203614985e-05,7.874227546284895e-05
09:43:30,0.64379,0.6438,0.64376,0.6438,0.001051633316143441,35.563620266628995,4.0000000000040004e-05,0.0,4.0000000000040004e-05,0.00016543021723699344,6.257457900304964e-05,-1.3799077828309955e-05,7.637365683135959e-05
09:43:35,0.6438,0.64384,0.64379,0.64384,0.0011038134854082227,36.07596958471077,4.999999999999449e-05,0.0,4.999999999999449e-05,0.0001500395216053936,7.8155833896143e-05,4.591904516580636e-06,7.356392937956236e-05
09:43:40,0.6439,0.6439,0.64379,0.64382,0.0011441365395330472,37.57024011268361,0.0001100000000000545,8.000000000008001e-05,2.999999999997449e-05,0.00014470091872468172,8.787726341186186e-05,2.124897629563688e-05,6.662828711622497e-05
09:43:45,0.64382,0.64382,0.64377,0.64379,0.0011728346229000763,39.52372717649647,4.999999999999449e-05,2.999999999997449e-05,2.0000000000020002e-05,0.0001320741295613901,9.20991553297057e-05,3.541901210245064e-05,5.6680143227255054e-05
09:43:50,0.64376,0.64376,0.64366,0.64366,0.0011772152689779602,37.94429117180829,9.999999999998899e-05,9.999999999998899e-05,0.0,0.0001317975789531999,8.398697201372762e-05,4.513260408470604e-05,3.8854367929021584e-05
09:43:55,0.64366,0.64375,0.64366,0.64375,0.0011959563449341903,35.54963406146987,9.00000000000345e-05,0.0,9.00000000000345e-05,0.00012622456842611117,8.385364352392344e-05,5.287681197254952e-05,3.097683155137392e-05
09:44:00,0.64375,0.64375,0.64358,0.64375,0.0012088428568972631,32.1451307380763,0.00017000000000000348,0.0,0.00017000000000000348,0.00013206129263596347,8.279358680363114e-05,5.8860166938765846e-05,2.393341986486529e-05
09:44:05,0.64378,0.64385,0.64376,0.64382,0.0012180035433519976,29.83088032214101,9.00000000000345e-05,3.0000000000085514e-05,5.999999999994898e-05,0.00012778645361783355,8.660358695955495e-05,6.440885094292367e-05,2.219473601663128e-05
09:44:10,0.64382,0.64393,0.64372,0.64393,0.0012519963006654145,31.820276564235435,0.00021000000000004349,0.0,0.00021000000000004349,0.0001387482598021282,9.737662312769846e-05,7.100240537987863e-05,2.637421774781983e-05
09:44:15,0.64393,0.64401,0.64391,0.64392,0.0012637304842719743,34.18496377259782,9.999999999998899e-05,8.999999999992347e-05,1.0000000000065512e-05,0.00013358182516184298,0.00010390961017547884,7.758384633899867e-05,2.6325763836480167e-05
09:44:20,0.64392,0.64392,0.64379,0.64383,0.0011887383847604127,32.517405251109054,0.0001300000000000745,9.00000000000345e-05,4.0000000000040004e-05,0.0001331042484736072,0.00010066440503997409,8.219995807919376e-05,1.8464446960780336e-05
09:44:25,0.64393,0.64411,0.64389,0.64411,0.0010957218241056665,31.635441030239797,0.00021999999999999797,0.0,0.00021999999999999797,0.00015269034867711916,0.00011931087503302962,8.962214146996093e-05,2.9688733563068692e-05
09:44:30,0.64411,0.64425,0.64408,0.64425,0.0010397145357350368,31.01043327240254,0.00017000000000000348,0.0,0.00017000000000000348,0.00015499830218683707,0.00014372835579645749,0.00010044338433526025,4.328497146119724e-05
09:44:35,0.64425,0.64448,0.64425,0.6444,0.0009686105077975071,32.50160637969969,0.0002300000000000635,8.000000000008001e-05,0.00014999999999998348,0.00016499852856193393,0.00017318674265331957,0.00011499205599887211,5.819468665444746e-05
09:44:40,0.6444,0.64454,0.6444,0.64451,0.0010526037891183115,34.193710480872014,0.000140000000000029,2.999999999997449e-05,0.0001100000000000545,0.00016166539142034662,0.00020306796605784605,0.00013260723801066692,7.046072804717913e-05
09:44:45,0.64451,0.64451,0.64422,0.64447,0.0010323993515466423,33.37426856771665,0.00029000000000001247,4.0000000000040004e-05,0.00024999999999997247,0.00017877667256430206,0.0002209741329297632,0.0001502806169944862,7.069351593527701e-05
09:44:50,0.64447,0.64449,0.64444,0.64444,0.0010986901292082685,32.084793830981006,4.999999999999449e-05,4.999999999999449e-05,0.0,0.00016160644955572772,0.00023009179491850773,0.00016624285257929052,6.384894233921721e-05
09:44:55,0.64444,0.64444,0.64419,0.64425,0.001120411578520164,29.456872974383003,0.00024999999999997247,0.00019000000000002348,5.999999999994898e-05,0.00017339225628162702,0.00021945643841492224,0.00017688556974641687,4.2570868668505367e-05
09:45:00,0.64425,0.64425,0.64413,0.64416,0.0011210878175926808,28.976630968442663,0.00012000000000000899,9.00000000000345e-05,2.999999999997449e-05,0.00016627328877741128,0.0002014434788931707,0.00018179715157576765,1.964632731740306e-05
09:45:05,0.64416,0.64425,0.64415,0.6442,0.0011118879156009065,28.496388962502326,9.999999999998899e-05,4.999999999999449e-05,4.999999999999449e-05,0.00015743685027375497,0.00018822599232892756,0.00018308291972639966,5.1430726025279e-06
09:45:10,0.6442,0.64447,0.6442,0.64424,0.001103189633941959,29.452070143601475,0.00026999999999999247,0.00022999999999995246,4.0000000000040004e-05,0.00017244527023725333,0.00017891626932453608,0.00018224958964602693,-3.3333203214908525e-06
09:45:15,0.64424,0.64441,0.64413,0.64432,0.0011072127166966705,28.549821834236052,0.000280000000000058,9.00000000000345e-05,0.00019000000000002348,0.00018678590087229397,0.00017596516133744355,0.00018099270398431026,-5.027542646866709e-06
09:45:20,0.64429,0.6444,0.64429,0.64436,0.001105363003015336,26.78390832828729,0.00010999999999994348,3.999999999992898e-05,7.00000000000145e-05,0.00017654778075598055,0.00017483862190204036,0.00017976188756785628,-4.923265665815918e-06
09:45:25,0.6444,0.64443,0.64428,0.64428,0.00107306741830282,24.671114359052744,0.00014999999999998348,0.00014999999999998348,0.0,0.00017300807665518095,0.0001655817762258316,0.00017692586529945134,-1.1344089073619755e-05
09:45:30,0.64428,0.64429,0.64419,0.64429,0.000983690152335015,24.167002580491577,9.999999999998899e-05,0.0,9.999999999998899e-05,0.0001632736664344887,0.00015724001079608918,0.00017298869439877893,-1.5748683602689753e-05
09:45:35,0.64429,0.64429,0.64408,0.64411,0.0009057105381731212,23.191261347354896,0.00021000000000004349,0.000180000000000069,2.999999999997449e-05,0.00016950384424322935,0.00013455355627656207,0.00016530166677433558,-3.074811049777351e-05
09:45:40,0.64408,0.64408,0.64389,0.64389,0.0008568141725753264,22.78007634758868,0.00019000000000002348,0.00019000000000002348,0.0,0.00017623666501079852,9.769603713705166e-05,0.0001517805408468788,-5.408450370982714e-05
09:45:45,0.64389,0.64391,0.64377,0.64377,0.000875901941165047,22.053613650387085,0.000140000000000029,0.000140000000000029,0.0,0.00017140510967602923,5.8133068726928805e-05,0.0001330510464228888,-7.491797769596e-05
09:45:50,0.64377,0.64407,0.64377,0.64407,0.0008499436513889069,19.087564055459637,0.000300000000000078,0.0,0.000300000000000078,0.00018855109505256908,5.040557987323613e-05,0.00011652195311295829,-6.611637323972216e-05
09:45:55,0.64407,0.64407,0.64381,0.64381,0.000884733679827443,18.405028054056654,0.000260000000000038,0.000260000000000038,0.0,0.0001980776157122316,2.3036116185704003e-05,9.782478572750743e-05,-7.478866954180343e-05
09:46:00,0.64381,0.64389,0.64381,0.64389,0.0008657117546362336,17.849757373203587,7.999999999996898e-05,0.0,7.999999999996898e-05,0.00018233393361726327,7.712050719033137e-06,7.980223872581259e-05,-7.209018800677945e-05
09:46:05,0.64402,0.64406,0.64396,0.64403,0.0008749231545261971,17.95784991780604,9.999999999998899e-05,2.999999999997449e-05,7.00000000000145e-05,0.00018068940913496196,6.786221071752863e-06,6.519903519500065e-05,-5.841281412324779e-05
09:46:10,0.64403,0.64413,0.64403,0.64407,0.0008788125960397242,18.265843925857446,9.999999999998899e-05,5.999999999994898e-05,4.0000000000040004e-05,0.0001699308212502989,9.17440330172603e-06,5.399410881634573e-05,-4.48197055146197e-05
09:46:15,0.64407,0.64407,0.64392,0.64392,0.0008815679810854071,17.47394469244439,0.00014999999999998348,0.00014999999999998348,0.0,0.00016727337841692354,-1.0248773248955345e-06,4.299031158809748e-05,-4.4015188912993014e-05
09:46:20,0.64387,0.6439,0.64382,0.64382,0.00086274714232637,17.402419970360814,8.000000000008001e-05,8.000000000008001e-05,0.0,0.00015830359462801373,-1.698129516836122e-05,3.099599023680574e-05,-4.797728540516696e-05
09:46:25,0.64377,0.64382,0.64375,0.64378,0.0008472866910655963,18.654711595685722,6.999999999990347e-05,3.999999999992898e-05,2.999999999997449e-05,0.00014652978201093236,-3.2480126297307343e-05,1.830076692998312e-05,-5.0780893227290464e-05
09:46:30,0.64378,0.64384,0.64353,0.64353,0.0009144892160832807,21.46790540713311,0.00030999999999992145,0.00030999999999992145,0.0,0.0001683258110761309,-6.419596121265414e-05,1.8014213014556685e-06,-6.599738251410981e-05
09:46:35,0.64353,0.64355,0.64353,0.64353,0.0009978735285425255,23.961191734952934,1.999999999990898e-05,1.999999999990898e-05,0.0,0.000148549036265968,-8.831297191602694e-05,-1.6221457342040855e-05,-7.209151457398608e-05
09:46:40,0.64353,0.64365,0.6435,0.64362,0.001042448534647411,25.255645463695163,0.0001500000000000945,3.0000000000085514e-05,0.00012000000000000899,0.00014874249809718488,-9.902216295809563e-05,-3.278159846525181e-05,-6.624056449284382e-05
09:46:45,0.64367,0.64387,0.64367,0.64387,0.001024499877999574,24.32620254623449,0.000200000000000089,0.0,0.000200000000000089,0.0001622434983509047,-8.634107715954631e-05,-4.349349420411071e-05,-4.28475829554356e-05
09:46:50,0.64387,0.64397,0.64382,0.64397,0.0009902493040805371,22.79905807056122,0.0001500000000000945,0.0,0.0001500000000000945,0.00016061103190413,-6.744460165175603e-05,-4.8283715693639774e-05,-1.9160885958116257e-05
09:46:55,0.64397,0.644,0.64391,0.64398,0.0009269281468895496,20.857866193413884,9.00000000000345e-05,2.0000000000020002e-05,7.00000000000145e-05,0.00015119622765025063,-5.1073350451624755e-05,-4.884164264523677e-05,-2.2317078063879833e-06
09:47:00,0.64398,0.64398,0.64391,0.64396,0.0008349699017722312,20.95533022011722,7.00000000000145e-05,2.0000000000020002e-05,4.999999999999449e-05,0.00014037006396355249,-3.926028070277976e-05,-4.692537025674538e-05,7.665089553965618e-06
09:47:05,0.64399,0.64399,0.64367,0.64367,0.0007837185316599271,20.42840763522855,0.00031999999999998696,0.00031999999999998696,0.0,0.00016432072210174374,-5.2691519153658106e-05,-4.807860003612793e-05,-4.612919117530175e-06
09:47:10,0.64367,0.64379,0.64364,0.64379,0.0006841852627106348,20.15591832783812,0.00014999999999998348,0.0,0.00014999999999998348,0.00016241129248817572,-5.304144649664888e-05,-4.9071169328232125e-05,-3.9702771684167556e-06
09:47:15,0.64384,0.64384,0.64369,0.64369,0.0006543264918386082,20.26537204639818,0.00014999999999998348,0.00014999999999998348,0.0,0.00016075645348975008,-6.0688353144322527e-05,-5.139460609145021e-05,-9.293747052872316e-06
09:47:20,0.64369,0.64369,0.6436,0.64362,0.0006786333015129653,20.56984986197683,9.00000000000345e-05,7.00000000000145e-05,2.0000000000020002e-05,0.00015132225969112135,-7.157195974127895e-05,-5.5430076821415965e-05,-1.614188291986298e-05
09:47:25,0.64367,0.64368,0.64363,0.64366,0.0006923826140499134,22.124049907949033,4.999999999999449e-05,2.0000000000020002e-05,2.999999999997449e-05,0.00013914595839897983,-7.609248388718015e-05,-5.95625582345688e-05,-1.6529925652611348e-05
09:47:30,0.64366,0.64375,0.64359,0.64375,0.0006506482597559149,21.612505307527947,0.000160000000000049,0.0,0.000160000000000049,0.0001419264972791224,-7.158756709102487e-05,-6.196756000586003e-05,-9.620007085164845e-06
09:47:35,0.64375,0.64388,0.64375,0.64383,0.0006512045519264653,20.95086964748779,0.00012999999999996348,4.999999999999449e-05,7.999999999996898e-05,0.00014033629764190122,-6.086049476250466e-05,-6.174614695718896e-05,8.856521946843017e-07
09:47:40,0.64383,0.64383,0.64376,0.64383,0.0006463370475040531,18.9780407863424,7.00000000000145e-05,0.0,7.00000000000145e-05,0.000130958124622983,-5.17625264736532e-05,-5.974942286048181e-05,7.986896386828609e-06
09:47:45,0.64388,0.6441,0.64384,0.6441,0.0006702678176646604,19.2068029749613,0.000260000000000038,0.0,0.000260000000000038,0.0001494970413399176,-2.2506140760492066e-05,-5.2300766440483864e-05,2.97946256799918e-05
09:47:50,0.6441,0.64417,0.64408,0.64417,0.0007090957919306806,21.2525183023203,9.00000000000345e-05,0.0,9.00000000000345e-05,0.00014156410249459986,6.256054778441822e-06,-4.058940219669873e-05,4.684545697514055e-05
09:47:55,0.64417,0.64432,0.64406,0.64427,0.0008178637127658206,25.080893174548283,0.000260000000000038,4.999999999999449e-05,0.00021000000000004349,0.00015735555549532495,3.6696452368367716e-05,-2.5132231283685443e-05,6.182868365205316e-05
09:48:00,0.64427,0.64443,0.64425,0.64434,0.0009399305685584558,28.506911446445724,0.00017999999999995797,8.999999999992347e-05,9.00000000000345e-05,0.00016037481476260937,6.571161911417267e-05,-6.963461204113821e-06,7.267508031828649e-05
09:48:05,0.64434,0.64439,0.6443,0.64439,0.0010541766555363097,31.553531806243257,9.00000000000345e-05,0.0,9.00000000000345e-05,0.0001509915061275994,9.168405324144757e-05,1.2766041684998458e-05,7.891801155644911e-05
09:48:10,0.64439,0.64448,0.64435,0.64448,0.0011294637759025061,34.95189584311619,0.0001300000000000745,0.0,0.0001300000000000745,0.00014819263864392941,0.0001181674810819544,3.384632956438965e-05,8.432115151756477e-05
09:48:15,0.64448,0.64448,0.64407,0.64407,0.0010718287373119306,34.85891678873459,0.00041000000000002146,0.00041000000000002146,0.0,0.0001831002868247417,0.00010486341479076788,4.80497466096653e-05,5.681366818110258e-05
09:48:20,0.64407,0.64407,0.64383,0.64385,0.0010306032980329505,34.712440379645116,0.00024000000000001798,0.00021999999999999797,2.0000000000020002e-05,0.0001906869152481119,7.569511881000413e-05,5.3578821049733065e-05,2.211629776027106e-05
09:48:25,0.64401,0.64419,0.64394,0.64419,0.0010455298329554719,34.14306142745659,0.0002500000000000835,0.0,0.0002500000000000835,0.00021059532654836457,7.910234994978893e-05,5.8683526829744245e-05,2.0418823120044685e-05
09:48:30,0.64412,0.64423,0.64408,0.64423,0.0010689315866145854,32.90921404877632,0.00014999999999998348,0.0,0.00014999999999998348,0.00020251594967524711,8.406126494586719e-05,6.375907445296884e-05,2.0302190492898348e-05
09:48:35,0.6442,0.64431,0.64417,0.64431,0.0011055458285240682,32.189831515508004,0.000140000000000029,0.0,0.000140000000000029,0.00019418048971855137,9.337025800604248e-05,6.968131116358357e-05,2.368894684245891e-05
09:48:40,0.64431,0.64441,0.64425,0.64428,0.0011301345984198186,33.310075571932195,0.000160000000000049,0.0001300000000000745,2.999999999997449e-05,0.00018962309108941773,9.720641771981953e-05,7.518633247483077e-05,2.2020085244988757e-05
09:48:45,0.64428,0.64428,0.64418,0.64421,0.0010893629234396407,33.17089590208845,9.999999999998899e-05,7.00000000000145e-05,2.999999999997449e-05,0.00017767334561082722,9.352014492902683e-05,7.885309496566998e-05,1.4667049963356844e-05
09:48:50,0.64421,0.6443,0.64418,0.6443,0.0010811514329958083,33.05741898323645,0.00012000000000000899,0.0,0.00012000000000000899,0.00016998356619605146,9.674577000817752e-05,8.24316299741715e-05,1.4314140034006023e-05
09:48:55,0.64433,0.64433,0.64428,0.64431,0.0010347621135284868,31.030229312324828,4.999999999999449e-05,1.999999999990898e-05,3.0000000000085514e-05,0.00015398575736991056,9.89681740444226e-05,8.573893878822172e-05,1.3229235256200878e-05
09:49:00,0.64431,0.64443,0.64431,0.64443,0.0009632401460488715,29.521255502377013,0.00011999999999989797,0.0,0.00011999999999989797,0.00014945432305390888,0.00010915418092138918,9.042198721485521e-05,1.8732193706533963e-05
09:49:05,0.64438,0.64441,0.6443,0.64441,0.0008711396045051334,27.18033888413003,0.0001100000000000545,0.0,0.0001100000000000545,0.00014686041331338283,0.00011429530675477473,9.519665112283912e-05,1.909865563193561e-05
09:49:10,0.64441,0.64441,0.64415,0.64415,0.0007695111230068274,22.413809441058667,0.000260000000000038,0.000260000000000038,0.0,0.0001619456915382702,9.628000298589345e-05,9.541332149545e-05,8.666814904434515e-07
09:49:15,0.64415,0.6442,0.64415,0.6442,0.000682953338938308,17.795766134434825,4.999999999999449e-05,0.0,4.999999999999449e-05,0.0001470195993331668,8.505684472848163e-05,9.334202614205634e-05,-8.285181413574707e-06
09:49:20,0.6442,0.6444,0.64416,0.64438,0.0005844691698748683,14.819097586419835,0.00024000000000001798,2.0000000000020002e-05,0.00021999999999999797,0.00015941698608874696,8.9653437606807e-05,9.260430843500648e-05,-2.950870828199485e-06
09:49:25,0.64438,0.64442,0.64422,0.64422,0.0005675394723181348,16.124286918047613,0.00019999999999997797,0.00019999999999997797,0.0,0.00016482805461024442,7.946953245330235e-05,8.997735323866566e-05,-1.0507820785363314e-05
09:49:30,0.64418,0.64421,0.6441,0.6441,0.0005801488012455724,15.505394062983228,0.00010999999999994348,0.00010999999999994348,0.0,0.00015885098066221304,6.101240411404696e-05,8.418436341374192e-05,-2.3171959299694964e-05
09:49:35,0.64412,0.64412,0.64398,0.64398,0.0006300910544123628,16.285497811182715,0.000140000000000029,0.000140000000000029,0.0,0.0001563375165739218,3.6283743402698576e-05,7.460423941153325e-05,-3.832049600883467e-05
09:49:40,0.64398,0.64416,0.64398,0.64407,0.0006407364184310982,16.36081588886957,0.00017999999999995797,8.999999999992347e-05,9.00000000000345e-05,0.00015949251436405998,2.367543380366044e-05,6.441847828995868e-05,-4.0743044486298244e-05
09:49:45,0.64404,0.64406,0.64398,0.64401,0.0006499101152506181,15.771840132215392,7.999999999996898e-05,4.999999999999449e-05,2.999999999997449e-05,0.0001502268457821899,8.740998262424249e-06,5.32829822844518e-05,-4.454198402202755e-05
09:49:50,0.64401,0.64403,0.64395,0.64402,0.0006178264106491138,14.826540546088747,7.999999999996898e-05,9.99999999995449e-06,7.00000000000145e-05,0.00014086326634456047,-2.261662042091217e-06,4.21740534191432e-05,-4.443571546123442e-05
09:49:55,0.64405,0.64405,0.64398,0.64405,0.0006212381524961508,14.331224028772242,7.00000000000145e-05,0.0,7.00000000000145e-05,0.00013141483083195434,-8.463043624895583e-06,3.204663401033544e-05,-4.0509677635231024e-05
09:50:00,0.64405,0.64418,0.64401,0.64418,0.0005356000078711176,14.71312000775894,0.00017000000000000348,0.0,0.00017000000000000348,0.0001365595200543609,-2.854860607137688e-06,2.5066335086840816e-05,-2.7921195693978504e-05
09:50:05,0.64422,0.64431,0.6442,0.64425,0.0005372013246152108,16.06614475433685,0.0001100000000000545,6.0000000000060005e-05,4.999999999999449e-05,0.00013568491738045603,7.1555945846402125e-06,2.1484186986400697e-05,-1.4328592401760485e-05
09:50:10,0.64428,0.64428,0.64419,0.64421,0.0005366994650639612,16.337172679888706,8.999999999992347e-05,7.00000000000145e-05,1.999999999990898e-05,0.0001295935950630517,1.172611538069468e-05,1.9532572665259494e-05,-7.806457284564814e-06
09:50:15,0.64421,0.64438,0.64414,0.64414,0.0005297864515270145,17.61256200085851,0.00023999999999990695,0.00023999999999990695,0.0,0.00014431444905463241,9.589331213755159e-06,1.7543924374958628e-05,-7.95459316120347e-06
09:50:20,0.64414,0.64416,0.64399,0.64399,0.0005535683288886428,18.40787988453342,0.00017000000000000348,0.00017000000000000348,0.0,0.0001477391891806819,-4.1598795292863144e-06,1.320316359410964e-05,-1.7363043123395957e-05
09:50:25,0.64397,0.64397,0.64365,0.64368,0.0007105105651368238,20.581768573067954,0.00031999999999998696,0.00029000000000001247,2.999999999997449e-05,0.0001733739639565771,-3.9613991883014066e-05,2.6397324986849e-06,-4.225372438169897e-05
09:50:30,0.64368,0.64385,0.64362,0.64385,0.0007457698248074518,20.947973196053333,0.0002300000000000635,0.0,0.0002300000000000635,0.00018092410209570863,-5.337873527277992e-05,-8.563961055608065e-06,-4.4814774217171854e-05
09:50:35,0.64385,0.64386,0.6438,0.64386,0.0007634712968200841,21.011336143772642,5.999999999994898e-05,0.0,5.999999999994898e-05,0.0001648008884829407,-6.27570529111443e-05,-1.9402579426715316e-05,-4.335447348442899e-05
09:50:40,0.64386,0.64387,0.64377,0.64377,0.0007579918066606961,23.02741333504033,0.00010000000000010001,0.00010000000000010001,0.0,0.00015616077001856193,-7.65690447599443e-05,-3.0835872493361114e-05,-4.573317226658319e-05
09:50:45,0.64377,0.64383,0.6437,0.64383,0.0007193096105353458,25.20973014425216,0.00012999999999996348,0.0,0.00012999999999996348,0.00015267266734941547,-8.173149940204905e-05,-4.10149978750987e-05,-4.071650152695035e-05
09:50:50,0.64383,0.64391,0.64383,0.64386,0.0007310122758124038,26.580336995733088,7.999999999996898e-05,4.999999999999449e-05,2.999999999997449e-05,0.00014298297836948926,-8.245158210562487e-05,-4.930231472120393e-05,-3.314926738442094e-05
09:50:55,0.64389,0.64392,0.64382,0.64382,0.00073668103504132,27.950943847214024,0.00010000000000010001,0.00010000000000010001,0.0,0.00013725191458690403,-8.52670134875444e-05,-5.649525447447203e-05,-2.8771759013072364e-05
09:51:00,0.64382,0.64382,0.64372,0.64374,0.0006894421849139576,29.880270643072038,9.999999999998899e-05,7.999999999996898e-05,2.0000000000020002e-05,0.00013228499264198202,-9.288289831965724e-05,-6.377278324350907e-05,-2.9110115076148166e-05
09:51:05,0.64374,0.64374,0.64366,0.64374,0.0006832584469200764,32.64198752406363,7.999999999996898e-05,0.0,7.999999999996898e-05,0.00012531366028971364,-9.779126508768776e-05,-7.057647961234482e-05,-2.7214785475342945e-05
09:51:10,0.64374,0.64374,0.6434,0.6434,0.0008311691195477255,35.75268008871234,0.00034000000000000696,0.00034000000000000696,0.0,0.00015393850558441944,-0.0001276449283380554,-8.199016935748694e-05,-4.5654758980568464e-05
09:51:15,0.6434,0.6434,0.64324,0.64324,0.0010282309795941469,38.12049887113934,0.00015999999999993797,0.00015999999999993797,0.0,0.0001547467048398219,-0.00016234344024812497,-9.806082353561455e-05,-6.428261671251042e-05
09:51:20,0.64324,0.64349,0.64322,0.64346,0.001079532062383759,39.27002365214037,0.00026999999999999247,2.999999999997449e-05,0.00024000000000001798,0.000170113810861178,-0.00017012895880730294,-0.00011247445058995223,-5.765450821735072e-05
09:51:25,0.64346,0.64349,0.64335,0.64348,0.0011188170444622614,39.57965972878933,0.000140000000000029,9.99999999995449e-06,0.0001300000000000745,0.00016609863607969146,-0.00017269449091139588,-0.00012451845865424095,-4.8176032257154936e-05
09:51:30,0.64346,0.64346,0.64329,0.64332,0.001190790979949119,42.72817726122896,0.00017000000000000348,0.000140000000000029,2.999999999997449e-05,0.0001692854846024024,-0.0001855000275637897,-0.0001367147724361507,-4.878525512763899e-05
09:51:35,0.64332,0.64332,0.64314,0.64314,0.0012989777357332866,45.161796908515626,0.00017999999999995797,0.00017999999999995797,0.0,0.00017071408665540982,-0.00020777786935632925,-0.00015092739182018643,-5.685047753614282e-05
09:51:40,0.64314,0.64314,0.64304,0.64304,0.0013775279154828457,47.75648750888848,0.00010000000000010001,0.00010000000000010001,0.0,0.0001612855417680352,-0.0002308413879190674,-0.00016691019103996264,-6.393119687910474e-05
09:51:45,0.64304,0.64312,0.64291,0.64291,0.0014396139833636745,50.85758945059168,0.00021000000000004349,0.00021000000000004349,0.0,0.0001677808028656363,-0.0002566507954776531,-0.00018485831192750074,-7.179248355015239e-05
09:51:50,0.64291,0.64293,0.64281,0.64289,0.001470930961936956,53.96426282354444,0.00012000000000000899,4.0000000000040004e-05,7.999999999996898e-05,0.00016141002915021934,-0.000275542487491065,-0.0002029951470402136,-7.254734045085141e-05
09:51:55,0.64289,0.64315,0.64283,0.64315,0.001406168366069549,53.323940103244944,0.00031999999999998696,0.0,0.00031999999999998696,0.00018255535859685503,-0.00026646284462417125,-0.00021568868655700516,-5.0774158067166085e-05
09:52:00,0.64315,0.64315,0.643,0.64304,0.0013888518544962203,53.99987757552284,0.00014999999999998348,0.0001100000000000545,3.999999999992898e-05,0.00017821464411727216,-0.0002650874794762892,-0.000225568445140862,-3.95190343354272e-05
09:52:05,0.64304,0.64304,0.6429,0.643,0.001431089389996698,55.30652271902302,0.00013999999999991797,3.999999999992898e-05,9.999999999998899e-05,0.00017311935823495825,-0.00026417985744331407,-0.00023329072760135242,-3.0889129841961654e-05
09:52:10,0.643,0.64331,0.643,0.64331,0.0013771671916442685,52.679013559901954,0.00031000000000003247,0.0,0.00031000000000003247,0.00019137011047030148,-0.0002357288161647375,-0.00023377834531402946,-1.9504708507080528e-06
09:52:15,0.64331,0.64331,0.64308,0.64308,0.0013337971123457137,49.56334568475622,0.0002300000000000635,0.0002300000000000635,0.0,0.00019652076240760308,-0.00022909932438031078,-0.00023284254112728573,3.7432167469749497e-06
09:52:20,0.64308,0.64314,0.64303,0.64303,0.0013066566415893544,45.518878104172,0.0001100000000000545,0.0001100000000000545,0.0,0.0001849846607532633,-0.00022528306358771122,-0.00023133064561937084,6.047582031659622e-06
09:52:25,0.64299,0.64299,0.64274,0.64274,0.0013148848258797141,43.0124076832664,0.00024999999999997247,0.00024999999999997247,0.0,0.00019898670598616317,-0.0002428596904472391,-0.0002336364545849445,-9.223235862294583e-06
09:52:30,0.64276,0.64276,0.64257,0.6426,0.001321324694175674,42.70623816095734,0.00019000000000002348,0.000160000000000049,2.999999999997449e-05,0.00019778847852134455,-0.00026503101131503115,-0.00023991536593096185,-2.51156453840693e-05
09:52:35,0.6427,0.64273,0.6427,0.64273,0.0012530451330006187,42.785134554499955,2.999999999997449e-05,0.0,2.999999999997449e-05,0.00018875001471850854,-0.0002690110375069832,-0.00024573450024616616,-2.3276537260817024e-05
09:52:40,0.64273,0.6428,0.64269,0.6428,0.001160217765436622,41.56436593554445,0.0001100000000000545,0.0,0.0001100000000000545,0.000178250012756048,-0.0002634795932127121,-0.0002492835188394754,-1.4196074373236693e-05
09:52:45,0.64289,0.64303,0.64286,0.64296,0.0009993176619840227,37.16120700075697,0.00017000000000000348,7.00000000000145e-05,9.999999999998899e-05,0.00018515001105523526,-0.00024337969135024284,-0.0002481027533416289,4.72306199138608e-06
09:52:50,0.643,0.64306,0.64292,0.64292,0.0009554805900571228,32.165941502970774,0.00013999999999991797,0.00013999999999991797,0.0,0.00017913000958119294,-0.00022804923044539294,-0.00024409204876238173,1.604281831698879e-05
09:52:55,0.64292,0.64297,0.64284,0.64284,0.0009526561206925077,27.502124796077307,0.0001300000000000745,0.0001300000000000745,0.0,0.0001725793416370438,-0.00021982110032969793,-0.00023923785907584497,1.941675874614704e-05
09:53:00,0.64279,0.64279,0.64246,0.64246,0.000984819513296653,24.90422106617522,0.00032999999999994145,0.00032999999999994145,0.0,0.00020023542941876275,-0.000241182866189682,-0.0002396268604986124,-1.5560056910696011e-06
09:53:05,0.64246,0.64249,0.64239,0.64243,0.0009764791749118373,25.8225982712141,9.999999999998899e-05,6.0000000000060005e-05,3.999999999992898e-05,0.0001868707054962596,-0.00025756393213483,-0.00024321427482585593,-1.434965730897405e-05
09:53:10,0.64243,0.64279,0.64243,0.64279,0.0009059429516640183,24.033724336231867,0.00036000000000002697,0.0,0.00036000000000002697,0.00020995461143009524,-0.00023874495038656018,-0.0002423204099379968,3.57545955143661e-06
09:53:15,0.64279,0.64286,0.64275,0.64275,0.0008832738146640207,21.109301133197043,0.00010999999999994348,0.00010999999999994348,0.0,0.000196627329906075,-0.00022447087693278078,-0.0002387505033369536,1.4279626404172825e-05
09:53:20,0.64278,0.64283,0.64271,0.6428,0.0008711782705279614,21.447426432161734,0.00012000000000000899,2.999999999997449e-05,9.00000000000345e-05,0.0001864103525852662,-0.0002067408093898715,-0.0002323485645475372,2.5607755157665702e-05
09:53:25,0.64277,0.64298,0.64276,0.64298,0.0008766923484191391,22.153400513827304,0.00021999999999999797,0.0,0.00021999999999999797,0.00019088897224056378,-0.0001761347358518739,-0.00022110579880840455,4.4971062956530655e-05
09:53:30,0.64295,0.64295,0.64286,0.64288,0.0008764978158246617,22.15096302677834,9.00000000000345e-05,7.00000000000145e-05,2.0000000000020002e-05,0.00018143710927515647,-0.0001581255929278269,-0.00020850975763228902,5.0384164704462116e-05
09:53:35,0.64285,0.64285,0.64282,0.64282,0.0008346798945759737,19.690114271627916,3.0000000000085514e-05,3.0000000000085514e-05,0.0,0.0001652454947051436,-0.0001470001892929229,-0.0001962078439644158,4.9207654671492884e-05
09:53:40,0.64277,0.64282,0.64277,0.64278,0.0008165137702063063,16.714378662123437,4.999999999999449e-05,3.999999999992898e-05,1.0000000000065512e-05,0.00014987942874445707,-0.0001397993723221136,-0.00018492614963595537,4.512677731384178e-05
09:53:45,0.64278,0.64312,0.64278,0.64307,0.0008307029363829876,15.040204549748946,0.00034000000000000696,4.999999999999449e-05,0.00029000000000001247,0.00017522883824519706,-0.00010943064823010218,-0.00016982704935478474,6.0396401124682565e-05
09:53:50,0.64303,0.64315,0.64303,0.64303,0.0007283116742382578,14.529136009171031,0.00012000000000000899,0.00012000000000000899,0.0,0.00016786499314583867,-8.758129860564345e-05,-0.00015337789920495649,6.579660059931303e-05
09:53:55,0.64303,0.64306,0.64295,0.64306,0.0007226005667326785,15.586032079159548,0.00010999999999994348,0.0,0.00010999999999994348,0.00016014966072638596,-6.707162242003406e-05,-0.000136116643847972,6.904502142793793e-05
09:54:00,0.64302,0.64314,0.64293,0.64314,0.0007550419995916435,17.496940512384874,0.00021000000000004349,0.0,0.00021000000000004349,0.0001667963726295403,-4.3856672446329625e-05,-0.00011766464956764353,7.380797712131391e-05
09:54:05,0.64314,0.64322,0.64311,0.64322,0.0008261107355929109,19.26781460645737,0.0001100000000000545,0.0,0.0001100000000000545,0.00015922352294560888,-1.8786763806732942e-05,-9.788907241546143e-05,7.910230860872849e-05
09:54:10,0.64319,0.64339,0.64319,0.64339,0.0009193017946056425,19.70933388057194,0.00019999999999997797,0.0,0.00019999999999997797,0.0001646603865528581,1.463025024217579e-05,-7.5385207883934e-05,9.001545812610979e-05
09:54:15,0.64335,0.64344,0.64333,0.64339,0.0010064612315514587,20.102745323232362,0.0001100000000000545,4.999999999999449e-05,6.0000000000060005e-05,0.0001573723350124843,4.064494500699567e-05,-5.217917730574806e-05,9.282412231274373e-05
09:54:20,0.64346,0.64353,0.64341,0.64353,0.0011335719047531612,23.619023680092532,0.00012000000000000899,0.0,0.00012000000000000899,0.00015505602367749024,7.173172928132132e-05,-2.7396995988334192e-05,9.912872526965551e-05
09:54:25,0.64353,0.64353,0.64315,0.64315,0.00114596041085413,24.40890964428252,0.00038000000000004697,0.00038000000000004697,0.0,0.00018504855385383115,6.495662602878927e-05,-8.9262715849095e-06,7.388289761369876e-05
09:54:30,0.64318,0.64364,0.64315,0.64364,0.0012905404824830047,25.677260614586668,0.0004899999999999904,0.0,0.0004899999999999904,0.00022570874667331907,9.799656933762169e-05,1.2458296599596737e-05,8.553827273802495e-05
09:54:35,0.64364,0.64378,0.64362,0.64372,0.001427151745732047,27.416810108385935,0.000160000000000049,6.0000000000060005e-05,9.999999999998899e-05,0.0002169475804502164,0.00012914756116833015,3.5796149513343425e-05,9.335141165498672e-05
09:54:40,0.64368,0.64378,0.64368,0.64378,0.0014545391746549896,29.387590877130943,9.999999999998899e-05,0.0,9.999999999998899e-05,0.00020135456972351942,0.00015686816660642755,6.001055293196025e-05,9.68576136744673e-05
09:54:45,0.64378,0.64378,0.64367,0.64371,0.0013943812059278304,31.624577048037914,0.0001100000000000545,7.00000000000145e-05,4.0000000000040004e-05,0.00018917396042705744,0.0001712148726722429,8.225141688001679e-05,8.89634557922261e-05
09:54:50,0.64371,0.64411,0.64371,0.64411,0.0015709400471219936,35.274641897864015,0.00039999999999995595,0.0,0.00039999999999995595,0.00021728409903677725,0.0002124128347160692,0.00010828370044722727,0.00010412913426884193
09:54:55,0.64408,0.64415,0.64407,0.64415,0.0016919810873849972,37.38381827019656,7.999999999996898e-05,0.0,7.999999999996898e-05,0.00019897955249853613,0.0002454606644116675,0.0001357190932401153,0.00010974157117155217
09:55:00,0.64412,0.64421,0.64408,0.64408,0.001748684919427701,39.53038917783582,0.00012999999999996348,0.00012999999999996348,0.0,0.00018978227883205978,0.0002629715205617611,0.00016116957870444446,0.00010180194185731664
09:55:05,0.64408,0.64411,0.64388,0.64393,0.0017712986612741233,40.03254785585913,0.00022999999999995246,0.00017999999999995797,4.999999999999449e-05,0.00019514464165444547,0.00026172821389225387,0.00018128130574200635,8.044690815024752e-05
09:55:10,0.64396,0.64409,0.64395,0.64409,0.0017860500376254418,39.784648692992434,0.000140000000000029,0.0,0.000140000000000029,0.00019045868943385927,0.00027053498828055744,0.00019913204224971656,7.140294603084088e-05
09:55:15,0.64409,0.64429,0.64409,0.64429,0.0018058664635753896,40.25944797421573,0.00019999999999997797,0.0,0.00019999999999997797,0.00019173086417600843,0.000290306278889374,0.00021736688957764807,7.293938931172592e-05
09:55:20,0.64429,0.64429,0.64407,0.64416,0.0017218643506842213,39.49599491794295,0.00021999999999999797,0.0001300000000000745,8.999999999992347e-05,0.0001955000822858737,0.0002921179022564724,0.00023231709211341293,5.980081014305945e-05
09:55:25,0.64416,0.64425,0.64403,0.64403,0.0016713562094887724,37.924308958979566,0.00021999999999999797,0.00021999999999999797,0.0,0.0001987667379810903,0.00027983791597996355,0.00024182125688672308,3.801665909324047e-05
09:55:30,0.64407,0.64425,0.64401,0.64401,0.0015776277994921095,35.63984952126515,0.00024000000000001798,0.00024000000000001798,0.0,0.00020426450625028066,0.00026543236643594703,0.0002465434787965679,1.8888887639379153e-05
09:55:35,0.64396,0.64401,0.64392,0.64401,0.001463048008005119,35.30621009500033,8.999999999992347e-05,0.0,8.999999999992347e-05,0.00018902923875023305,0.00025112109694780393,0.0002474590024268151,3.6620945209888344e-06
09:55:40,0.64401,0.64403,0.64388,0.64392,0.0013383084374407606,33.679063330783684,0.00014999999999998348,0.00010999999999994348,4.0000000000040004e-05,0.0001838253402501998,0.0002298672978109373,0.00024394066150363957,-1.4073363692702282e-05
09:55:45,0.64392,0.64392,0.64378,0.64378,0.0012166753664835106,32.33713697040445,0.000140000000000029,0.000140000000000029,0.0,0.000177981961550177,0.00019942779936676924,0.0002350380890762655,-3.561028970949627e-05
09:55:50,0.64378,0.64382,0.64373,0.64374,0.0011449771314822055,31.51408363726071,8.999999999992347e-05,7.999999999996898e-05,9.99999999995449e-06,0.00016625103334347654,0.00017011562480961917,0.00022205359622293625,-5.193797141331708e-05
09:55:55,0.64378,0.64386,0.64376,0.64384,0.001056411004563662,30.17675247344289,9.999999999998899e-05,2.0000000000020002e-05,7.999999999996898e-05,0.00016008422889768087,0.00015318881426107378,0.00020828063983056378,-5.509182556949e-05
09:56:00,0.64388,0.64399,0.64388,0.64399,0.001005691173709744,26.886807764576538,0.00010999999999994348,0.0,0.00010999999999994348,0.00015873966504465457,0.00015014713859762274,0.0001966539395839756,-4.650680098635285e-05
09:56:05,0.64399,0.64411,0.64399,0.64405,0.0007160446913656582,24.65150802999114,0.00012000000000000899,5.999999999994898e-05,6.0000000000060005e-05,0.00015357437637203517,0.0001508393056579571,0.00018749101279877191,-3.66517071408148e-05
09:56:10,0.64405,0.64417,0.64405,0.64413,0.0006691266893101844,22.70131213801577,0.00012000000000000899,4.0000000000040004e-05,7.999999999996898e-05,0.00014909779285576504,0.00015604440172345413,0.00018120169058370836,-2.5157288860254228e-05
09:56:15,0.64413,0.64437,0.64413,0.64433,0.000694553245299323,24.62557658083504,0.00024000000000001798,4.0000000000040004e-05,0.00019999999999997797,0.00016121808714166544,0.0001742986006153524,0.00017982107259003718,-5.522471974684777e-06
09:56:20,0.64433,0.64441,0.64433,0.64436,0.0007281960407143906,26.89327697704255,8.000000000008001e-05,4.999999999999449e-05,3.0000000000085514e-05,0.00015038900885612074,0.00018900717694814162,0.0001816582934616581,7.3488834864835276e-06
09:56:25,0.64436,0.64446,0.64436,0.64439,0.00072622745460027,28.129354129236937,9.999999999998899e-05,7.00000000000145e-05,2.999999999997449e-05,0.00014367047434196985,0.0002007702247651677,0.00018548067972236001,1.528954504280769e-05
09:56:30,0.64439,0.64441,0.6442,0.6442,0.0007348641120528132,27.07538015078071,0.00021000000000004349,0.00021000000000004349,0.0,0.00015251441109637967,0.00019254161294346428,0.00018689286636658088,5.648746576883401e-06
09:56:35,0.6442,0.64432,0.6442,0.64425,0.0007488826765140733,26.585932211800156,0.00012000000000000899,7.00000000000145e-05,4.999999999999449e-05,0.00014817915628353024,0.0001878890924228438,0.00018709211157783348,7.969808450103118e-07
09:56:40,0.64425,0.64433,0.64425,0.6443,0.0007745423096887638,26.494985987340065,7.999999999996898e-05,2.999999999997449e-05,4.999999999999449e-05,0.00013908860211238875,0.0001860913730129532,0.00018689196386485743,-8.005908519042335e-07
09:56:45,0.6443,0.64435,0.64429,0.6443,0.0007808524357002522,27.90465945033555,5.999999999994898e-05,4.999999999999449e-05,9.99999999995449e-06,0.00012854345516406346,0.00018256220398227274,0.00018602601188834052,-3.463807906067774e-06
09:56:50,0.6443,0.6443,0.64421,0.64421,0.0007858190497627149,28.397233993575124,9.00000000000345e-05,9.00000000000345e-05,0.0,0.0001234043278088596,0.0001705372173743669,0.0001829282529855458,-1.2391035611178906e-05
09:56:55,0.64415,0.64415,0.64401,0.6441,0.0007682653050675725,29.128992160343085,0.000140000000000029,4.999999999999449e-05,9.00000000000345e-05,0.0001336170841010087,0.0001503975587229256,0.00017642211413302177,-2.6024555410096177e-05
09:57:00,0.6441,0.6441,0.64384,0.64397,0.0007755717755122404,30.578977757978514,0.000260000000000038,0.00012999999999996348,0.0001300000000000745,0.0001504681395542126,0.00012253432121855923,0.00016564455555012926,-4.311023433157003e-05
09:57:05,0.64397,0.64397,0.64383,0.64394,0.0007860788764648685,32.74452498676854,0.000140000000000029,3.0000000000085514e-05,0.00010999999999994348,0.0001490723876136548,9.691458447047552e-05,0.0001518985613341985,-5.498397686372298e-05
09:57:10,0.64394,0.64422,0.64394,0.64417,0.0007852213901839988,32.02654092126526,0.000280000000000058,4.999999999999449e-05,0.0002300000000000635,0.00016652940259850857,9.408527978793657e-05,0.00014033590502494613,-4.625062523700956e-05
09:57:15,0.64417,0.64457,0.64417,0.64457,0.0008851618942142814,32.488733828165486,0.00039999999999995595,0.0,0.00039999999999995595,0.00019765881558536823,0.00012270522307311627,0.00013680976863458016,-1.4104545561463897e-05
09:57:20,0.64453,0.64463,0.64439,0.64439,0.000892398306174158,32.737211257373886,0.00024000000000001798,0.00024000000000001798,0.0,0.00020330430684065487,0.00012937093108211783,0.0001353220011240877,-5.951070041969862e-06
09:57:25,0.64439,0.64463,0.64439,0.64463,0.0009186809766503767,31.706393366962462,0.00024000000000001798,0.0,0.00024000000000001798,0.00020819706592856998,0.00015226433842729925,0.00013871046858473002,1.3553869842569227e-05
09:57:30,0.64468,0.64478,0.64468,0.64478,0.0009569688990234138,31.233340100605794,9.999999999998899e-05,0.0,9.999999999998899e-05,0.0002004374571380918,0.00018043137451329017,0.00014705464977044207,3.337672474284809e-05
09:57:35,0.64488,0.64488,0.64488,0.64488,0.0010352197834324617,30.935828454163435,0.0,0.0,0.0,0.00018704579618634474,0.00020842057515602086,0.00015932783484755785,4.909274030846301e-05
09:57:40,0.64488,0.64497,0.64478,0.64478,0.0010781875630241355,31.8866390862359,0.00019000000000002348,0.00019000000000002348,0.0,0.00018743969002816858,0.00021999706483155634,0.00017146168084435754,4.8535383987198804e-05
09:57:45,0.64481,0.64481,0.64469,0.6448,0.0011182994608847086,31.771038036821324,0.00012000000000000899,9.99999999995449e-06,0.0001100000000000545,0.0001784477313577473,0.00022815531668762823,0.0001828004080130117,4.5354908674616535e-05
09:57:50,0.64483,0.64499,0.64479,0.64499,0.0012201880786870678,32.688021144804225,0.00019999999999997797,0.0,0.00019999999999997797,0.00018132136717671137,0.0002471037440198165,0.00019566107521437268,5.144266880544382e-05
09:57:55,0.64507,0.64519,0.64504,0.64519,0.0013980437460208162,34.30665476994221,0.0001500000000000945,0.0,0.0001500000000000945,0.00018381185155316173,0.00027508779684126683,0.00021154641953975153,6.35413773015153e-05
09:58:00,0.64516,0.64524,0.64506,0.64512,0.0015128140387321576,37.566388067358595,0.000180000000000069,0.00012000000000000899,6.0000000000060005e-05,0.00018330360467941605,0.00028829367529858985,0.0002268958706915192,6.139780460707065e-05
09:58:05,0.64517,0.64536,0.64517,0.64536,0.001692598127449374,39.9140687116989,0.00019000000000002348,0.0,0.00019000000000002348,0.0001908631240554963,0.0003145000624057426,0.0002444167090343639,7.008335337137868e-05
09:58:10,0.64531,0.64559,0.64529,0.64559,0.0018972068111300366,41.69114687631827,0.00029999999999996696,0.0,0.00029999999999996696,0.00020541470751475908,0.0003497956641288491,0.00026549250005326094,8.430316407558817e-05
09:58:15,0.64559,0.6456,0.64555,0.6456,0.0020555352741173927,43.43050779531901,4.999999999999449e-05,0.0,4.999999999999449e-05,0.0001846927465127905,0.00037426035876519936,0.00028724607179564864,8.701428696955072e-05
09:58:20,0.6456,0.64571,0.6456,0.64571,0.002214722033165417,48.59551230561162,0.0001100000000000545,0.0,0.0001100000000000545,0.00017473371364442572,0.0003979377080242097,0.00030938439904136083,8.855330898284886e-05
09:58:25,0.64576,0.64579,0.64565,0.64567,0.002314944582711531,51.56542841863536,0.000140000000000029,0.00012000000000000899,2.0000000000020002e-05,0.00017010255182517284,0.0004087625519391125,0.00032926002962091114,7.950252231820134e-05
09:58:30,0.64574,0.64576,0.64547,0.6455,0.0023150618952667568,51.75056410342715,0.00029000000000001247,0.000260000000000038,2.999999999997449e-05,0.00018608887824848479,0.0003990240387450328,0.00034321283144573547,5.5811207299297314e-05
09:58:35,0.64557,0.64563,0.64536,0.64543,0.002238694168239963,50.70137841347799,0.00026999999999999247,0.000200000000000089,6.999999999990347e-05,0.0001972770278153525,0.0003812628214134861,0.00035082282943928563,3.043999197420048e-05
09:58:40,0.64554,0.64556,0.64542,0.64556,0.0020977421445977917,49.631116664671275,0.000140000000000029,0.0,0.000140000000000029,0.00018964009077330937,0.0003733728326618113,0.00035533283008379074,1.804000257802057e-05
09:58:45,0.64566,0.64566,0.64553,0.64553,0.0018697762320256661,48.79172779288034,0.00012999999999996348,0.00012999999999996348,0.0,0.00018168807867019658,0.0003605430940938348,0.00035637488288579953,4.168211208035251e-06
09:58:50,0.64553,0.64553,0.64524,0.64528,0.0016491707644983311,46.37879692708948,0.00029000000000001247,0.0002500000000000835,3.999999999992898e-05,0.0001961296681808387,0.0003264395314654944,0.0003503878126017386,-2.394828113624415e-05
09:58:55,0.64521,0.64521,0.64514,0.64514,0.0015510010349688574,45.81300980475809,6.999999999990347e-05,6.999999999990347e-05,0.0,0.00018864571242338258,0.0002848320162271989,0.00033727665332683064,-5.2444637099631746e-05
09:59:00,0.64517,0.6452,0.6451,0.64517,0.0013538234355638945,44.41750457745467,9.999999999998899e-05,2.999999999997449e-05,7.00000000000145e-05,0.00017682628410026343,0.00025138074911768005,0.00032009747248500054,-6.87167233673205e-05
09:59:05,0.64517,0.64517,0.64502,0.64509,0.0012381497230893324,42.699589973592126,0.00014999999999998348,7.999999999996898e-05,7.00000000000145e-05,0.00017324944622022613,0.00021592598714736955,0.00029926317541747435,-8.33371882701048e-05
09:59:10,0.64512,0.64519,0.64498,0.64498,0.001184835764744152,41.07556902966622,0.00021000000000004349,0.00021000000000004349,0.0,0.00017814952005753513,0.00017691241594952611,0.00027479302352388473,-9.788060757435861e-05
09:59:15,0.64498,0.64498,0.6448,0.6448,0.001208842856857295,40.11660779876687,0.00017999999999995797,0.00017999999999995797,0.0,0.00017839625071652484,0.0001299711574217488,0.00024582865030345753,-0.00011585749288170873
09:59:20,0.64472,0.64472,0.64441,0.64452,0.001314359559852596,39.88017244569026,0.00030999999999992145,0.00019999999999997797,0.00010999999999994348,0.00020661008395432171,6.937648299210064e-05,0.00021053821684118617,-0.00014116173384908553
09:59:25,0.64448,0.64454,0.64448,0.64454,0.0014068868207006702,39.41899199952528,5.999999999994898e-05,0.0,5.999999999994898e-05,0.00018706207276040536,2.2706849373554938e-05,0.00017297194334765992,-0.00015026509397410499
09:59:30,0.64457,0.64457,0.64439,0.6444,0.001582637372419704,38.963568358001346,0.00017999999999995797,0.00017000000000000348,9.99999999995449e-06,0.0001861204630590124,-2.528453707251188e-05,0.00013332064726362557,-0.00015860518433613745
09:59:35,0.6444,0.6444,0.644,0.64405,0.001892326888405682,39.15479470936653,0.00039999999999995595,0.00034999999999996145,4.999999999999449e-05,0.0002146377346511382,-9.051671121607097e-05,8.855317556768626e-05,-0.00017906988678375723
09:59:40,0.64402,0.64407,0.64386,0.64403,0.002142458007930337,42.033812350501684,0.00021000000000004349,4.0000000000040004e-05,0.00017000000000000348,0.00021401937003099226,-0.00014218845208402442,4.2404850037344125e-05,-0.00018459330212136854
09:59:45,0.64403,0.64403,0.64395,0.64399,0.002342213078527111,46.70591330480509,7.999999999996898e-05,4.0000000000040004e-05,3.999999999992898e-05,0.00019615012069352247,-0.00018424251171467176,-2.9246223130590567e-06,-0.0001813178894016127
09:59:50,0.64404,0.64416,0.64397,0.64406,0.002431681246417128,48.758628501377906,0.00018999999999991246,9.999999999998899e-05,8.999999999992347e-05,0.00019533010460104114,-0.00020950717368495297,-4.424113258743785e-05,-0.00016526604109751513
09:59:55,0.64406,0.6441,0.64403,0.64404,0.0024816793974142826,50.15274170634335,7.00000000000145e-05,6.0000000000060005e-05,9.99999999995449e-06,0.00017861942398757091,-0.0002285093199729804,-8.109477006454637e-05,-0.00014741454990843404
10:00:00,0.64404,0.64416,0.64404,0.64416,0.002428917020960819,53.51275832551108,0.00012000000000000899,0.0,0.00012000000000000899,0.00017080350078922934,-0.00023122029703648295,-0.00011111987545893369,-0.00012010042157754926
10:00:05,0.64418,0.6443,0.64418,0.6443,0.0023209535245540813,54.21913679940797,0.00012000000000000899,0.0,0.00012000000000000899,0.00016669636735066928,-0.00021954120160716517,-0.00013280414068858,-8.673706091858518e-05
10:00:10,0.64433,0.64441,0.64433,0.64439,0.00222040679060731,53.41316199278998,8.000000000008001e-05,2.0000000000020002e-05,6.0000000000060005e-05,0.00015913685170392065,-0.00020070953195050478,-0.00014638521894096496,-5.432431300953983e-05
10:00:15,0.64439,0.64484,0.64439,0.64484,0.0021110346677422065,53.999320237326515,0.00044999999999995044,0.0,0.00044999999999995044,0.00019791860481005794,-0.00014777065080129326,-0.00014666230531303062,-1.108345488262636e-06
10:00:20,0.64484,0.64498,0.64484,0.64492,0.0019483985326660402,54.88162500830648,0.000140000000000029,5.999999999994898e-05,8.000000000008001e-05,0.00019019612416872072,-9.822855701413502e-05,-0.0001369755556532515,3.874699863911648e-05
10:00:25,0.64492,0.64492,0.64473,0.64473,0.0017523409906070597,53.60703636886847,0.00019000000000002348,0.00019000000000002348,0.0,0.0001901699742795611,-7.345080767084955e-05,-0.00012427060605677112,5.081979838592157e-05
10:00:30,0.64473,0.64473,0.64467,0.64467,0.00162495797516371,50.39105562253592,6.0000000000060005e-05,6.0000000000060005e-05,0.0,0.00017281397770896095,-5.7987319636354506e-05,-0.0001110139487726878,5.30266291363333e-05
10:00:35,0.64467,0.64471,0.64445,0.64449,0.001524054150162879,46.233349888913,0.000260000000000038,0.00021999999999999797,4.0000000000040004e-05,0.00018443878068110454,-5.957020143687597e-05,-0.00010072519930552545,4.115499786864948e-05
10:00:40,0.64449,0.64449,0.64433,0.64441,0.0013921569784445254,42.56718114811037,0.000160000000000049,7.999999999996898e-05,8.000000000008001e-05,0.00018118027659029713,-6.651325468298719e-05,-9.388281038101779e-05,2.7369555698030602e-05
10:00:45,0.64446,0.64452,0.64422,0.64422,0.0012790193611977863,38.71912483130887,0.00029999999999996696,0.00029999999999996696,0.0,0.0001970229063782531,-8.635167811299471e-05,-9.237658392741317e-05,6.024905814418463e-06
10:00:50,0.64422,0.64422,0.64406,0.64406,0.0012067110586022611,35.500017184329415,0.000160000000000049,0.000160000000000049,0.0,0.0001920865188611592,-0.0001136740705085515,-9.663608124364084e-05,-1.703798926491065e-05
10:00:55,0.64406,0.6441,0.64386,0.64386,0.001224617663216243,32.5492861011785,0.00024000000000001798,0.00024000000000001798,0.0,0.00019847498301300704,-0.00014973948824847927,-0.00010725676264460853,-4.2482725603870734e-05
10:01:00,0.64393,0.64393,0.64393,0.64393,0.0012622769735304296,31.184161907331507,0.0,0.0,0.0,0.00018134498527794135,-0.00017070539117014505,-0.00011994648834971584,-5.0758902820429206e-05
10:01:05,0.64389,0.64413,0.64389,0.64408,0.001257049176281777,27.714452827195196,0.00024000000000001798,4.999999999999449e-05,0.00019000000000002348,0.00018916565390755157,-0.00017322049583901045,-0.00013060128984757475,-4.2619205991435694e-05
10:01:10,0.64408,0.64408,0.64401,0.64402,0.0012727343130409796,25.673295917345285,7.00000000000145e-05,5.999999999994898e-05,1.0000000000065512e-05,0.0001732769000532133,-0.00017800332148165676,-0.00014008169617439115,-3.792162530726561e-05
10:01:15,0.64402,0.64418,0.64402,0.64413,0.0012634639103055179,24.407236780999966,0.00015999999999993797,4.999999999999449e-05,0.00010999999999994348,0.00017150664671277657,-0.0001709470928941137,-0.00014625477551833568,-2.4692317375778016e-05
10:01:20,0.64416,0.64417,0.64403,0.64412,0.0012517877741820005,24.349320862796,0.000140000000000029,4.999999999999449e-05,9.00000000000345e-05,0.00016730576048441023,-0.00016426831445226497,-0.00014985748330512155,-1.4410831147143425e-05
10:01:25,0.64412,0.64415,0.6441,0.64411,0.0012335724756347144,22.563932081682655,4.999999999999449e-05,4.0000000000040004e-05,9.99999999995449e-06,0.00015166499241982148,-0.0001579613704940641,-0.00015147826074291007,-6.483109751154046e-06
10:01:30,0.64411,0.64416,0.64393,0.64393,0.001258067021899567,21.845770161787584,0.00022999999999995246,0.00022999999999995246,0.0,0.00016210966009717228,-0.00016557887741575072,-0.0001542983840774782,-1.1280493338272537e-05
10:01:35,0.64393,0.64423,0.64393,0.64413,0.0012467051312250454,21.143173602311204,0.00029999999999996696,9.999999999998899e-05,0.00019999999999997797,0.00018049503875087824,-0.00015370565489092325,-0.00015417983824016722,4.741833492439727e-07
10:01:40,0.64409,0.64425,0.64409,0.64421,0.0012436195051928056,20.702057756120688,0.00015999999999993797,4.0000000000040004e-05,0.00011999999999989797,0.00017776236691741953,-0.00013626987479442576,-0.00015059784555101894,1.432797075659318e-05
10:01:45,0.64426,0.64437,0.64426,0.6443,0.0012436195051928056,20.964296420553882,0.00010999999999994348,7.00000000000145e-05,3.999999999992898e-05,0.00017539405132843678,-0.00011387694309739071,-0.0001432536650602933,2.9376721962902586e-05
10:01:50,0.6443,0.64433,0.64408,0.64408,0.0012508927338472642,21.245482844367306,0.00024999999999997247,0.00024999999999997247,0.0,0.0001853415111513082,-0.00011258473800024316,-0.00013711987964828328,2.453514164804012e-05
10:01:55,0.64408,0.6442,0.64408,0.64413,0.0011299762456815632,20.876434366386803,0.00012000000000000899,7.00000000000145e-05,4.999999999999449e-05,0.00017662930966446834,-0.00010630070565331717,-0.00013095604484929005,2.4655339195972878e-05
10:02:00,0.64413,0.64417,0.64408,0.64411,0.0009250115219858746,19.68176472865171,9.00000000000345e-05,6.0000000000060005e-05,2.999999999997449e-05,0.00016507873504254382,-0.00010176135602946168,-0.0001251171070853244,2.3355751055862707e-05
10:02:05,0.64411,0.64415,0.64405,0.64415,0.0007703013764397415,18.007845393049553,9.999999999998899e-05,0.0,9.999999999998899e-05,0.00015640157037020318,-9.385432876252153e-05,-0.00011886455142076383,2.50102226582423e-05
10:02:10,0.64415,0.64424,0.64408,0.64424,0.0006080824044043531,15.103055735274316,0.000160000000000049,0.0,0.000160000000000049,0.00015688136098751597,-7.941031219993455e-05,-0.00011097370357659799,3.156339137666344e-05
10:02:15,0.64424,0.64424,0.64419,0.64424,0.0005200971569352397,14.302850963788401,4.999999999999449e-05,0.0,4.999999999999449e-05,0.00014263051285584645,-6.718881418421585e-05,-0.00010221672569812158,3.5027911513905725e-05
10:02:20,0.64429,0.64438,0.64429,0.64433,0.00048677672393826477,14.550397053258878,8.999999999992347e-05,4.999999999999449e-05,3.999999999992898e-05,0.00014227977780838932,-4.966839477960061e-05,-9.170705951441738e-05,4.203866473481677e-05
10:02:25,0.64433,0.64433,0.64419,0.64423,0.0004886027339257026,14.312118816469637,0.00013999999999991797,9.999999999998899e-05,3.999999999992898e-05,0.00014197580743392646,-4.3352756843972884e-05,-8.203619898032848e-05,3.86834421363556e-05
10:02:30,0.64423,0.64436,0.64421,0.64436,0.0005297824777246163,14.47952819998205,0.0001500000000000945,0.0,0.0001500000000000945,0.0001430456997760822,-2.754018858286411e-05,-7.113699690083562e-05,4.359680831797151e-05
10:02:35,0.64436,0.64446,0.64436,0.64443,0.0005263738915470828,15.58407609702007,9.999999999998899e-05,3.0000000000085514e-05,6.999999999990347e-05,0.00013730627313926976,-9.253530388719788e-06,-5.876030359841246e-05,4.9506773209692674e-05
10:02:40,0.64451,0.64451,0.64445,0.64448,0.0005506704048281463,15.54436924736328,6.0000000000060005e-05,2.999999999997449e-05,3.0000000000085514e-05,0.00012966543672071113,9.167680793620292e-06,-4.517470672000591e-05,5.4342387513626205e-05
10:02:45,0.64451,0.64479,0.64451,0.64479,0.0007578807016341838,18.383243759882767,0.00027999999999994696,0.0,0.00027999999999994696,0.00015371004515793917,4.822512339175411e-05,-2.6494740697653908e-05,7.471986408940802e-05
10:02:50,0.64479,0.6448,0.64474,0.6448,0.0008890917897153017,21.559546149138924,6.0000000000060005e-05,0.0,6.0000000000060005e-05,0.00014121537247022197,7.907383057370598e-05,-5.38102644338193e-06,8.445485701708791e-05
10:02:55,0.6448,0.64529,0.64474,0.64529,0.0012661819940733565,26.55560940524753,0.0005500000000000504,0.0,0.0005500000000000504,0.0001957199894741991,0.00014143023841639568,2.3981226528573595e-05,0.00011744901188782209
10:03:00,0.64529,0.64544,0.64523,0.64544,0.0015955675446310824,30.97945832952532,0.00021000000000004349,0.0,0.00021000000000004349,0.00019762399087764503,0.00020063904526268495,5.931279027539587e-05,0.0001413262549872891
10:03:05,0.64546,0.64552,0.64528,0.64531,0.0017703000043118866,35.511988493456,0.00024000000000001798,0.00020999999999993246,3.0000000000085514e-05,0.00020327412542729478,0.00023437085637867394,9.432440349605149e-05,0.00014004645288262247
10:03:10,0.64531,0.64531,0.64522,0.64527,0.0018436759619389065,39.199566853053184,9.00000000000345e-05,4.0000000000040004e-05,4.999999999999449e-05,0.00018817090870366007,0.00025493713737967383,0.00012644695027277594,0.00012849018710689789
10:03:15,0.64527,0.64558,0.64527,0.64553,0.0020141980250727443,43.06634267242648,0.00031000000000003247,4.999999999999449e-05,0.000260000000000038,0.0002044147875431764,0.00028888579471819664,0.0001589347191618601,0.00012995107555633655
10:03:20,0.64553,0.64557,0.6454,0.6454,0.0021062503474915673,48.442253000006986,0.00017000000000000348,0.00017000000000000348,0.0,0.0001998261492040867,0.0003018212294452205,0.00018751202121853217,0.00011430920822668833
10:03:25,0.6454,0.64548,0.64539,0.64544,0.0021937662879862874,53.66071792598654,9.00000000000345e-05,4.0000000000040004e-05,4.999999999999449e-05,0.00018518266264354641,0.00031170715432304874,0.00021235104783943548,9.935610648361326e-05
10:03:30,0.64544,0.64544,0.6453,0.64536,0.0021866301879680528,55.88820053833333,0.000140000000000029,7.999999999996898e-05,6.0000000000060005e-05,0.00017915830762441076,0.00030951855239758075,0.00023178454875106454,7.77340036465162e-05
10:03:35,0.64536,0.6455,0.64482,0.64482,0.002102986347775948,56.33967966034464,0.0006800000000000139,0.0006800000000000139,0.0,0.00024593719994115787,0.00026119963576198835,0.0002376675661532493,2.3532069608739038e-05
10:03:40,0.64482,0.64507,0.64482,0.64507,0.0020106202237597515,56.385471162054316,0.0002500000000000835,0.0,0.0002500000000000835,0.0002464789066156813,0.00024030932061147592,0.00023819591704489466,2.1134035665812607e-06
10:03:45,0.64507,0.64515,0.64507,0.6451,0.0019095008992378038,54.65644975502712,7.999999999996898e-05,4.999999999999449e-05,2.999999999997449e-05,0.00022428171906691967,0.0002235968592187998,0.0002352761054796757,-1.1679246260875903e-05
10:03:50,0.6451,0.64513,0.64501,0.64509,0.0018122809123422012,52.824185138057494,0.00012000000000000899,3.999999999992898e-05,8.000000000008001e-05,0.00021037748985799825,0.00020715721728181702,0.00022965232784010397,-2.2495110558286952e-05
10:03:55,0.64509,0.64509,0.6447,0.6447,0.001706487929229894,51.06222487374968,0.00039000000000000146,0.00039000000000000146,0.0,0.000234327157876932,0.00016080527881512374,0.00021588291803510793,-5.507763921998418e-05
10:04:00,0.6447,0.64483,0.64464,0.64464,0.0016306472721869802,49.54146433632049,0.00019000000000002348,0.00019000000000002348,0.0,0.00022841687016001086,0.00011787079393310584,0.00019628049321470753,-7.840969928160169e-05
10:04:05,0.64461,0.64472,0.64459,0.64459,0.0015196938749821864,46.88430616157484,0.00012999999999996348,0.00012999999999996348,0.0,0.00021529462080533787,7.890080385253295e-05,0.00017280455534227264,-9.390375148973968e-05
10:04:10,0.64456,0.64467,0.64454,0.64467,0.0014333707053377776,44.25559742509883,0.00012999999999996348,0.0,0.00012999999999996348,0.00020392200469795463,5.385137226410208e-05,0.00014901391872663853,-9.516254646253644e-05
10:04:15,0.64467,0.64467,0.6446,0.6446,0.0013825057342506941,41.518207448969925,7.00000000000145e-05,7.00000000000145e-05,0.0,0.00018606573740489595,2.8028012788672285e-05,0.00012481673753904528,-9.678872475037299e-05
10:04:20,0.6446,0.64475,0.64457,0.64469,0.0013250620640770094,38.467524467051064,0.000180000000000069,6.0000000000060005e-05,0.00012000000000000899,0.0001852569724175857,1.4656115617905918e-05,0.0001027846131548174,-8.812849753691148e-05
10:04:25,0.64466,0.64468,0.64459,0.64468,0.0013453373671876712,34.717296832373385,9.00000000000345e-05,0.0,9.00000000000345e-05,0.00017388937609523947,3.2148159471168114e-06,8.287065371327729e-05,-7.965583776616048e-05
10:04:30,0.64468,0.64468,0.6444,0.6444,0.0014453977780581884,32.412842425503186,0.000280000000000058,0.000280000000000058,0.0,0.0001880374592825486,-2.8121983691731245e-05,6.0672126232275586e-05,-8.879410992400683e-05
10:04:35,0.6444,0.64444,0.64438,0.64438,0.0015212128125376978,30.388719452001503,6.0000000000060005e-05,6.0000000000060005e-05,0.0,0.00017096579804488346,-5.394857048912627e-05,3.774798688799522e-05,-9.169655737712148e-05
10:04:40,0.64438,0.64451,0.64434,0.64451,0.0015008699231759959,28.60425676778541,0.00017000000000000348,0.0,0.00017000000000000348,0.0001708370249722328,-6.319790692033145e-05,1.7558808126329882e-05,-8.075671504666134e-05
10:04:45,0.64451,0.64451,0.64437,0.6444,0.0015185089639726534,30.17943020995835,0.000140000000000029,0.0001100000000000545,2.999999999997449e-05,0.00016672542164260565,-7.849926273495456e-05,-1.6528060459270059e-06,-7.684645668902755e-05
10:04:50,0.64438,0.64438,0.6442,0.64423,0.0015701156511156444,33.08246803503231,0.00017999999999995797,0.00014999999999998348,2.999999999997449e-05,0.0001711620320902553,-0.00010315417953843387,-2.195308074442838e-05,-8.120109879400549e-05
10:04:55,0.64428,0.6443,0.64424,0.64424,0.0014977020995290413,36.274456590930086,5.999999999994898e-05,5.999999999994898e-05,0.0,0.00015767376114488987,-0.00012049744279429841,-4.166195315440239e-05,-7.883548963989602e-05
10:05:00,0.64424,0.64438,0.64421,0.64438,0.0013998781901856105,37.467167332084145,0.00017000000000000348,0.0,0.00017000000000000348,0.00015931725965890502,-0.00012154418816234802,-5.763840015599152e-05,-6.39057880063565e-05
10:05:05,0.6443,0.64458,0.6443,0.64458,0.0012160522841908605,36.14841419635167,0.000280000000000058,0.0,0.000280000000000058,0.00017540829170439209,-0.00010502475290186108,-6.711567070516543e-05,-3.790908219669565e-05
10:05:10,0.64458,0.64458,0.64441,0.64445,0.0010310464791165597,34.54192099440778,0.00017000000000000348,0.0001300000000000745,3.999999999992898e-05,0.00017468718614380694,-0.00010125568250796135,-7.394367306572462e-05,-2.7312009442236732e-05
10:05:15,0.64445,0.64453,0.64438,0.64447,0.0010187525912110917,32.2168260300963,0.0001500000000000945,6.0000000000060005e-05,9.00000000000345e-05,0.0001713955613246453,-9.555335462108072e-05,-7.826560937679585e-05,-1.7287745244284875e-05
10:05:20,0.64447,0.64464,0.64447,0.64459,0.000914857480988962,30.927381344917347,0.00017000000000000348,4.999999999999449e-05,0.00012000000000000899,0.00017120948648135972,-8.042414212150462e-05,-7.86973159257376e-05,-1.72682619576701e-06
10:05:25,0.64459,0.6446,0.64456,0.6446,0.0007682625647635888,29.164688147905014,3.999999999992898e-05,0.0,3.999999999992898e-05,0.00015371488828383562,-6.68565352669459e-05,-7.632915979397927e-05,9.472624527033367e-06
10:05:30,0.64469,0.6447,0.64455,0.64465,0.0005838348721103337,29.74202415856851,0.0001500000000000945,5.0000000000105516e-05,9.999999999998899e-05,0.00015321956984600348,-5.14761420303822e-05,-7.135855624125986e-05,1.9882414210877658e-05
10:05:35,0.64465,0.64465,0.64459,0.64464,0.0005707944601929249,31.510658406827094,5.999999999994898e-05,9.99999999995449e-06,4.999999999999449e-05,0.00014079029386652957,-3.963707448562115e-05,-6.501425989013212e-05,2.537718540451097e-05
10:05:40,0.64464,0.64464,0.64445,0.64445,0.0005622511145273457,28.656775695703693,0.00019000000000002348,0.00019000000000002348,0.0,0.0001473515880176621,-4.5066442369567916e-05,-6.102469638601928e-05,1.5958254016451365e-05
10:05:45,0.64445,0.64449,0.64443,0.64443,0.0005612917432591402,25.327428411186578,6.0000000000060005e-05,6.0000000000060005e-05,0.0,0.00013570470961531516,-5.040208453088724e-05,-5.8900174014992874e-05,8.498089484105637e-06
10:05:50,0.64441,0.64441,0.64418,0.64437,0.0005496946520799906,25.987506964352253,0.0002300000000000635,4.0000000000040004e-05,0.00019000000000002348,0.0001509440816666028,-5.8794373010151446e-05,-5.8879013814024594e-05,8.464080387314771e-08
10:05:55,0.64429,0.64434,0.64426,0.64431,0.0005605824039145446,28.141509330090834,7.999999999996898e-05,2.999999999997449e-05,4.999999999999449e-05,0.00014548487077771489,-6.948583124322116e-05,-6.100037729986391e-05,-8.485453943357253e-06
10:06:00,0.64431,0.64433,0.64417,0.64417,0.0005831710049837291,29.47637445204035,0.00015999999999993797,0.00015999999999993797,0.0,0.00014742022134067796,-8.823855970208072e-05,-6.644801378030727e-05,-2.179054592177345e-05
10:06:05,0.6442,0.6442,0.64396,0.64396,0.0006867743059921771,31.848768774167418,0.00024000000000001798,0.00024000000000001798,0.0,0.00015976419182858997,-0.0001186774374439814,-7.68938985130421e-05,-4.178353893093931e-05
10:06:10,0.64391,0.64394,0.64391,0.64394,0.000805651093348958,35.93867175981789,2.999999999997449e-05,0.0,2.999999999997449e-05,0.0001451289662514439,-0.000142768553196726,-9.006882944977889e-05,-5.26997237469471e-05
10:06:15,0.64398,0.64406,0.64398,0.64403,0.0008668879609539104,38.216356624075736,7.999999999996898e-05,2.999999999997449e-05,4.999999999999449e-05,0.00014177843741791925,-0.00015283687974732008,-0.00010262243950928713,-5.021444023803295e-05
10:06:20,0.64403,0.64411,0.64396,0.64401,0.0009130169768443164,39.63261797467574,0.00014999999999998348,9.999999999998899e-05,4.999999999999449e-05,0.00014287464576219448,-0.00016057888055187597,-0.0001142137277178049,-4.636515283407106e-05
10:06:25,0.64398,0.64411,0.64398,0.64411,0.0009348886789943833,41.52174229618721,0.00012999999999996348,0.0,0.00012999999999996348,0.00014115802632723033,-0.0001568373839679893,-0.0001227384589678418,-3.409892500014751e-05
10:06:30,0.64411,0.64411,0.64387,0.64387,0.0010191327582582677,43.03053187252399,0.00023999999999990695,0.00023999999999990695,0.0,0.0001543369561502539,-0.00017126399053091212,-0.00013244356528045587,-3.882042525045625e-05
10:06:35,0.64387,0.64395,0.64387,0.64395,0.0010683267783180295,45.01256996069416,7.999999999996898e-05,0.0,7.999999999996898e-05,0.00014442536199688256,-0.00017423339464106569,-0.00014080153115257784,-3.343186348848785e-05
10:06:40,0.64395,0.64404,0.64395,0.64402,0.0010932905425986572,43.97658936963985,8.999999999992347e-05,1.999999999990898e-05,7.00000000000145e-05,0.00013716864706395468,-0.00016899023951766345,-0.00014643927282559496,-2.2550966692068495e-05
10:06:45,0.64402,0.64415,0.64402,0.64415,0.0010611036955179287,40.55676366459894,0.00012999999999996348,0.0,0.00012999999999996348,0.00013621282745542252,-0.0001525861693838504,-0.00014766865213724606,-4.9175172466043335e-06
10:06:50,0.64413,0.64434,0.64413,0.64434,0.001048877093803302,42.299021756606884,0.00021000000000004349,0.0,0.00021000000000004349,0.00014605111712803865,-0.0001228384088017842,-0.0001427026034701537,1.9864194668369503e-05
10:06:55,0.64429,0.64435,0.64428,0.64428,0.0010293605577764708,44.47817785228663,7.00000000000145e-05,7.00000000000145e-05,0.0,0.0001359109681776354,-0.00010291821565289183,-0.00013474572590670134,3.1827510253809506e-05
10:07:00,0.64428,0.64444,0.64428,0.64444,0.0009950107114000684,44.59140296584336,0.000160000000000049,0.0,0.000160000000000049,0.00013912283908729055,-7.337483679648038e-05,-0.00012247154808465717,4.909671128817679e-05
10:07:05,0.64444,0.64454,0.64439,0.64454,0.0009778257298242998,43.88168921620697,0.00014999999999998348,0.0,0.00014999999999998348,0.00014057312720898294,-4.141492644693656e-05,-0.00010626022375711305,6.484529731017648e-05
10:07:10,0.6445,0.64454,0.64447,0.64448,0.0009272914718125858,42.66324832745863,7.00000000000145e-05,5.999999999994898e-05,1.0000000000065512e-05,0.0001311633769144538,-2.068947045852365e-05,-8.914607309739518e-05,6.845660263887153e-05
10:07:15,0.64446,0.64446,0.64428,0.64428,0.0008435788422971324,37.581767204752445,0.000180000000000069,0.000180000000000069,0.0,0.00014034159332587182,-2.0170216103454486e-05,-7.535090169860705e-05,5.518068559515256e-05
10:07:20,0.64428,0.64454,0.64428,0.64446,0.0008460533764502731,33.18727599551049,0.000260000000000038,7.999999999996898e-05,0.000180000000000069,0.000156296047549094,-5.174558519227546e-06,-6.131563306273115e-05,5.61410745435036e-05
10:07:25,0.64452,0.64493,0.64452,0.64489,0.0010285196311159428,33.567198432937424,0.00041000000000002146,4.0000000000040004e-05,0.00036999999999998145,0.00019812324120921086,4.093513968506102e-05,-4.086547851317272e-05,8.180061819823374e-05
10:07:30,0.64484,0.64484,0.6447,0.64472,0.0011128247604088592,34.389122525571494,0.00013999999999991797,0.00012000000000000899,1.999999999990898e-05,0.00019704014238130442,6.303322073197837e-05,-2.0085738664142502e-05,8.311895939612087e-05
10:07:35,0.64475,0.64477,0.6447,0.6447,0.0011836855912601418,35.211046618205565,6.999999999990347e-05,6.999999999990347e-05,0.0,0.00018010145673045096,7.803276319640062e-05,-4.620382920338775e-07,7.84948014884345e-05
10:07:40,0.6447,0.6447,0.64457,0.64457,0.0012098612360658123,33.14033893737194,0.0001300000000000745,0.0001300000000000745,0.0,0.0001734212624997341,7.852490885129626e-05,1.5335351136632152e-05,6.31895577146641e-05
10:07:45,0.64454,0.64464,0.64446,0.64464,0.001207966538402827,29.781887231453364,0.00017999999999995797,0.0,0.00017999999999995797,0.00017429842749976397,8.359966788185069e-05,2.898821448567586e-05,5.4611453396174835e-05
10:07:50,0.64467,0.64467,0.64455,0.64458,0.0011731092289988254,28.560267730805425,0.00012000000000000899,8.999999999992347e-05,3.0000000000085514e-05,0.00016705863716646332,8.183659113503161e-05,3.955788981554701e-05,4.22787013194846e-05
10:07:55,0.64458,0.64476,0.64453,0.64466,0.00116231891628793,29.658281613814108,0.00022999999999995246,9.999999999998899e-05,0.00012999999999996348,0.0001754508188775952,8.590441885603095e-05,4.88271956236438e-05,3.707722323238715e-05
10:08:00,0.64466,0.64466,0.64455,0.64459,0.0011199454873955794,29.101089122013775,0.0001100000000000545,7.00000000000145e-05,4.0000000000040004e-05,0.00016672404302725644,8.252845004641518e-05,5.556744650819808e-05,2.6961003538217098e-05
10:08:05,0.64459,0.64468,0.64458,0.64463,0.001097631900717655,28.688282989944078,9.999999999998899e-05,4.999999999999449e-05,4.999999999999449e-05,0.0001578275039569541,8.213384827204795e-05,6.088072686096806e-05,2.1253121411079888e-05
10:08:10,0.64458,0.64465,0.64454,0.64465,0.0009712737160945117,26.76589031138126,0.00010999999999994348,0.0,0.00010999999999994348,0.00015145050342935267,8.248413066225257e-05,6.520140762122497e-05,1.7282723041027605e-05
10:08:15,0.64465,0.64478,0.64465,0.64472,0.0008557520545942054,25.6709544064071,0.0001300000000000745,6.0000000000060005e-05,7.00000000000145e-05,0.00014859043630544892,8.740262392337161e-05,6.96416508816543e-05,1.7760973041717316e-05
10:08:20,0.64472,0.64481,0.64472,0.64481,0.0007551953389639543,24.858610912015063,9.00000000000345e-05,0.0,9.00000000000345e-05,0.00014077837813139367,9.743959016583759e-05,7.520123873849096e-05,2.2238351427346628e-05
10:08:25,0.64481,0.64481,0.64465,0.64465,0.0006542203073260922,25.74429469364992,0.000160000000000049,0.000160000000000049,0.0,0.00014334126104721437,9.142935471284641e-05,7.844686193336206e-05,1.2982492779484351e-05
10:08:30,0.64465,0.64473,0.64463,0.64473,0.0006253453782476548,25.433852506712043,9.999999999998899e-05,0.0,9.999999999998899e-05,0.00013756242624091765,9.206031719599661e-05,8.116955298588898e-05,1.089076421010763e-05
10:08:35,0.64473,0.64476,0.64468,0.64471,0.0005536291747614275,23.187471410244022,7.999999999996898e-05,4.999999999999449e-05,2.999999999997449e-05,0.00012988743607545783,8.991009900249924e-05,8.291766218921104e-05,6.992436813288208e-06
10:08:40,0.64471,0.64477,0.64447,0.64474,0.0005350651706386156,21.58977804434381,0.00029999999999996696,2.999999999997449e-05,0.00026999999999999247,0.00015256911126539238,8.959400099906034e-05,8.42529299511809e-05,5.341071047879441e-06
10:08:45,0.64474,0.64482,0.64472,0.64482,0.0005504868658390283,19.18314378273941,9.999999999998899e-05,0.0,9.999999999998899e-05,0.00014555989643000525,9.470709799352939e-05,8.63437635596506e-05,8.363334433878785e-06
10:08:50,0.64482,0.64483,0.64469,0.64483,0.000547668743510421,19.13479124087296,0.000140000000000029,0.0,0.000140000000000029,0.00014481857690600843,9.843152329702676e-05,8.876131550712584e-05,9.67020778990092e-06
10:08:55,0.64483,0.64488,0.64464,0.64469,0.00040719321675952713,20.37418272409147,0.00024000000000001798,0.00019000000000002348,4.999999999999449e-05,0.00015750943331854306,8.905970240025152e-05,8.882099288575097e-05,2.387095145005443e-07
10:09:00,0.64469,0.64481,0.64462,0.64481,0.0003584997981138649,21.608689496504873,0.00019000000000002348,0.0,0.00019000000000002348,0.0001618415088760738,9.027483186974106e-05,8.9111760682549e-05,1.1630711871920619e-06
10:09:05,0.64481,0.64495,0.64481,0.64485,0.0003427443423240639,21.292754526843776,0.000140000000000029,9.999999999998899e-05,4.0000000000040004e-05,0.00015892930769260114,9.338896656108098e-05,8.99672018582554e-05,3.4217647028255777e-06
10:09:10,0.64485,0.64495,0.64482,0.6449,0.0003846310603887737,20.663722747755084,0.0001300000000000745,4.999999999999449e-05,8.000000000008001e-05,0.00015507206666693092,9.875315793950179e-05,9.172439307450467e-05,7.028764864997118e-06
10:09:15,0.6449,0.6449,0.64475,0.64481,0.0003937351500753472,19.197191758023358,0.00014999999999998348,9.00000000000345e-05,5.999999999994898e-05,0.00015439579111133794,9.465099268968213e-05,9.230971299754017e-05,2.3412796921419614e-06
10:09:20,0.64462,0.64465,0.64452,0.64452,0.00041184565323582056,21.084855382673197,0.00012999999999996348,0.00012999999999996348,0.0,0.00017247635229649454,6.722449863127977e-05,8.72926701242881e-05,-2.0068171493008323e-05
10:09:25,0.64461,0.64467,0.64461,0.64462,0.0004153679408667177,21.104947605921108,5.999999999994898e-05,4.999999999999449e-05,9.99999999995449e-06,0.00016947950532362642,5.294762153573718e-05,8.042366040657792e-05,-2.7476038870840743e-05
10:09:30,0.64457,0.64465,0.64456,0.64456,0.000421226279962994,21.28109727394949,8.999999999992347e-05,8.999999999992347e-05,0.0,0.0001588822379471327,3.637231758291115e-05,7.161339184184457e-05,-3.524107425893342e-05
10:09:35,0.64459,0.64467,0.64457,0.64467,0.0004202204934815601,22.44075512194496,9.999999999998899e-05,0.0,9.999999999998899e-05,0.0001523646062208408,3.1746397761489575e-05,6.363999302577357e-05,-3.189359526428399e-05
10:09:40,0.64467,0.64473,0.64454,0.64473,0.0004033282586111131,22.74263159226287,0.00019000000000002348,0.0,0.00019000000000002348,0.00015738265872473182,3.254664408069985e-05,5.742132323675883e-05,-2.487467915605898e-05
10:09:45,0.64469,0.6448,0.64469,0.64477,0.00039565535239405314,21.363616900232426,0.0001100000000000545,3.0000000000085514e-05,7.999999999996898e-05,0.00015106497089477486,3.5993598956562955e-05,5.313577838071966e-05,-1.7142179424156704e-05
10:09:50,0.6448,0.6448,0.64464,0.64474,0.0003885519676465332,20.516392414773694,0.000160000000000049,6.0000000000060005e-05,9.999999999998899e-05,0.00015225630810881141,3.589085877153675e-05,4.968679445888308e-05,-1.3795935687346329e-05
10:09:55,0.64474,0.645,0.64474,0.64497,0.0004416762329118029,21.44080292781029,0.000260000000000038,2.999999999997449e-05,0.0002300000000000635,0.0001666221336943083,5.37489300366234e-05,5.0499221574431145e-05,3.2497084621922544e-06
10:10:00,0.64497,0.64516,0.64497,0.6451,0.0005416388386745297,23.24430283651131,0.00018999999999991246,5.999999999994898e-05,0.00012999999999996348,0.0001697391825350555,7.749814336355243e-05,5.589900593225541e-05,2.1599137431297023e-05
10:10:05,0.6451,0.6451,0.64502,0.64502,0.0005776868574269844,25.991302374268795,7.999999999996898e-05,7.999999999996898e-05,0.0,0.00015777395819704395,8.884014077503721e-05,6.248723290081177e-05,2.6352907874225445e-05
10:10:10,0.64507,0.64526,0.64507,0.64526,0.0007171170351374379,29.24140738264452,0.00018999999999991246,0.0,0.00018999999999991246,0.0001687374304374257,0.00011585919697176816,7.316162571500306e-05,4.2697571256765105e-05
10:10:15,0.64529,0.64553,0.64529,0.64537,0.0008694971323328637,33.86262222536609,0.00024000000000001798,0.000160000000000049,7.999999999996898e-05,0.00018223910637911608,0.00014448256924026737,8.742581442005593e-05,5.705675482021144e-05
10:10:20,0.64532,0.64538,0.64519,0.64519,0.000918146875062309,36.90585926717017,0.00018999999999991246,0.00018999999999991246,0.0,0.00018327389219522226,0.00015090278888940656,0.00010012120931392605,5.0781579575480504e-05
10:10:25,0.64519,0.64535,0.64519,0.64535,0.001015218928930528,40.55788969784102,0.00015999999999993797,0.0,0.00015999999999993797,0.00018017070656918435,0.00016697671837084815,0.00011349231112531047,5.3484407245537685e-05
10:10:30,0.64526,0.64528,0.64517,0.64517,0.0010440004032943317,41.276473600564884,0.00010999999999994348,0.00010999999999994348,0.0,0.0001801479456932875,0.00016330840992040407,0.0001234555308843292,3.9852879036074884e-05
10:10:35,0.64517,0.64548,0.64517,0.64544,0.0011262139648877678,43.30707298866798,0.00031000000000003247,4.0000000000040004e-05,0.00026999999999999247,0.00019746155293418684,0.00018011177612109464,0.0001347867799316823,4.5324996189412335e-05
10:10:40,0.64544,0.6455,0.64544,0.64546,0.0012088445984193008,44.976100483851766,5.999999999994898e-05,3.999999999992898e-05,2.0000000000020002e-05,0.00017913334587628846,0.00019281969236240037,0.00014639336241782593,4.642632994457445e-05
10:10:45,0.64546,0.64546,0.64536,0.64542,0.0012653952991559247,45.63109750040583,9.999999999998899e-05,4.0000000000040004e-05,5.999999999994898e-05,0.00016858223309278186,0.00019738777839350963,0.00015659224561296266,4.0795532780546966e-05
10:10:50,0.64542,0.64551,0.64539,0.64551,0.0013388699083725086,47.84312046493041,0.00012000000000000899,0.0,0.00012000000000000899,0.0001621046020137455,0.00020589681698335305,0.00016645315988704073,3.944365709631232e-05
10:10:55,0.64542,0.64542,0.64526,0.64526,0.0013359656471971793,49.20942345582034,0.000160000000000049,0.000160000000000049,0.0,0.0001738239884119239,0.00019027402024329731,0.00017121733195829206,1.905668828500526e-05
10:11:00,0.64533,0.6454,0.64517,0.64517,0.0012391440169325918,48.65407338586766,0.00022999999999995246,0.00022999999999995246,0.0,0.0001813141232903277,0.00016868608524467366,0.00017071108261556837,-2.0249973708947146e-06
10:11:05,0.64517,0.64533,0.64507,0.64533,0.0011738537521939207,47.65179267581739,0.00025999999999992696,0.0,0.00025999999999992696,0.00019180557351827426,0.000162613645171783,0.0001690915951268113,-6.477949955028281e-06
10:11:10,0.64533,0.64533,0.64511,0.6452,0.0010474450117263778,45.39739335235286,0.00021999999999999797,0.00012999999999996348,9.00000000000345e-05,0.0001955648303825041,0.00014563251810428834,0.0001643997797223067,-1.8767261618018365e-05
10:11:15,0.64526,0.64526,0.64517,0.64521,0.0009423174121390154,41.433522270602744,8.999999999992347e-05,4.999999999999449e-05,3.999999999992898e-05,0.0001814895196648267,0.0001314663072324862,0.0001578130852243426,-2.634677799185641e-05
10:11:20,0.64521,0.64544,0.64521,0.64544,0.0008654198858950579,38.91732301136494,0.0002300000000000635,0.0,0.0002300000000000635,0.00018795758370952493,0.00013721681088296744,0.0001536938303560676,-1.6477019473100146e-05
10:11:25,0.64544,0.64544,0.64536,0.64543,0.0007735196387503862,35.62582754118463,7.999999999996898e-05,1.0000000000065512e-05,6.999999999990347e-05,0.00017356323921491747,0.0001393607460975499,0.00015082721350436406,-1.1466467406814169e-05
10:11:30,0.64543,0.64546,0.64536,0.64536,0.0006092756700024626,34.12936211766172,9.999999999998899e-05,9.999999999998899e-05,0.0,0.00016375480731959367,0.0001338682651848,0.00014743542384045125,-1.3567158655651253e-05
10:11:35,0.64536,0.64539,0.64524,0.64527,0.0005339189766575547,30.35314559190348,0.00014999999999998348,0.00012000000000000899,2.999999999997449e-05,0.0001619208330103123,0.00012085998794331143,0.00014212033666102328,-2.1260348717711848e-05
10:11:40,0.6453,0.64532,0.64524,0.64527,0.0005014967071863552,26.933213865248288,7.999999999996898e-05,4.999999999999449e-05,2.999999999997449e-05,0.00015099805527559986,0.00010929099593992575,0.00013555446851680377,-2.6263472576878023e-05
10:11:45,0.64527,0.64527,0.64518,0.64518,0.00044133290925563173,23.123342267331253,9.00000000000345e-05,9.00000000000345e-05,0.0,0.0001428649812388578,9.180200225133994e-05,0.00012680397526371103,-3.5001973012371086e-05
10:11:50,0.64513,0.64513,0.64483,0.64483,0.000618194314497833,22.277812190058427,0.00029999999999996696,0.00029999999999996696,0.0,0.00017048298374033828,4.9133394635192396e-05,0.00011126985913800731,-6.213646450281492e-05
10:11:55,0.64471,0.64471,0.64456,0.6446,0.0008698433010458917,23.866809156817,0.00014999999999998348,0.0001100000000000545,3.999999999992898e-05,0.0001837519192416255,-3.2039292194863123e-06,8.83751014665086e-05,-9.157903068599491e-05
10:12:00,0.64458,0.64458,0.64452,0.64457,0.0010637193931313238,25.251452728889838,6.0000000000060005e-05,1.0000000000065512e-05,4.999999999999449e-05,0.00016991833000940465,-4.656560541094201e-05,6.138696009101847e-05,-0.00010795256550196048
10:12:05,0.64457,0.64464,0.64457,0.64461,0.0011882423994948876,27.788904140538865,7.00000000000145e-05,2.999999999997449e-05,4.0000000000040004e-05,0.00015659588600815263,-7.681688327698666e-05,3.374619141741745e-05,-0.00011056307469440411
10:12:10,0.64461,0.64461,0.64445,0.64445,0.0013589144274059883,31.96540824345332,0.000160000000000049,0.000160000000000049,0.0,0.0001570497678737388,-0.00011240615359053852,4.515722415826256e-06,-0.00011692187600636478
10:12:15,0.64445,0.64445,0.64435,0.64435,0.0015052133962942804,35.96673947774169,9.999999999998899e-05,9.999999999998899e-05,0.0,0.00014944313215723882,-0.00014698571120275172,-2.578456430788934e-05,-0.00012120114689486238
10:12:20,0.64435,0.64441,0.64432,0.64432,0.0016144557499007117,40.0666181686015,9.00000000000345e-05,9.00000000000345e-05,0.0,0.0001415173812029449,-0.00017479606874848397,-5.558686519600827e-05,-0.0001192092035524757
10:12:25,0.64432,0.64441,0.64426,0.64429,0.0017037852595018776,45.1309577600958,0.00014999999999998348,0.00012000000000000899,2.999999999997449e-05,0.00014264839704255006,-0.00019698599481710044,-8.386669112022671e-05,-0.00011311930369687373
10:12:30,0.64432,0.64432,0.64425,0.64425,0.0017474420402932012,47.98300652523086,7.00000000000145e-05,7.00000000000145e-05,0.0,0.0001329619441035453,-0.00021531729307810998,-0.00011015681151180337,-0.00010516048156630661
10:12:35,0.64428,0.64436,0.64428,0.64435,0.0017872248407950764,49.95222624536918,8.000000000008001e-05,1.0000000000065512e-05,7.00000000000145e-05,0.0001299003515564132,-0.00021924845504239787,-0.00013197514021792228,-8.727331482447559e-05
10:12:40,0.64432,0.64439,0.64426,0.64426,0.0018447204894480596,51.03684750231639,0.00012999999999996348,0.00012999999999996348,0.0,0.00012991363801555323,-0.0002270093545295726,-0.00015098198308025236,-7.602737144932025e-05
10:12:45,0.64426,0.64453,0.64426,0.64453,0.0017998023283223308,51.828501457083576,0.00026999999999999247,0.0,0.00026999999999999247,0.00014859181961347846,-0.00020896436860617928,-0.00016257846018543774,-4.638590842074154e-05
10:12:50,0.64453,0.64455,0.64425,0.64425,0.0018173850502953837,52.3100031501142,0.00029999999999996696,0.00029999999999996696,0.0,0.0001687795769983436,-0.0002147813811321786,-0.00017301904437478591,-4.176233675739268e-05
10:12:55,0.64422,0.6443,0.64422,0.6443,0.0018018224692000206,52.63594166856707,7.999999999996898e-05,0.0,7.999999999996898e-05,0.00015694230006522698,-0.00021290261452289183,-0.0001809957584044071,-3.190685611848473e-05
10:13:00,0.64422,0.64439,0.64422,0.64435,0.001682349234659375,49.166070697491634,0.00017000000000000348,4.0000000000040004e-05,0.00012999999999996348,0.00015868332672319717,-0.00020501580177167966,-0.00018579976707786163,-1.9216034693818036e-05
10:13:05,0.64435,0.64435,0.64412,0.64417,0.001557574362504699,45.38647335168247,0.00022999999999995246,0.00017999999999995797,4.999999999999449e-05,0.0001681922164934312,-0.00021085928691788602,-0.00019081167104586654,-2.0047615872019486e-05
10:13:10,0.64417,0.64436,0.64417,0.64436,0.001381660328429568,41.32361569679667,0.00019000000000002348,0.0,0.00019000000000002348,0.00017109992096097686,-0.00019787786602765145,-0.00019222491004222353,-5.652955985427924e-06
10:13:15,0.64436,0.64442,0.64424,0.64429,0.0012052446792427673,37.48182936995708,0.00017999999999995797,0.00012999999999996348,4.999999999999449e-05,0.00017228659816617434,-0.00019103626429295417,-0.00019198718089236968,9.509165994155046e-07
10:13:20,0.64429,0.64434,0.64426,0.64434,0.0009516191188558842,33.53257514895237,7.999999999996898e-05,0.0,7.999999999996898e-05,0.0001599817184106803,-0.00017951037958008342,-0.00018949182062991246,9.981441049829035e-06
10:13:25,0.64434,0.64443,0.64434,0.64443,0.0006413800909430556,30.62743839227353,8.999999999992347e-05,0.0,8.999999999992347e-05,0.0001506508226225794,-0.0001612549385134887,-0.0001838444442066277,2.2589505693139e-05
10:13:30,0.64443,0.64459,0.64443,0.64459,0.000530675835243688,29.196278236924524,0.000160000000000049,0.0,0.000160000000000049,0.00015189737960624202,-0.00013235104664066633,-0.00017354576469343544,4.119471805276911e-05
10:13:35,0.64456,0.64457,0.64445,0.64445,0.0004947684200515834,27.56662931017012,0.00012000000000000899,0.00012000000000000899,0.0,0.00015031106232541363,-0.00011936536444234758,-0.00016270968464321785,4.334432020087028e-05
10:13:40,0.64455,0.64459,0.64447,0.64459,0.0005016645975426393,26.07723567824616,0.00012000000000000899,0.0,0.00012000000000000899,0.00014893625401536236,-9.666301668653787e-05,-0.00014950035105188187,5.2837334365344e-05
10:13:45,0.64459,0.64469,0.64459,0.64462,0.000505648098984457,26.222859278402307,9.999999999998899e-05,7.00000000000145e-05,2.999999999997449e-05,0.0001424114201466459,-7.5381541758901e-05,-0.0001346765891932857,5.9295047434384715e-05
10:13:50,0.64462,0.64471,0.64459,0.6446,0.0005404832146047589,27.16578676805667,0.00012000000000000899,0.0001100000000000545,9.99999999995449e-06,0.00013942323079376098,-5.9444414202802776e-05,-0.00011963015419518913,6.018573999238636e-05
10:13:55,0.6446,0.64464,0.64455,0.64458,0.0005666373573480765,29.53169993174988,9.00000000000345e-05,5.999999999994898e-05,3.0000000000085514e-05,0.0001328334666879308,-4.787607307832342e-05,-0.00010527933797181599,5.7403264893492563e-05
10:14:00,0.64461,0.64478,0.64461,0.64473,0.0006348841585213094,33.27797296859309,0.00017000000000000348,4.999999999999449e-05,0.00012000000000000899,0.00014178900446287042,-2.6301149712137928e-05,-8.948370031988037e-05,6.318255060774244e-05
10:14:05,0.64473,0.64485,0.64464,0.64485,0.0007311965680003585,37.00631059278565,0.00021000000000004349,0.0,0.00021000000000004349,0.00015088380386782684,4.746580501979736e-07,-7.14920286458647e-05,7.196668669606268e-05
10:14:10,0.64485,0.64485,0.64476,0.64476,0.0007587246917666324,41.48903822341905,9.00000000000345e-05,9.00000000000345e-05,0.0,0.00014276596335212118,1.4267958626912325e-05,-5.43400311913093e-05,6.860798981822162e-05
10:14:15,0.64466,0.64466,0.64452,0.64455,0.0007531547684667128,40.600331099548555,0.000140000000000029,0.0001100000000000545,2.999999999997449e-05,0.00015573050157184076,8.159941031649076e-06,-4.184003674671763e-05,4.99999777783667e-05
10:14:20,0.64455,0.64498,0.64455,0.64498,0.0008456850228624191,42.51370292610447,0.00043000000000004146,0.0,0.00043000000000004146,0.0001922997680289342,3.758346068172269e-05,-2.5955337261029564e-05,6.353879794275225e-05
10:14:25,0.64498,0.64503,0.64484,0.64493,0.0009233713970229207,45.41831772959614,0.00019000000000002348,9.999999999998899e-05,9.00000000000345e-05,0.0001919931322917461,5.621917025733225e-05,-9.520435757357202e-06,6.573960601468946e-05
10:14:30,0.64493,0.64525,0.64486,0.64515,0.0010330048147826343,48.949128279867296,0.00039000000000000146,9.999999999998899e-05,0.00029000000000001247,0.00021839404798618014,8.772898066267132e-05,9.929447526648504e-06,7.779953313602282e-05
10:14:35,0.64512,0.64524,0.64512,0.64515,0.0011148207313964598,51.055165867306414,0.00012000000000000899,9.00000000000345e-05,2.999999999997449e-05,0.000205274841588024,0.00011141639359379951,3.0226836740078705e-05,8.11895568537208e-05
10:14:40,0.64518,0.64542,0.64518,0.64542,0.0012906856602885597,52.25293212082035,0.00024000000000001798,0.0,0.00024000000000001798,0.0002139048627096198,0.00015024366704585734,5.423020280123444e-05,9.60134642446229e-05
10:14:45,0.64542,0.64542,0.64535,0.64539,0.001347159194276637,53.450698374334294,7.00000000000145e-05,2.999999999997449e-05,4.0000000000040004e-05,0.00019471754768167243,0.00017655855459897118,7.869587316078179e-05,9.78626814381894e-05
10:14:50,0.64539,0.64539,0.64503,0.64503,0.0013218981567533206,50.526905281366844,0.00036000000000002697,0.00036000000000002697,0.0,0.00021675520799078639,0.00016644561972345429,9.62458224733163e-05,7.019979725013799e-05
10:14:55,0.64506,0.64512,0.64496,0.64496,0.0012502799686406885,46.23905666967379,0.000160000000000049,0.000160000000000049,0.0,0.00020918784692535475,0.00015104151838540858,0.00010720496165573477,4.3836556729673814e-05
10:15:00,0.64493,0.64493,0.64479,0.64479,0.001171656497165996,42.891937602831476,0.000140000000000029,0.000140000000000029,0.0,0.00020396280066864127,0.00012369025359471042,0.0001105020200435299,1.3188233551180521e-05
10:15:05,0.64479,0.6448,0.64472,0.64472,0.0011162040937611195,41.161364044292284,8.000000000008001e-05,8.000000000008001e-05,0.0,0.00018743442724616645,9.52675788602475e-05,0.00010745513180687342,-1.2187552946625916e-05
10:15:10,0.64472,0.6448,0.6446,0.6446,0.001114337187929637,39.09742174615615,0.000200000000000089,0.000200000000000089,0.0,0.00018910983694668944,6.234078151723388e-05,9.843226174894553e-05,-3.6091480231711647e-05
10:15:15,0.64453,0.64454,0.64447,0.64451,0.0010977086182171192,37.33695948030633,7.00000000000145e-05,2.999999999997449e-05,4.0000000000040004e-05,0.00018122852535379263,2.8653509735465654e-05,8.447651134624956e-05,-5.5823001610783905e-05
10:15:20,0.64451,0.64453,0.64446,0.64453,0.0011107039019813136,35.62775258975134,7.00000000000145e-05,0.0,7.00000000000145e-05,0.0001663980553066222,3.5292539549702795e-06,6.82870598679937e-05,-6.475780591302343e-05
10:15:25,0.64453,0.64453,0.64446,0.64451,0.0011333861700710823,38.60780246696025,7.00000000000145e-05,2.0000000000020002e-05,4.999999999999449e-05,0.0001535449812657412,-1.779065304052807e-05,5.107151728628936e-05,-6.886217032681742e-05
10:15:30,0.64451,0.64457,0.64451,0.64451,0.0011519411534599566,38.310952070653464,5.999999999994898e-05,5.999999999994898e-05,0.0,0.00014107231709696892,-3.4291541392783564e-05,3.399890555047477e-05,-6.829044694325833e-05
10:15:35,0.64456,0.6446,0.64428,0.64428,0.0012355352558321986,39.10932297187755,0.00031999999999998696,0.00031999999999998696,0.0,0.00016492934148403798,-6.517637937364373e-05,1.4163848565651068e-05,-7.934022793929481e-05
10:15:40,0.64431,0.64438,0.64425,0.64425,0.0013347674743231508,39.050127701912785,0.00012999999999996348,0.00012999999999996348,0.0,0.00016027209595282805,-9.102431363927632e-05,-6.873783875334409e-06,-8.415052976394191e-05
10:15:45,0.64425,0.64425,0.64409,0.64409,0.0014735549567332917,39.68350390394162,0.00015999999999993797,0.00015999999999993797,0.0,0.00016023581649244272,-0.0001230017628373048,-3.0099379667728488e-05,-9.290238316957631e-05
10:15:50,0.64409,0.64412,0.64399,0.6441,0.00158582537035179,39.97735689532181,0.0001300000000000745,2.0000000000020002e-05,0.0001100000000000545,0.00015620437429346028,-0.00014585586961257668,-5.325067765669813e-05,-9.260519195587855e-05
10:15:55,0.64416,0.64433,0.6441,0.64433,0.0016178621371198965,37.37300201908396,0.00022999999999995246,0.0,0.00022999999999995246,0.0001660437910543259,-0.0001437517553239953,-7.135089319015758e-05,-7.240086213383773e-05
10:16:00,0.64429,0.64429,0.64408,0.64411,0.0016821339830210835,38.845786725060115,0.00021000000000004349,0.000180000000000069,2.999999999997449e-05,0.00017723795224707878,-0.0001580148936412007,-8.868369328036621e-05,-6.933120036083448e-05
10:16:05,0.64414,0.64416,0.64407,0.64412,0.001731193686143051,41.0024716355847,8.999999999992347e-05,3.999999999992898e-05,4.999999999999449e-05,0.00016560622528079142,-0.00016659125678286646,-0.00010426520598086627,-6.232605080200019e-05
10:16:10,0.64412,0.64417,0.64386,0.64392,0.0017677532573707744,43.35989042659994,0.00031000000000003247,0.00024999999999997247,6.0000000000060005e-05,0.00018485872857669023,-0.00018736656970819165,-0.00012088547872633136,-6.64810909818603e-05
10:16:15,0.64392,0.644,0.64382,0.64382,0.001797751812389281,45.445791248833544,0.000180000000000069,0.000180000000000069,0.0,0.0001842108980998074,-0.0002094855006928853,-0.00013860548311964214,-7.088001757324315e-05
10:16:20,0.64382,0.64394,0.64378,0.64394,0.0016400500634226045,46.995421560217856,0.00015999999999993797,0.0,0.00015999999999993797,0.00018098277835315815,-0.00021485519874997472,-0.00015385542624570867,-6.0999772504266044e-05
10:16:25,0.64389,0.64395,0.64379,0.64395,0.001417560543591545,47.67703327840137,0.000160000000000049,0.0,0.000160000000000049,0.0001781850745727436,-0.00021581601405107342,-0.00016624754380678162,-4.95684702442918e-05
10:16:30,0.64398,0.64408,0.64398,0.64408,0.0012841642787240204,46.12437847216544,9.999999999998899e-05,0.0,9.999999999998899e-05,0.00017176039796303958,-0.00020373897744596636,-0.0001737458305346186,-2.9993146911347774e-05
10:16:35,0.64411,0.64438,0.64411,0.64438,0.0011310805267135127,44.4635796959464,0.00026999999999999247,0.0,0.00026999999999999247,0.0001888590115679632,-0.00016802347608924073,-0.000172601359645543,4.5778835563022805e-06
10:16:40,0.64438,0.64438,0.64433,0.64433,0.0010252722359997968,43.44767242203243,4.999999999999449e-05,4.999999999999449e-05,0.0,0.00017034447669223406,-0.0001421150522219472,-0.00016650409816082386,2.4389045938876658e-05
10:16:45,0.64427,0.64429,0.64414,0.64429,0.0009282354510846691,40.08788161809083,0.00014999999999998348,0.0,0.00014999999999998348,0.00017296521313325786,-0.00012338776797005124,-0.00015788083212266935,3.449306415261811e-05
10:16:50,0.64429,0.6443,0.64411,0.6443,0.0008648334187142392,36.852469210107465,0.00019000000000002348,0.0,0.00019000000000002348,0.0001752365180488266,-0.00010651154506091665,-0.00014760697471031883,4.109542964940218e-05
10:16:55,0.6443,0.64449,0.64428,0.64445,0.0008492696552853118,33.23156059635349,0.00021000000000004349,4.0000000000040004e-05,0.00017000000000000348,0.00017987164897565554,-8.010981434780629e-05,-0.00013410754263781634,5.399772829001005e-05
10:17:00,0.64445,0.64458,0.64445,0.64456,0.0008590227005265128,29.955769609487135,0.0001300000000000745,2.0000000000020002e-05,0.0001100000000000545,0.0001732220957789114,-4.973683656017691e-05,-0.00011723340142228846,6.749656486211154e-05
10:17:05,0.64477,0.64479,0.64468,0.64468,0.0009193567545433545,30.818807042445876,0.00010999999999994348,0.00010999999999994348,0.0,0.00018079248300838352,-1.5800892862571914e-05,-9.694689971034514e-05,8.114600684777323e-05
10:17:10,0.64465,0.64468,0.64457,0.64465,0.000963439015641887,30.333749011410465,0.0001100000000000545,3.0000000000085514e-05,7.999999999996898e-05,0.00017135348527393967,8.574001975847345e-06,-7.584271937310665e-05,8.4416721348954e-05
10:17:15,0.64465,0.64469,0.64462,0.64464,0.0010301946673563211,29.84465305500682,7.00000000000145e-05,4.999999999999449e-05,2.0000000000020002e-05,0.0001578396872374163,2.677571158471448e-05,-5.531903318154243e-05,8.209474476625692e-05
10:17:20,0.64464,0.64482,0.64454,0.64454,0.0010624618878691816,28.932210248011582,0.00027999999999994696,0.00027999999999994696,0.0,0.00017412772893908706,3.275396598945157e-05,-3.7704433347343635e-05,7.045839933679521e-05
10:17:25,0.64454,0.64454,0.64449,0.6445,0.0010691836531793175,27.183604212327488,4.999999999999449e-05,4.0000000000040004e-05,9.99999999995449e-06,0.0001575773650805414,3.387363578244429e-05,-2.3388819521386053e-05,5.7262455303830345e-05
10:17:30,0.6445,0.64453,0.64429,0.64429,0.0010549851582961622,23.37907377238235,0.00024000000000001798,0.00024000000000001798,0.0,0.00016856704973647162,1.761270885924926e-05,-1.5188513845258992e-05,3.280122270450825e-05
10:17:35,0.64429,0.64452,0.64423,0.64443,0.0010616293336751514,20.281449667346312,0.00029000000000001247,9.00000000000345e-05,0.00019999999999997797,0.0001847581097716104,1.5840042935200138e-05,-8.982802489167167e-06,2.4822845424367307e-05
10:17:40,0.64443,0.64461,0.64443,0.64453,0.001065121688136772,18.94689215064332,0.000180000000000069,7.999999999996898e-05,0.00010000000000010001,0.0001841236951354049,2.2247896778959664e-05,-2.736662635541801e-06,2.4984559414501464e-05
10:17:45,0.64457,0.64469,0.64457,0.64459,0.001073726418164389,18.444385414690423,0.00012000000000000899,9.999999999998899e-05,2.0000000000020002e-05,0.00018090720245067597,3.180108259071002e-05,4.170886409708564e-06,2.7630196181001455e-05
10:17:50,0.64459,0.6446,0.64422,0.64422,0.0010054399403718328,18.82708592514418,0.00037999999999993594,0.00037999999999993594,0.0,0.0002074529087905773,9.407697314056662e-06,5.2182485905781836e-06,4.189448723478479e-06
10:17:55,0.64422,0.64424,0.64403,0.64424,0.0008781295912088094,21.124908035956658,0.00021000000000004349,0.0,0.00021000000000004349,0.00020779252095183947,-6.64874639066948e-06,2.844849594328651e-06,-9.49359598499813e-06
10:18:00,0.64424,0.64433,0.6442,0.64431,0.0007789439544783061,22.277734916488406,0.00012999999999996348,1.999999999990898e-05,0.0001100000000000545,0.00019742018482492266,-1.3568766428551093e-05,-4.378736102472983e-07,-1.3130892818303795e-05
10:18:05,0.64439,0.64442,0.64432,0.64432,0.000661134590968393,22.323213605149753,9.999999999998899e-05,9.999999999998899e-05,0.0,0.0001857641601815921,-1.803808393474604e-05,-3.9579156751470475e-06,-1.4080168259598993e-05
10:18:10,0.64432,0.64434,0.64407,0.64407,0.0006654669907637523,23.092484594900977,0.00026999999999999247,0.00026999999999999247,0.0,0.00019699560549071217,-4.127714370238955e-05,-1.1421761280595549e-05,-2.9855382421794005e-05
10:18:15,0.64407,0.64418,0.64404,0.64418,0.0006978342436325669,22.765265164445655,0.000140000000000029,0.0,0.000140000000000029,0.00018939619142528777,-5.0239060686130266e-05,-1.9185221161702494e-05,-3.1053839524427775e-05
10:18:20,0.64418,0.64439,0.64418,0.64424,0.0007106142635682211,21.71536924885668,0.00021000000000004349,0.00014999999999998348,6.0000000000060005e-05,0.0001921433659019219,-5.190165592205975e-05,-2.5728508113773948e-05,-2.6173147808285805e-05
10:18:25,0.64419,0.64425,0.64419,0.64425,0.000716773472258847,20.525812012644547,5.999999999994898e-05,0.0,5.999999999994898e-05,0.0001745242504483255,-5.181506636697808e-05,-3.094581976441478e-05,-2.08692466025633e-05
10:18:30,0.64425,0.64435,0.64419,0.64435,0.0007123098084158563,18.179900241910907,0.00015999999999993797,0.0,0.00015999999999993797,0.00017258768372187383,-4.317953248345052e-05,-3.3392562308221926e-05,-9.786970175228597e-06
10:18:35,0.64435,0.64463,0.64429,0.64463,0.0007401735216232552,18.311488039369646,0.00034000000000000696,0.0,0.00034000000000000696,0.0001949093258922916,-1.358554402786094e-05,-2.943115865214973e-05,1.584561462428879e-05
10:18:40,0.6447,0.64472,0.64465,0.64465,0.0007595538856919326,20.752157027552304,7.00000000000145e-05,7.00000000000145e-05,0.0,0.00018092141577330918,1.1350891873540547e-05,-2.1274748547011678e-05,3.262564042055222e-05
10:18:45,0.64462,0.64465,0.64455,0.64461,0.000741389875420051,21.66249231097267,9.999999999998899e-05,3.999999999992898e-05,6.0000000000060005e-05,0.00017013189367019981,2.75677474445013e-05,-1.1506249348709084e-05,3.907399679321039e-05
10:18:50,0.64461,0.64464,0.64457,0.6446,0.0007291205950405999,22.92516561270827,7.00000000000145e-05,4.0000000000040004e-05,2.999999999997449e-05,0.0001567809745141751,3.91613779067157e-05,-1.3727238976241288e-06,4.053410180433983e-05
10:18:55,0.6446,0.64471,0.6446,0.64471,0.0007501410393746522,23.967320956861,0.0001100000000000545,0.0,0.0001100000000000545,0.00015054351124562572,5.657335188236079e-05,1.0216491258372855e-05,4.6356860623987936e-05
10:19:00,0.64466,0.64466,0.64451,0.64454,0.0007501410393746522,23.05595779535084,0.00014999999999998348,0.00012000000000000899,2.999999999997449e-05,0.00015713770974620602,5.600924771076432e-05,1.937504254885115e-05,3.663420516191317e-05
10:19:05,0.64447,0.64458,0.64443,0.64454,0.0007548858401014158,20.33667397316208,0.0001500000000000945,4.0000000000040004e-05,0.0001100000000000545,0.00015618601511339117,5.4929003727832715e-05,2.6485834784647466e-05,2.844316894318525e-05
10:19:10,0.64454,0.64456,0.64428,0.64435,0.000748398992942878,19.716747498846775,0.000280000000000058,0.00021000000000004349,7.00000000000145e-05,0.0001726945464316134,3.829999201776513e-05,2.8848666231270997e-05,9.45132578649413e-06
10:19:15,0.64435,0.64442,0.64433,0.6444,0.0007484749406951874,19.480773774841474,9.00000000000345e-05,2.0000000000020002e-05,7.00000000000145e-05,0.0001616686069074029,2.88237008828629e-05,2.884367316158938e-05,-1.9972278726477545e-08
10:19:20,0.6444,0.6444,0.64434,0.64434,0.0007434882224013339,17.735553490830718,5.999999999994898e-05,5.999999999994898e-05,0.0,0.0001481127926530757,1.6284456251347557e-05,2.6331829779541017e-05,-1.004737352819346e-05
10:19:25,0.6444,0.6444,0.64428,0.64428,0.0007308279371320836,16.56950740665621,0.00012000000000000899,0.00012000000000000899,0.0,0.0001443644202993335,1.4883591041847666e-06,2.1363135644469766e-05,-1.9874776540285e-05
10:19:30,0.64428,0.64436,0.64428,0.64431,0.000717351855241688,17.34419806148168,8.000000000008001e-05,4.999999999999449e-05,3.0000000000085514e-05,0.00013578249759276637,-7.727823664649414e-06,1.554494378264593e-05,-2.3272767447295343e-05
10:19:35,0.64431,0.64431,0.64417,0.64419,0.0007278258901166623,19.41974731806963,0.000140000000000029,0.00012000000000000899,2.0000000000020002e-05,0.00013634483124706805,-2.443306288624214e-05,7.549342448868316e-06,-3.198240533511045e-05
10:19:40,0.64415,0.6442,0.64415,0.64415,0.0007567770999152845,21.99733428806157,4.999999999999449e-05,4.999999999999449e-05,0.0,0.00012483218708079157,-4.043365700123758e-05,-2.047257441152863e-06,-3.838639956008471e-05
10:19:45,0.64418,0.64422,0.64418,0.64422,0.000769248437050063,22.26278880642374,4.0000000000040004e-05,0.0,4.0000000000040004e-05,0.00011752122880335464,-4.6924907011525185e-05,-1.1022787355227329e-05,-3.590211965629786e-05
10:19:50,0.64422,0.64447,0.64422,0.64444,0.0007125816666087026,21.178808667718865,0.00024999999999997247,2.999999999997449e-05,0.00021999999999999797,0.00013518506496290367,-3.3926029874176145e-05,-1.560343585901709e-05,-1.8322594015159054e-05
10:19:55,0.64444,0.64444,0.64422,0.64422,0.0007030639710412512,21.103347111326155,0.00021999999999999797,0.00021999999999999797,0.0,0.00014649372296784958,-4.090496055142445e-05,-2.066374079749856e-05,-2.024121975392589e-05
10:20:00,0.64422,0.64427,0.64417,0.64427,0.0006977708868489696,20.25193633453048,9.999999999998899e-05,0.0,9.999999999998899e-05,0.00014029455990546816,-4.191802634634367e-05,-2.4914597907267587e-05,-1.7003428439076086e-05
10:20:05,0.64431,0.64431,0.64428,0.64428,0.0006927473907392123,19.4346408680042,3.0000000000085514e-05,3.0000000000085514e-05,0.0,0.00012692195191807776,-4.1436319760168594e-05,-2.821894227784779e-05,-1.3217377482320805e-05
10:20:10,0.64428,0.64429,0.64422,0.64425,0.0007049777898759935,18.642650419075476,7.00000000000145e-05,4.0000000000040004e-05,2.999999999997449e-05,0.00011933235832900266,-4.2979867936110416e-05,-3.117112740950031e-05,-1.1808740526610104e-05
10:20:15,0.64421,0.64445,0.64421,0.64438,0.0006706195093528766,20.66275042568837,0.00024000000000001798,7.00000000000145e-05,0.00017000000000000348,0.00013542137721847137,-3.332903111741281e-05,-3.160270815108282e-05,-1.7263229663299934e-06
10:20:20,0.64436,0.64436,0.64414,0.64418,0.0006464282432681046,20.327692866804743,0.00021999999999999797,0.000180000000000069,3.999999999992898e-05,0.00014936519358932945,-4.134243211573185e-05,-3.355065294401263e-05,-7.791779171719225e-06
10:20:25,0.64422,0.6443,0.64422,0.64423,0.000612625067799355,19.59047419653786,7.999999999996898e-05,7.00000000000145e-05,9.99999999995449e-06,0.00014544983444408674,-4.3160994925073304e-05,-3.5472721340224764e-05,-7.68827358484854e-06
10:20:30,0.64418,0.64418,0.64397,0.644,0.0006360933397357993,21.676714297693234,0.00020999999999993246,0.00017999999999995797,2.999999999997449e-05,0.0001607231898515321,-6.244151000445175e-05,-4.0866479073070166e-05,-2.1575030931381584e-05
10:20:35,0.64395,0.64395,0.64366,0.64372,0.0007269228584401155,24.620012044954272,0.00029000000000001247,0.0002300000000000635,5.999999999994898e-05,0.00018462676453799543,-9.917192483865911e-05,-5.252756822618795e-05,-4.664435661247116e-05
10:20:40,0.64372,0.64372,0.64358,0.64358,0.0009056803200500063,27.83332935210301,0.00013999999999991797,0.00013999999999991797,0.0,0.00017867652926625176,-0.00013798724216074199,-6.961950301309877e-05,-6.836773914764322e-05
10:20:45,0.64361,0.64363,0.64317,0.64317,0.0012551267497427077,30.73022831262708,0.00046000000000001595,0.00046000000000001595,0.0,0.000216186325364087,-0.0001995321518329929,-9.56020327770776e-05,-0.00010393011905591529
10:20:50,0.64317,0.6432,0.64305,0.64309,0.0015545925172744113,33.60737489565049,0.00014999999999998348,0.00010999999999994348,4.0000000000040004e-05,0.00020736148198220654,-0.0002518589938630411,-0.0001268534249942703,-0.0001250055688687708
10:20:55,0.64318,0.6432,0.64311,0.64316,0.0017288682029557023,36.96002278165519,9.00000000000345e-05,4.0000000000040004e-05,4.999999999999449e-05,0.00019437995105123812,-0.00028440157387099596,-0.00015836305476961545,-0.0001260385191013805
10:21:00,0.64313,0.64324,0.64308,0.64311,0.0018821835024458444,40.608260483944655,0.000160000000000049,0.0001300000000000745,2.999999999997449e-05,0.00018979595757774624,-0.0003106454576506934,-0.00018881953534583104,-0.00012182592230486236
10:21:05,0.64311,0.64328,0.64311,0.64328,0.0019509468686385034,43.62999194410577,0.00017000000000000348,0.0,0.00017000000000000348,0.00018715649656738054,-0.0003141055323196973,-0.0002138767347406043,-0.000100228797579093
10:21:10,0.6433,0.64338,0.64328,0.64328,0.0019908844900382583,46.00024890310991,9.999999999998899e-05,9.999999999998899e-05,0.0,0.000175535630358395,-0.0003132368668060659,-0.00023374876115369664,-7.948810565236924e-05
10:21:15,0.64325,0.64325,0.64308,0.64308,0.0020814357393128535,48.775503425242235,0.00017000000000000348,0.00017000000000000348,0.0,0.00017879754631060606,-0.00032494105346281277,-0.00025198721961551985,-7.295383384729292e-05
10:21:20,0.64303,0.64309,0.64294,0.64309,0.002148126233683545,53.08965080909123,0.0001500000000000945,0.0,0.0001500000000000945,0.00017495787346920452,-0.00032961024752775625,-0.00026751182519796715,-6.20984223297891e-05
10:21:25,0.64309,0.64313,0.6429,0.6429,0.0022286356458962597,55.455849224429436,0.00022999999999995246,0.00022999999999995246,0.0,0.00018229682367330424,-0.0003446689010254689,-0.00028294324036346754,-6.172566066200134e-05
10:21:30,0.6429,0.64299,0.6429,0.64291,0.002212534626563789,58.9588473011761,8.999999999992347e-05,7.999999999996898e-05,9.99999999995449e-06,0.0001699905805168535,-0.00035174141985117036,-0.0002967028762610081,-5.503854359016223e-05
10:21:35,0.64291,0.64295,0.64289,0.6429,0.0022205584883230323,63.365557192604285,6.0000000000060005e-05,4.999999999999449e-05,1.0000000000065512e-05,0.00015532516978128104,-0.0003540718386478847,-0.0003081766687383834,-4.58951699095013e-05
10:21:40,0.6429,0.6429,0.64267,0.64267,0.0022404924270922333,65.8546099694339,0.0002300000000000635,0.0002300000000000635,0.0,0.00016528181381045206,-0.0003702102369798066,-0.00032058338238666806,-4.962685459313854e-05
10:21:45,0.6427,0.64278,0.6427,0.64278,0.002180781125161957,66.67184235733119,7.999999999996898e-05,0.0,7.999999999996898e-05,0.00015791090530239906,-0.0003698604324025023,-0.0003304387923898349,-3.9421640012667417e-05
10:21:50,0.64283,0.64285,0.64262,0.64265,0.0021168238372553105,67.47541628126335,0.0002300000000000635,0.00019999999999997797,3.0000000000085514e-05,0.000167522784595421,-0.00037574180565491666,-0.0003394993950428513,-3.624241061206537e-05
10:21:55,0.64268,0.64268,0.64263,0.64268,0.0019296730020446073,67.33349479615836,4.999999999999449e-05,0.0,4.999999999999449e-05,0.00015185307998269746,-0.00037367459887949206,-0.00034633443581017946,-2.7340163069312603e-05
10:22:00,0.64268,0.64268,0.6425,0.6425,0.001809351148626348,67.40537822870051,0.000180000000000069,0.000180000000000069,0.0,0.00015560600265168034,-0.00038215556680332163,-0.0003534986620088079,-2.865690479451373e-05
10:22:05,0.64254,0.64267,0.64241,0.64265,0.001538721273651289,67.68054337489899,0.00025999999999992696,1.999999999990898e-05,0.00024000000000001798,0.00016952520229811323,-0.0003724793386318259,-0.00035729479733341156,-1.5184541298414358e-05
10:22:10,0.64265,0.64267,0.64258,0.64258,0.0013163202298320797,68.55582821444968,8.999999999992347e-05,8.999999999992347e-05,0.0,0.00015892184199168793,-0.0003662375149802166,-0.0003590833408627726,-7.154174117444034e-06
10:22:15,0.64258,0.64273,0.64258,0.64267,0.0011497752641254078,68.48891501356442,0.00014999999999998348,6.0000000000060005e-05,8.999999999992347e-05,0.0001577322630594607,-0.00034999406323066307,-0.0003572654853363507,7.2714221056876345e-06
10:22:20,0.64267,0.64267,0.64254,0.64254,0.001029622311998768,70.14371895186495,0.00012999999999996348,0.00012999999999996348,0.0,0.00015403462798486108,-0.0003436495461821565,-0.0003545422975055119,1.0892751323355395e-05
10:22:25,0.64254,0.64254,0.64243,0.64251,0.0010446273574313825,71.3762103006888,0.0001100000000000545,2.999999999997449e-05,8.000000000008001e-05,0.00014816334425355354,-0.00033715569896541897,-0.0003510649777974933,1.3909278832074338e-05
10:22:30,0.64237,0.64243,0.64229,0.64243,0.0010837964462704353,72.57353912834887,0.00013999999999991797,0.0,0.00013999999999991797,0.00015774156501974614,-0.0003346074631236373,-0.0003477734748627221,1.3166011739084804e-05
10:22:35,0.64243,0.6425,0.6424,0.6424,0.0010952509926727139,72.23690070574301,9.999999999998899e-05,9.999999999998899e-05,0.0,0.0001500426896837785,-0.00033119095398115306,-0.00034445697068640835,1.3266016705255294e-05
10:22:40,0.6424,0.64244,0.6422,0.6422,0.0011649260198354217,72.75703592862723,0.00024000000000001798,0.00024000000000001798,0.0,0.00016203699772594378,-0.0003406943618726732,-0.0003437044489236614,3.010087050988176e-06
10:22:45,0.64225,0.64241,0.64221,0.64241,0.0010788902681178048,73.19598965157748,0.000200000000000089,0.0,0.000200000000000089,0.00016843206469582375,-0.00032750535823355964,-0.00034046463078564107,1.2959272552081431e-05
10:22:50,0.64241,0.64241,0.64221,0.64225,0.0009959074149052949,72.8447488364045,0.000200000000000089,0.000160000000000049,4.0000000000040004e-05,0.00017264112273639246,-0.0003262033712431167,-0.0003376123788771362,1.1409007634019487e-05
10:22:55,0.64233,0.64246,0.64227,0.6423,0.0009489628688381657,71.38180397974675,0.00019000000000002348,0.000160000000000049,2.999999999997449e-05,0.00017762230637154595,-0.00031747727464093156,-0.0003335853580298953,1.6108083388963732e-05
10:23:00,0.6423,0.6423,0.6422,0.64225,0.0008793203117445358,70.1346140606777,9.999999999998899e-05,4.999999999999449e-05,4.999999999999449e-05,0.000167272665522005,-0.0003110112186177627,-0.0003290705301474688,1.805931152970607e-05
10:23:05,0.64225,0.6424,0.64225,0.64229,0.0008488530962829088,66.80950241707957,0.00014999999999998348,0.00010999999999994348,4.0000000000040004e-05,0.00016496964345240214,-0.00029921004972632836,-0.0003230984340632407,2.388838433691235e-05
10:23:10,0.64215,0.64215,0.64215,0.64215,0.0008332536102957366,63.98807276300232,0.0,0.0,0.0,0.0001616403576587524,-0.0002977224097148179,-0.0003180232291935562,2.030081947873829e-05
10:23:15,0.64215,0.64218,0.64201,0.64201,0.0008450873515233326,61.88562458481936,0.00017000000000000348,0.00017000000000000348,0.0,0.0001627549766375859,-0.0003043321229854179,-0.00031528500795192856,1.0952884966510662e-05
10:23:20,0.64201,0.64212,0.642,0.642,0.0009058290765464605,59.84124955168157,0.00012000000000000899,0.00012000000000000899,0.0,0.00015705431308590898,-0.00030684022172455805,-0.00031359605070645447,6.755828981896419e-06
10:23:25,0.64197,0.642,0.64186,0.64186,0.0009634390156996187,60.07957995680491,0.000140000000000029,0.000140000000000029,0.0,0.0001547804046744583,-0.00031647659285383156,-0.0003141721591359299,-2.3044337179016646e-06
10:23:30,0.64186,0.64204,0.64182,0.64195,0.0009929668463886099,60.09122348677871,0.000220000000000109,9.00000000000345e-05,0.0001300000000000745,0.0001634763507178784,-0.00031324039823599215,-0.00031398580695594236,7.454087199502122e-07
10:23:35,0.64195,0.64203,0.64195,0.64203,0.000970807585752631,59.841203826430494,7.999999999996898e-05,0.0,7.999999999996898e-05,0.00015234617062215717,-0.00030075346059266206,-0.00031133933768328633,1.0585877090624272e-05
10:23:40,0.64203,0.64207,0.64203,0.64204,0.000977765443904044,58.02292597175553,4.0000000000040004e-05,2.999999999997449e-05,1.0000000000065512e-05,0.00013736668120587487,-0.00028674513667725776,-0.0003064204974820806,1.9675360804822844e-05
10:23:45,0.64199,0.64199,0.64182,0.64182,0.000992135389811466,58.919848623968115,0.00017000000000000348,0.00017000000000000348,0.0,0.0001483844570451061,-0.0002900520608271062,-0.00030314681015108577,1.3094749323979554e-05
10:23:50,0.64182,0.6419,0.64182,0.64184,0.0009958968452881134,58.959997630690616,8.000000000008001e-05,6.0000000000060005e-05,2.0000000000020002e-05,0.00013926652943910264,-0.0002877420776300488,-0.00030006586364687837,1.2323786016829597e-05
10:23:55,0.64184,0.64192,0.64184,0.64189,0.0009261828852789034,58.50965787999848,8.000000000008001e-05,3.0000000000085514e-05,4.999999999999449e-05,0.00013136432551389963,-0.0002786645457505399,-0.0002957856000676107,1.7121054317070794e-05
10:24:00,0.64189,0.64197,0.64181,0.6419,0.0008799306193556511,56.76767419872885,0.000160000000000049,7.00000000000145e-05,9.00000000000345e-05,0.00013518241544538623,-0.00026757913421249224,-0.000290144306896587,2.2565172684094778e-05
10:24:05,0.6419,0.6419,0.64177,0.64179,0.0008508546787526772,56.59570785697931,0.0001300000000000745,0.0001100000000000545,2.0000000000020002e-05,0.00013449142671934466,-0.0002646195766347059,-0.0002850393608442108,2.041978420950488e-05
10:24:10,0.64179,0.64183,0.64161,0.64161,0.0008905090206934307,57.02624810998092,0.00021999999999999797,0.00021999999999999797,0.0,0.00014589256982343177,-0.0002736442015908169,-0.000282760328993532,9.116127402715099e-06
10:24:15,0.64161,0.64161,0.64146,0.64151,0.0009493709829708763,60.18141586629319,0.00014999999999998348,9.999999999998899e-05,4.999999999999449e-05,0.00014644022718030534,-0.0002855735322363495,-0.00028332296964209553,-2.25056259425398e-06
10:24:20,0.64151,0.64164,0.64151,0.6416,0.0009961187839460095,61.78153697700657,0.00012999999999996348,4.0000000000040004e-05,8.999999999992347e-05,0.0001442481968895931,-0.00028448598750285825,-0.0002835555732142481,-9.304142886101515e-07
10:24:25,0.6416,0.64174,0.6416,0.64167,0.0009424358138945266,60.455839831118624,0.000140000000000029,7.00000000000145e-05,7.00000000000145e-05,0.00014368177063765124,-0.00027480787140099494,-0.0002818060328515975,6.998161450602538e-06
10:24:30,0.64158,0.64177,0.64158,0.64177,0.0009056919426004839,58.529075323189495,0.00018999999999991246,0.0,0.00018999999999991246,0.0001498575345526194,-0.00025611638019418237,-0.00027666810232011445,2.0551722125932077e-05
10:24:35,0.64177,0.64177,0.64169,0.64173,0.0008424000800646425,55.88830965956351,7.999999999996898e-05,3.999999999992898e-05,4.0000000000040004e-05,0.00014054319661226605,-0.00024174422748013402,-0.0002696833273521184,2.793909987198437e-05
10:24:40,0.64173,0.64211,0.64173,0.64211,0.0007996077986960337,53.36225741127038,0.00037999999999993594,0.0,0.00037999999999993594,0.0001724707703972887,-0.00019741568358755401,-0.00025522979859920553,5.7814115011651515e-05
10:24:45,0.64224,0.64254,0.6422,0.64254,0.0009287818848522367,52.57289708913073,0.00034000000000000696,0.0,0.00034000000000000696,0.00020680800101098907,-0.00012613359724900075,-0.0002294105583291646,0.00010327696108016385
10:24:50,0.64254,0.64259,0.64243,0.64249,0.0010504415112588816,53.04345995411729,0.000160000000000049,9.999999999998899e-05,6.0000000000060005e-05,0.00020056693420953038,-7.28369928840733e-05,-0.00019809584524014637,0.00012525885235607306
10:24:55,0.64253,0.64273,0.64252,0.64273,0.0012813414024477332,52.733990326411856,0.00021000000000004349,0.0,0.00021000000000004349,0.00020582467631492874,-1.11050436765181e-05,-0.00016069768492742073,0.00014959264125090262
10:25:00,0.64273,0.64277,0.64272,0.64276,0.0014749900981445574,52.5330322323656,4.999999999999449e-05,9.99999999995449e-06,4.0000000000040004e-05,0.00018504805280627085,3.9780159191815656e-05,-0.00012060211610357346,0.00016038227529538912
10:25:05,0.64267,0.64267,0.64255,0.64255,0.0015539301617246704,50.71570389781499,0.00012000000000000899,0.00012000000000000899,0.0,0.00018837497909877387,6.24420114768709e-05,-8.399329058748458e-05,0.00014643530206435548
10:25:10,0.64257,0.64257,0.64248,0.64248,0.0016062561898764205,49.41993954132213,8.999999999992347e-05,8.999999999992347e-05,0.0,0.00017525831521892715,7.390138849239225e-05,-5.2414354771509225e-05,0.0001263157432639015
10:25:15,0.64248,0.64258,0.64245,0.64245,0.0016468099945170511,47.41949984757206,0.0001300000000000745,0.0001300000000000745,0.0,0.0001692238731897468,7.964418941919238e-05,-2.6002645933368905e-05,0.00010564683535256128
10:25:20,0.64245,0.64245,0.642,0.64208,0.00164670772025155,44.63594817555039,0.00044999999999995044,0.00036999999999998145,7.999999999996898e-05,0.00020666069009777396,5.3720239268861825e-05,-1.0058068892922758e-05,6.377830816178458e-05
10:25:25,0.64208,0.64218,0.64208,0.64214,0.0016312526669106653,40.775208225598455,9.999999999998899e-05,3.999999999992898e-05,6.0000000000060005e-05,0.00019243926475140264,3.758358044148036e-05,-5.297390260421341e-07,3.811331946752249e-05
10:25:30,0.64214,0.64214,0.64193,0.64193,0.0016219689140177795,38.4944858768972,0.00021000000000004349,0.00021000000000004349,0.0,0.0001947806961178881,7.760459360794947e-06,1.1283006513252822e-06,6.632158709469664e-06
10:25:35,0.64193,0.64198,0.64171,0.64171,0.001648112157699222,39.24404807287018,0.00026999999999999247,0.00026999999999999247,0.0,0.00020480993663550204,-3.324352962674748e-05,-5.7460654042892704e-06,-2.749746422245821e-05
10:25:40,0.64171,0.64171,0.64155,0.64168,0.0016795124606294731,41.11258282793401,0.000160000000000049,2.999999999997449e-05,0.0001300000000000745,0.00019883527841744162,-6.738348077506284e-05,-1.8073548478443986e-05,-4.930993229661886e-05
10:25:45,0.64168,0.6417,0.64164,0.64169,0.0016956799599165961,43.103015959572886,6.0000000000060005e-05,1.0000000000065512e-05,4.999999999999449e-05,0.00018032390796179074,-9.256568203641624e-05,-3.297197519003844e-05,-5.95937068463778e-05
10:25:50,0.64176,0.64181,0.64166,0.64166,0.0016850250662321375,43.60656416524275,0.00014999999999998348,0.00014999999999998348,0.0,0.0001762807202335498,-0.0001136336097250501,-4.910430209704078e-05,-6.452930762800932e-05
10:25:55,0.64166,0.64171,0.64165,0.64168,0.0016443267699766118,42.17189050397873,5.999999999994898e-05,2.999999999997449e-05,2.999999999997449e-05,0.00016077662420240302,-0.00012724940937014484,-6.47333235516616e-05,-6.251608581848324e-05
10:26:00,0.64168,0.64168,0.6414,0.64153,0.0016623585021346976,41.772428837520195,0.000280000000000058,0.00014999999999998348,0.0001300000000000745,0.000176673074308757,-0.00014843273491138564,-8.14732058236064e-05,-6.695952908777924e-05
10:26:05,0.64153,0.64157,0.64147,0.64157,0.0016848251510528378,40.66439754619753,9.999999999998899e-05,0.0,9.999999999998899e-05,0.0001664499977342546,-0.00016014693315691275,-9.720795129026768e-05,-6.293898186664508e-05
10:26:10,0.64162,0.64183,0.64162,0.64183,0.0016768441537411416,36.341741862504776,0.00021000000000004349,0.0,0.00021000000000004349,0.00017892333136969242,-0.00014675894678906065,-0.00010711815039002628,-3.964079639903437e-05
10:26:15,0.64183,0.64214,0.64179,0.642,0.0016482960899502075,35.35164503171204,0.0003500000000000725,0.000140000000000029,0.00021000000000004349,0.0002017335538537431,-0.00012103606348901064,-0.00010990173300982316,-1.1134330479187478e-05
10:26:20,0.642,0.642,0.64191,0.64198,0.0016504366248897284,36.41677202094023,9.00000000000345e-05,2.0000000000020002e-05,7.00000000000145e-05,0.00018683574667324862,-0.00010109892057896808,-0.00010814117052365216,7.042249944684082e-06
10:26:25,0.64198,0.64198,0.64186,0.64189,0.0015974334678972024,37.15819657776972,0.00012000000000000899,9.00000000000345e-05,2.999999999997449e-05,0.00017792431378348334,-9.150601464547048e-05,-0.00010481413934801584,1.3308124702545357e-05
10:26:30,0.64191,0.64199,0.64184,0.64198,0.001540985330761746,37.33113645488794,0.00014999999999998348,9.99999999995449e-06,0.000140000000000029,0.00017420107194568337,-7.576791438834718e-05,-9.900489435608212e-05,2.3236979967734936e-05
10:26:35,0.64205,0.64228,0.64202,0.64221,0.0014020135895964625,39.6504815830974,0.00025999999999992696,7.00000000000145e-05,0.00018999999999991246,0.00019097426235292118,-4.4226463595475884e-05,-8.804920820396088e-05,4.382274460848499e-05
10:26:40,0.64221,0.64228,0.64218,0.64228,0.0012359117666276287,41.05356380030836,9.999999999998899e-05,0.0,9.999999999998899e-05,0.00017884436070586356,-1.3426449856579481e-05,-7.31246565344846e-05,5.969820667790512e-05
10:26:45,0.64228,0.6423,0.6422,0.6423,0.0011539424413924415,41.530565294044855,9.999999999998899e-05,0.0,9.999999999998899e-05,0.0001683317792784136,1.2453064609618814e-05,-5.600911230566392e-05,6.846217691528273e-05
10:26:50,0.6423,0.64231,0.64226,0.64227,0.0010865764681813328,41.48701416170314,4.999999999999449e-05,4.0000000000040004e-05,9.99999999995449e-06,0.00015255420870795774,3.0193959822621963e-05,-3.8768497880006746e-05,6.896245770262871e-05
10:26:55,0.6423,0.64231,0.64221,0.64221,0.0010108381098692387,40.357228369288734,0.00010000000000010001,0.00010000000000010001,0.0,0.00014554698088024338,3.8963106102740674e-05,-2.322217708345726e-05,6.218528318619794e-05
