time,open,high,low,close
05:59:15,0.64227,0.64227,0.64227,0.64227
05:59:20,0.64224,0.64245,0.64224,0.64245
05:59:25,0.64248,0.64248,0.64241,0.64248
05:59:30,0.64242,0.64266,0.64232,0.64262
05:59:35,0.64258,0.64287,0.64258,0.64287
05:59:40,0.64287,0.64322,0.64287,0.64314
05:59:45,0.64329,0.64329,0.64314,0.64317
05:59:50,0.64317,0.64321,0.64294,0.64299
05:59:55,0.64302,0.64304,0.64276,0.64276
06:00:00,0.64276,0.64291,0.64276,0.64287
06:00:05,0.64287,0.64297,0.64287,0.64295
06:00:10,0.643,0.64304,0.64289,0.64304
06:00:15,0.64304,0.64306,0.64279,0.64279
06:00:20,0.64279,0.64294,0.64275,0.64294
06:00:25,0.64294,0.64294,0.6428,0.64283
06:00:30,0.64283,0.64288,0.64279,0.64286
06:00:35,0.64292,0.64301,0.64292,0.643
06:00:40,0.643,0.64307,0.643,0.643
06:00:45,0.643,0.64353,0.643,0.64347
06:00:50,0.64342,0.64343,0.6432,0.6432
06:00:55,0.64316,0.64316,0.64309,0.64309
06:01:00,0.64309,0.64335,0.64305,0.64335
06:01:05,0.64335,0.64335,0.64314,0.64314
06:01:10,0.64311,0.64311,0.64297,0.64302
06:01:15,0.64302,0.64325,0.64302,0.64325
06:01:20,0.64325,0.64325,0.64297,0.64297
06:01:25,0.64297,0.64304,0.64291,0.64291
06:01:30,0.64291,0.64292,0.64288,0.64292
06:01:35,0.64292,0.64298,0.64288,0.64288
06:01:40,0.64288,0.64297,0.64288,0.64297
06:01:45,0.64297,0.64313,0.64297,0.643
06:01:50,0.643,0.643,0.64288,0.64292
06:01:55,0.64292,0.64294,0.64283,0.64283
06:02:00,0.64283,0.64283,0.64253,0.64259
06:02:05,0.64259,0.64272,0.64259,0.64268
06:02:10,0.64268,0.64268,0.64246,0.6425
06:02:15,0.6425,0.64253,0.64237,0.64237
06:02:20,0.64237,0.64237,0.64212,0.64214
06:02:25,0.64214,0.64217,0.64208,0.64208
06:02:30,0.64212,0.64241,0.64212,0.64231
06:02:35,0.64231,0.64231,0.64204,0.64204
06:02:40,0.64207,0.64231,0.64207,0.64231
06:02:45,0.64228,0.64231,0.64214,0.64214
06:02:50,0.64206,0.64219,0.64206,0.64219
06:02:55,0.64222,0.64229,0.64222,0.64226
06:03:00,0.64224,0.64244,0.6422,0.64244
06:03:05,0.64244,0.64259,0.64243,0.64243
06:03:10,0.64246,0.64246,0.64225,0.64229
06:03:15,0.64225,0.64226,0.64218,0.64224
06:03:20,0.64228,0.64228,0.64192,0.64192
06:03:25,0.64192,0.64192,0.64181,0.64185
06:03:30,0.64178,0.64186,0.64172,0.64172
06:03:35,0.64177,0.6419,0.64177,0.64188
06:03:40,0.64188,0.64194,0.64183,0.64183
06:03:45,0.64183,0.64215,0.64183,0.64215
06:03:50,0.64215,0.64215,0.64205,0.64207
06:03:55,0.64201,0.64222,0.64201,0.64222
06:04:00,0.6423,0.6423,0.64215,0.64215
06:04:05,0.64215,0.64232,0.64204,0.64232
06:04:10,0.64225,0.64225,0.642,0.642
06:04:15,0.642,0.642,0.64184,0.64184
06:04:20,0.64187,0.64187,0.64172,0.64172
06:04:25,0.64169,0.64201,0.64169,0.64201
06:04:30,0.64201,0.64208,0.64201,0.64208
06:04:35,0.64208,0.6421,0.642,0.64208
06:04:40,0.64208,0.64226,0.64205,0.64222
06:04:45,0.64226,0.64226,0.64216,0.64216
06:04:50,0.64216,0.6424,0.64216,0.6424
06:04:55,0.6424,0.64247,0.64232,0.64236
06:05:00,0.64233,0.64244,0.64233,0.64244
06:05:05,0.64228,0.64245,0.64228,0.64241
06:05:10,0.64241,0.64241,0.64233,0.64233
06:05:15,0.64233,0.64236,0.64224,0.64224
06:05:20,0.64227,0.64227,0.64216,0.64223
06:05:25,0.64223,0.64223,0.64201,0.64201
06:05:30,0.64203,0.64215,0.64203,0.64215
06:05:35,0.64215,0.64227,0.64215,0.64227
06:05:40,0.64229,0.64232,0.64217,0.64217
06:05:45,0.64212,0.64222,0.64212,0.64213
06:05:50,0.64213,0.6424,0.64213,0.6424
06:05:55,0.6424,0.6424,0.64226,0.64226
06:06:00,0.64223,0.64227,0.64221,0.64221
06:06:05,0.64221,0.64221,0.64209,0.64212
06:06:10,0.64212,0.64212,0.64207,0.64207
06:06:15,0.64187,0.64192,0.64185,0.64188
06:06:20,0.64193,0.64196,0.6418,0.6418
06:06:25,0.6418,0.64187,0.64163,0.64187
06:06:30,0.64187,0.64201,0.64183,0.64201
06:06:35,0.64197,0.64203,0.64197,0.64199
06:06:40,0.64194,0.64195,0.64156,0.64163
06:06:45,0.64163,0.64184,0.64163,0.64176
06:06:50,0.64176,0.64184,0.64171,0.64184
06:06:55,0.64181,0.64181,0.64157,0.64161
06:07:00,0.64157,0.64157,0.64123,0.64123
06:07:05,0.64123,0.64123,0.64076,0.64076
06:07:10,0.64076,0.64084,0.64036,0.64036
06:07:15,0.64036,0.64036,0.64015,0.64015
06:07:20,0.64015,0.64045,0.64012,0.64044
06:07:25,0.64044,0.64051,0.64038,0.64051
06:07:30,0.64051,0.64052,0.64031,0.64036
06:07:35,0.64036,0.64036,0.64005,0.64007
06:07:40,0.6401,0.64012,0.64002,0.64008
06:07:45,0.64008,0.6401,0.64004,0.64007
06:07:50,0.64007,0.64007,0.63995,0.63998
06:07:55,0.63998,0.64019,0.63998,0.64019
06:08:00,0.64028,0.64064,0.64028,0.64045
06:08:05,0.64045,0.6405,0.64029,0.64029
06:08:10,0.64029,0.64029,0.64018,0.64018
06:08:15,0.6402,0.64022,0.63997,0.64004
06:08:20,0.64,0.64005,0.63988,0.63991
06:08:25,0.63986,0.63986,0.63976,0.63976
06:08:30,0.63967,0.63979,0.63967,0.63974
06:08:35,0.63974,0.63974,0.63946,0.63946
06:08:40,0.63942,0.63942,0.63928,0.6394
06:08:45,0.6394,0.6394,0.63924,0.6393
06:08:50,0.6393,0.63935,0.6393,0.63931
06:08:55,0.63931,0.63931,0.6391,0.6391
06:09:00,0.63908,0.63912,0.63905,0.63909
06:09:05,0.63909,0.63919,0.63901,0.63904
06:09:10,0.63907,0.63921,0.63904,0.63921
06:09:15,0.63921,0.63923,0.63906,0.63906
06:09:20,0.63916,0.63916,0.63886,0.63886
06:09:25,0.63891,0.63898,0.6389,0.6389
06:09:30,0.6389,0.6391,0.6389,0.6391
06:09:35,0.6391,0.63918,0.63907,0.63918
06:09:40,0.63922,0.63949,0.63922,0.63934
06:09:45,0.63934,0.63941,0.63922,0.63926
06:09:50,0.6393,0.6393,0.63918,0.63922
06:09:55,0.63922,0.63922,0.63917,0.63917
06:10:00,0.63917,0.63926,0.63913,0.63926
06:10:05,0.63926,0.63926,0.63914,0.63919
06:10:10,0.63916,0.63929,0.63908,0.63929
06:10:15,0.63929,0.63929,0.63926,0.63929
06:10:20,0.63929,0.63948,0.63926,0.63948
06:10:25,0.63945,0.63955,0.63942,0.63945
06:10:30,0.63964,0.63973,0.63964,0.63971
06:10:35,0.63971,0.63984,0.63967,0.63984
06:10:40,0.63981,0.64017,0.63981,0.64003
06:10:45,0.64003,0.64003,0.63975,0.63993
06:10:50,0.63983,0.63983,0.63963,0.63967
06:10:55,0.63967,0.63973,0.63962,0.63969
06:11:00,0.63969,0.63973,0.63961,0.63961
06:11:05,0.63965,0.63973,0.63962,0.63963
06:11:10,0.6396,0.6396,0.63946,0.63946
06:11:15,0.63946,0.6395,0.63931,0.63931
06:11:20,0.63931,0.63951,0.63931,0.63951
06:11:25,0.63951,0.63952,0.63938,0.63946
06:11:30,0.63946,0.63954,0.63946,0.63954
06:11:35,0.63954,0.63957,0.63944,0.63944
06:11:40,0.6395,0.6396,0.6394,0.63944
06:11:45,0.63931,0.63931,0.63931,0.63931
06:11:50,0.63926,0.63941,0.63926,0.63935
06:11:55,0.63935,0.63944,0.63926,0.63926
06:12:00,0.63923,0.63938,0.63923,0.63923
06:12:05,0.63923,0.63943,0.63923,0.63943
06:12:10,0.63943,0.63951,0.6394,0.6394
06:12:15,0.6394,0.63948,0.63937,0.63937
06:12:20,0.63934,0.63944,0.63934,0.63944
06:12:25,0.63939,0.63945,0.63939,0.63945
06:12:30,0.63945,0.63945,0.63937,0.63943
06:12:35,0.63943,0.63943,0.63919,0.63923
06:12:40,0.63923,0.63923,0.63912,0.63912
06:12:45,0.63912,0.63942,0.63912,0.63934
06:12:50,0.63934,0.63934,0.63917,0.63917
06:12:55,0.63917,0.63948,0.63913,0.63941
06:13:00,0.63941,0.63955,0.63932,0.63955
06:13:05,0.63955,0.63956,0.63946,0.63946
06:13:10,0.63946,0.63971,0.63933,0.63971
06:13:15,0.63971,0.63982,0.63966,0.63977
06:13:20,0.63977,0.63987,0.63974,0.63986
06:13:25,0.63955,0.63968,0.63955,0.63968
06:13:30,0.63968,0.63968,0.63948,0.63951
06:13:35,0.63951,0.63954,0.63948,0.63954
06:13:40,0.63951,0.63953,0.63946,0.63946
06:13:45,0.63946,0.63946,0.63941,0.63941
06:13:50,0.63945,0.63963,0.63943,0.63963
06:13:55,0.63963,0.63966,0.63947,0.63947
06:14:00,0.63944,0.63944,0.63927,0.63927
06:14:05,0.63932,0.63958,0.6393,0.63958
06:14:10,0.63958,0.6399,0.63958,0.6399
06:14:15,0.63998,0.64004,0.63993,0.63993
06:14:20,0.63996,0.63996,0.63989,0.63989
06:14:25,0.63989,0.63998,0.63979,0.63979
06:14:30,0.63975,0.63978,0.6397,0.63978
06:14:35,0.63978,0.63987,0.63974,0.63987
06:14:40,0.63987,0.6399,0.63967,0.63968
06:14:45,0.63959,0.6396,0.63951,0.6396
06:14:50,0.6396,0.63963,0.63953,0.63957
06:14:55,0.63957,0.63967,0.63954,0.63964
06:15:00,0.63964,0.63977,0.63964,0.63977
06:15:05,0.63977,0.63977,0.63957,0.63961
06:15:10,0.63961,0.63965,0.63961,0.63963
06:15:15,0.63963,0.63963,0.63944,0.6396
06:15:20,0.6396,0.63966,0.63954,0.63963
06:15:25,0.63963,0.63977,0.63963,0.63974
06:15:30,0.63963,0.63979,0.63963,0.63979
06:15:35,0.63986,0.63994,0.63986,0.63994
06:15:40,0.63994,0.63994,0.63972,0.63972
06:15:45,0.63974,0.63974,0.63957,0.63962
06:15:50,0.63962,0.63986,0.63962,0.63986
06:15:55,0.63973,0.63976,0.6395,0.6395
06:16:00,0.6395,0.63953,0.63947,0.63947
06:16:05,0.63944,0.6395,0.63926,0.63932
06:16:10,0.63924,0.63939,0.63924,0.63937
06:16:15,0.63937,0.63942,0.63934,0.63942
06:16:20,0.63942,0.63942,0.63935,0.63937
06:16:25,0.63937,0.63937,0.63925,0.63925
06:16:30,0.6393,0.6393,0.63923,0.63923
06:16:35,0.63923,0.63923,0.63907,0.63907
06:16:40,0.63907,0.63909,0.63903,0.63907
06:16:45,0.63901,0.63909,0.63897,0.63906
06:16:50,0.63899,0.63899,0.63888,0.63888
06:16:55,0.63884,0.63888,0.63881,0.63888
06:17:00,0.63888,0.63899,0.63888,0.63894
06:17:05,0.63894,0.63897,0.63873,0.63873
06:17:10,0.63873,0.63873,0.6387,0.6387
06:17:15,0.63862,0.63909,0.63862,0.63895
06:17:20,0.63895,0.63896,0.63888,0.63891
06:17:25,0.63891,0.63891,0.63849,0.63849
06:17:30,0.63849,0.63859,0.63845,0.63859
06:17:35,0.63867,0.63867,0.63854,0.63854
06:17:40,0.63854,0.63856,0.63831,0.63831
06:17:45,0.63831,0.63835,0.63829,0.63831
06:17:50,0.63831,0.6385,0.63831,0.6385
06:17:55,0.63872,0.63878,0.63872,0.63878
06:18:00,0.63878,0.63878,0.63851,0.63853
06:18:05,0.63853,0.63869,0.63851,0.63864
06:18:10,0.63864,0.63864,0.63854,0.63854
06:18:15,0.63854,0.63869,0.63852,0.63852
06:18:20,0.63867,0.6387,0.63862,0.63862
06:18:25,0.63862,0.63866,0.63855,0.63866
06:18:30,0.63866,0.63886,0.63866,0.63886
06:18:35,0.63886,0.63889,0.63876,0.63876
06:18:40,0.63876,0.63876,0.63864,0.63867
06:18:45,0.63867,0.63867,0.6384,0.63855
06:18:50,0.63855,0.63868,0.63855,0.63868
06:18:55,0.63868,0.63902,0.63868,0.63894
06:19:00,0.63894,0.63908,0.63894,0.63905
06:19:05,0.6391,0.6391,0.63899,0.63901
06:19:10,0.63904,0.63904,0.63892,0.63892
06:19:15,0.63892,0.63928,0.63889,0.63928
06:19:20,0.63928,0.6393,0.63912,0.63912
06:19:25,0.63912,0.63912,0.63908,0.63908
06:19:30,0.63908,0.63912,0.63905,0.63912
06:19:35,0.63908,0.63908,0.63883,0.63883
06:19:40,0.63883,0.63883,0.63874,0.63876
06:19:45,0.63858,0.63879,0.63855,0.63876
06:19:50,0.63881,0.63883,0.63871,0.63871
06:19:55,0.63871,0.63875,0.63864,0.63875
06:20:00,0.63878,0.63887,0.63878,0.63879
06:20:05,0.63879,0.63883,0.63866,0.63866
06:20:10,0.63866,0.63875,0.63855,0.63855
06:20:15,0.63855,0.6387,0.63841,0.6387
06:20:20,0.63866,0.63878,0.63844,0.63844
06:20:25,0.63844,0.63856,0.63842,0.63848
06:20:30,0.63848,0.63859,0.63848,0.63859
06:20:35,0.63859,0.63876,0.63859,0.63876
06:20:40,0.63876,0.63897,0.63876,0.63897
06:20:45,0.63897,0.63904,0.63897,0.63899
06:20:50,0.63902,0.63912,0.63899,0.63912
06:20:55,0.63904,0.63904,0.6387,0.63873
06:21:00,0.63873,0.63902,0.63873,0.63897
06:21:05,0.63897,0.63897,0.63888,0.63891
06:21:10,0.63894,0.63894,0.63873,0.63877
06:21:15,0.63877,0.63881,0.63874,0.63878
06:21:20,0.63878,0.63889,0.63873,0.63873
06:21:25,0.63873,0.63879,0.63865,0.63876
06:21:30,0.63876,0.63892,0.63876,0.63892
06:21:35,0.6389,0.63903,0.6389,0.639
06:21:40,0.63903,0.63903,0.63886,0.63886
06:21:45,0.63886,0.63894,0.63878,0.63878
06:21:50,0.63878,0.63898,0.63872,0.63898
06:21:55,0.63896,0.63896,0.63879,0.63882
06:22:00,0.63882,0.63904,0.63882,0.639
06:22:05,0.639,0.63905,0.63896,0.63897
06:22:10,0.63897,0.63904,0.63897,0.63899
06:22:15,0.63895,0.63895,0.63856,0.63861
06:22:20,0.63861,0.63898,0.63861,0.63898
06:22:25,0.63898,0.63898,0.6389,0.6389
06:22:30,0.6389,0.63892,0.63885,0.63892
06:22:35,0.63889,0.63889,0.63873,0.63878
06:22:40,0.63878,0.63891,0.63873,0.63891
06:22:45,0.63891,0.63898,0.63888,0.63894
06:22:50,0.63894,0.63914,0.63891,0.6391
06:22:55,0.63906,0.63911,0.63903,0.63911
06:23:00,0.63907,0.63907,0.63884,0.63888
06:23:05,0.63888,0.63888,0.63863,0.63863
06:23:10,0.63863,0.63869,0.63844,0.63869
06:23:15,0.63875,0.63903,0.63875,0.63903
06:23:20,0.63905,0.63928,0.63898,0.63928
06:23:25,0.63928,0.63941,0.63924,0.63941
06:23:30,0.63941,0.6395,0.63929,0.63933
06:23:35,0.63933,0.63976,0.63933,0.63976
06:23:40,0.63972,0.6398,0.63972,0.63974
06:23:45,0.63974,0.63978,0.63966,0.63966
06:23:50,0.63966,0.63997,0.63963,0.63997
06:23:55,0.63993,0.63993,0.63979,0.6399
06:24:00,0.6399,0.63999,0.63974,0.63983
06:24:05,0.63983,0.63983,0.63952,0.63952
06:24:10,0.63952,0.63962,0.63947,0.63947
06:24:15,0.63947,0.63949,0.63931,0.63946
06:24:20,0.63946,0.63977,0.63946,0.63977
06:24:25,0.63977,0.63977,0.63938,0.63938
06:24:30,0.63938,0.63942,0.63932,0.63937
06:24:35,0.63937,0.63937,0.6392,0.6392
06:24:40,0.6392,0.63929,0.63891,0.63891
06:24:45,0.63891,0.63913,0.63888,0.63913
06:24:50,0.63913,0.63913,0.63907,0.6391
06:24:55,0.6391,0.63919,0.63905,0.63919
06:25:00,0.63919,0.63934,0.63919,0.63934
06:25:05,0.63934,0.63939,0.6393,0.6393
06:25:10,0.6393,0.63939,0.63928,0.63935
06:25:15,0.63935,0.63945,0.63928,0.63945
06:25:20,0.63962,0.63965,0.6395,0.63955
06:25:25,0.63955,0.63955,0.63944,0.63947
06:25:30,0.6395,0.63951,0.63944,0.63951
06:25:35,0.63951,0.63951,0.63948,0.63948
06:25:40,0.63943,0.63982,0.6394,0.63982
06:25:45,0.63979,0.63985,0.63967,0.63985
06:25:50,0.63994,0.64005,0.63988,0.63995
06:25:55,0.63991,0.63994,0.63991,0.63991
06:26:00,0.64005,0.64005,0.63996,0.63996
06:26:05,0.64011,0.64011,0.63988,0.63988
06:26:10,0.63988,0.63999,0.63972,0.63972
06:26:15,0.63972,0.64007,0.63972,0.64007
06:26:20,0.64003,0.64003,0.63977,0.6398
06:26:25,0.6398,0.63983,0.63975,0.63978
06:26:30,0.63978,0.63978,0.63964,0.63964
06:26:35,0.63964,0.6398,0.63964,0.63967
06:26:40,0.63967,0.63977,0.63967,0.63977
06:26:45,0.63977,0.63977,0.63937,0.63945
06:26:50,0.63945,0.63956,0.63945,0.63956
06:26:55,0.63956,0.63967,0.63956,0.63967
06:27:00,0.6397,0.63972,0.63967,0.63969
06:27:05,0.63971,0.63972,0.63968,0.6397
06:27:10,0.6397,0.6397,0.63962,0.63962
06:27:15,0.63962,0.63977,0.63962,0.63977
06:27:20,0.63988,0.63993,0.63987,0.63991
06:27:25,0.63994,0.63994,0.63971,0.63979
06:27:30,0.63979,0.6398,0.63958,0.63979
06:27:35,0.63979,0.63993,0.63971,0.63993
06:27:40,0.63999,0.64019,0.63999,0.64019
06:27:45,0.64019,0.64019,0.64008,0.64013
06:27:50,0.6401,0.64015,0.6401,0.64013
06:27:55,0.64013,0.64016,0.64007,0.64016
06:28:00,0.6402,0.64028,0.6402,0.64023
06:28:05,0.64023,0.64054,0.64023,0.6405
06:28:10,0.64055,0.64057,0.64045,0.64048
06:28:15,0.64048,0.64073,0.64046,0.64073
06:28:20,0.6405,0.6406,0.64042,0.6406
06:28:25,0.6406,0.6406,0.64044,0.64044
06:28:30,0.64029,0.64033,0.64014,0.64014
06:28:35,0.64014,0.64025,0.64014,0.64018
06:28:40,0.64014,0.64017,0.64009,0.64009
06:28:45,0.64009,0.64026,0.64005,0.64023
06:28:50,0.64023,0.64023,0.64008,0.64012
06:28:55,0.64012,0.64023,0.63999,0.63999
06:29:00,0.64004,0.64007,0.64,0.64006
06:29:05,0.64006,0.64049,0.64006,0.64045
06:29:10,0.64045,0.64051,0.64042,0.64051
06:29:15,0.64051,0.64078,0.64042,0.64075
06:29:20,0.64075,0.64094,0.64075,0.64089
06:29:25,0.64089,0.64089,0.64075,0.64078
06:29:30,0.64078,0.64086,0.64071,0.64082
06:29:35,0.64082,0.64095,0.64074,0.6409
06:29:40,0.64082,0.64082,0.6407,0.6407
06:29:45,0.64063,0.64067,0.64048,0.64067
06:29:50,0.64067,0.64067,0.64052,0.64052
06:29:55,0.64052,0.64055,0.64047,0.64055
06:30:00,0.64055,0.64063,0.64055,0.64063
06:30:05,0.64063,0.64063,0.64056,0.6406
06:30:10,0.6406,0.64074,0.64055,0.6407
06:30:15,0.6407,0.64076,0.64056,0.64056
06:30:20,0.64056,0.64058,0.64024,0.64024
06:30:25,0.64024,0.64027,0.64024,0.64027
06:30:30,0.64024,0.6403,0.64022,0.64022
06:30:35,0.64022,0.64024,0.64009,0.64016
06:30:40,0.6402,0.64025,0.64016,0.64016
06:30:45,0.6402,0.64032,0.6402,0.64032
06:30:50,0.64032,0.64032,0.6402,0.6402
06:30:55,0.64015,0.64019,0.64015,0.64019
06:31:00,0.64019,0.64019,0.63999,0.64004
06:31:05,0.64004,0.64004,0.63996,0.64002
06:31:10,0.64002,0.64008,0.63999,0.64
06:31:15,0.64003,0.64003,0.63975,0.63975
06:31:20,0.63975,0.63983,0.63975,0.63979
06:31:25,0.63979,0.64015,0.63979,0.64015
06:31:30,0.64015,0.64024,0.64015,0.64024
06:31:35,0.64024,0.64024,0.64021,0.64021
06:31:40,0.64021,0.64032,0.64015,0.64026
06:31:45,0.64031,0.64031,0.6401,0.64018
06:31:50,0.64015,0.64019,0.64012,0.64019
06:31:55,0.64019,0.64022,0.64014,0.64022
06:32:00,0.64022,0.64025,0.64014,0.64014
06:32:05,0.6401,0.6401,0.64004,0.64004
06:32:10,0.63999,0.64009,0.63992,0.63992
06:32:15,0.63989,0.63989,0.63976,0.63979
06:32:20,0.63979,0.63979,0.63961,0.63966
06:32:25,0.63961,0.63966,0.63946,0.6396
06:32:30,0.63962,0.63965,0.63952,0.63956
06:32:35,0.63953,0.63985,0.63953,0.63985
06:32:40,0.63985,0.63986,0.6398,0.63983
06:32:45,0.63979,0.63988,0.63979,0.63984
06:32:50,0.63988,0.63992,0.63974,0.63974
06:32:55,0.63974,0.6398,0.63969,0.63973
06:33:00,0.63973,0.64005,0.63969,0.64005
06:33:05,0.64002,0.64002,0.63993,0.63996
06:33:10,0.63992,0.63999,0.6398,0.6398
06:33:15,0.63983,0.64007,0.63983,0.64001
06:33:20,0.64001,0.64001,0.63984,0.63984
06:33:25,0.63984,0.63997,0.63973,0.63997
06:33:30,0.63997,0.64011,0.63997,0.64007
06:33:35,0.64,0.64001,0.63995,0.64001
06:33:40,0.64001,0.64009,0.63996,0.64009
06:33:45,0.64013,0.64034,0.64013,0.6403
06:33:50,0.6403,0.6405,0.64027,0.6405
06:33:55,0.64046,0.64046,0.64032,0.64039
06:34:00,0.64039,0.64041,0.64031,0.64031
06:34:05,0.64035,0.64038,0.64018,0.64025
06:34:10,0.64025,0.64057,0.64025,0.64057
06:34:15,0.64057,0.64062,0.64053,0.64056
06:34:20,0.64056,0.641,0.64052,0.641
06:34:25,0.641,0.641,0.64093,0.64093
06:34:30,0.64089,0.64097,0.64087,0.64094
06:34:35,0.64094,0.64094,0.64072,0.64086
06:34:40,0.64086,0.64101,0.64086,0.64095
06:34:45,0.64098,0.64106,0.64098,0.64106
06:34:50,0.64119,0.64134,0.64119,0.64127
06:34:55,0.64127,0.64127,0.64109,0.64112
06:35:00,0.64112,0.64119,0.64097,0.64119
06:35:05,0.64119,0.64119,0.64111,0.64115
06:35:10,0.64115,0.64118,0.64115,0.64118
06:35:15,0.64118,0.64119,0.64068,0.64068
06:35:20,0.64068,0.64086,0.64066,0.64086
06:35:25,0.64086,0.64091,0.64084,0.64084
06:35:30,0.64084,0.64118,0.64082,0.64118
06:35:35,0.64118,0.64118,0.64092,0.64094
06:35:40,0.64094,0.64107,0.64094,0.64107
06:35:45,0.64107,0.64122,0.64107,0.64122
06:35:50,0.64119,0.64119,0.6411,0.64119
06:35:55,0.64119,0.6413,0.64119,0.64122
06:36:00,0.64122,0.64137,0.64122,0.64134
06:36:05,0.64134,0.64134,0.64132,0.64134
06:36:10,0.64131,0.64151,0.64126,0.64151
06:36:15,0.64155,0.64171,0.64155,0.64165
06:36:20,0.64165,0.64169,0.64153,0.64153
06:36:25,0.64143,0.64143,0.64113,0.64117
06:36:30,0.64125,0.64125,0.64117,0.64123
06:36:35,0.64123,0.64123,0.64114,0.6412
06:36:40,0.6412,0.64128,0.6412,0.64126
06:36:45,0.64126,0.64135,0.64126,0.64129
06:36:50,0.64122,0.64123,0.64119,0.64123
06:36:55,0.64123,0.64127,0.64104,0.64118
06:37:00,0.64126,0.64126,0.6411,0.64114
06:37:05,0.64114,0.64115,0.64102,0.64115
06:37:10,0.6411,0.6411,0.64096,0.64105
06:37:15,0.64105,0.64105,0.6409,0.64098
06:37:20,0.64101,0.64113,0.64101,0.64113
06:37:25,0.64113,0.64138,0.64113,0.64128
06:37:30,0.64128,0.64133,0.64104,0.64104
06:37:35,0.64104,0.64104,0.64083,0.64083
06:37:40,0.64083,0.6409,0.64065,0.64069
06:37:45,0.64076,0.64084,0.64074,0.64074
06:37:50,0.6407,0.6407,0.64056,0.64056
06:37:55,0.64056,0.64069,0.64056,0.64069
06:38:00,0.64078,0.64078,0.64064,0.64064
06:38:05,0.64064,0.64076,0.64059,0.64076
06:38:10,0.64084,0.64116,0.64084,0.64116
06:38:15,0.64118,0.64126,0.64114,0.64118
06:38:20,0.64118,0.64118,0.64077,0.64096
06:38:25,0.64096,0.64113,0.64096,0.64102
06:38:30,0.64102,0.64127,0.64099,0.64124
06:38:35,0.64124,0.64131,0.64124,0.64131
06:38:40,0.64131,0.64131,0.64108,0.64125
06:38:45,0.64125,0.64141,0.64117,0.64122
06:38:50,0.64122,0.64122,0.64112,0.64112
06:38:55,0.64108,0.6411,0.64104,0.64108
06:39:00,0.64104,0.64137,0.64099,0.64127
06:39:05,0.64127,0.64128,0.64113,0.64113
06:39:10,0.64116,0.64123,0.64111,0.64119
06:39:15,0.64114,0.64135,0.64114,0.64135
06:39:20,0.64138,0.64156,0.64131,0.64153
06:39:25,0.64153,0.64183,0.64153,0.64183
06:39:30,0.6418,0.6418,0.64163,0.64163
06:39:35,0.64163,0.64164,0.64152,0.64152
06:39:40,0.64148,0.64153,0.64148,0.6415
06:39:45,0.6415,0.64158,0.64144,0.64158
06:39:50,0.64158,0.64158,0.64152,0.64155
06:39:55,0.64155,0.64161,0.64151,0.64161
06:40:00,0.64161,0.64175,0.64161,0.64162
06:40:05,0.64162,0.64162,0.64152,0.64152
06:40:10,0.64152,0.64152,0.64136,0.64136
06:40:15,0.64136,0.64136,0.64116,0.64116
06:40:20,0.64116,0.64122,0.64116,0.64117
06:40:25,0.64117,0.64128,0.64107,0.6412
06:40:30,0.6412,0.64132,0.64116,0.64132
06:40:35,0.64132,0.64141,0.64128,0.64141
06:40:40,0.64141,0.64141,0.64123,0.64131
06:40:45,0.64131,0.64131,0.641,0.64106
06:40:50,0.64106,0.64106,0.6409,0.6409
06:40:55,0.6409,0.64096,0.64077,0.64077
06:41:00,0.64079,0.64079,0.6407,0.64073
06:41:05,0.64073,0.64073,0.64063,0.64066
06:41:10,0.64066,0.6407,0.6406,0.64064
06:41:15,0.64064,0.6408,0.6406,0.6408
06:41:20,0.6408,0.6408,0.64067,0.64074
06:41:25,0.64072,0.64083,0.64068,0.64081
06:41:30,0.64084,0.64094,0.64079,0.64085
06:41:35,0.64085,0.64092,0.64067,0.64077
06:41:40,0.64077,0.64091,0.64077,0.6409
06:41:45,0.64095,0.64114,0.64091,0.64114
06:41:50,0.64114,0.64125,0.64114,0.64125
06:41:55,0.64128,0.64134,0.64118,0.64134
06:42:00,0.64134,0.64134,0.64121,0.64121
06:42:05,0.64117,0.64122,0.64112,0.64112
06:42:10,0.64116,0.64116,0.64109,0.64113
06:42:15,0.64119,0.64119,0.64091,0.64091
06:42:20,0.64091,0.64097,0.64091,0.64097
06:42:25,0.64097,0.64102,0.6408,0.64083
06:42:30,0.64083,0.64096,0.64083,0.64086
06:42:35,0.64082,0.64082,0.64062,0.64065
06:42:40,0.64065,0.64065,0.64051,0.64051
06:42:45,0.64051,0.64055,0.64047,0.64047
06:42:50,0.64047,0.64053,0.64037,0.6404
06:42:55,0.6403,0.6403,0.64013,0.64029
06:43:00,0.64025,0.64028,0.64017,0.6402
06:43:05,0.6402,0.64029,0.64007,0.64029
06:43:10,0.64029,0.6405,0.64029,0.64044
06:43:15,0.64044,0.64051,0.64038,0.64051
06:43:20,0.64055,0.64063,0.64042,0.64054
06:43:25,0.64058,0.64074,0.64058,0.64069
06:43:30,0.64069,0.64076,0.64042,0.64042
06:43:35,0.64045,0.6407,0.64042,0.6407
06:43:40,0.6407,0.6407,0.6404,0.6404
06:43:45,0.64043,0.64043,0.64033,0.64036
06:43:50,0.64036,0.64036,0.64019,0.64024
06:43:55,0.64024,0.64024,0.63999,0.63999
06:44:00,0.64003,0.64006,0.64003,0.64006
06:44:05,0.64003,0.64006,0.63991,0.64006
06:44:10,0.64006,0.64006,0.63988,0.63992
06:44:15,0.63992,0.63992,0.63979,0.63984
06:44:20,0.63984,0.63996,0.63984,0.63986
06:44:25,0.6399,0.63994,0.63958,0.63958
06:44:30,0.63958,0.63968,0.63947,0.63947
06:44:35,0.63947,0.63947,0.6391,0.63912
06:44:40,0.63916,0.63935,0.63916,0.6393
06:44:45,0.63932,0.63946,0.63932,0.63946
06:44:50,0.63946,0.63946,0.63938,0.63941
06:44:55,0.63941,0.63949,0.63923,0.63927
06:45:00,0.63932,0.63944,0.6393,0.63944
06:45:05,0.63942,0.63952,0.63942,0.63946
06:45:10,0.63946,0.63949,0.63946,0.63949
06:45:15,0.63949,0.63949,0.63929,0.63936
06:45:20,0.63936,0.63942,0.63931,0.63931
06:45:25,0.63936,0.63944,0.63931,0.63944
06:45:30,0.63944,0.63953,0.63941,0.63943
06:45:35,0.63943,0.63967,0.63943,0.63967
06:45:40,0.6397,0.6397,0.6396,0.63965
06:45:45,0.63965,0.63968,0.63957,0.63964
06:45:50,0.63964,0.63971,0.63956,0.63971
06:45:55,0.63971,0.63974,0.63966,0.63971
06:46:00,0.63994,0.64018,0.63994,0.64018
06:46:05,0.64021,0.64037,0.64021,0.64037
06:46:10,0.64037,0.64046,0.64027,0.64046
06:46:15,0.64046,0.64046,0.64023,0.64023
06:46:20,0.6402,0.64023,0.64009,0.64009
06:46:25,0.64001,0.64004,0.63997,0.64
06:46:30,0.64,0.64,0.63969,0.63974
06:46:35,0.63974,0.63996,0.63974,0.63991
06:46:40,0.63996,0.63996,0.6399,0.63994
06:46:45,0.63994,0.63997,0.63989,0.63995
06:46:50,0.63995,0.64013,0.63995,0.6401
06:46:55,0.6401,0.6401,0.64002,0.64007
06:47:00,0.64007,0.64036,0.64007,0.64036
06:47:05,0.64033,0.64041,0.64033,0.64041
06:47:10,0.64041,0.64048,0.64038,0.64048
06:47:15,0.64056,0.64056,0.6404,0.6404
06:47:20,0.64044,0.64065,0.6404,0.64065
06:47:25,0.64062,0.64064,0.64056,0.64063
06:47:30,0.64074,0.64074,0.64059,0.64071
06:47:35,0.64071,0.64084,0.64071,0.64084
06:47:40,0.64084,0.64097,0.64084,0.64086
06:47:45,0.64091,0.64097,0.64085,0.64088
06:47:50,0.64088,0.64091,0.64084,0.64091
06:47:55,0.64084,0.64087,0.64073,0.64082
06:48:00,0.64076,0.6408,0.64073,0.64073
06:48:05,0.64073,0.64108,0.64073,0.641
06:48:10,0.641,0.64117,0.641,0.6411
06:48:15,0.64115,0.64115,0.64094,0.64094
06:48:20,0.64097,0.64109,0.64094,0.64102
06:48:25,0.64083,0.64095,0.64076,0.64095
06:48:30,0.64095,0.64099,0.64087,0.64087
06:48:35,0.64097,0.64097,0.64085,0.64085
06:48:40,0.64079,0.64108,0.64079,0.64108
06:48:45,0.64108,0.6412,0.64108,0.64115
06:48:50,0.64118,0.64122,0.64117,0.6412
06:48:55,0.6412,0.64132,0.64118,0.64122
06:49:00,0.64122,0.64123,0.64112,0.64123
06:49:05,0.64123,0.64128,0.64121,0.64128
06:49:10,0.64125,0.64127,0.6412,0.6412
06:49:15,0.64113,0.6415,0.64107,0.6415
06:49:20,0.6415,0.64171,0.6415,0.6416
06:49:25,0.6416,0.64169,0.64134,0.64141
06:49:30,0.64137,0.64155,0.64137,0.64155
06:49:35,0.64155,0.64159,0.64146,0.64146
06:49:40,0.64146,0.64154,0.64139,0.64149
06:49:45,0.64156,0.64156,0.64145,0.64153
06:49:50,0.64153,0.6418,0.64153,0.6418
06:49:55,0.6418,0.642,0.6418,0.64186
06:50:00,0.64186,0.64203,0.64186,0.64203
06:50:05,0.64199,0.64201,0.64183,0.64191
06:50:10,0.64191,0.64208,0.64191,0.64208
06:50:15,0.64208,0.64214,0.64204,0.64214
06:50:20,0.64214,0.64222,0.64209,0.64214
06:50:25,0.64245,0.64245,0.64233,0.64241
06:50:30,0.64237,0.64242,0.64237,0.64242
06:50:35,0.64242,0.6427,0.64242,0.6427
06:50:40,0.6427,0.6427,0.64221,0.64227
06:50:45,0.64227,0.64235,0.64225,0.64231
06:50:50,0.64234,0.64234,0.64206,0.64206
06:50:55,0.64206,0.64206,0.64198,0.64202
06:51:00,0.64202,0.64209,0.64202,0.64209
06:51:05,0.64209,0.64212,0.64203,0.64212
06:51:10,0.6422,0.64226,0.64219,0.64225
06:51:15,0.64225,0.64233,0.64188,0.64188
06:51:20,0.64188,0.64202,0.6418,0.64202
06:51:25,0.64202,0.64223,0.64201,0.64216
06:51:30,0.64213,0.6422,0.64206,0.64215
06:51:35,0.64215,0.64222,0.64215,0.64216
06:51:40,0.64216,0.64216,0.64203,0.64203
06:51:45,0.64198,0.64214,0.64187,0.64187
06:51:50,0.64187,0.64187,0.64174,0.64186
06:51:55,0.64186,0.64195,0.64182,0.64195
06:52:00,0.64195,0.64195,0.64175,0.6419
06:52:05,0.64177,0.64189,0.64176,0.64181
06:52:10,0.64184,0.64201,0.64184,0.64201
06:52:15,0.64205,0.64215,0.64205,0.64215
06:52:20,0.64215,0.64216,0.6421,0.64216
06:52:25,0.64216,0.6422,0.64213,0.64214
06:52:30,0.64209,0.64209,0.64203,0.64207
06:52:35,0.64211,0.64221,0.64211,0.64221
06:52:40,0.64221,0.64221,0.64211,0.64216
06:52:45,0.6422,0.64224,0.6422,0.64221
06:52:50,0.64212,0.64212,0.64203,0.6421
06:52:55,0.64207,0.64207,0.64178,0.64178
06:53:00,0.64183,0.64192,0.64183,0.64192
06:53:05,0.64192,0.64192,0.64166,0.64166
06:53:10,0.64141,0.6415,0.64141,0.64143
06:53:15,0.64143,0.6418,0.64134,0.6418
06:53:20,0.64175,0.64189,0.64175,0.64182
06:53:25,0.64182,0.64189,0.64179,0.64189
06:53:30,0.64189,0.64193,0.64177,0.64187
06:53:35,0.64182,0.64184,0.64167,0.64167
06:53:40,0.64161,0.64175,0.64161,0.64175
06:53:45,0.64175,0.64219,0.64175,0.64219
06:53:50,0.64198,0.64198,0.64191,0.64193
06:53:55,0.6419,0.6419,0.64179,0.64179
06:54:00,0.64179,0.64201,0.64179,0.64192
06:54:05,0.64192,0.64197,0.6419,0.64197
06:54:10,0.642,0.642,0.64186,0.64186
06:54:15,0.64186,0.64193,0.6418,0.64189
06:54:20,0.64189,0.64202,0.64176,0.64202
06:54:25,0.64202,0.64203,0.64194,0.64197
06:54:30,0.64203,0.64219,0.64203,0.6421
06:54:35,0.6421,0.6421,0.64191,0.64194
06:54:40,0.64194,0.64198,0.64189,0.64193
06:54:45,0.64193,0.64225,0.64179,0.64225
06:54:50,0.64225,0.64225,0.64197,0.642
06:54:55,0.642,0.64201,0.64193,0.64194
06:55:00,0.64198,0.64198,0.64185,0.64192
06:55:05,0.64192,0.64195,0.64185,0.64185
06:55:10,0.64185,0.64218,0.64177,0.64216
06:55:15,0.6422,0.64226,0.64219,0.64226
06:55:20,0.6423,0.64235,0.64218,0.64218
06:55:25,0.64218,0.64224,0.6421,0.64221
06:55:30,0.64216,0.64239,0.64216,0.64229
06:55:35,0.64233,0.64243,0.64222,0.64222
06:55:40,0.64222,0.64222,0.64209,0.64209
06:55:45,0.64209,0.64211,0.64204,0.64204
06:55:50,0.64204,0.64204,0.64186,0.64186
06:55:55,0.64186,0.64186,0.64167,0.64174
06:56:00,0.64174,0.64188,0.64171,0.64176
06:56:05,0.64176,0.64176,0.64165,0.64168
06:56:10,0.64168,0.64176,0.6416,0.6416
06:56:15,0.6416,0.64172,0.6416,0.64172
06:56:20,0.64172,0.64174,0.64168,0.64173
06:56:25,0.64173,0.64187,0.64173,0.64178
06:56:30,0.64185,0.64185,0.64164,0.64174
06:56:35,0.64171,0.64173,0.64167,0.6417
06:56:40,0.6417,0.64182,0.64165,0.64165
06:56:45,0.64165,0.64168,0.64161,0.64161
06:56:50,0.64161,0.64174,0.64161,0.64161
06:56:55,0.64161,0.64161,0.64154,0.64159
06:57:00,0.64159,0.64161,0.64141,0.64141
06:57:05,0.64141,0.64141,0.64128,0.6413
06:57:10,0.64134,0.64138,0.64129,0.64138
06:57:15,0.64142,0.64147,0.64138,0.64144
06:57:20,0.64144,0.64164,0.64144,0.64164
06:57:25,0.64164,0.64164,0.64136,0.64141
06:57:30,0.64141,0.64145,0.64138,0.64145
06:57:35,0.64145,0.64155,0.64145,0.64155
06:57:40,0.64155,0.64155,0.64143,0.64155
06:57:45,0.64155,0.64166,0.64155,0.64162
06:57:50,0.64162,0.64172,0.64158,0.64172
06:57:55,0.64172,0.64194,0.64172,0.64188
06:58:00,0.64188,0.64194,0.64186,0.64194
06:58:05,0.64194,0.64201,0.64193,0.64197
06:58:10,0.64197,0.64202,0.64181,0.64181
06:58:15,0.64175,0.64175,0.64149,0.64149
06:58:20,0.64149,0.64162,0.64147,0.64157
06:58:25,0.64157,0.64161,0.64154,0.64161
06:58:30,0.64161,0.64174,0.64161,0.64172
06:58:35,0.64165,0.64177,0.64157,0.64177
06:58:40,0.64175,0.64177,0.64171,0.64176
06:58:45,0.64176,0.64195,0.64176,0.64179
06:58:50,0.64179,0.64179,0.64173,0.64173
06:58:55,0.64173,0.64177,0.64167,0.64171
06:59:00,0.64179,0.64179,0.64171,0.64174
06:59:05,0.64174,0.64177,0.64174,0.64174
06:59:10,0.64174,0.64174,0.64163,0.64163
06:59:15,0.6415,0.64151,0.64136,0.64139
06:59:20,0.64139,0.64142,0.64134,0.64134
06:59:25,0.64134,0.64146,0.64134,0.64146
06:59:30,0.64146,0.64161,0.64146,0.64156
06:59:35,0.64153,0.64154,0.64117,0.64117
06:59:40,0.64123,0.64132,0.64123,0.64126
06:59:45,0.64126,0.64126,0.64087,0.64087
06:59:50,0.64087,0.6409,0.64079,0.6409
06:59:55,0.64084,0.64095,0.6408,0.64084
07:00:00,0.64084,0.64086,0.6408,0.64083
07:00:05,0.64083,0.64083,0.64065,0.64071
07:00:10,0.64071,0.64079,0.64068,0.64068
07:00:15,0.64068,0.641,0.64068,0.64095
07:00:20,0.64091,0.64107,0.64091,0.64107
07:00:25,0.64107,0.64107,0.64084,0.64087
07:00:30,0.64087,0.64087,0.64078,0.64078
07:00:35,0.64078,0.64088,0.64078,0.64083
07:00:40,0.64078,0.64086,0.6407,0.64086
07:00:45,0.6408,0.64084,0.64076,0.64081
07:00:50,0.64081,0.64099,0.6408,0.64099
07:00:55,0.64087,0.64098,0.64087,0.64098
07:01:00,0.64082,0.64087,0.64074,0.64082
07:01:05,0.64084,0.64084,0.64072,0.64076
07:01:10,0.64076,0.64091,0.64076,0.6409
07:01:15,0.6409,0.64093,0.64077,0.64077
07:01:20,0.64077,0.64091,0.64077,0.64087
07:01:25,0.64087,0.64087,0.64077,0.64078
07:01:30,0.64078,0.64078,0.64062,0.64062
07:01:35,0.64062,0.64063,0.64053,0.64056
07:01:40,0.64056,0.64056,0.64039,0.64045
07:01:45,0.64045,0.64045,0.64036,0.64038
07:01:50,0.64038,0.64067,0.64031,0.64067
07:01:55,0.64074,0.64074,0.64063,0.64063
07:02:00,0.64063,0.6407,0.64054,0.64063
07:02:05,0.64063,0.64067,0.6406,0.64067
07:02:10,0.64067,0.6408,0.64056,0.6408
07:02:15,0.6408,0.64102,0.6408,0.64099
07:02:20,0.64099,0.64109,0.64095,0.64106
07:02:25,0.64106,0.64108,0.64102,0.64102
07:02:30,0.64102,0.64112,0.64099,0.64112
07:02:35,0.64112,0.64123,0.64112,0.64123
07:02:40,0.64123,0.64127,0.64121,0.64124
07:02:45,0.64124,0.64132,0.64123,0.6413
07:02:50,0.6413,0.64135,0.6413,0.64132
07:02:55,0.64132,0.64135,0.64129,0.64135
07:03:00,0.64135,0.64144,0.64135,0.64141
07:03:05,0.64141,0.64148,0.64137,0.64148
07:03:10,0.64148,0.64155,0.64126,0.64126
07:03:15,0.64126,0.64146,0.64126,0.64137
07:03:20,0.64134,0.64134,0.64129,0.64129
07:03:25,0.64129,0.6414,0.64125,0.6414
07:03:30,0.64142,0.64149,0.64135,0.64142
07:03:35,0.64138,0.64155,0.64138,0.64147
07:03:40,0.64151,0.64179,0.64151,0.64179
07:03:45,0.64179,0.64179,0.64175,0.64177
07:03:50,0.6418,0.64186,0.6417,0.64186
07:03:55,0.64186,0.64191,0.64183,0.64189
07:04:00,0.64193,0.64203,0.64193,0.64194
07:04:05,0.64188,0.64207,0.64188,0.64207
07:04:10,0.64203,0.64207,0.64194,0.64194
07:04:15,0.64194,0.64213,0.64194,0.64213
07:04:20,0.64215,0.64227,0.64208,0.64227
07:04:25,0.64234,0.64234,0.64226,0.64226
07:04:30,0.64226,0.64229,0.64182,0.64182
07:04:35,0.64182,0.64182,0.6417,0.6417
07:04:40,0.6417,0.64172,0.64165,0.64165
07:04:45,0.64165,0.64171,0.64165,0.64171
07:04:50,0.64174,0.64181,0.64169,0.6417
07:04:55,0.6417,0.64192,0.6417,0.64192
07:05:00,0.64189,0.64201,0.64185,0.64201
07:05:05,0.64198,0.64199,0.64195,0.64199
07:05:10,0.64186,0.64186,0.64176,0.64182
07:05:15,0.64182,0.64188,0.64182,0.64186
07:05:20,0.64181,0.64181,0.64168,0.64171
07:05:25,0.64176,0.64184,0.64171,0.64171
07:05:30,0.64171,0.64171,0.64158,0.64158
07:05:35,0.64158,0.64161,0.64156,0.6416
07:05:40,0.64157,0.64161,0.64143,0.64149
07:05:45,0.64146,0.64146,0.64134,0.64134
07:05:50,0.64126,0.64126,0.64121,0.64121
07:05:55,0.64121,0.64131,0.64105,0.64105
07:06:00,0.64105,0.6411,0.64086,0.64086
07:06:05,0.64086,0.64102,0.64083,0.64089
07:06:10,0.64084,0.64084,0.6407,0.6407
07:06:15,0.6407,0.64072,0.64063,0.64068
07:06:20,0.64068,0.64072,0.6406,0.6406
07:06:25,0.64074,0.6409,0.64074,0.6409
07:06:30,0.6409,0.641,0.6409,0.64097
07:06:35,0.64097,0.64108,0.64094,0.64104
07:06:40,0.64104,0.64108,0.64101,0.64108
07:06:45,0.64108,0.64108,0.64101,0.64105
07:06:50,0.64102,0.64105,0.64098,0.64101
07:06:55,0.64101,0.64105,0.64095,0.64105
07:07:00,0.64105,0.64109,0.64104,0.64109
07:07:05,0.64112,0.64117,0.64109,0.64109
07:07:10,0.64107,0.64113,0.64101,0.64105
07:07:15,0.64105,0.64125,0.64105,0.64125
07:07:20,0.64125,0.64131,0.64122,0.64131
07:07:25,0.64131,0.64131,0.64113,0.64123
07:07:30,0.64121,0.64122,0.64118,0.64122
07:07:35,0.64122,0.64145,0.64111,0.64111
07:07:40,0.64111,0.64119,0.64091,0.64094
07:07:45,0.64098,0.64103,0.64093,0.64098
07:07:50,0.64093,0.64109,0.64093,0.64103
07:07:55,0.64103,0.64112,0.64087,0.64087
07:08:00,0.64087,0.64087,0.64072,0.64072
07:08:05,0.64076,0.6408,0.64063,0.64063
07:08:10,0.64056,0.64056,0.64048,0.64048
07:08:15,0.64048,0.64052,0.64042,0.64042
07:08:20,0.64042,0.64043,0.64028,0.64028
07:08:25,0.64028,0.64045,0.64028,0.64045
07:08:30,0.64051,0.64051,0.64042,0.64042
07:08:35,0.64042,0.64045,0.64025,0.64028
07:08:40,0.64028,0.64032,0.64012,0.64012
07:08:45,0.64018,0.64018,0.63979,0.63995
07:08:50,0.63992,0.63995,0.63984,0.63984
07:08:55,0.63984,0.63991,0.63976,0.63991
07:09:00,0.63991,0.6401,0.63991,0.64008
07:09:05,0.64005,0.64021,0.64003,0.64019
07:09:10,0.64019,0.64024,0.64011,0.64016
07:09:15,0.64016,0.64056,0.64016,0.64056
07:09:20,0.64051,0.64088,0.64051,0.64088
07:09:25,0.64088,0.64092,0.64087,0.64092
07:09:30,0.64092,0.64092,0.64072,0.64072
07:09:35,0.64072,0.6408,0.64069,0.6408
07:09:40,0.64077,0.64077,0.64044,0.64061
07:09:45,0.64032,0.64049,0.64026,0.64046
07:09:50,0.64046,0.64052,0.64042,0.64047
07:09:55,0.64042,0.64044,0.64041,0.64044
07:10:00,0.64052,0.64081,0.64052,0.64081
07:10:05,0.64078,0.64089,0.64078,0.6408
07:10:10,0.64076,0.64089,0.64073,0.64089
07:10:15,0.64089,0.64095,0.64084,0.64084
07:10:20,0.64084,0.64084,0.64068,0.64068
07:10:25,0.64068,0.64068,0.64058,0.64063
07:10:30,0.64068,0.64068,0.6405,0.64061
07:10:35,0.64061,0.64067,0.64056,0.64067
07:10:40,0.64064,0.64068,0.6406,0.64068
07:10:45,0.64071,0.64081,0.64063,0.64063
07:10:50,0.64067,0.64073,0.64067,0.64067
07:10:55,0.64067,0.64067,0.64052,0.64055
07:11:00,0.64052,0.64076,0.64052,0.64076
07:11:05,0.64076,0.64078,0.64058,0.64058
07:11:10,0.64061,0.64061,0.64051,0.64053
07:11:15,0.64053,0.64067,0.64053,0.64067
07:11:20,0.64067,0.64084,0.64061,0.64084
07:11:25,0.64084,0.64084,0.64073,0.64076
07:11:30,0.64076,0.64111,0.64074,0.64111
07:11:35,0.64111,0.64114,0.64096,0.64109
07:11:40,0.64109,0.64118,0.64096,0.64109
07:11:45,0.64109,0.64109,0.64088,0.64105
07:11:50,0.64108,0.64119,0.64105,0.64109
07:11:55,0.64109,0.64122,0.64104,0.64104
07:12:00,0.64104,0.64104,0.64088,0.64102
07:12:05,0.64102,0.64105,0.64085,0.64097
07:12:10,0.64097,0.64097,0.64089,0.64089
07:12:15,0.64085,0.64115,0.64085,0.64115
07:12:20,0.64115,0.64149,0.64109,0.64149
07:12:25,0.64149,0.64149,0.64141,0.64148
07:12:30,0.64155,0.64162,0.6412,0.6412
07:12:35,0.64116,0.64128,0.64113,0.64128
07:12:40,0.64128,0.64128,0.64119,0.64119
07:12:45,0.64119,0.64152,0.64119,0.64141
07:12:50,0.64141,0.64145,0.64141,0.64145
07:12:55,0.64149,0.64154,0.64149,0.64151
07:13:00,0.64151,0.6416,0.64151,0.64157
07:13:05,0.64157,0.64157,0.64146,0.64155
07:13:10,0.64159,0.64167,0.64156,0.64167
07:13:15,0.64151,0.64154,0.64142,0.64142
07:13:20,0.64142,0.64158,0.64139,0.64151
07:13:25,0.64151,0.64158,0.64143,0.64158
07:13:30,0.64158,0.64161,0.64156,0.64156
07:13:35,0.64156,0.64181,0.64156,0.64181
07:13:40,0.64181,0.64217,0.64181,0.64216
07:13:45,0.64216,0.64218,0.64204,0.64204
07:13:50,0.64211,0.64211,0.64202,0.64209
07:13:55,0.64206,0.64228,0.64206,0.6422
07:14:00,0.6422,0.64224,0.64218,0.64219
07:14:05,0.64219,0.64243,0.64219,0.64243
07:14:10,0.64243,0.64261,0.64243,0.64261
07:14:15,0.64261,0.6428,0.64261,0.64277
07:14:20,0.64277,0.64308,0.64277,0.64308
07:14:25,0.64308,0.64323,0.64307,0.64307
07:14:30,0.64307,0.64336,0.64301,0.64328
07:14:35,0.64328,0.6434,0.64328,0.6434
07:14:40,0.64344,0.64348,0.64342,0.64345
07:14:45,0.64348,0.64349,0.64328,0.64328
07:14:50,0.64331,0.64366,0.64331,0.64366
07:14:55,0.64366,0.6438,0.64366,0.64379
07:15:00,0.64386,0.64386,0.64357,0.64357
07:15:05,0.64357,0.64365,0.64354,0.64365
07:15:10,0.64369,0.6438,0.64369,0.6438
07:15:15,0.64383,0.64396,0.64383,0.64393
07:15:20,0.64398,0.64428,0.64398,0.64419
07:15:25,0.64419,0.64421,0.64391,0.64391
07:15:30,0.64394,0.64405,0.64394,0.64402
07:15:35,0.64407,0.64412,0.64405,0.64407
07:15:40,0.64407,0.64415,0.64407,0.64415
07:15:45,0.64411,0.64432,0.64411,0.6442
07:15:50,0.64423,0.64432,0.64417,0.64417
07:15:55,0.64419,0.64434,0.64402,0.64402
07:16:00,0.64408,0.64434,0.64408,0.64434
07:16:05,0.64439,0.64442,0.64431,0.64431
07:16:10,0.64425,0.64425,0.64416,0.64416
07:16:15,0.64419,0.64419,0.64373,0.64373
07:16:20,0.64373,0.64375,0.64344,0.64344
07:16:25,0.64341,0.64357,0.64338,0.64357
07:16:30,0.6436,0.6436,0.64334,0.64338
07:16:35,0.64338,0.64338,0.64325,0.64335
07:16:40,0.64335,0.64342,0.64322,0.64335
07:16:45,0.64333,0.64343,0.64328,0.64343
07:16:50,0.64343,0.64343,0.64329,0.64332
07:16:55,0.64332,0.64332,0.64319,0.64319
07:17:00,0.64326,0.64327,0.64322,0.64324
07:17:05,0.64329,0.64331,0.64326,0.64331
07:17:10,0.64331,0.64339,0.64331,0.64339
07:17:15,0.64337,0.64343,0.64337,0.64339
07:17:20,0.64333,0.64337,0.64331,0.64337
07:17:25,0.64333,0.64341,0.64316,0.64341
07:17:30,0.64341,0.64366,0.64341,0.64366
07:17:35,0.64366,0.64366,0.64356,0.64356
07:17:40,0.64351,0.64376,0.64351,0.64376
07:17:45,0.64374,0.64374,0.64367,0.64374
07:17:50,0.64374,0.64381,0.64374,0.64376
07:17:55,0.64373,0.64373,0.64357,0.64357
07:18:00,0.64349,0.64351,0.64333,0.64337
07:18:05,0.64339,0.64342,0.6433,0.64342
07:18:10,0.64342,0.64348,0.64334,0.64334
07:18:15,0.64345,0.64345,0.64335,0.64344
07:18:20,0.64334,0.6435,0.64326,0.6435
07:18:25,0.64348,0.64357,0.64345,0.64345
07:18:30,0.64345,0.64351,0.64344,0.64351
07:18:35,0.64348,0.64348,0.64337,0.6434
07:18:40,0.6434,0.64344,0.64338,0.64341
07:18:45,0.64338,0.64338,0.64334,0.64337
07:18:50,0.64337,0.64347,0.64337,0.64346
07:18:55,0.64341,0.64341,0.64318,0.64322
07:19:00,0.64322,0.64322,0.64306,0.64307
07:19:05,0.64307,0.64337,0.64307,0.64337
07:19:10,0.64337,0.64349,0.64337,0.64345
07:19:15,0.64345,0.64347,0.64318,0.64318
07:19:20,0.64318,0.64318,0.64302,0.64311
07:19:25,0.64311,0.64322,0.64311,0.64316
07:19:30,0.64316,0.64318,0.64304,0.64318
07:19:35,0.64318,0.64324,0.6431,0.64312
07:19:40,0.64324,0.64332,0.64324,0.64332
07:19:45,0.64332,0.64341,0.64322,0.64341
07:19:50,0.64341,0.64353,0.64341,0.64345
07:19:55,0.64345,0.64349,0.64342,0.64343
07:20:00,0.64343,0.64355,0.64343,0.64352
07:20:05,0.64352,0.64368,0.64352,0.64356
07:20:10,0.64356,0.64364,0.64356,0.64361
07:20:15,0.64361,0.64364,0.64354,0.64354
07:20:20,0.6436,0.64381,0.6436,0.64372
07:20:25,0.64372,0.64385,0.64372,0.64384
07:20:30,0.64384,0.64396,0.64371,0.64396
07:20:35,0.64396,0.64402,0.64394,0.64394
07:20:40,0.64394,0.644,0.64394,0.644
07:20:45,0.644,0.64416,0.64397,0.64412
07:20:50,0.64412,0.6443,0.64412,0.6443
07:20:55,0.6443,0.6443,0.6442,0.6442
07:21:00,0.6442,0.64424,0.64396,0.64396
07:21:05,0.64391,0.64391,0.6436,0.6436
07:21:10,0.64366,0.64373,0.64366,0.64367
07:21:15,0.64367,0.64378,0.64367,0.64371
07:21:20,0.64376,0.64388,0.64376,0.64381
07:21:25,0.64381,0.64395,0.64381,0.64395
07:21:30,0.64391,0.64401,0.64391,0.64399
07:21:35,0.64399,0.64412,0.64399,0.64409
07:21:40,0.64409,0.64416,0.64395,0.64395
07:21:45,0.64392,0.64419,0.64392,0.64419
07:21:50,0.64426,0.64446,0.64422,0.64446
07:21:55,0.64446,0.64446,0.6444,0.6444
07:22:00,0.64445,0.64445,0.64426,0.64426
07:22:05,0.64426,0.64441,0.64426,0.64441
07:22:10,0.64441,0.64458,0.64435,0.64455
07:22:15,0.64455,0.64455,0.64429,0.64429
07:22:20,0.64425,0.64425,0.64401,0.64401
07:22:25,0.64406,0.64406,0.64388,0.64393
07:22:30,0.64406,0.64406,0.64395,0.64403
07:22:35,0.64403,0.64404,0.64392,0.64402
07:22:40,0.64405,0.64407,0.64362,0.64362
07:22:45,0.64362,0.64384,0.64362,0.64384
07:22:50,0.64388,0.64394,0.64368,0.64368
07:22:55,0.64368,0.64385,0.64368,0.64377
07:23:00,0.64377,0.64392,0.64352,0.64352
07:23:05,0.64354,0.64354,0.64341,0.64341
07:23:10,0.64341,0.64343,0.64327,0.64327
07:23:15,0.64327,0.64329,0.64317,0.64324
07:23:20,0.6432,0.6432,0.64311,0.64317
07:23:25,0.64317,0.64346,0.64317,0.64346
07:23:30,0.64346,0.6436,0.64346,0.64355
07:23:35,0.64355,0.64355,0.6435,0.6435
07:23:40,0.6435,0.6435,0.64342,0.6435
07:23:45,0.64347,0.64356,0.64341,0.64356
07:23:50,0.64351,0.64377,0.64351,0.64377
07:23:55,0.64377,0.64423,0.64377,0.64423
07:24:00,0.64413,0.64413,0.64397,0.64397
07:24:05,0.64397,0.64402,0.64389,0.64399
07:24:10,0.64399,0.64399,0.64383,0.64392
07:24:15,0.64392,0.64398,0.64386,0.64398
07:24:20,0.64403,0.64403,0.64386,0.64386
07:24:25,0.64379,0.64393,0.64376,0.64393
07:24:30,0.64393,0.64397,0.64378,0.64382
07:24:35,0.64382,0.64403,0.6438,0.64403
07:24:40,0.64403,0.6441,0.64397,0.64409
07:24:45,0.64405,0.64423,0.64397,0.6442
07:24:50,0.6442,0.6442,0.64393,0.64393
07:24:55,0.64393,0.64393,0.64376,0.64385
07:25:00,0.64385,0.64395,0.6437,0.64374
07:25:05,0.6437,0.64386,0.6437,0.6438
07:25:10,0.6438,0.6438,0.64374,0.64377
07:25:15,0.64377,0.64382,0.64358,0.64373
07:25:20,0.64373,0.64409,0.64373,0.64409
07:25:25,0.64405,0.64426,0.64405,0.64422
07:25:30,0.64422,0.64436,0.64422,0.64436
07:25:35,0.64436,0.64438,0.64433,0.64438
07:25:40,0.64438,0.64438,0.6441,0.64414
07:25:45,0.64404,0.64427,0.64404,0.64427
07:25:50,0.6442,0.6442,0.64413,0.64413
07:25:55,0.64413,0.64413,0.6439,0.6439
07:26:00,0.6439,0.6439,0.64384,0.64385
07:26:05,0.64394,0.64394,0.64355,0.64355
07:26:10,0.64359,0.6441,0.64356,0.6441
07:26:15,0.64431,0.64437,0.64415,0.64417
07:26:20,0.64417,0.64421,0.64408,0.64421
07:26:25,0.64426,0.64434,0.64423,0.64433
07:26:30,0.64435,0.64435,0.64424,0.64424
07:26:35,0.64429,0.64429,0.64419,0.64419
07:26:40,0.64419,0.64422,0.64415,0.64421
07:26:45,0.64417,0.64417,0.64411,0.64411
07:26:50,0.64411,0.64419,0.64406,0.64411
07:26:55,0.64411,0.64411,0.64398,0.6441
07:27:00,0.6441,0.6441,0.64402,0.64406
07:27:05,0.64412,0.64412,0.64402,0.64402
07:27:10,0.64395,0.64412,0.64395,0.64412
07:27:15,0.64417,0.64427,0.64401,0.64401
07:27:20,0.64401,0.64407,0.64399,0.64399
07:27:25,0.64408,0.6441,0.64402,0.6441
07:27:30,0.64406,0.64406,0.64393,0.64398
07:27:35,0.64393,0.64401,0.64378,0.64401
07:27:40,0.64401,0.64408,0.64401,0.64408
07:27:45,0.64408,0.64417,0.64408,0.64414
07:27:50,0.64414,0.64414,0.64401,0.64405
07:27:55,0.64405,0.64407,0.644,0.64405
07:28:00,0.64405,0.64415,0.64405,0.64407
07:28:05,0.64412,0.64412,0.64393,0.64393
07:28:10,0.64397,0.64407,0.64397,0.64407
07:28:15,0.64407,0.64409,0.64393,0.64397
07:28:20,0.64397,0.64397,0.64375,0.64394
07:28:25,0.64394,0.64412,0.64394,0.64412
07:28:30,0.64417,0.64417,0.64409,0.6441
07:28:35,0.6441,0.64414,0.64398,0.64398
07:28:40,0.64379,0.64388,0.64379,0.64388
07:28:45,0.64385,0.6442,0.64385,0.6442
07:28:50,0.64424,0.6444,0.64403,0.64403
07:28:55,0.644,0.64431,0.644,0.64431
07:29:00,0.64431,0.64462,0.6443,0.64456
07:29:05,0.64458,0.64481,0.64458,0.64481
07:29:10,0.64481,0.64487,0.64466,0.64471
07:29:15,0.64474,0.64478,0.6447,0.64472
07:29:20,0.64472,0.64481,0.64472,0.64475
07:29:25,0.64475,0.64477,0.64459,0.6446
07:29:30,0.64458,0.64482,0.64458,0.64474
07:29:35,0.64463,0.6448,0.64463,0.64469
07:29:40,0.64469,0.64493,0.64469,0.64493
07:29:45,0.64493,0.64493,0.64485,0.64485
07:29:50,0.64482,0.64509,0.64482,0.64506
07:29:55,0.64503,0.64503,0.64492,0.64492
07:30:00,0.64492,0.64514,0.64492,0.64514
07:30:05,0.64514,0.64528,0.64514,0.64528
07:30:10,0.64528,0.64529,0.64518,0.64522
07:30:15,0.64522,0.64522,0.64507,0.64507
07:30:20,0.64507,0.64515,0.64496,0.64496
07:30:25,0.64496,0.64504,0.64496,0.64504
07:30:30,0.64508,0.64508,0.645,0.645
07:30:35,0.645,0.64507,0.64491,0.64494
07:30:40,0.64494,0.64494,0.64466,0.64466
07:30:45,0.64466,0.64481,0.64466,0.64481
07:30:50,0.64481,0.64488,0.64478,0.64478
07:30:55,0.64472,0.64482,0.64472,0.64482
07:31:00,0.64482,0.64498,0.64482,0.64491
07:31:05,0.64491,0.64496,0.64486,0.64493
07:31:10,0.64493,0.64509,0.64493,0.64509
07:31:15,0.64514,0.64528,0.64514,0.64521
07:31:20,0.64521,0.6454,0.64521,0.6454
07:31:25,0.6454,0.64566,0.64535,0.64566
07:31:30,0.6457,0.6457,0.64543,0.64543
07:31:35,0.64543,0.64547,0.64541,0.64541
07:31:40,0.64541,0.64568,0.64541,0.64568
07:31:45,0.64568,0.64579,0.64568,0.64569
07:31:50,0.64569,0.64569,0.64545,0.64545
07:31:55,0.64542,0.64557,0.64538,0.64557
07:32:00,0.64557,0.64566,0.64547,0.64547
07:32:05,0.64547,0.64549,0.64536,0.64536
07:32:10,0.64536,0.6454,0.6453,0.6453
07:32:15,0.6453,0.64533,0.64513,0.64516
07:32:20,0.64516,0.64516,0.64509,0.64509
07:32:25,0.64509,0.64513,0.6449,0.6449
07:32:30,0.6449,0.64493,0.6449,0.64493
07:32:35,0.64478,0.64494,0.64474,0.64494
07:32:40,0.64494,0.64502,0.64494,0.64502
07:32:45,0.64502,0.64511,0.64502,0.6451
07:32:50,0.64514,0.64515,0.64507,0.64512
07:32:55,0.64512,0.64512,0.64501,0.64505
07:33:00,0.64515,0.64515,0.64506,0.6451
07:33:05,0.6451,0.64532,0.6451,0.64525
07:33:10,0.64525,0.64528,0.64473,0.64473
07:33:15,0.64473,0.64473,0.64466,0.64466
07:33:20,0.64466,0.64471,0.64461,0.64471
07:33:25,0.64474,0.64487,0.6447,0.64487
07:33:30,0.64487,0.64516,0.64483,0.64516
07:33:35,0.64519,0.64528,0.64519,0.64525
07:33:40,0.64525,0.64525,0.64517,0.6452
07:33:45,0.6452,0.6452,0.64513,0.64513
07:33:50,0.64513,0.6452,0.64505,0.64505
07:33:55,0.64505,0.64513,0.64505,0.64512
07:34:00,0.64516,0.64535,0.64516,0.64527
07:34:05,0.64527,0.64527,0.64502,0.64502
07:34:10,0.64502,0.64502,0.64473,0.64473
07:34:15,0.64467,0.64476,0.64467,0.64476
07:34:20,0.64476,0.64476,0.6445,0.6445
07:34:25,0.6445,0.64453,0.6444,0.6444
07:34:30,0.6444,0.64449,0.64433,0.64446
07:34:35,0.64443,0.64465,0.64443,0.64465
07:34:40,0.64465,0.64503,0.64465,0.64503
07:34:45,0.64503,0.64524,0.64503,0.64516
07:34:50,0.64516,0.64557,0.64516,0.64557
07:34:55,0.64557,0.64574,0.64557,0.64574
07:35:00,0.64574,0.64574,0.64568,0.64571
07:35:05,0.64571,0.64586,0.64571,0.64586
07:35:10,0.64586,0.6459,0.6458,0.6458
07:35:15,0.64577,0.6458,0.64571,0.64572
07:35:20,0.64572,0.64575,0.64553,0.64553
07:35:25,0.64553,0.64583,0.64553,0.64582
07:35:30,0.64582,0.64585,0.64563,0.64566
07:35:35,0.64566,0.64579,0.64566,0.64579
07:35:40,0.64558,0.64577,0.64558,0.64577
07:35:45,0.64577,0.64582,0.64568,0.64569
07:35:50,0.64569,0.64574,0.64558,0.64558
07:35:55,0.64555,0.64564,0.64555,0.64555
07:36:00,0.64565,0.64594,0.64565,0.64585
07:36:05,0.64585,0.64591,0.64585,0.64586
07:36:10,0.64586,0.6459,0.64578,0.64578
07:36:15,0.64581,0.64581,0.64574,0.64576
07:36:20,0.64569,0.64586,0.64561,0.64586
07:36:25,0.64586,0.64586,0.64572,0.64572
07:36:30,0.64572,0.64576,0.64562,0.64572
07:36:35,0.64572,0.64575,0.64546,0.64549
07:36:40,0.64546,0.64556,0.64546,0.64556
07:36:45,0.64556,0.64558,0.64512,0.64512
07:36:50,0.64512,0.64517,0.64509,0.64509
07:36:55,0.64509,0.64527,0.64509,0.64527
07:37:00,0.64527,0.64541,0.64522,0.64541
07:37:05,0.64541,0.64541,0.64531,0.64539
07:37:10,0.64539,0.64566,0.64539,0.64566
07:37:15,0.64563,0.64591,0.64563,0.64591
07:37:20,0.64591,0.64594,0.64578,0.64582
07:37:25,0.64582,0.64594,0.64576,0.64578
07:37:30,0.64576,0.64627,0.64576,0.64627
07:37:35,0.64627,0.64627,0.64617,0.64623
07:37:40,0.64627,0.6463,0.6462,0.6462
07:37:45,0.6462,0.64637,0.64617,0.64637
07:37:50,0.64634,0.64635,0.64629,0.64635
07:37:55,0.64639,0.64664,0.64634,0.64659
07:38:00,0.64663,0.64663,0.64656,0.64663
07:38:05,0.64665,0.64665,0.64652,0.64655
07:38:10,0.6465,0.6465,0.64635,0.64639
07:38:15,0.64639,0.64645,0.64628,0.64633
07:38:20,0.64633,0.64633,0.64615,0.64628
07:38:25,0.64632,0.64632,0.64617,0.64617
07:38:30,0.64617,0.64617,0.64607,0.64612
07:38:35,0.64612,0.6463,0.64612,0.64624
07:38:40,0.64624,0.64627,0.64622,0.64627
07:38:45,0.64622,0.64627,0.64617,0.64619
07:38:50,0.64624,0.64628,0.6462,0.64625
07:38:55,0.64625,0.64636,0.64615,0.64618
07:39:00,0.64613,0.64621,0.64608,0.64621
07:39:05,0.64625,0.64625,0.64601,0.6462
07:39:10,0.64617,0.64624,0.64602,0.64624
07:39:15,0.64624,0.64632,0.64622,0.64622
07:39:20,0.64619,0.64619,0.64594,0.64594
07:39:25,0.64594,0.64595,0.64591,0.64595
07:39:30,0.64592,0.64602,0.64586,0.64602
07:39:35,0.64602,0.64604,0.64594,0.64604
07:39:40,0.64601,0.64616,0.64601,0.64616
07:39:45,0.64616,0.64635,0.64604,0.64635
07:39:50,0.64635,0.64635,0.64627,0.64627
07:39:55,0.64627,0.64632,0.64627,0.64632
07:40:00,0.64632,0.64632,0.64617,0.64617
07:40:05,0.64617,0.64617,0.64607,0.64609
07:40:10,0.64609,0.64634,0.64606,0.64634
07:40:15,0.64634,0.64634,0.64616,0.64616
07:40:20,0.64624,0.64624,0.64609,0.64609
07:40:25,0.64606,0.64608,0.64598,0.64602
07:40:30,0.646,0.64605,0.64599,0.64602
07:40:35,0.64602,0.64604,0.64569,0.64578
07:40:40,0.64572,0.64574,0.64572,0.64574
07:40:45,0.64574,0.64582,0.64574,0.64577
07:40:50,0.64571,0.64633,0.64571,0.64633
07:40:55,0.64633,0.64634,0.64619,0.64619
07:41:00,0.64626,0.64626,0.64614,0.64614
07:41:05,0.64619,0.64619,0.64595,0.64595
07:41:10,0.64595,0.64602,0.64595,0.64598
07:41:15,0.64598,0.64602,0.64588,0.64602
07:41:20,0.64616,0.64622,0.64616,0.64616
07:41:25,0.64616,0.64626,0.64616,0.64623
07:41:30,0.6462,0.64626,0.64619,0.64619
07:41:35,0.64619,0.64626,0.64619,0.64626
07:41:40,0.64626,0.64644,0.64617,0.64617
07:41:45,0.64611,0.64612,0.64586,0.64589
07:41:50,0.64589,0.64595,0.64582,0.64595
07:41:55,0.64595,0.646,0.64575,0.64575
07:42:00,0.64565,0.6458,0.64562,0.64573
07:42:05,0.64575,0.64575,0.64567,0.64567
07:42:10,0.64567,0.64567,0.64537,0.64541
07:42:15,0.64541,0.6456,0.64537,0.6456
07:42:20,0.6456,0.64586,0.6456,0.64586
07:42:25,0.64586,0.64612,0.64586,0.64612
07:42:30,0.64612,0.64612,0.64598,0.64598
07:42:35,0.64598,0.64601,0.64567,0.64567
07:42:40,0.64567,0.64601,0.64567,0.64582
07:42:45,0.6459,0.64596,0.64589,0.64591
07:42:50,0.64591,0.64593,0.64582,0.64588
07:42:55,0.64588,0.64588,0.64577,0.64577
07:43:00,0.64577,0.64585,0.64577,0.64585
07:43:05,0.64582,0.64582,0.64571,0.64571
07:43:10,0.64571,0.6458,0.64571,0.64576
07:43:15,0.64573,0.64585,0.64565,0.64565
07:43:20,0.64565,0.64565,0.64553,0.64553
07:43:25,0.64529,0.64545,0.64529,0.64545
07:43:30,0.6455,0.64562,0.6455,0.64562
07:43:35,0.64558,0.64584,0.64558,0.64584
07:43:40,0.64584,0.64586,0.64564,0.64564
07:43:45,0.64567,0.64575,0.6456,0.64572
07:43:50,0.64569,0.64572,0.64548,0.64551
07:43:55,0.64554,0.64554,0.64547,0.64551
07:44:00,0.64551,0.64568,0.64548,0.64562
07:44:05,0.64566,0.64573,0.64551,0.64573
07:44:10,0.64562,0.64562,0.64557,0.64557
07:44:15,0.64563,0.64566,0.6456,0.64566
07:44:20,0.64566,0.64575,0.64549,0.64549
07:44:25,0.64549,0.64549,0.64542,0.64548
07:44:30,0.64548,0.64552,0.64547,0.64548
07:44:35,0.64552,0.64552,0.64538,0.64542
07:44:40,0.64542,0.64542,0.64527,0.64529
07:44:45,0.64529,0.64538,0.64529,0.64534
07:44:50,0.64524,0.64539,0.64521,0.64539
07:44:55,0.64535,0.6456,0.64532,0.6456
07:45:00,0.6456,0.64562,0.64555,0.64555
07:45:05,0.64549,0.64553,0.64541,0.64541
07:45:10,0.64545,0.6455,0.64545,0.6455
07:45:15,0.64555,0.64558,0.64545,0.64545
07:45:20,0.64545,0.64576,0.64545,0.6457
07:45:25,0.6457,0.64571,0.6456,0.64568
07:45:30,0.64549,0.64549,0.6454,0.64543
07:45:35,0.64543,0.64543,0.64533,0.64536
07:45:40,0.64536,0.64541,0.64528,0.64528
07:45:45,0.64528,0.64532,0.64528,0.64528
07:45:50,0.64531,0.64531,0.64494,0.64494
07:45:55,0.64492,0.64527,0.64489,0.64527
07:46:00,0.64527,0.64533,0.64516,0.6452
07:46:05,0.64516,0.64542,0.64513,0.64542
07:46:10,0.64548,0.64548,0.64519,0.64535
07:46:15,0.64538,0.64546,0.64537,0.64546
07:46:20,0.64546,0.64562,0.64544,0.64562
07:46:25,0.64562,0.64573,0.64562,0.64573
07:46:30,0.64577,0.64592,0.64577,0.64584
07:46:35,0.64584,0.64592,0.64582,0.64582
07:46:40,0.64582,0.64582,0.64573,0.64573
07:46:45,0.64573,0.64573,0.64567,0.64567
07:46:50,0.64564,0.64565,0.6456,0.64562
07:46:55,0.64562,0.64568,0.64555,0.64557
07:47:00,0.64557,0.64565,0.64554,0.64565
07:47:05,0.64565,0.64565,0.64551,0.64551
07:47:10,0.64551,0.64551,0.64539,0.64542
07:47:15,0.64542,0.6455,0.64527,0.64527
07:47:20,0.64527,0.64533,0.64521,0.64533
07:47:25,0.64533,0.64533,0.64524,0.64528
07:47:30,0.64528,0.64533,0.64524,0.64527
07:47:35,0.64527,0.64536,0.64527,0.64532
07:47:40,0.64532,0.64541,0.64532,0.64541
07:47:45,0.64541,0.64541,0.64531,0.64534
07:47:50,0.64534,0.64537,0.64531,0.64535
07:47:55,0.64515,0.64515,0.64515,0.64515
07:48:00,0.64515,0.6454,0.64515,0.64528
07:48:05,0.64528,0.64536,0.64528,0.64536
07:48:10,0.64539,0.64539,0.64528,0.64528
07:48:15,0.64533,0.6456,0.64533,0.6456
07:48:20,0.64564,0.64574,0.64564,0.6457
07:48:25,0.64576,0.64584,0.64574,0.64584
07:48:30,0.6458,0.64587,0.64576,0.64576
07:48:35,0.64576,0.64576,0.64558,0.64569
07:48:40,0.64572,0.64582,0.64565,0.64582
07:48:45,0.64582,0.64582,0.64563,0.64563
07:48:50,0.64563,0.64587,0.64563,0.64587
07:48:55,0.64584,0.64591,0.64583,0.64583
07:49:00,0.64574,0.64575,0.64572,0.64575
07:49:05,0.64575,0.64583,0.64574,0.6458
07:49:10,0.64574,0.64574,0.64561,0.64573
07:49:15,0.64567,0.64598,0.64567,0.64593
07:49:20,0.64593,0.64593,0.64584,0.64587
07:49:25,0.64587,0.6462,0.64587,0.64612
07:49:30,0.6461,0.64621,0.64603,0.64618
07:49:35,0.64623,0.64637,0.64623,0.64637
07:49:40,0.64634,0.64634,0.64624,0.64627
07:49:45,0.64627,0.64638,0.64627,0.64627
07:49:50,0.64623,0.64652,0.64623,0.64652
07:49:55,0.64652,0.6466,0.64652,0.64659
07:50:00,0.64659,0.64671,0.64659,0.64671
07:50:05,0.64671,0.64677,0.64668,0.64671
07:50:10,0.64675,0.6469,0.64673,0.6469
07:50:15,0.6469,0.64737,0.64685,0.64737
07:50:20,0.6474,0.64749,0.6474,0.64747
07:50:25,0.64747,0.64749,0.64745,0.64745
07:50:30,0.64739,0.64739,0.64732,0.64734
07:50:35,0.64734,0.64745,0.64734,0.64738
07:50:40,0.64735,0.6475,0.64732,0.64737
07:50:45,0.64737,0.64737,0.64702,0.64702
07:50:50,0.64702,0.64726,0.64694,0.64694
07:50:55,0.6471,0.6471,0.64692,0.64699
07:51:00,0.64699,0.64715,0.64696,0.64715
07:51:05,0.64715,0.64719,0.6471,0.64717
07:51:10,0.64717,0.64717,0.64711,0.64711
07:51:15,0.64708,0.64718,0.64708,0.64714
07:51:20,0.64714,0.64721,0.64714,0.64719
07:51:25,0.64719,0.64727,0.64709,0.64709
07:51:30,0.64709,0.64709,0.64684,0.64684
07:51:35,0.64688,0.64688,0.64675,0.64679
07:51:40,0.64677,0.64677,0.64671,0.64677
07:51:45,0.64677,0.6468,0.64667,0.64667
07:51:50,0.64667,0.64683,0.64661,0.64683
07:51:55,0.64686,0.64689,0.64684,0.64684
07:52:00,0.64681,0.64681,0.64663,0.64667
07:52:05,0.64667,0.64669,0.64643,0.64643
07:52:10,0.64643,0.6468,0.64643,0.6468
07:52:15,0.6468,0.6468,0.64672,0.64679
07:52:20,0.64683,0.64686,0.64683,0.64684
07:52:25,0.64684,0.64684,0.64667,0.64672
07:52:30,0.64677,0.64687,0.64674,0.64685
07:52:35,0.64685,0.64685,0.6467,0.64678
07:52:40,0.64678,0.64687,0.64673,0.64673
07:52:45,0.64673,0.64676,0.64672,0.64674
07:52:50,0.64674,0.64689,0.64669,0.64681
07:52:55,0.64681,0.64684,0.64673,0.64678
07:53:00,0.64678,0.64701,0.64678,0.64701
07:53:05,0.64701,0.64701,0.64681,0.64681
07:53:10,0.64681,0.64702,0.64681,0.64702
07:53:15,0.64702,0.64723,0.64702,0.64719
07:53:20,0.64719,0.64727,0.64709,0.64709
07:53:25,0.64709,0.64709,0.64694,0.64699
07:53:30,0.64699,0.64699,0.64679,0.64684
07:53:35,0.64689,0.64689,0.64682,0.64687
07:53:40,0.64687,0.64703,0.64681,0.64684
07:53:45,0.64689,0.64705,0.64689,0.64702
07:53:50,0.64702,0.64706,0.647,0.647
07:53:55,0.64712,0.64712,0.64701,0.6471
07:54:00,0.64704,0.6471,0.64703,0.64704
07:54:05,0.64701,0.64718,0.64701,0.64718
07:54:10,0.64718,0.64722,0.6471,0.64713
07:54:15,0.64718,0.64745,0.6471,0.64745
07:54:20,0.64748,0.6476,0.64748,0.6476
07:54:25,0.64747,0.6475,0.64732,0.64732
07:54:30,0.64732,0.64734,0.64727,0.64727
07:54:35,0.64727,0.64727,0.64717,0.64722
07:54:40,0.64722,0.64722,0.64704,0.64719
07:54:45,0.64715,0.64722,0.64715,0.64719
07:54:50,0.64719,0.64719,0.64702,0.64714
07:54:55,0.6471,0.6471,0.64701,0.64701
07:55:00,0.64701,0.64704,0.6469,0.6469
07:55:05,0.64685,0.64707,0.64685,0.64704
07:55:10,0.64704,0.64709,0.6469,0.64697
07:55:15,0.64703,0.64703,0.64678,0.64678
07:55:20,0.64672,0.64705,0.64669,0.64698
07:55:25,0.64696,0.647,0.64692,0.64698
07:55:30,0.64698,0.64704,0.64684,0.64684
07:55:35,0.64678,0.64678,0.64666,0.64666
07:55:40,0.64666,0.6468,0.64666,0.64675
07:55:45,0.64675,0.64675,0.64669,0.64669
07:55:50,0.64669,0.64695,0.64669,0.64695
07:55:55,0.64695,0.64716,0.64695,0.64705
07:56:00,0.64709,0.64709,0.64689,0.64693
07:56:05,0.64696,0.64707,0.64689,0.64707
07:56:10,0.64707,0.64714,0.64702,0.64714
07:56:15,0.64718,0.64734,0.64715,0.64734
07:56:20,0.64738,0.64741,0.64732,0.64732
07:56:25,0.64726,0.64726,0.64722,0.64722
07:56:30,0.64722,0.64728,0.64722,0.64726
07:56:35,0.64726,0.64726,0.64713,0.64721
07:56:40,0.64719,0.64719,0.64704,0.64707
07:56:45,0.64707,0.64707,0.64707,0.64707
07:56:50,0.64707,0.64717,0.64707,0.64717
07:56:55,0.64717,0.64721,0.64711,0.64711
07:57:00,0.64711,0.64711,0.64696,0.64703
07:57:05,0.64703,0.64703,0.64696,0.64696
07:57:10,0.64696,0.64696,0.64673,0.64673
07:57:15,0.64673,0.64695,0.64669,0.64695
07:57:20,0.64698,0.6472,0.64698,0.64717
07:57:25,0.64717,0.64727,0.6471,0.64727
07:57:30,0.64727,0.6474,0.64724,0.6474
07:57:35,0.6474,0.64745,0.64732,0.64732
07:57:40,0.64732,0.64738,0.64732,0.64732
07:57:45,0.64732,0.64762,0.64732,0.64762
07:57:50,0.64762,0.64779,0.64762,0.64779
07:57:55,0.64779,0.64782,0.64772,0.64782
07:58:00,0.64782,0.64782,0.64755,0.64755
07:58:05,0.64755,0.64772,0.64755,0.64772
07:58:10,0.64772,0.64772,0.64755,0.64763
07:58:15,0.64763,0.64767,0.64756,0.6476
07:58:20,0.64756,0.64759,0.6474,0.6474
07:58:25,0.6474,0.64754,0.64733,0.64733
07:58:30,0.64733,0.64751,0.64733,0.64747
07:58:35,0.64747,0.64747,0.64734,0.64734
07:58:40,0.64737,0.64748,0.64733,0.64748
07:58:45,0.64748,0.64766,0.64748,0.64766
07:58:50,0.64766,0.64766,0.64759,0.64761
07:58:55,0.64761,0.64761,0.64751,0.64756
07:59:00,0.64744,0.64746,0.64737,0.64737
07:59:05,0.64734,0.64734,0.64728,0.64731
07:59:10,0.64731,0.64741,0.64729,0.64741
07:59:15,0.64741,0.64758,0.64741,0.64743
07:59:20,0.64743,0.64747,0.64731,0.64731
07:59:25,0.64731,0.64742,0.64731,0.64732
07:59:30,0.64735,0.64743,0.64735,0.64743
07:59:35,0.64747,0.64751,0.64742,0.64742
07:59:40,0.64746,0.64746,0.64719,0.6472
07:59:45,0.64717,0.64748,0.64717,0.64748
07:59:50,0.64748,0.64751,0.64748,0.64748
07:59:55,0.64755,0.6476,0.64755,0.6476
08:00:00,0.6476,0.6476,0.64738,0.64748
08:00:05,0.64736,0.64736,0.64718,0.64718
08:00:10,0.64722,0.64726,0.64701,0.6471
08:00:15,0.6471,0.64721,0.64704,0.64721
08:00:20,0.64746,0.64759,0.64746,0.64751
08:00:25,0.64751,0.64775,0.64751,0.6477
08:00:30,0.64776,0.6479,0.64776,0.64783
08:00:35,0.64783,0.64795,0.64779,0.64795
08:00:40,0.64795,0.64798,0.64794,0.64794
08:00:45,0.64794,0.64854,0.64794,0.64854
08:00:50,0.64856,0.64862,0.64856,0.64862
08:00:55,0.64862,0.64866,0.64859,0.64863
08:01:00,0.64856,0.64858,0.64852,0.64856
08:01:05,0.64849,0.64859,0.64844,0.64848
08:01:10,0.64844,0.64845,0.64839,0.64843
08:01:15,0.64843,0.6485,0.64831,0.64831
08:01:20,0.64831,0.64837,0.64831,0.64837
08:01:25,0.64835,0.64838,0.64829,0.64834
08:01:30,0.64838,0.64851,0.64834,0.64851
08:01:35,0.64851,0.64857,0.64841,0.64857
08:01:40,0.64857,0.64857,0.64845,0.64848
08:01:45,0.64845,0.64855,0.64843,0.64843
08:01:50,0.64843,0.64843,0.64832,0.64832
08:01:55,0.64832,0.64838,0.6482,0.64838
08:02:00,0.64838,0.64848,0.64838,0.64841
08:02:05,0.64836,0.64836,0.64819,0.64819
08:02:10,0.64814,0.64814,0.64793,0.64803
08:02:15,0.64803,0.64803,0.64793,0.64793
08:02:20,0.64793,0.64814,0.64791,0.64814
08:02:25,0.64814,0.64819,0.64803,0.64819
08:02:30,0.64816,0.64816,0.64809,0.64811
08:02:35,0.64811,0.64824,0.64801,0.64824
08:02:40,0.64824,0.64829,0.648,0.648
08:02:45,0.648,0.648,0.64796,0.64796
08:02:50,0.64796,0.64807,0.64789,0.64807
08:02:55,0.64807,0.64811,0.64802,0.64811
08:03:00,0.64811,0.64818,0.64803,0.64803
08:03:05,0.64799,0.64799,0.64777,0.64777
08:03:10,0.64779,0.64794,0.64779,0.64794
08:03:15,0.64799,0.64828,0.64794,0.64828
08:03:20,0.64828,0.64834,0.64828,0.64831
08:03:25,0.64828,0.64831,0.64823,0.64823
08:03:30,0.64823,0.64855,0.64823,0.64855
08:03:35,0.64855,0.64856,0.64845,0.64847
08:03:40,0.64852,0.64856,0.64829,0.64829
08:03:45,0.64826,0.64833,0.64799,0.64833
08:03:50,0.64833,0.64838,0.64799,0.64799
08:03:55,0.6479,0.64805,0.6478,0.64803
08:04:00,0.64803,0.64817,0.64803,0.64817
08:04:05,0.6482,0.64841,0.6482,0.64839
08:04:10,0.64839,0.64843,0.64829,0.64829
08:04:15,0.64826,0.64829,0.64816,0.64829
08:04:20,0.64832,0.64849,0.64828,0.64828
08:04:25,0.64823,0.64839,0.64823,0.64839
08:04:30,0.64839,0.64857,0.64837,0.64855
08:04:35,0.64849,0.64849,0.64846,0.64848
08:04:40,0.64848,0.64848,0.64805,0.64805
08:04:45,0.64805,0.64805,0.64785,0.64788
08:04:50,0.64793,0.64798,0.64782,0.64791
08:04:55,0.64791,0.64797,0.64787,0.64791
08:05:00,0.64791,0.64791,0.64784,0.6479
08:05:05,0.6479,0.64811,0.6479,0.648
08:05:10,0.648,0.64829,0.64796,0.64826
08:05:15,0.64826,0.64863,0.64826,0.64863
08:05:20,0.64863,0.64894,0.64863,0.64894
08:05:25,0.64894,0.64894,0.64885,0.64885
08:05:30,0.64878,0.64886,0.64872,0.64872
08:05:35,0.64868,0.64892,0.64868,0.64889
08:05:40,0.64889,0.649,0.64885,0.649
08:05:45,0.649,0.64908,0.649,0.64905
08:05:50,0.64905,0.64905,0.649,0.649
08:05:55,0.64903,0.64906,0.64894,0.64894
08:06:00,0.64894,0.64894,0.64851,0.64851
08:06:05,0.64851,0.64851,0.64833,0.64833
08:06:10,0.64828,0.64836,0.64823,0.64823
08:06:15,0.64821,0.64821,0.64815,0.64818
08:06:20,0.64818,0.64821,0.64804,0.64818
08:06:25,0.64818,0.64827,0.64814,0.64827
08:06:30,0.64827,0.64831,0.64815,0.64815
08:06:35,0.64819,0.64837,0.64819,0.64831
08:06:40,0.64831,0.64851,0.64827,0.64851
08:06:45,0.64851,0.64858,0.64841,0.64858
08:06:50,0.64858,0.64858,0.64851,0.64852
08:06:55,0.64852,0.64861,0.64847,0.64847
08:07:00,0.64847,0.64865,0.64847,0.64865
08:07:05,0.64865,0.64865,0.64836,0.64844
08:07:10,0.64836,0.64843,0.64834,0.64834
08:07:15,0.6483,0.64834,0.64827,0.64834
08:07:20,0.64834,0.64838,0.64831,0.64835
08:07:25,0.64835,0.64837,0.64822,0.64822
08:07:30,0.64826,0.64826,0.64826,0.64826
08:07:35,0.64826,0.64826,0.64808,0.64808
08:07:40,0.64808,0.64811,0.64794,0.64811
08:07:45,0.64811,0.64811,0.64783,0.648
08:07:50,0.64806,0.64826,0.64794,0.64826
08:07:55,0.64826,0.64829,0.64818,0.64821
08:08:00,0.64821,0.64833,0.64821,0.64828
08:08:05,0.64828,0.64828,0.64819,0.64822
08:08:10,0.6481,0.64814,0.64795,0.64795
08:08:15,0.64795,0.64818,0.64795,0.64812
08:08:20,0.64812,0.6482,0.64806,0.6482
08:08:25,0.6482,0.64828,0.64816,0.64828
08:08:30,0.64838,0.64842,0.64824,0.64833
08:08:35,0.64837,0.64839,0.64828,0.64839
08:08:40,0.64839,0.64842,0.64839,0.6484
08:08:45,0.6484,0.64849,0.64836,0.64839
08:08:50,0.64839,0.64873,0.64836,0.64873
08:08:55,0.64873,0.64877,0.64857,0.64863
08:09:00,0.64863,0.64863,0.6485,0.64853
08:09:05,0.64853,0.64856,0.64842,0.64848
08:09:10,0.64848,0.64862,0.64848,0.64852
08:09:15,0.64857,0.64874,0.64857,0.64874
08:09:20,0.64874,0.64874,0.64865,0.64868
08:09:25,0.64865,0.64865,0.64858,0.64858
08:09:30,0.64858,0.64869,0.64858,0.64869
08:09:35,0.64869,0.64895,0.64869,0.64895
08:09:40,0.6489,0.64894,0.64887,0.64894
08:09:45,0.64891,0.64919,0.64891,0.64919
08:09:50,0.64921,0.64941,0.64921,0.64941
08:09:55,0.64939,0.64946,0.64936,0.64938
08:10:00,0.64938,0.64938,0.64927,0.64927
08:10:05,0.64927,0.64933,0.64923,0.64923
08:10:10,0.64923,0.64932,0.64923,0.6493
08:10:15,0.6493,0.64935,0.6491,0.6491
08:10:20,0.64915,0.64966,0.64915,0.64966
08:10:25,0.64966,0.64966,0.64952,0.64952
08:10:30,0.64952,0.6496,0.64947,0.64947
08:10:35,0.6495,0.64961,0.6495,0.64961
08:10:40,0.64967,0.64973,0.64963,0.64963
08:10:45,0.64966,0.64966,0.64953,0.64956
08:10:50,0.64956,0.6496,0.64955,0.6496
08:10:55,0.6496,0.64974,0.6496,0.64974
08:11:00,0.64974,0.65001,0.64974,0.64994
08:11:05,0.64988,0.64992,0.64986,0.64986
08:11:10,0.64986,0.64998,0.64986,0.64994
08:11:15,0.64994,0.65018,0.64994,0.65016
08:11:20,0.65016,0.65016,0.64995,0.64995
08:11:25,0.64991,0.65005,0.64991,0.65003
08:11:30,0.65003,0.65027,0.65003,0.65018
08:11:35,0.65013,0.65013,0.65008,0.65008
08:11:40,0.64998,0.65001,0.64992,0.65001
08:11:45,0.65003,0.65013,0.64989,0.65004
08:11:50,0.65004,0.65019,0.65004,0.65016
08:11:55,0.65,0.65005,0.64988,0.64988
08:12:00,0.64984,0.64997,0.64984,0.64997
08:12:05,0.64997,0.65003,0.6499,0.65
08:12:10,0.65,0.65015,0.65,0.65014
08:12:15,0.65017,0.6503,0.65006,0.65029
08:12:20,0.65029,0.65032,0.65016,0.6502
08:12:25,0.65015,0.6502,0.6501,0.65018
08:12:30,0.65018,0.65018,0.64993,0.64999
08:12:35,0.65006,0.65025,0.65006,0.65021
08:12:40,0.65024,0.65027,0.6499,0.6499
08:12:45,0.6499,0.64991,0.64966,0.64991
08:12:50,0.64991,0.65006,0.64991,0.65006
08:12:55,0.65,0.65,0.64983,0.64986
08:13:00,0.64983,0.64997,0.6498,0.64983
08:13:05,0.64983,0.64983,0.64976,0.6498
08:13:10,0.6498,0.64989,0.64975,0.64978
08:13:15,0.64985,0.64985,0.64948,0.64955
08:13:20,0.64952,0.64952,0.64936,0.64939
08:13:25,0.64939,0.64942,0.64928,0.64935
08:13:30,0.64935,0.64939,0.64911,0.64911
08:13:35,0.64911,0.64911,0.6489,0.6489
08:13:40,0.6489,0.64896,0.64886,0.64886
08:13:45,0.64886,0.64889,0.64853,0.64853
08:13:50,0.64853,0.64874,0.64851,0.64874
08:13:55,0.64874,0.64881,0.64871,0.64881
08:14:00,0.64877,0.64887,0.64876,0.64887
08:14:05,0.64887,0.64903,0.64885,0.64897
08:14:10,0.64894,0.64897,0.64886,0.64886
08:14:15,0.64886,0.64891,0.64881,0.64889
08:14:20,0.64892,0.64903,0.64892,0.64903
08:14:25,0.64908,0.64914,0.649,0.64914
08:14:30,0.64909,0.64909,0.64896,0.64896
08:14:35,0.64896,0.64896,0.64872,0.64872
08:14:40,0.64867,0.64868,0.64861,0.64868
08:14:45,0.64868,0.64889,0.64868,0.64882
08:14:50,0.64889,0.64898,0.64877,0.64877
08:14:55,0.64877,0.64885,0.64868,0.6487
08:15:00,0.64867,0.64881,0.64864,0.64866
08:15:05,0.64866,0.64877,0.6486,0.6486
08:15:10,0.6486,0.6487,0.64849,0.64859
08:15:15,0.64859,0.64873,0.64859,0.64869
08:15:20,0.64865,0.64883,0.64865,0.64883
08:15:25,0.64883,0.64909,0.64883,0.64909
08:15:30,0.64909,0.64913,0.64903,0.64913
08:15:35,0.64913,0.6492,0.64908,0.6492
08:15:40,0.64925,0.64928,0.64918,0.64918
08:15:45,0.64918,0.64925,0.64918,0.64921
08:15:50,0.64905,0.64917,0.64903,0.64917
08:15:55,0.64917,0.64917,0.64892,0.64897
08:16:00,0.64897,0.64907,0.64884,0.64884
08:16:05,0.64884,0.649,0.64884,0.64889
08:16:10,0.64889,0.64901,0.64886,0.64892
08:16:15,0.64892,0.64892,0.64878,0.64878
08:16:20,0.64873,0.64885,0.64873,0.64879
08:16:25,0.64872,0.64876,0.64852,0.64854
08:16:30,0.64861,0.64861,0.64826,0.64826
08:16:35,0.64826,0.64835,0.64826,0.64832
08:16:40,0.64829,0.64839,0.64828,0.64836
08:16:45,0.6484,0.64848,0.64826,0.64848
08:16:50,0.64851,0.64867,0.64851,0.64853
08:16:55,0.64853,0.64856,0.64847,0.64847
08:17:00,0.64852,0.64871,0.64852,0.64871
08:17:05,0.64887,0.64887,0.64875,0.64876
08:17:10,0.6487,0.64873,0.64852,0.64852
08:17:15,0.64852,0.64852,0.64824,0.64833
08:17:20,0.64825,0.64854,0.64825,0.64853
08:17:25,0.64856,0.64856,0.64851,0.64851
08:17:30,0.64851,0.64868,0.64851,0.64868
08:17:35,0.64868,0.64868,0.64842,0.64858
08:17:40,0.64856,0.64911,0.64856,0.64911
08:17:45,0.64907,0.64907,0.64903,0.64903
08:17:50,0.64903,0.64916,0.64903,0.64916
08:17:55,0.64916,0.64924,0.64915,0.64915
08:18:00,0.64915,0.64923,0.64895,0.64895
08:18:05,0.64895,0.64895,0.64874,0.64874
08:18:10,0.64874,0.64891,0.64874,0.64891
08:18:15,0.64891,0.6492,0.64891,0.64918
08:18:20,0.64918,0.64949,0.64914,0.64944
08:18:25,0.64944,0.64944,0.64914,0.64928
08:18:30,0.64928,0.64931,0.64922,0.64922
08:18:35,0.64922,0.64932,0.64916,0.64919
08:18:40,0.64915,0.64915,0.64888,0.64888
08:18:45,0.64883,0.64883,0.64872,0.64872
08:18:50,0.64872,0.64872,0.64863,0.6487
08:18:55,0.6487,0.64887,0.6487,0.64878
08:19:00,0.64878,0.64883,0.64873,0.64873
08:19:05,0.64861,0.64894,0.64861,0.64894
08:19:10,0.64894,0.64915,0.64891,0.64902
08:19:15,0.64902,0.64902,0.64877,0.64891
08:19:20,0.64891,0.64892,0.64882,0.64889
08:19:25,0.64885,0.64894,0.64861,0.64861
08:19:30,0.64855,0.64859,0.64848,0.64858
08:19:35,0.64864,0.64864,0.64836,0.64836
08:19:40,0.64839,0.64841,0.6483,0.64841
08:19:45,0.64841,0.64854,0.64839,0.64854
08:19:50,0.6485,0.6485,0.64801,0.64801
08:19:55,0.64801,0.64801,0.6479,0.64796
08:20:00,0.64796,0.64805,0.64792,0.64805
08:20:05,0.64802,0.64802,0.64776,0.64776
08:20:10,0.6478,0.64798,0.6478,0.64798
08:20:15,0.64798,0.64805,0.64798,0.64805
08:20:20,0.64805,0.64815,0.64804,0.64804
08:20:25,0.64804,0.64812,0.64804,0.64812
08:20:30,0.64819,0.6484,0.64819,0.6484
08:20:35,0.64843,0.64857,0.64841,0.64854
08:20:40,0.64854,0.64858,0.64851,0.64856
08:20:45,0.64856,0.64861,0.64853,0.64861
08:20:50,0.64855,0.649,0.64855,0.649
08:20:55,0.649,0.64907,0.64895,0.64895
08:21:00,0.64895,0.64901,0.64881,0.64885
08:21:05,0.64885,0.64891,0.64882,0.64885
08:21:10,0.64888,0.649,0.64888,0.649
08:21:15,0.649,0.64901,0.64891,0.64901
08:21:20,0.64901,0.64901,0.64895,0.64899
08:21:25,0.64897,0.64897,0.64886,0.64886
08:21:30,0.64883,0.64883,0.64865,0.64865
08:21:35,0.64865,0.64869,0.64865,0.64869
08:21:40,0.64869,0.64889,0.64869,0.64889
08:21:45,0.64895,0.64909,0.64895,0.64903
08:21:50,0.64906,0.64929,0.64906,0.64925
08:21:55,0.64917,0.64917,0.649,0.64911
08:22:00,0.64911,0.64911,0.649,0.64903
08:22:05,0.64906,0.64916,0.64906,0.64916
08:22:10,0.64916,0.64916,0.649,0.649
08:22:15,0.649,0.649,0.64881,0.64881
08:22:20,0.64881,0.64889,0.64875,0.64881
08:22:25,0.64884,0.64896,0.6488,0.6489
08:22:30,0.64903,0.64911,0.64896,0.64897
08:22:35,0.64894,0.64894,0.64878,0.64878
08:22:40,0.64878,0.649,0.64878,0.64888
08:22:45,0.64888,0.64892,0.64881,0.64892
08:22:50,0.64896,0.64927,0.64892,0.64927
08:22:55,0.64927,0.64944,0.64924,0.64944
08:23:00,0.64944,0.64944,0.64933,0.64939
08:23:05,0.64942,0.64942,0.64908,0.64922
08:23:10,0.64922,0.64923,0.64915,0.6492
08:23:15,0.6492,0.64927,0.6491,0.64927
08:23:20,0.64927,0.64932,0.64924,0.6493
08:23:25,0.6493,0.6493,0.64912,0.64913
08:23:30,0.6491,0.6491,0.64878,0.64885
08:23:35,0.64894,0.64903,0.64885,0.64885
08:23:40,0.64885,0.64888,0.64871,0.64871
08:23:45,0.64871,0.6488,0.64871,0.6488
08:23:50,0.64882,0.64903,0.64882,0.64903
08:23:55,0.64903,0.64915,0.64899,0.6491
08:24:00,0.6491,0.64912,0.64898,0.64912
08:24:05,0.64912,0.64919,0.64907,0.64916
08:24:10,0.64913,0.64921,0.64913,0.6492
08:24:15,0.6492,0.6492,0.64911,0.64911
08:24:20,0.64911,0.64923,0.64911,0.64912
08:24:25,0.64912,0.64925,0.64912,0.64921
08:24:30,0.64918,0.64919,0.64905,0.64916
08:24:35,0.64916,0.64918,0.64909,0.64917
08:24:40,0.64915,0.64922,0.64915,0.64921
08:24:45,0.64917,0.6492,0.64915,0.64915
08:24:50,0.64911,0.64919,0.64892,0.64901
08:24:55,0.64894,0.64907,0.64894,0.64907
08:25:00,0.64907,0.64912,0.64901,0.64912
08:25:05,0.64912,0.64912,0.64909,0.6491
08:25:10,0.64907,0.6491,0.64907,0.6491
08:25:15,0.6491,0.64929,0.64908,0.64929
08:25:20,0.64936,0.64942,0.64936,0.64942
08:25:25,0.64942,0.64942,0.64931,0.64931
08:25:30,0.64927,0.64927,0.64919,0.64927
08:25:35,0.64927,0.64934,0.64926,0.6493
08:25:40,0.6493,0.6493,0.64916,0.64916
08:25:45,0.64916,0.64926,0.6491,0.64926
08:25:50,0.64923,0.6494,0.64923,0.64933
08:25:55,0.64933,0.64936,0.6493,0.64933
08:26:00,0.64933,0.64933,0.64924,0.64924
08:26:05,0.64924,0.64938,0.64922,0.64929
08:26:10,0.64929,0.64929,0.64894,0.64901
08:26:15,0.64901,0.64904,0.64895,0.649
08:26:20,0.649,0.649,0.6489,0.6489
08:26:25,0.6489,0.64904,0.64887,0.64902
08:26:30,0.64887,0.64887,0.64872,0.64875
08:26:35,0.64877,0.64883,0.64876,0.64883
08:26:40,0.64883,0.64891,0.64883,0.64886
08:26:45,0.64886,0.64894,0.64875,0.64891
08:26:50,0.64891,0.64895,0.64879,0.64879
08:26:55,0.64879,0.64892,0.64876,0.64889
08:27:00,0.64887,0.64896,0.64869,0.64896
08:27:05,0.64896,0.64903,0.64887,0.64902
08:27:10,0.64893,0.64893,0.64875,0.64885
08:27:15,0.64885,0.64898,0.64885,0.64895
08:27:20,0.64895,0.64898,0.64875,0.64878
08:27:25,0.64878,0.6489,0.64878,0.64886
08:27:30,0.64891,0.64894,0.64886,0.64886
08:27:35,0.64883,0.64893,0.64883,0.64887
08:27:40,0.64887,0.649,0.64887,0.649
08:27:45,0.649,0.64909,0.64896,0.64909
08:27:50,0.64909,0.64927,0.649,0.64927
08:27:55,0.64927,0.64931,0.64924,0.64931
08:28:00,0.64925,0.64925,0.64894,0.64895
08:28:05,0.64895,0.64907,0.64886,0.64886
08:28:10,0.64886,0.64886,0.64858,0.64868
08:28:15,0.64864,0.64864,0.64835,0.64835
08:28:20,0.64835,0.64847,0.64833,0.64844
08:28:25,0.64844,0.64847,0.64829,0.64829
08:28:30,0.64829,0.64839,0.64817,0.64836
08:28:35,0.64836,0.64864,0.64836,0.64864
08:28:40,0.64864,0.6488,0.64861,0.64879
08:28:45,0.64879,0.64882,0.64874,0.64876
08:28:50,0.64876,0.64894,0.64876,0.64894
08:28:55,0.64894,0.6491,0.64894,0.6491
08:29:00,0.6491,0.64923,0.64892,0.64892
08:29:05,0.64892,0.64917,0.64892,0.64917
08:29:10,0.64917,0.64929,0.64914,0.64929
08:29:15,0.64929,0.64929,0.649,0.649
08:29:20,0.64896,0.64897,0.64893,0.64897
08:29:25,0.64897,0.64897,0.64874,0.64883
08:29:30,0.64883,0.64888,0.64881,0.64886
08:29:35,0.64886,0.64896,0.64886,0.64894
08:29:40,0.64898,0.64902,0.64893,0.64898
08:29:45,0.64898,0.64918,0.64894,0.64918
08:29:50,0.64918,0.64918,0.64889,0.64889
08:29:55,0.64889,0.64889,0.6488,0.64888
08:30:00,0.64888,0.64893,0.64882,0.64882
08:30:05,0.64888,0.64888,0.64883,0.64886
08:30:10,0.64886,0.64935,0.64886,0.64935
08:30:15,0.64938,0.64975,0.64938,0.64965
08:30:20,0.64965,0.64965,0.64958,0.64958
08:30:25,0.64953,0.65001,0.64953,0.64998
08:30:30,0.64998,0.64998,0.64971,0.64971
08:30:35,0.64971,0.64971,0.64963,0.64969
08:30:40,0.64969,0.64979,0.64969,0.64979
08:30:45,0.64979,0.64982,0.6497,0.6497
08:30:50,0.6497,0.64982,0.64967,0.64979
08:30:55,0.64979,0.64992,0.64975,0.64991
08:31:00,0.64995,0.64995,0.64987,0.64987
08:31:05,0.64987,0.65001,0.6498,0.64998
08:31:10,0.64998,0.64998,0.6498,0.6498
08:31:15,0.64976,0.6498,0.64965,0.64968
08:31:20,0.64968,0.64981,0.64968,0.64978
08:31:25,0.64981,0.64981,0.64968,0.64971
08:31:30,0.64971,0.64971,0.64962,0.64965
08:31:35,0.64965,0.64965,0.64944,0.64944
08:31:40,0.64944,0.64944,0.64929,0.64932
08:31:45,0.64932,0.64943,0.64932,0.64943
08:31:50,0.64943,0.64957,0.64931,0.64931
08:31:55,0.64934,0.64972,0.64934,0.64972
08:32:00,0.64961,0.64965,0.64954,0.64956
08:32:05,0.64953,0.64959,0.64951,0.64959
08:32:10,0.64959,0.64964,0.64952,0.64964
08:32:15,0.64964,0.64974,0.64964,0.64974
08:32:20,0.64974,0.6498,0.64966,0.6498
08:32:25,0.6498,0.6498,0.6497,0.6497
08:32:30,0.6497,0.64976,0.64947,0.64947
08:32:35,0.64947,0.64949,0.64922,0.64922
08:32:40,0.64922,0.6493,0.64922,0.6493
08:32:45,0.6493,0.64933,0.64902,0.64907
08:32:50,0.64907,0.64907,0.64895,0.649
08:32:55,0.649,0.649,0.64891,0.649
08:33:00,0.649,0.64906,0.64899,0.64901
08:33:05,0.64901,0.64901,0.64891,0.64891
08:33:10,0.64891,0.64903,0.64888,0.64903
08:33:15,0.64903,0.64915,0.64901,0.64901
08:33:20,0.64901,0.64908,0.64901,0.64907
08:33:25,0.64907,0.64911,0.64898,0.64911
08:33:30,0.64911,0.64911,0.64887,0.64899
08:33:35,0.64899,0.64901,0.64889,0.64889
08:33:40,0.64871,0.64883,0.64871,0.6488
08:33:45,0.64872,0.64872,0.64855,0.64864
08:33:50,0.64864,0.64864,0.6485,0.64855
08:33:55,0.64855,0.64858,0.64838,0.64841
08:34:00,0.64843,0.64863,0.6484,0.64863
08:34:05,0.6487,0.64875,0.6487,0.64875
08:34:10,0.64875,0.64875,0.64862,0.64862
08:34:15,0.64862,0.64862,0.64852,0.64861
08:34:20,0.64864,0.64864,0.64849,0.64854
08:34:25,0.64857,0.64857,0.64839,0.64844
08:34:30,0.64844,0.64853,0.64841,0.64853
08:34:35,0.64853,0.64861,0.64851,0.64854
08:34:40,0.64858,0.6488,0.64851,0.6488
08:34:45,0.6488,0.64884,0.64873,0.64873
08:34:50,0.64873,0.64876,0.64868,0.64871
08:34:55,0.64871,0.649,0.64871,0.64898
08:35:00,0.64898,0.64898,0.64885,0.64885
08:35:05,0.64882,0.64892,0.64882,0.64888
08:35:10,0.64888,0.64888,0.64878,0.64878
08:35:15,0.64881,0.64886,0.64878,0.64882
08:35:20,0.64882,0.64929,0.64882,0.6492
08:35:25,0.6492,0.6492,0.64902,0.64908
08:35:30,0.64908,0.64913,0.64899,0.64899
08:35:35,0.64882,0.64882,0.64868,0.64868
08:35:40,0.64871,0.64871,0.64867,0.64867
08:35:45,0.64869,0.64869,0.64859,0.64861
08:35:50,0.64855,0.64874,0.64855,0.64874
08:35:55,0.64874,0.64891,0.64874,0.64886
08:36:00,0.64886,0.64886,0.64876,0.64876
08:36:05,0.64876,0.64885,0.64864,0.64864
08:36:10,0.64864,0.64864,0.64849,0.64854
08:36:15,0.64846,0.64846,0.64834,0.64834
08:36:20,0.64834,0.64844,0.64834,0.6484
08:36:25,0.64842,0.64846,0.64832,0.64832
08:36:30,0.64832,0.64833,0.64827,0.64827
08:36:35,0.64823,0.64825,0.64819,0.64824
08:36:40,0.64824,0.64835,0.64823,0.64823
08:36:45,0.64806,0.6483,0.64799,0.6483
08:36:50,0.6483,0.64846,0.6483,0.64846
08:36:55,0.64846,0.64846,0.6477,0.6477
08:37:00,0.6477,0.6477,0.64759,0.64759
08:37:05,0.64757,0.64766,0.64744,0.64744
08:37:10,0.64739,0.64741,0.64722,0.64722
08:37:15,0.6472,0.64762,0.6472,0.64762
08:37:20,0.64762,0.64765,0.64759,0.64763
08:37:25,0.64769,0.64775,0.64765,0.64765
08:37:30,0.64768,0.64772,0.64761,0.64761
08:37:35,0.64756,0.64761,0.64748,0.64749
08:37:40,0.64749,0.64758,0.64746,0.64758
08:37:45,0.64758,0.6476,0.64744,0.64744
08:37:50,0.64744,0.64746,0.64744,0.64746
08:37:55,0.64751,0.64751,0.64742,0.64744
08:38:00,0.64744,0.64756,0.64744,0.64749
08:38:05,0.64752,0.64758,0.6475,0.64754
08:38:10,0.64754,0.64772,0.64754,0.64771
08:38:15,0.64773,0.64778,0.64768,0.64772
08:38:20,0.64772,0.64792,0.64771,0.64792
08:38:25,0.64789,0.64814,0.64789,0.64814
08:38:30,0.64808,0.64829,0.64808,0.64819
08:38:35,0.64819,0.64827,0.64819,0.6482
08:38:40,0.6482,0.64821,0.64814,0.64816
08:38:45,0.64812,0.64825,0.64812,0.64825
08:38:50,0.64841,0.64851,0.64841,0.64851
08:38:55,0.64851,0.64851,0.64842,0.64842
08:39:00,0.64842,0.64861,0.64842,0.64853
08:39:05,0.64849,0.64852,0.64842,0.64849
08:39:10,0.64854,0.64877,0.64854,0.64874
08:39:15,0.64874,0.64881,0.64874,0.64878
08:39:20,0.64878,0.64878,0.64868,0.64872
08:39:25,0.64872,0.64876,0.64863,0.64863
08:39:30,0.64866,0.64881,0.64858,0.64877
08:39:35,0.64877,0.64886,0.64876,0.64883
08:39:40,0.64883,0.64883,0.64844,0.64844
08:39:45,0.64844,0.64844,0.64823,0.64834
08:39:50,0.64834,0.64836,0.64829,0.64836
08:39:55,0.64836,0.64856,0.64836,0.64845
08:40:00,0.64845,0.64856,0.64838,0.64838
08:40:05,0.64829,0.64835,0.64829,0.6483
08:40:10,0.6483,0.6483,0.64809,0.64809
08:40:15,0.64809,0.64813,0.64784,0.64784
08:40:20,0.64784,0.64801,0.64779,0.64801
08:40:25,0.64801,0.64804,0.6479,0.6479
08:40:30,0.6479,0.64801,0.6479,0.64798
08:40:35,0.64803,0.64808,0.64793,0.64793
08:40:40,0.64793,0.64806,0.64793,0.64798
08:40:45,0.64798,0.64798,0.64778,0.64786
08:40:50,0.6478,0.6478,0.64736,0.64738
08:40:55,0.64738,0.6474,0.64716,0.64719
08:41:00,0.64719,0.64734,0.64719,0.64734
08:41:05,0.64734,0.6474,0.6472,0.6472
08:41:10,0.64725,0.64731,0.64725,0.64727
08:41:15,0.64727,0.64727,0.64708,0.64708
08:41:20,0.64708,0.64722,0.64703,0.64722
08:41:25,0.64722,0.64722,0.64685,0.6469
08:41:30,0.64688,0.64707,0.64688,0.64694
08:41:35,0.64694,0.64694,0.64682,0.64682
08:41:40,0.64682,0.64688,0.64674,0.64688
08:41:45,0.64684,0.64707,0.6468,0.64707
08:41:50,0.6471,0.64718,0.6471,0.64718
08:41:55,0.64723,0.64723,0.6471,0.6471
08:42:00,0.64703,0.64706,0.64693,0.64693
08:42:05,0.64693,0.647,0.64693,0.647
08:42:10,0.64698,0.64725,0.64698,0.64725
08:42:15,0.64723,0.64738,0.64723,0.64735
08:42:20,0.64735,0.64756,0.64735,0.64756
08:42:25,0.64751,0.64754,0.64745,0.64745
08:42:30,0.64742,0.64742,0.64732,0.64732
08:42:35,0.64729,0.6474,0.64729,0.64731
08:42:40,0.64734,0.64735,0.64724,0.64727
08:42:45,0.64727,0.64746,0.6472,0.64742
08:42:50,0.64744,0.64751,0.64733,0.64733
08:42:55,0.64733,0.64738,0.64729,0.64732
08:43:00,0.64727,0.64743,0.64727,0.6474
08:43:05,0.6474,0.64751,0.6474,0.64747
08:43:10,0.64729,0.64735,0.64729,0.64735
08:43:15,0.64735,0.64746,0.64735,0.64741
08:43:20,0.64738,0.64738,0.64725,0.64738
08:43:25,0.64738,0.64743,0.64732,0.64743
08:43:30,0.64739,0.64746,0.64739,0.64742
08:43:35,0.64747,0.64747,0.64729,0.64729
08:43:40,0.64724,0.64738,0.64724,0.64738
08:43:45,0.64738,0.6475,0.64738,0.64742
08:43:50,0.64746,0.64759,0.64743,0.64759
08:43:55,0.64762,0.64771,0.64753,0.64753
08:44:00,0.64753,0.64755,0.64749,0.64752
08:44:05,0.64752,0.64758,0.64749,0.64754
08:44:10,0.6475,0.6475,0.64716,0.64719
08:44:15,0.64717,0.64729,0.64706,0.64713
08:44:20,0.64692,0.6471,0.64688,0.64702
08:44:25,0.64702,0.64715,0.64702,0.64715
08:44:30,0.6471,0.6474,0.6471,0.64736
08:44:35,0.64739,0.64739,0.64717,0.64729
08:44:40,0.64729,0.64741,0.64721,0.6474
08:44:45,0.6474,0.6474,0.64721,0.64725
08:44:50,0.64729,0.64742,0.64725,0.6473
08:44:55,0.64726,0.64751,0.64722,0.64751
08:45:00,0.64751,0.64751,0.64715,0.64723
08:45:05,0.64723,0.64756,0.64723,0.64756
08:45:10,0.64756,0.6479,0.64754,0.6479
08:45:15,0.64787,0.64787,0.64758,0.64758
08:45:20,0.6475,0.64761,0.6475,0.64756
08:45:25,0.64756,0.64759,0.64752,0.64756
08:45:30,0.64756,0.64777,0.64756,0.64772
08:45:35,0.64775,0.64775,0.64767,0.64767
08:45:40,0.64763,0.64807,0.64763,0.64807
08:45:45,0.64807,0.64807,0.648,0.64802
08:45:50,0.64802,0.64802,0.64779,0.64782
08:45:55,0.64782,0.64788,0.64782,0.64784
08:46:00,0.64784,0.6479,0.64762,0.64762
08:46:05,0.64762,0.64774,0.64762,0.64771
08:46:10,0.64771,0.64774,0.64758,0.64761
08:46:15,0.64758,0.64787,0.64758,0.64787
08:46:20,0.64787,0.64794,0.64785,0.64791
08:46:25,0.64791,0.64791,0.64752,0.64752
08:46:30,0.64752,0.64778,0.64752,0.64778
08:46:35,0.64784,0.64796,0.64784,0.64796
08:46:40,0.64793,0.648,0.64784,0.64787
08:46:45,0.64791,0.64791,0.64783,0.64791
08:46:50,0.64794,0.64808,0.64794,0.64808
08:46:55,0.64808,0.64809,0.64801,0.64801
08:47:00,0.64797,0.64801,0.64792,0.64793
08:47:05,0.64793,0.64836,0.64793,0.64836
08:47:10,0.64836,0.64836,0.64804,0.64804
08:47:15,0.64807,0.64835,0.64807,0.6483
08:47:20,0.64825,0.64825,0.64802,0.64818
08:47:25,0.64824,0.64836,0.64824,0.6483
08:47:30,0.64828,0.64828,0.6479,0.6479
08:47:35,0.6479,0.64798,0.64789,0.64798
08:47:40,0.64792,0.64802,0.64775,0.64775
08:47:45,0.64775,0.64779,0.64764,0.64768
08:47:50,0.64768,0.64801,0.64768,0.64781
08:47:55,0.6481,0.64822,0.6481,0.64822
08:48:00,0.64822,0.6484,0.64822,0.6484
08:48:05,0.64843,0.64849,0.64834,0.64842
08:48:10,0.64848,0.64856,0.64848,0.64856
08:48:15,0.64856,0.64867,0.64856,0.64864
08:48:20,0.64874,0.64892,0.64868,0.64875
08:48:25,0.64877,0.64889,0.64877,0.64883
08:48:30,0.64894,0.64894,0.64882,0.64894
08:48:35,0.64889,0.64889,0.64884,0.64884
08:48:40,0.64884,0.64896,0.64884,0.64894
08:48:45,0.64894,0.64904,0.64891,0.64904
08:48:50,0.64904,0.64916,0.64904,0.64916
08:48:55,0.64916,0.64916,0.64906,0.64906
08:49:00,0.64902,0.64908,0.64895,0.64904
08:49:05,0.64904,0.6491,0.64898,0.64905
08:49:10,0.64905,0.64906,0.64901,0.64905
08:49:15,0.64902,0.64931,0.64902,0.64931
08:49:20,0.6493,0.6493,0.64925,0.64925
08:49:25,0.64922,0.64929,0.64908,0.64908
08:49:30,0.64908,0.64912,0.64905,0.64905
08:49:35,0.64905,0.64905,0.64894,0.64894
08:49:40,0.64894,0.64902,0.64887,0.64887
08:49:45,0.64887,0.64899,0.64887,0.64889
08:49:50,0.64889,0.64894,0.64887,0.64887
08:49:55,0.64887,0.64892,0.64887,0.64892
08:50:00,0.64892,0.64892,0.64867,0.64871
08:50:05,0.64871,0.64871,0.64862,0.64871
08:50:10,0.64871,0.64882,0.64871,0.64882
08:50:15,0.64882,0.64892,0.64878,0.64884
08:50:20,0.64884,0.64884,0.64868,0.64875
08:50:25,0.64875,0.64875,0.64848,0.64848
08:50:30,0.64848,0.64848,0.64827,0.64836
08:50:35,0.64836,0.64857,0.64836,0.64857
08:50:40,0.64857,0.64885,0.64857,0.64881
08:50:45,0.64881,0.64884,0.6487,0.6487
08:50:50,0.6487,0.6488,0.6487,0.6488
08:50:55,0.6488,0.64885,0.64875,0.64885
08:51:00,0.64885,0.6489,0.64876,0.64876
08:51:05,0.64874,0.64891,0.64874,0.64888
08:51:10,0.64888,0.64897,0.64888,0.64896
08:51:15,0.64896,0.64907,0.64893,0.64907
08:51:20,0.64921,0.64927,0.64912,0.64927
08:51:25,0.64927,0.64948,0.64927,0.64947
08:51:30,0.64947,0.64959,0.64947,0.64957
08:51:35,0.64957,0.64959,0.64946,0.64946
08:51:40,0.64946,0.64965,0.64946,0.64965
08:51:45,0.64965,0.64968,0.64944,0.64944
08:51:50,0.64944,0.64944,0.64938,0.64939
08:51:55,0.64939,0.64978,0.64939,0.64978
08:52:00,0.64978,0.64988,0.64976,0.64981
08:52:05,0.64981,0.64981,0.64976,0.64976
08:52:10,0.64976,0.64979,0.64972,0.64979
08:52:15,0.64979,0.64986,0.64979,0.64986
08:52:20,0.64982,0.64982,0.64972,0.64976
08:52:25,0.6498,0.6499,0.64966,0.64966
08:52:30,0.64966,0.64983,0.64965,0.64978
08:52:35,0.64978,0.6501,0.64978,0.65008
08:52:40,0.64979,0.64979,0.64979,0.64979
08:52:45,0.6497,0.64973,0.64959,0.64961
08:52:50,0.64961,0.64965,0.64942,0.64942
08:52:55,0.6494,0.6494,0.64913,0.64913
08:53:00,0.64931,0.64947,0.6493,0.64947
08:53:05,0.64925,0.64925,0.64918,0.64918
08:53:10,0.64911,0.64917,0.64911,0.64913
08:53:15,0.6491,0.6491,0.64895,0.64907
08:53:20,0.64907,0.64907,0.649,0.649
08:53:25,0.649,0.64902,0.64896,0.64896
08:53:30,0.64896,0.64903,0.64892,0.64895
08:53:35,0.64892,0.64896,0.64891,0.64896
08:53:40,0.64896,0.64903,0.64896,0.64899
08:53:45,0.64902,0.64905,0.64896,0.64905
08:53:50,0.64911,0.64919,0.64911,0.64918
08:53:55,0.64918,0.6495,0.64918,0.64943
08:54:00,0.64943,0.64943,0.6494,0.6494
08:54:05,0.64945,0.64945,0.64913,0.64917
08:54:10,0.64917,0.6493,0.64912,0.64912
08:54:15,0.64912,0.64914,0.64907,0.64907
08:54:20,0.64907,0.64924,0.64906,0.64906
08:54:25,0.64906,0.64906,0.64899,0.64902
08:54:30,0.64923,0.64927,0.6492,0.64927
08:54:35,0.64927,0.64943,0.64927,0.64943
08:54:40,0.64943,0.64946,0.64937,0.64946
08:54:45,0.64943,0.6495,0.64943,0.64943
08:54:50,0.64943,0.64953,0.64933,0.64953
08:54:55,0.64953,0.6497,0.6495,0.6497
08:55:00,0.6497,0.6497,0.64952,0.64956
08:55:05,0.64956,0.64961,0.6495,0.64957
08:55:10,0.64957,0.64957,0.6494,0.64948
08:55:15,0.64948,0.64948,0.64914,0.6492
08:55:20,0.6492,0.64943,0.6492,0.64943
08:55:25,0.64943,0.64943,0.64933,0.64933
08:55:30,0.64933,0.6494,0.64929,0.64935
08:55:35,0.64935,0.64935,0.64918,0.64927
08:55:40,0.64927,0.64927,0.64908,0.64908
08:55:45,0.64908,0.64909,0.64901,0.64904
08:55:50,0.64904,0.64906,0.64897,0.64906
08:55:55,0.64906,0.64926,0.64899,0.64899
08:56:00,0.64899,0.64914,0.64897,0.64914
08:56:05,0.64911,0.64914,0.6491,0.64913
08:56:10,0.6491,0.6491,0.64903,0.64903
08:56:15,0.64903,0.64917,0.64902,0.64905
08:56:20,0.64905,0.64905,0.64895,0.64899
08:56:25,0.64906,0.64921,0.64896,0.64912
08:56:30,0.64912,0.64925,0.64912,0.64925
08:56:35,0.64925,0.64937,0.64925,0.64934
08:56:40,0.64934,0.64934,0.64917,0.64921
08:56:45,0.64932,0.64932,0.64928,0.64931
08:56:50,0.64931,0.64934,0.64931,0.64934
08:56:55,0.64934,0.64942,0.64934,0.64942
08:57:00,0.64942,0.64945,0.64936,0.64936
08:57:05,0.64933,0.64933,0.6492,0.6492
08:57:10,0.6492,0.64933,0.64908,0.64929
08:57:15,0.64929,0.6493,0.64925,0.64925
08:57:20,0.64925,0.64925,0.64902,0.64906
08:57:25,0.64906,0.64906,0.64895,0.64898
08:57:30,0.64903,0.64903,0.64888,0.64891
08:57:35,0.649,0.64917,0.649,0.64917
08:57:40,0.64921,0.64964,0.64921,0.64964
08:57:45,0.64951,0.64966,0.64951,0.64966
08:57:50,0.64935,0.64939,0.6493,0.6493
08:57:55,0.64925,0.64931,0.64919,0.64919
08:58:00,0.64919,0.64919,0.64878,0.64881
08:58:05,0.64877,0.64877,0.64852,0.64859
08:58:10,0.64862,0.64883,0.64862,0.64875
08:58:15,0.64878,0.64878,0.64868,0.64868
08:58:20,0.64868,0.64908,0.64868,0.64908
08:58:25,0.64908,0.64915,0.64906,0.64911
08:58:30,0.64908,0.6491,0.64891,0.64891
08:58:35,0.64891,0.64896,0.64891,0.64893
08:58:40,0.64893,0.64893,0.6488,0.6488
08:58:45,0.6488,0.64896,0.6488,0.64887
08:58:50,0.64887,0.64887,0.64872,0.64881
08:58:55,0.64881,0.64896,0.64881,0.64889
08:59:00,0.64892,0.649,0.64891,0.64894
08:59:05,0.64894,0.64894,0.64888,0.64892
08:59:10,0.64895,0.64895,0.64854,0.64857
08:59:15,0.64857,0.64857,0.64847,0.64853
08:59:20,0.64849,0.64853,0.64844,0.64848
08:59:25,0.64848,0.64851,0.64814,0.64814
08:59:30,0.64809,0.64839,0.64809,0.6483
08:59:35,0.64835,0.64838,0.64823,0.64823
08:59:40,0.64823,0.64823,0.64809,0.64809
08:59:45,0.64809,0.64809,0.64791,0.64791
08:59:50,0.64791,0.64797,0.64778,0.64778
08:59:55,0.64784,0.64789,0.64772,0.64772
09:00:00,0.64776,0.64789,0.64776,0.64786
09:00:05,0.64786,0.64795,0.64786,0.64787
09:00:10,0.64791,0.648,0.64791,0.648
09:00:15,0.648,0.648,0.64784,0.64792
09:00:20,0.64792,0.64801,0.6479,0.64801
09:00:25,0.64801,0.64809,0.64798,0.64809
09:00:30,0.64809,0.64824,0.64803,0.64803
09:00:35,0.64805,0.64809,0.64804,0.64808
09:00:40,0.64802,0.64809,0.64802,0.64808
09:00:45,0.64808,0.64808,0.64798,0.64801
09:00:50,0.64806,0.64806,0.64772,0.64772
09:00:55,0.64772,0.64778,0.6477,0.64778
09:01:00,0.64778,0.64785,0.64757,0.64766
09:01:05,0.64766,0.64766,0.64748,0.64748
09:01:10,0.64748,0.64759,0.64746,0.64746
09:01:15,0.64748,0.64756,0.64746,0.64755
09:01:20,0.64755,0.64781,0.64755,0.64781
09:01:25,0.64781,0.6479,0.64777,0.64782
09:01:30,0.64785,0.64785,0.64773,0.6478
09:01:35,0.6478,0.64793,0.64771,0.64771
09:01:40,0.64768,0.64771,0.6475,0.6475
09:01:45,0.6475,0.6475,0.64733,0.64733
09:01:50,0.64737,0.64737,0.64708,0.64708
09:01:55,0.64718,0.64721,0.64711,0.64711
09:02:00,0.64711,0.64711,0.647,0.647
09:02:05,0.647,0.647,0.6467,0.6467
09:02:10,0.6467,0.6467,0.64662,0.64662
09:02:15,0.64662,0.64668,0.64658,0.64668
09:02:20,0.64668,0.64671,0.64659,0.64671
09:02:25,0.64671,0.64676,0.64663,0.64671
09:02:30,0.64676,0.64687,0.64667,0.64687
09:02:35,0.64687,0.64691,0.64683,0.64691
09:02:40,0.64691,0.64692,0.64683,0.64683
09:02:45,0.64683,0.64716,0.64683,0.64716
09:02:50,0.64716,0.6477,0.64716,0.6477
09:02:55,0.6477,0.64773,0.64756,0.64756
09:03:00,0.64756,0.64757,0.64748,0.64757
09:03:05,0.64757,0.64778,0.64757,0.64778
09:03:10,0.64778,0.6479,0.64778,0.64785
09:03:15,0.64788,0.64788,0.64778,0.64778
09:03:20,0.64778,0.6478,0.6474,0.64744
09:03:25,0.64744,0.64754,0.64742,0.64754
09:03:30,0.6475,0.64768,0.6475,0.64766
09:03:35,0.64766,0.64798,0.64763,0.64798
09:03:40,0.64795,0.64818,0.64795,0.64815
09:03:45,0.6482,0.64837,0.64815,0.64834
09:03:50,0.64834,0.64848,0.64834,0.64836
09:03:55,0.64836,0.64837,0.64831,0.64837
09:04:00,0.64843,0.64854,0.64835,0.64854
09:04:05,0.64854,0.64854,0.64834,0.64838
09:04:10,0.64838,0.64845,0.64838,0.64842
09:04:15,0.64839,0.64842,0.64818,0.64818
09:04:20,0.64809,0.64813,0.64807,0.64807
09:04:25,0.6481,0.64816,0.64809,0.64812
09:04:30,0.64812,0.64825,0.64812,0.64818
09:04:35,0.64824,0.6483,0.64811,0.64821
09:04:40,0.64821,0.64833,0.64821,0.64833
09:04:45,0.64829,0.64829,0.64805,0.64805
09:04:50,0.64805,0.64806,0.64799,0.64799
09:04:55,0.64799,0.64802,0.64795,0.64795
09:05:00,0.64798,0.64809,0.64798,0.64809
09:05:05,0.64813,0.64823,0.64813,0.64823
09:05:10,0.64823,0.64829,0.6481,0.6481
09:05:15,0.6481,0.64817,0.64803,0.64817
09:05:20,0.64827,0.64843,0.64827,0.64843
09:05:25,0.64849,0.64857,0.64844,0.64852
09:05:30,0.64852,0.64852,0.64839,0.64839
09:05:35,0.6483,0.64836,0.64819,0.64819
09:05:40,0.64819,0.64822,0.64804,0.64804
09:05:45,0.64804,0.64804,0.64786,0.64786
09:05:50,0.64786,0.64795,0.64786,0.64795
09:05:55,0.64795,0.64802,0.64788,0.64802
09:06:00,0.64802,0.64811,0.64802,0.64811
09:06:05,0.64811,0.64811,0.64796,0.64798
09:06:10,0.64798,0.64829,0.64794,0.64821
09:06:15,0.64817,0.64832,0.64807,0.64821
09:06:20,0.64817,0.64817,0.64807,0.64807
09:06:25,0.64813,0.64819,0.6481,0.64819
09:06:30,0.64819,0.64835,0.64819,0.64829
09:06:35,0.64831,0.64837,0.64828,0.64828
09:06:40,0.64823,0.64825,0.64816,0.64825
09:06:45,0.64831,0.64864,0.64831,0.64864
09:06:50,0.64864,0.64864,0.6485,0.6486
09:06:55,0.6486,0.64864,0.64852,0.64856
09:07:00,0.64856,0.64871,0.64856,0.64865
09:07:05,0.64865,0.64865,0.64843,0.6485
09:07:10,0.6485,0.64854,0.64835,0.64838
09:07:15,0.64838,0.64858,0.64835,0.64845
09:07:20,0.64852,0.64857,0.64847,0.64852
09:07:25,0.64847,0.64847,0.64838,0.64843
09:07:30,0.64843,0.64847,0.64827,0.64827
09:07:35,0.64827,0.64848,0.64827,0.64848
09:07:40,0.64848,0.64848,0.64838,0.64838
09:07:45,0.64843,0.64846,0.64838,0.64843
09:07:50,0.64843,0.64847,0.64843,0.64846
09:07:55,0.64846,0.64853,0.64846,0.6485
09:08:00,0.64852,0.64853,0.64837,0.64842
09:08:05,0.64844,0.64856,0.64844,0.64849
09:08:10,0.64849,0.64849,0.64833,0.64836
09:08:15,0.64836,0.64844,0.64836,0.6484
09:08:20,0.6484,0.6485,0.64835,0.6485
09:08:25,0.64853,0.64853,0.64845,0.64845
09:08:30,0.64845,0.64845,0.64837,0.6484
09:08:35,0.6484,0.64862,0.64837,0.64857
09:08:40,0.64857,0.64865,0.64857,0.64859
09:08:45,0.6485,0.6485,0.64829,0.64829
09:08:50,0.64829,0.64829,0.64818,0.64818
09:08:55,0.64818,0.64818,0.64801,0.64801
09:09:00,0.64801,0.64807,0.64795,0.64801
09:09:05,0.64801,0.64801,0.64785,0.64785
09:09:10,0.64781,0.64799,0.64779,0.64799
09:09:15,0.64795,0.64819,0.64795,0.64814
09:09:20,0.64817,0.64819,0.64801,0.64804
09:09:25,0.64801,0.64805,0.64798,0.64798
09:09:30,0.64798,0.64802,0.64795,0.64801
09:09:35,0.64804,0.64808,0.64798,0.64808
09:09:40,0.64813,0.6482,0.64813,0.6482
09:09:45,0.64797,0.64802,0.64794,0.64799
09:09:50,0.64799,0.64834,0.64795,0.64828
09:09:55,0.64824,0.64833,0.64823,0.64826
09:10:00,0.64822,0.64826,0.64818,0.6482
09:10:05,0.6482,0.64827,0.64816,0.64823
09:10:10,0.64823,0.64823,0.64815,0.64819
09:10:15,0.64828,0.64828,0.64823,0.64828
09:10:20,0.64828,0.64828,0.64811,0.64811
09:10:25,0.64811,0.6482,0.64807,0.6482
09:10:30,0.6482,0.64828,0.6482,0.64828
09:10:35,0.64832,0.64851,0.64832,0.64847
09:10:40,0.64838,0.64848,0.64813,0.64813
09:10:45,0.64816,0.64817,0.64814,0.64814
09:10:50,0.6481,0.64816,0.64809,0.64816
09:10:55,0.64811,0.64818,0.64807,0.6481
09:11:00,0.64806,0.64809,0.64802,0.64809
09:11:05,0.64804,0.64812,0.64799,0.64802
09:11:10,0.64802,0.64803,0.64793,0.64803
09:11:15,0.64796,0.64796,0.64782,0.64782
09:11:20,0.64782,0.64782,0.64761,0.64763
09:11:25,0.64763,0.64783,0.6476,0.64783
09:11:30,0.64787,0.64788,0.64772,0.64772
09:11:35,0.64769,0.64769,0.64751,0.64751
09:11:40,0.64751,0.64767,0.64751,0.64765
09:11:45,0.64767,0.64767,0.6475,0.64763
09:11:50,0.64743,0.64777,0.64743,0.64773
09:11:55,0.64773,0.64773,0.64761,0.64761
09:12:00,0.64761,0.64787,0.64761,0.64787
09:12:05,0.6478,0.6478,0.64765,0.64773
09:12:10,0.64773,0.64784,0.64769,0.64784
09:12:15,0.64784,0.64794,0.64766,0.64782
09:12:20,0.64782,0.64787,0.64772,0.64772
09:12:25,0.64772,0.64772,0.6476,0.64764
09:12:30,0.64769,0.64769,0.64735,0.64735
09:12:35,0.64735,0.64735,0.64718,0.64718
09:12:40,0.64718,0.64721,0.64706,0.64706
09:12:45,0.64706,0.64715,0.647,0.64704
09:12:50,0.64704,0.64711,0.64704,0.64708
09:12:55,0.64708,0.64718,0.64705,0.64713
09:13:00,0.64713,0.64716,0.64712,0.64712
09:13:05,0.64712,0.64714,0.64708,0.64714
09:13:10,0.64717,0.6472,0.6471,0.6471
09:13:15,0.6471,0.6471,0.64671,0.64671
09:13:20,0.64671,0.64671,0.64658,0.64658
09:13:25,0.64644,0.64648,0.64635,0.64635
09:13:30,0.64635,0.6464,0.64627,0.64637
09:13:35,0.64637,0.64642,0.64634,0.64642
09:13:40,0.64642,0.64647,0.64636,0.64636
09:13:45,0.6464,0.64643,0.64631,0.64634
09:13:50,0.64634,0.64647,0.64626,0.64647
09:13:55,0.64647,0.64647,0.64626,0.64626
09:14:00,0.64626,0.64651,0.64626,0.64645
09:14:05,0.64642,0.64654,0.64642,0.64646
09:14:10,0.64624,0.64624,0.64592,0.64592
09:14:15,0.64592,0.64592,0.64585,0.64589
09:14:20,0.64589,0.64589,0.64578,0.64578
09:14:25,0.64575,0.64591,0.64571,0.64578
09:14:30,0.64574,0.64574,0.64559,0.64559
09:14:35,0.64559,0.64593,0.64559,0.64593
09:14:40,0.64593,0.64593,0.64582,0.64589
09:14:45,0.64595,0.64601,0.64587,0.64601
09:14:50,0.64605,0.64636,0.64604,0.64633
09:14:55,0.64633,0.64633,0.64617,0.64617
09:15:00,0.64617,0.64633,0.64617,0.64629
09:15:05,0.64634,0.64653,0.64617,0.64617
09:15:10,0.64617,0.64628,0.64617,0.64628
09:15:15,0.64628,0.64632,0.64622,0.64632
09:15:20,0.64637,0.64637,0.6463,0.6463
09:15:25,0.64633,0.6465,0.6463,0.64641
09:15:30,0.64641,0.64641,0.6462,0.64631
09:15:35,0.64631,0.64643,0.64627,0.64636
09:15:40,0.64636,0.64636,0.64628,0.64628
09:15:45,0.64625,0.64635,0.64625,0.64631
09:15:50,0.64634,0.64634,0.64613,0.64613
09:15:55,0.64613,0.64617,0.6461,0.64617
09:16:00,0.64617,0.64617,0.64601,0.64601
09:16:05,0.64601,0.64607,0.64575,0.64583
09:16:10,0.64583,0.64588,0.64583,0.64588
09:16:15,0.64593,0.64593,0.64578,0.64578
09:16:20,0.64578,0.64603,0.64572,0.64597
09:16:25,0.64597,0.64597,0.64558,0.64562
09:16:30,0.64568,0.64568,0.64545,0.64547
09:16:35,0.64553,0.64573,0.64553,0.64566
09:16:40,0.64566,0.64578,0.64556,0.64572
09:16:45,0.64572,0.64572,0.64554,0.64554
09:16:50,0.64544,0.64546,0.64536,0.64546
09:16:55,0.64546,0.64559,0.64525,0.64525
09:17:00,0.64525,0.64534,0.64515,0.64534
09:17:05,0.64534,0.64534,0.64513,0.64513
09:17:10,0.64513,0.64521,0.64513,0.64515
09:17:15,0.64515,0.64521,0.64514,0.64514
09:17:20,0.64514,0.64518,0.64512,0.64514
09:17:25,0.64514,0.64521,0.64507,0.64511
09:17:30,0.64519,0.64526,0.64508,0.64526
09:17:35,0.64521,0.64527,0.64501,0.64501
09:17:40,0.64501,0.64518,0.64499,0.64499
09:17:45,0.64499,0.64526,0.64499,0.64521
09:17:50,0.64521,0.6455,0.64521,0.6455
09:17:55,0.64547,0.64572,0.64547,0.64562
09:18:00,0.64562,0.64567,0.64558,0.64566
09:18:05,0.64566,0.64598,0.64561,0.64598
09:18:10,0.64606,0.64624,0.64604,0.64611
09:18:15,0.64614,0.64614,0.646,0.64611
09:18:20,0.64611,0.64623,0.64599,0.64623
09:18:25,0.64623,0.64625,0.64592,0.646
09:18:30,0.64576,0.64585,0.64575,0.64585
09:18:35,0.64582,0.64582,0.64572,0.64572
09:18:40,0.64572,0.64584,0.64572,0.6458
09:18:45,0.64589,0.646,0.64589,0.646
09:18:50,0.646,0.64615,0.64595,0.64615
09:18:55,0.64612,0.64621,0.64596,0.64598
09:19:00,0.64598,0.64598,0.64568,0.64568
09:19:05,0.64568,0.64576,0.64561,0.64561
09:19:10,0.64558,0.64583,0.64558,0.64583
09:19:15,0.6458,0.6458,0.64577,0.6458
09:19:20,0.6458,0.6458,0.64571,0.64571
09:19:25,0.64571,0.6458,0.64568,0.64571
09:19:30,0.64571,0.64585,0.64559,0.64559
09:19:35,0.64555,0.64558,0.64531,0.64531
09:19:40,0.64531,0.64538,0.64527,0.64531
09:19:45,0.64531,0.64531,0.64517,0.64528
09:19:50,0.64525,0.64542,0.64525,0.64542
09:19:55,0.64542,0.64554,0.64542,0.64554
09:20:00,0.64554,0.64554,0.64543,0.64543
09:20:05,0.64543,0.64547,0.64541,0.64547
09:20:10,0.64539,0.64545,0.64537,0.64537
09:20:15,0.64541,0.6455,0.64535,0.64542
09:20:20,0.64542,0.64552,0.64539,0.64545
09:20:25,0.64545,0.64557,0.64537,0.64537
09:20:30,0.64537,0.64537,0.64524,0.64528
09:20:35,0.6453,0.6453,0.64502,0.64506
09:20:40,0.64506,0.64506,0.645,0.64504
09:20:45,0.64506,0.64517,0.64504,0.64504
09:20:50,0.64504,0.64504,0.64493,0.64497
09:20:55,0.64493,0.64517,0.64493,0.64505
09:21:00,0.64512,0.64512,0.64509,0.64512
09:21:05,0.64512,0.64524,0.64508,0.6452
09:21:10,0.6452,0.64526,0.6451,0.6452
09:21:15,0.6452,0.64533,0.6452,0.64533
09:21:20,0.64533,0.64541,0.64528,0.64528
09:21:25,0.64532,0.64532,0.6452,0.64523
09:21:30,0.64523,0.64523,0.64502,0.64506
09:21:35,0.64509,0.64511,0.64506,0.6451
09:21:40,0.64507,0.64507,0.64479,0.64485
09:21:45,0.64482,0.64492,0.64482,0.64489
09:21:50,0.64493,0.64503,0.64493,0.64503
09:21:55,0.64503,0.64518,0.645,0.64518
09:22:00,0.64518,0.64531,0.64518,0.64531
09:22:05,0.64531,0.64557,0.64531,0.64552
09:22:10,0.64552,0.64559,0.64547,0.64559
09:22:15,0.64563,0.64563,0.64552,0.64552
09:22:20,0.64543,0.64554,0.64543,0.64552
09:22:25,0.64552,0.64552,0.64542,0.64542
09:22:30,0.64542,0.64569,0.64542,0.64569
09:22:35,0.64569,0.64573,0.64567,0.6457
09:22:40,0.64567,0.64571,0.64557,0.64557
09:22:45,0.6456,0.6456,0.6455,0.6455
09:22:50,0.6455,0.64561,0.6455,0.64561
09:22:55,0.64557,0.64557,0.64534,0.64534
09:23:00,0.64537,0.64542,0.64529,0.64542
09:23:05,0.64542,0.64549,0.64536,0.64536
09:23:10,0.64536,0.64536,0.64497,0.64503
09:23:15,0.64503,0.64513,0.64503,0.64509
09:23:20,0.64502,0.64502,0.64492,0.64492
09:23:25,0.64492,0.64492,0.64477,0.6448
09:23:30,0.6448,0.64507,0.6448,0.64504
09:23:35,0.64504,0.64507,0.64504,0.64504
09:23:40,0.64504,0.64516,0.64476,0.64476
09:23:45,0.64476,0.64476,0.64463,0.64466
09:23:50,0.64466,0.64472,0.64463,0.64472
09:23:55,0.64472,0.64472,0.64464,0.64468
09:24:00,0.64471,0.64472,0.64468,0.64468
09:24:05,0.64468,0.64508,0.64468,0.64506
09:24:10,0.64506,0.64529,0.64503,0.64526
09:24:15,0.64523,0.64523,0.6452,0.6452
09:24:20,0.6452,0.64523,0.64508,0.64517
09:24:25,0.64517,0.64521,0.64508,0.64511
09:24:30,0.64511,0.6452,0.64508,0.64517
09:24:35,0.64517,0.64528,0.64517,0.64528
09:24:40,0.64525,0.64531,0.64516,0.64531
09:24:45,0.64531,0.64531,0.64518,0.64522
09:24:50,0.64522,0.64526,0.64522,0.64526
09:24:55,0.64526,0.64542,0.64524,0.64542
09:25:00,0.64539,0.64539,0.64529,0.64532
09:25:05,0.64532,0.6455,0.64532,0.64546
09:25:10,0.64546,0.64549,0.64544,0.64549
09:25:15,0.64549,0.64549,0.64538,0.64538
09:25:20,0.64538,0.64557,0.64538,0.64557
09:25:25,0.64557,0.64568,0.64553,0.64553
09:25:30,0.6455,0.6455,0.64526,0.64526
09:25:35,0.64526,0.64531,0.64524,0.64528
09:25:40,0.64531,0.64531,0.64518,0.64518
09:25:45,0.64516,0.64527,0.64506,0.64527
09:25:50,0.64524,0.64526,0.64522,0.64522
09:25:55,0.64522,0.6453,0.64492,0.64499
09:26:00,0.64503,0.64507,0.64501,0.64501
09:26:05,0.64501,0.64504,0.64493,0.645
09:26:10,0.645,0.64502,0.64481,0.64481
09:26:15,0.64481,0.64488,0.64474,0.64482
09:26:20,0.64478,0.64497,0.64478,0.64494
09:26:25,0.64497,0.64512,0.64492,0.64512
09:26:30,0.64509,0.64515,0.64499,0.64515
09:26:35,0.64515,0.64523,0.64507,0.64507
09:26:40,0.64507,0.64509,0.64492,0.64492
09:26:45,0.64488,0.645,0.64488,0.64496
09:26:50,0.64496,0.64502,0.6449,0.64496
09:26:55,0.64496,0.64505,0.64496,0.64497
09:27:00,0.64497,0.64515,0.64494,0.64515
09:27:05,0.64515,0.64529,0.64509,0.64525
09:27:10,0.64519,0.64537,0.64519,0.64531
09:27:15,0.64531,0.64531,0.64516,0.64516
09:27:20,0.64507,0.64521,0.64503,0.64516
09:27:25,0.64513,0.64518,0.64512,0.64515
09:27:30,0.64512,0.64512,0.64476,0.64479
09:27:35,0.64479,0.64496,0.64474,0.64483
09:27:40,0.64485,0.64485,0.64474,0.64474
09:27:45,0.64474,0.64496,0.64474,0.64496
09:27:50,0.64496,0.64496,0.64468,0.64468
09:27:55,0.64468,0.64483,0.64465,0.64483
09:28:00,0.64483,0.64487,0.64467,0.64487
09:28:05,0.64487,0.64487,0.64472,0.64481
09:28:10,0.64484,0.64503,0.64484,0.64493
09:28:15,0.64493,0.64501,0.64476,0.64476
09:28:20,0.64476,0.64476,0.64469,0.64469
09:28:25,0.64469,0.64473,0.64464,0.64469
09:28:30,0.64469,0.64477,0.6446,0.6446
09:28:35,0.6446,0.6446,0.64451,0.64451
09:28:40,0.64451,0.64451,0.64406,0.64409
09:28:45,0.64409,0.64431,0.64409,0.64428
09:28:50,0.64428,0.6443,0.64394,0.64394
09:28:55,0.64394,0.64394,0.64374,0.64374
09:29:00,0.64376,0.64376,0.64372,0.64372
09:29:05,0.64369,0.64384,0.64369,0.64384
09:29:10,0.64384,0.64384,0.64365,0.64365
09:29:15,0.64365,0.64365,0.64352,0.64352
09:29:20,0.64352,0.64355,0.6435,0.6435
09:29:25,0.6435,0.64367,0.6435,0.64356
09:29:30,0.64356,0.64359,0.64353,0.64359
09:29:35,0.64359,0.64379,0.64359,0.64379
09:29:40,0.64376,0.64385,0.64372,0.64376
09:29:45,0.64376,0.64383,0.64376,0.64378
09:29:50,0.64378,0.64383,0.64375,0.64383
09:29:55,0.64383,0.64392,0.64383,0.64388
09:30:00,0.64388,0.64427,0.64388,0.64427
09:30:05,0.64427,0.64445,0.64423,0.64445
09:30:10,0.64445,0.64448,0.64434,0.64434
09:30:15,0.64434,0.64443,0.64422,0.64422
09:30:20,0.64422,0.64431,0.64422,0.64423
09:30:25,0.6442,0.64445,0.64417,0.64445
09:30:30,0.64452,0.6446,0.64445,0.6445
09:30:35,0.64446,0.64457,0.64441,0.64454
09:30:40,0.64478,0.64485,0.64469,0.64485
09:30:45,0.64482,0.64482,0.64474,0.64474
09:30:50,0.64477,0.64505,0.64477,0.64503
09:30:55,0.64503,0.64534,0.64503,0.64534
09:31:00,0.64534,0.64536,0.64514,0.64514
09:31:05,0.64508,0.64534,0.64508,0.64532
09:31:10,0.64532,0.64534,0.64527,0.64527
09:31:15,0.64531,0.64554,0.64531,0.64554
09:31:20,0.64558,0.64567,0.6455,0.64567
09:31:25,0.64558,0.64558,0.64534,0.64534
09:31:30,0.64539,0.64555,0.64539,0.64555
09:31:35,0.64555,0.6456,0.64547,0.64548
09:31:40,0.64548,0.64559,0.64548,0.64548
09:31:45,0.64545,0.64549,0.64545,0.64549
09:31:50,0.64554,0.64568,0.64549,0.64554
09:31:55,0.64558,0.64563,0.64558,0.64558
09:32:00,0.64558,0.6456,0.64548,0.64548
09:32:05,0.64546,0.64546,0.64506,0.6451
09:32:10,0.64507,0.6451,0.64493,0.64493
09:32:15,0.64493,0.64527,0.64493,0.64525
09:32:20,0.64525,0.64529,0.64501,0.64519
09:32:25,0.64519,0.64527,0.64515,0.64519
09:32:30,0.64519,0.64522,0.64517,0.64517
09:32:35,0.64517,0.64517,0.64505,0.64505
09:32:40,0.64505,0.64505,0.64486,0.64491
09:32:45,0.64497,0.64497,0.6449,0.64495
09:32:50,0.64499,0.64499,0.64487,0.64491
09:32:55,0.64491,0.64499,0.64469,0.64471
09:33:00,0.64471,0.64486,0.64468,0.64477
09:33:05,0.64481,0.64493,0.64478,0.64478
09:33:10,0.64478,0.64501,0.64478,0.64498
09:33:15,0.64494,0.64494,0.64473,0.64473
09:33:20,0.64473,0.64473,0.6446,0.6446
09:33:25,0.6446,0.6447,0.6446,0.64461
09:33:30,0.64461,0.64465,0.64456,0.64465
09:33:35,0.64465,0.64469,0.6445,0.6445
09:33:40,0.6445,0.64477,0.64448,0.64477
09:33:45,0.64477,0.64477,0.64456,0.64456
09:33:50,0.6446,0.64463,0.64456,0.64458
09:33:55,0.64458,0.64472,0.64442,0.64442
09:34:00,0.64442,0.64443,0.64434,0.64443
09:34:05,0.64446,0.64469,0.64446,0.64469
09:34:10,0.64469,0.64477,0.64456,0.64456
09:34:15,0.64461,0.64488,0.64461,0.6447
09:34:20,0.6447,0.64471,0.64465,0.64465
09:34:25,0.64465,0.64479,0.64465,0.64479
09:34:30,0.64479,0.64484,0.64479,0.6448
09:34:35,0.6448,0.64488,0.6448,0.64488
09:34:40,0.64488,0.64509,0.64488,0.64499
09:34:45,0.64499,0.64499,0.64479,0.64497
09:34:50,0.645,0.64518,0.64487,0.64518
09:34:55,0.64518,0.64548,0.64509,0.64548
09:35:00,0.64548,0.64559,0.64544,0.64544
09:35:05,0.64544,0.64548,0.64544,0.64546
09:35:10,0.64544,0.64544,0.64532,0.64532
09:35:15,0.64532,0.64533,0.64522,0.64533
09:35:20,0.64533,0.64538,0.64533,0.64538
09:35:25,0.64538,0.64542,0.64535,0.64535
09:35:30,0.64531,0.64531,0.64515,0.64515
09:35:35,0.6452,0.6452,0.64485,0.64493
09:35:40,0.64486,0.64504,0.64468,0.64468
09:35:45,0.64463,0.64466,0.6446,0.64465
09:35:50,0.64459,0.64459,0.64424,0.64424
09:35:55,0.64419,0.64419,0.64403,0.64403
09:36:00,0.64382,0.64392,0.64382,0.64392
09:36:05,0.64392,0.64401,0.64387,0.64401
09:36:10,0.64405,0.64405,0.64398,0.64402
09:36:15,0.64405,0.64405,0.64396,0.64396
09:36:20,0.64406,0.64406,0.6438,0.6438
09:36:25,0.64348,0.64391,0.64348,0.64388
09:36:30,0.64393,0.64393,0.64365,0.64383
09:36:35,0.64378,0.64386,0.64378,0.64381
09:36:40,0.64381,0.64381,0.64352,0.64357
09:36:45,0.64357,0.64362,0.64348,0.64354
09:36:50,0.64351,0.64384,0.64351,0.64384
09:36:55,0.64382,0.64382,0.64363,0.64363
09:37:00,0.64359,0.64364,0.64354,0.64354
09:37:05,0.64354,0.6436,0.64343,0.64343
09:37:10,0.64331,0.64331,0.64325,0.64327
09:37:15,0.64322,0.64325,0.64306,0.64318
09:37:20,0.64315,0.64319,0.64313,0.64319
09:37:25,0.64319,0.64319,0.64303,0.64303
09:37:30,0.64306,0.64322,0.64306,0.64313
09:37:35,0.64317,0.64325,0.64314,0.64319
09:37:40,0.64323,0.64323,0.64317,0.64317
09:37:45,0.64317,0.6433,0.64295,0.64295
09:37:50,0.64295,0.64315,0.64295,0.64311
09:37:55,0.64311,0.6434,0.64311,0.6434
09:38:00,0.6434,0.6434,0.6433,0.6433
09:38:05,0.6433,0.64343,0.6433,0.64343
09:38:10,0.64343,0.64343,0.64328,0.64328
09:38:15,0.64333,0.64333,0.64322,0.64324
09:38:20,0.64324,0.64324,0.64311,0.64311
09:38:25,0.64311,0.64331,0.64311,0.64314
09:38:30,0.64314,0.64332,0.64314,0.64324
09:38:35,0.64324,0.64333,0.64297,0.64333
09:38:40,0.64333,0.64341,0.64326,0.64326
09:38:45,0.64326,0.64334,0.64316,0.64334
09:38:50,0.64334,0.64347,0.64331,0.64347
09:38:55,0.64345,0.64354,0.64342,0.64354
09:39:00,0.64361,0.64361,0.64352,0.64359
09:39:05,0.64359,0.64365,0.64353,0.64365
09:39:10,0.64365,0.64378,0.64365,0.64368
09:39:15,0.6435,0.64375,0.6435,0.64375
09:39:20,0.64372,0.64385,0.64372,0.64385
09:39:25,0.64385,0.64405,0.64381,0.64405
09:39:30,0.64405,0.64405,0.64389,0.64389
09:39:35,0.64385,0.64385,0.64375,0.64375
09:39:40,0.64378,0.64385,0.6437,0.6437
09:39:45,0.6437,0.64395,0.64366,0.64395
09:39:50,0.64395,0.64397,0.64393,0.64397
09:39:55,0.64397,0.64405,0.64395,0.64395
09:40:00,0.64395,0.64398,0.64395,0.64395
09:40:05,0.64395,0.6441,0.64392,0.64403
09:40:10,0.64403,0.64412,0.64397,0.64412
09:40:15,0.64414,0.64418,0.64407,0.64418
09:40:20,0.6441,0.6441,0.64395,0.64396
09:40:25,0.64396,0.644,0.64391,0.64395
09:40:30,0.64395,0.64395,0.64385,0.6439
09:40:35,0.64398,0.64401,0.64388,0.64394
09:40:40,0.64391,0.64391,0.64366,0.64366
09:40:45,0.64366,0.64366,0.64354,0.64362
09:40:50,0.64362,0.64362,0.64357,0.6436
09:40:55,0.6436,0.6436,0.64343,0.64349
09:41:00,0.64349,0.6435,0.6434,0.6434
09:41:05,0.6434,0.64368,0.6434,0.64341
09:41:10,0.64341,0.64378,0.64341,0.64372
09:41:15,0.64369,0.64369,0.64323,0.64325
09:41:20,0.64325,0.64336,0.6432,0.64333
09:41:25,0.64333,0.64333,0.64316,0.64319
09:41:30,0.64323,0.64342,0.64321,0.64342
09:41:35,0.64346,0.64355,0.64342,0.64355
09:41:40,0.64349,0.64359,0.64347,0.64347
09:41:45,0.64347,0.64347,0.64338,0.64344
09:41:50,0.64344,0.64356,0.64343,0.64343
09:41:55,0.64346,0.64351,0.64342,0.64342
09:42:00,0.64346,0.64352,0.64346,0.64346
09:42:05,0.64346,0.64355,0.64346,0.64355
09:42:10,0.64355,0.64362,0.64347,0.64361
09:42:15,0.64361,0.64363,0.64354,0.64354
09:42:20,0.64349,0.64349,0.64341,0.64343
09:42:25,0.64341,0.64341,0.64319,0.64334
09:42:30,0.64334,0.64345,0.64334,0.64342
09:42:35,0.64342,0.6435,0.64335,0.64335
09:42:40,0.64335,0.64335,0.64313,0.64313
09:42:45,0.64309,0.64309,0.64298,0.64302
09:42:50,0.64306,0.6431,0.64305,0.6431
09:42:55,0.6431,0.64311,0.64304,0.64307
09:43:00,0.64316,0.64339,0.64316,0.64339
09:43:05,0.64335,0.64342,0.64332,0.64332
09:43:10,0.64332,0.64372,0.64332,0.64372
09:43:15,0.64372,0.64389,0.64368,0.64389
09:43:20,0.64393,0.64404,0.64386,0.64386
09:43:25,0.64386,0.64393,0.64376,0.64379
09:43:30,0.64379,0.6438,0.64376,0.6438
09:43:35,0.6438,0.64384,0.64379,0.64384
09:43:40,0.6439,0.6439,0.64379,0.64382
09:43:45,0.64382,0.64382,0.64377,0.64379
09:43:50,0.64376,0.64376,0.64366,0.64366
09:43:55,0.64366,0.64375,0.64366,0.64375
09:44:00,0.64375,0.64375,0.64358,0.64375
09:44:05,0.64378,0.64385,0.64376,0.64382
09:44:10,0.64382,0.64393,0.64372,0.64393
09:44:15,0.64393,0.64401,0.64391,0.64392
09:44:20,0.64392,0.64392,0.64379,0.64383
09:44:25,0.64393,0.64411,0.64389,0.64411
09:44:30,0.64411,0.64425,0.64408,0.64425
09:44:35,0.64425,0.64448,0.64425,0.6444
09:44:40,0.6444,0.64454,0.6444,0.64451
09:44:45,0.64451,0.64451,0.64422,0.64447
09:44:50,0.64447,0.64449,0.64444,0.64444
09:44:55,0.64444,0.64444,0.64419,0.64425
09:45:00,0.64425,0.64425,0.64413,0.64416
09:45:05,0.64416,0.64425,0.64415,0.6442
09:45:10,0.6442,0.64447,0.6442,0.64424
09:45:15,0.64424,0.64441,0.64413,0.64432
09:45:20,0.64429,0.6444,0.64429,0.64436
09:45:25,0.6444,0.64443,0.64428,0.64428
09:45:30,0.64428,0.64429,0.64419,0.64429
09:45:35,0.64429,0.64429,0.64408,0.64411
09:45:40,0.64408,0.64408,0.64389,0.64389
09:45:45,0.64389,0.64391,0.64377,0.64377
09:45:50,0.64377,0.64407,0.64377,0.64407
09:45:55,0.64407,0.64407,0.64381,0.64381
09:46:00,0.64381,0.64389,0.64381,0.64389
09:46:05,0.64402,0.64406,0.64396,0.64403
09:46:10,0.64403,0.64413,0.64403,0.64407
09:46:15,0.64407,0.64407,0.64392,0.64392
09:46:20,0.64387,0.6439,0.64382,0.64382
09:46:25,0.64377,0.64382,0.64375,0.64378
09:46:30,0.64378,0.64384,0.64353,0.64353
09:46:35,0.64353,0.64355,0.64353,0.64353
09:46:40,0.64353,0.64365,0.6435,0.64362
09:46:45,0.64367,0.64387,0.64367,0.64387
09:46:50,0.64387,0.64397,0.64382,0.64397
09:46:55,0.64397,0.644,0.64391,0.64398
09:47:00,0.64398,0.64398,0.64391,0.64396
09:47:05,0.64399,0.64399,0.64367,0.64367
09:47:10,0.64367,0.64379,0.64364,0.64379
09:47:15,0.64384,0.64384,0.64369,0.64369
09:47:20,0.64369,0.64369,0.6436,0.64362
09:47:25,0.64367,0.64368,0.64363,0.64366
09:47:30,0.64366,0.64375,0.64359,0.64375
09:47:35,0.64375,0.64388,0.64375,0.64383
09:47:40,0.64383,0.64383,0.64376,0.64383
09:47:45,0.64388,0.6441,0.64384,0.6441
09:47:50,0.6441,0.64417,0.64408,0.64417
09:47:55,0.64417,0.64432,0.64406,0.64427
09:48:00,0.64427,0.64443,0.64425,0.64434
09:48:05,0.64434,0.64439,0.6443,0.64439
09:48:10,0.64439,0.64448,0.64435,0.64448
09:48:15,0.64448,0.64448,0.64407,0.64407
09:48:20,0.64407,0.64407,0.64383,0.64385
09:48:25,0.64401,0.64419,0.64394,0.64419
09:48:30,0.64412,0.64423,0.64408,0.64423
09:48:35,0.6442,0.64431,0.64417,0.64431
09:48:40,0.64431,0.64441,0.64425,0.64428
09:48:45,0.64428,0.64428,0.64418,0.64421
09:48:50,0.64421,0.6443,0.64418,0.6443
09:48:55,0.64433,0.64433,0.64428,0.64431
09:49:00,0.64431,0.64443,0.64431,0.64443
09:49:05,0.64438,0.64441,0.6443,0.64441
09:49:10,0.64441,0.64441,0.64415,0.64415
09:49:15,0.64415,0.6442,0.64415,0.6442
09:49:20,0.6442,0.6444,0.64416,0.64438
09:49:25,0.64438,0.64442,0.64422,0.64422
09:49:30,0.64418,0.64421,0.6441,0.6441
09:49:35,0.64412,0.64412,0.64398,0.64398
09:49:40,0.64398,0.64416,0.64398,0.64407
09:49:45,0.64404,0.64406,0.64398,0.64401
09:49:50,0.64401,0.64403,0.64395,0.64402
09:49:55,0.64405,0.64405,0.64398,0.64405
09:50:00,0.64405,0.64418,0.64401,0.64418
09:50:05,0.64422,0.64431,0.6442,0.64425
09:50:10,0.64428,0.64428,0.64419,0.64421
09:50:15,0.64421,0.64438,0.64414,0.64414
09:50:20,0.64414,0.64416,0.64399,0.64399
09:50:25,0.64397,0.64397,0.64365,0.64368
09:50:30,0.64368,0.64385,0.64362,0.64385
09:50:35,0.64385,0.64386,0.6438,0.64386
09:50:40,0.64386,0.64387,0.64377,0.64377
09:50:45,0.64377,0.64383,0.6437,0.64383
09:50:50,0.64383,0.64391,0.64383,0.64386
09:50:55,0.64389,0.64392,0.64382,0.64382
09:51:00,0.64382,0.64382,0.64372,0.64374
09:51:05,0.64374,0.64374,0.64366,0.64374
09:51:10,0.64374,0.64374,0.6434,0.6434
09:51:15,0.6434,0.6434,0.64324,0.64324
09:51:20,0.64324,0.64349,0.64322,0.64346
09:51:25,0.64346,0.64349,0.64335,0.64348
09:51:30,0.64346,0.64346,0.64329,0.64332
09:51:35,0.64332,0.64332,0.64314,0.64314
09:51:40,0.64314,0.64314,0.64304,0.64304
09:51:45,0.64304,0.64312,0.64291,0.64291
09:51:50,0.64291,0.64293,0.64281,0.64289
09:51:55,0.64289,0.64315,0.64283,0.64315
09:52:00,0.64315,0.64315,0.643,0.64304
09:52:05,0.64304,0.64304,0.6429,0.643
09:52:10,0.643,0.64331,0.643,0.64331
09:52:15,0.64331,0.64331,0.64308,0.64308
09:52:20,0.64308,0.64314,0.64303,0.64303
09:52:25,0.64299,0.64299,0.64274,0.64274
09:52:30,0.64276,0.64276,0.64257,0.6426
09:52:35,0.6427,0.64273,0.6427,0.64273
09:52:40,0.64273,0.6428,0.64269,0.6428
09:52:45,0.64289,0.64303,0.64286,0.64296
09:52:50,0.643,0.64306,0.64292,0.64292
09:52:55,0.64292,0.64297,0.64284,0.64284
09:53:00,0.64279,0.64279,0.64246,0.64246
09:53:05,0.64246,0.64249,0.64239,0.64243
09:53:10,0.64243,0.64279,0.64243,0.64279
09:53:15,0.64279,0.64286,0.64275,0.64275
09:53:20,0.64278,0.64283,0.64271,0.6428
09:53:25,0.64277,0.64298,0.64276,0.64298
09:53:30,0.64295,0.64295,0.64286,0.64288
09:53:35,0.64285,0.64285,0.64282,0.64282
09:53:40,0.64277,0.64282,0.64277,0.64278
09:53:45,0.64278,0.64312,0.64278,0.64307
09:53:50,0.64303,0.64315,0.64303,0.64303
09:53:55,0.64303,0.64306,0.64295,0.64306
09:54:00,0.64302,0.64314,0.64293,0.64314
09:54:05,0.64314,0.64322,0.64311,0.64322
09:54:10,0.64319,0.64339,0.64319,0.64339
09:54:15,0.64335,0.64344,0.64333,0.64339
09:54:20,0.64346,0.64353,0.64341,0.64353
09:54:25,0.64353,0.64353,0.64315,0.64315
09:54:30,0.64318,0.64364,0.64315,0.64364
09:54:35,0.64364,0.64378,0.64362,0.64372
09:54:40,0.64368,0.64378,0.64368,0.64378
09:54:45,0.64378,0.64378,0.64367,0.64371
09:54:50,0.64371,0.64411,0.64371,0.64411
09:54:55,0.64408,0.64415,0.64407,0.64415
09:55:00,0.64412,0.64421,0.64408,0.64408
09:55:05,0.64408,0.64411,0.64388,0.64393
09:55:10,0.64396,0.64409,0.64395,0.64409
09:55:15,0.64409,0.64429,0.64409,0.64429
09:55:20,0.64429,0.64429,0.64407,0.64416
09:55:25,0.64416,0.64425,0.64403,0.64403
09:55:30,0.64407,0.64425,0.64401,0.64401
09:55:35,0.64396,0.64401,0.64392,0.64401
09:55:40,0.64401,0.64403,0.64388,0.64392
09:55:45,0.64392,0.64392,0.64378,0.64378
09:55:50,0.64378,0.64382,0.64373,0.64374
09:55:55,0.64378,0.64386,0.64376,0.64384
09:56:00,0.64388,0.64399,0.64388,0.64399
09:56:05,0.64399,0.64411,0.64399,0.64405
09:56:10,0.64405,0.64417,0.64405,0.64413
09:56:15,0.64413,0.64437,0.64413,0.64433
09:56:20,0.64433,0.64441,0.64433,0.64436
09:56:25,0.64436,0.64446,0.64436,0.64439
09:56:30,0.64439,0.64441,0.6442,0.6442
09:56:35,0.6442,0.64432,0.6442,0.64425
09:56:40,0.64425,0.64433,0.64425,0.6443
09:56:45,0.6443,0.64435,0.64429,0.6443
09:56:50,0.6443,0.6443,0.64421,0.64421
09:56:55,0.64415,0.64415,0.64401,0.6441
09:57:00,0.6441,0.6441,0.64384,0.64397
09:57:05,0.64397,0.64397,0.64383,0.64394
09:57:10,0.64394,0.64422,0.64394,0.64417
09:57:15,0.64417,0.64457,0.64417,0.64457
09:57:20,0.64453,0.64463,0.64439,0.64439
09:57:25,0.64439,0.64463,0.64439,0.64463
09:57:30,0.64468,0.64478,0.64468,0.64478
09:57:35,0.64488,0.64488,0.64488,0.64488
09:57:40,0.64488,0.64497,0.64478,0.64478
09:57:45,0.64481,0.64481,0.64469,0.6448
09:57:50,0.64483,0.64499,0.64479,0.64499
09:57:55,0.64507,0.64519,0.64504,0.64519
09:58:00,0.64516,0.64524,0.64506,0.64512
09:58:05,0.64517,0.64536,0.64517,0.64536
09:58:10,0.64531,0.64559,0.64529,0.64559
09:58:15,0.64559,0.6456,0.64555,0.6456
09:58:20,0.6456,0.64571,0.6456,0.64571
09:58:25,0.64576,0.64579,0.64565,0.64567
09:58:30,0.64574,0.64576,0.64547,0.6455
09:58:35,0.64557,0.64563,0.64536,0.64543
09:58:40,0.64554,0.64556,0.64542,0.64556
09:58:45,0.64566,0.64566,0.64553,0.64553
09:58:50,0.64553,0.64553,0.64524,0.64528
09:58:55,0.64521,0.64521,0.64514,0.64514
09:59:00,0.64517,0.6452,0.6451,0.64517
09:59:05,0.64517,0.64517,0.64502,0.64509
09:59:10,0.64512,0.64519,0.64498,0.64498
09:59:15,0.64498,0.64498,0.6448,0.6448
09:59:20,0.64472,0.64472,0.64441,0.64452
09:59:25,0.64448,0.64454,0.64448,0.64454
09:59:30,0.64457,0.64457,0.64439,0.6444
09:59:35,0.6444,0.6444,0.644,0.64405
09:59:40,0.64402,0.64407,0.64386,0.64403
09:59:45,0.64403,0.64403,0.64395,0.64399
09:59:50,0.64404,0.64416,0.64397,0.64406
09:59:55,0.64406,0.6441,0.64403,0.64404
10:00:00,0.64404,0.64416,0.64404,0.64416
10:00:05,0.64418,0.6443,0.64418,0.6443
10:00:10,0.64433,0.64441,0.64433,0.64439
10:00:15,0.64439,0.64484,0.64439,0.64484
10:00:20,0.64484,0.64498,0.64484,0.64492
10:00:25,0.64492,0.64492,0.64473,0.64473
10:00:30,0.64473,0.64473,0.64467,0.64467
10:00:35,0.64467,0.64471,0.64445,0.64449
10:00:40,0.64449,0.64449,0.64433,0.64441
10:00:45,0.64446,0.64452,0.64422,0.64422
10:00:50,0.64422,0.64422,0.64406,0.64406
10:00:55,0.64406,0.6441,0.64386,0.64386
10:01:00,0.64393,0.64393,0.64393,0.64393
10:01:05,0.64389,0.64413,0.64389,0.64408
10:01:10,0.64408,0.64408,0.64401,0.64402
10:01:15,0.64402,0.64418,0.64402,0.64413
10:01:20,0.64416,0.64417,0.64403,0.64412
10:01:25,0.64412,0.64415,0.6441,0.64411
10:01:30,0.64411,0.64416,0.64393,0.64393
10:01:35,0.64393,0.64423,0.64393,0.64413
10:01:40,0.64409,0.64425,0.64409,0.64421
10:01:45,0.64426,0.64437,0.64426,0.6443
10:01:50,0.6443,0.64433,0.64408,0.64408
10:01:55,0.64408,0.6442,0.64408,0.64413
10:02:00,0.64413,0.64417,0.64408,0.64411
10:02:05,0.64411,0.64415,0.64405,0.64415
10:02:10,0.64415,0.64424,0.64408,0.64424
10:02:15,0.64424,0.64424,0.64419,0.64424
10:02:20,0.64429,0.64438,0.64429,0.64433
10:02:25,0.64433,0.64433,0.64419,0.64423
10:02:30,0.64423,0.64436,0.64421,0.64436
10:02:35,0.64436,0.64446,0.64436,0.64443
10:02:40,0.64451,0.64451,0.64445,0.64448
10:02:45,0.64451,0.64479,0.64451,0.64479
10:02:50,0.64479,0.6448,0.64474,0.6448
10:02:55,0.6448,0.64529,0.64474,0.64529
10:03:00,0.64529,0.64544,0.64523,0.64544
10:03:05,0.64546,0.64552,0.64528,0.64531
10:03:10,0.64531,0.64531,0.64522,0.64527
10:03:15,0.64527,0.64558,0.64527,0.64553
10:03:20,0.64553,0.64557,0.6454,0.6454
10:03:25,0.6454,0.64548,0.64539,0.64544
10:03:30,0.64544,0.64544,0.6453,0.64536
10:03:35,0.64536,0.6455,0.64482,0.64482
10:03:40,0.64482,0.64507,0.64482,0.64507
10:03:45,0.64507,0.64515,0.64507,0.6451
10:03:50,0.6451,0.64513,0.64501,0.64509
10:03:55,0.64509,0.64509,0.6447,0.6447
10:04:00,0.6447,0.64483,0.64464,0.64464
10:04:05,0.64461,0.64472,0.64459,0.64459
10:04:10,0.64456,0.64467,0.64454,0.64467
10:04:15,0.64467,0.64467,0.6446,0.6446
10:04:20,0.6446,0.64475,0.64457,0.64469
10:04:25,0.64466,0.64468,0.64459,0.64468
10:04:30,0.64468,0.64468,0.6444,0.6444
10:04:35,0.6444,0.64444,0.64438,0.64438
10:04:40,0.64438,0.64451,0.64434,0.64451
10:04:45,0.64451,0.64451,0.64437,0.6444
10:04:50,0.64438,0.64438,0.6442,0.64423
10:04:55,0.64428,0.6443,0.64424,0.64424
10:05:00,0.64424,0.64438,0.64421,0.64438
10:05:05,0.6443,0.64458,0.6443,0.64458
10:05:10,0.64458,0.64458,0.64441,0.64445
10:05:15,0.64445,0.64453,0.64438,0.64447
10:05:20,0.64447,0.64464,0.64447,0.64459
10:05:25,0.64459,0.6446,0.64456,0.6446
10:05:30,0.64469,0.6447,0.64455,0.64465
10:05:35,0.64465,0.64465,0.64459,0.64464
10:05:40,0.64464,0.64464,0.64445,0.64445
10:05:45,0.64445,0.64449,0.64443,0.64443
10:05:50,0.64441,0.64441,0.64418,0.64437
10:05:55,0.64429,0.64434,0.64426,0.64431
10:06:00,0.64431,0.64433,0.64417,0.64417
10:06:05,0.6442,0.6442,0.64396,0.64396
10:06:10,0.64391,0.64394,0.64391,0.64394
10:06:15,0.64398,0.64406,0.64398,0.64403
10:06:20,0.64403,0.64411,0.64396,0.64401
10:06:25,0.64398,0.64411,0.64398,0.64411
10:06:30,0.64411,0.64411,0.64387,0.64387
10:06:35,0.64387,0.64395,0.64387,0.64395
10:06:40,0.64395,0.64404,0.64395,0.64402
10:06:45,0.64402,0.64415,0.64402,0.64415
10:06:50,0.64413,0.64434,0.64413,0.64434
10:06:55,0.64429,0.64435,0.64428,0.64428
10:07:00,0.64428,0.64444,0.64428,0.64444
10:07:05,0.64444,0.64454,0.64439,0.64454
10:07:10,0.6445,0.64454,0.64447,0.64448
10:07:15,0.64446,0.64446,0.64428,0.64428
10:07:20,0.64428,0.64454,0.64428,0.64446
10:07:25,0.64452,0.64493,0.64452,0.64489
10:07:30,0.64484,0.64484,0.6447,0.64472
10:07:35,0.64475,0.64477,0.6447,0.6447
10:07:40,0.6447,0.6447,0.64457,0.64457
10:07:45,0.64454,0.64464,0.64446,0.64464
10:07:50,0.64467,0.64467,0.64455,0.64458
10:07:55,0.64458,0.64476,0.64453,0.64466
10:08:00,0.64466,0.64466,0.64455,0.64459
10:08:05,0.64459,0.64468,0.64458,0.64463
10:08:10,0.64458,0.64465,0.64454,0.64465
10:08:15,0.64465,0.64478,0.64465,0.64472
10:08:20,0.64472,0.64481,0.64472,0.64481
10:08:25,0.64481,0.64481,0.64465,0.64465
10:08:30,0.64465,0.64473,0.64463,0.64473
10:08:35,0.64473,0.64476,0.64468,0.64471
10:08:40,0.64471,0.64477,0.64447,0.64474
10:08:45,0.64474,0.64482,0.64472,0.64482
10:08:50,0.64482,0.64483,0.64469,0.64483
10:08:55,0.64483,0.64488,0.64464,0.64469
10:09:00,0.64469,0.64481,0.64462,0.64481
10:09:05,0.64481,0.64495,0.64481,0.64485
10:09:10,0.64485,0.64495,0.64482,0.6449
10:09:15,0.6449,0.6449,0.64475,0.64481
10:09:20,0.64462,0.64465,0.64452,0.64452
10:09:25,0.64461,0.64467,0.64461,0.64462
10:09:30,0.64457,0.64465,0.64456,0.64456
10:09:35,0.64459,0.64467,0.64457,0.64467
10:09:40,0.64467,0.64473,0.64454,0.64473
10:09:45,0.64469,0.6448,0.64469,0.64477
10:09:50,0.6448,0.6448,0.64464,0.64474
10:09:55,0.64474,0.645,0.64474,0.64497
10:10:00,0.64497,0.64516,0.64497,0.6451
10:10:05,0.6451,0.6451,0.64502,0.64502
10:10:10,0.64507,0.64526,0.64507,0.64526
10:10:15,0.64529,0.64553,0.64529,0.64537
10:10:20,0.64532,0.64538,0.64519,0.64519
10:10:25,0.64519,0.64535,0.64519,0.64535
10:10:30,0.64526,0.64528,0.64517,0.64517
10:10:35,0.64517,0.64548,0.64517,0.64544
10:10:40,0.64544,0.6455,0.64544,0.64546
10:10:45,0.64546,0.64546,0.64536,0.64542
10:10:50,0.64542,0.64551,0.64539,0.64551
10:10:55,0.64542,0.64542,0.64526,0.64526
10:11:00,0.64533,0.6454,0.64517,0.64517
10:11:05,0.64517,0.64533,0.64507,0.64533
10:11:10,0.64533,0.64533,0.64511,0.6452
10:11:15,0.64526,0.64526,0.64517,0.64521
10:11:20,0.64521,0.64544,0.64521,0.64544
10:11:25,0.64544,0.64544,0.64536,0.64543
10:11:30,0.64543,0.64546,0.64536,0.64536
10:11:35,0.64536,0.64539,0.64524,0.64527
10:11:40,0.6453,0.64532,0.64524,0.64527
10:11:45,0.64527,0.64527,0.64518,0.64518
10:11:50,0.64513,0.64513,0.64483,0.64483
10:11:55,0.64471,0.64471,0.64456,0.6446
10:12:00,0.64458,0.64458,0.64452,0.64457
10:12:05,0.64457,0.64464,0.64457,0.64461
10:12:10,0.64461,0.64461,0.64445,0.64445
10:12:15,0.64445,0.64445,0.64435,0.64435
10:12:20,0.64435,0.64441,0.64432,0.64432
10:12:25,0.64432,0.64441,0.64426,0.64429
10:12:30,0.64432,0.64432,0.64425,0.64425
10:12:35,0.64428,0.64436,0.64428,0.64435
10:12:40,0.64432,0.64439,0.64426,0.64426
10:12:45,0.64426,0.64453,0.64426,0.64453
10:12:50,0.64453,0.64455,0.64425,0.64425
10:12:55,0.64422,0.6443,0.64422,0.6443
10:13:00,0.64422,0.64439,0.64422,0.64435
10:13:05,0.64435,0.64435,0.64412,0.64417
10:13:10,0.64417,0.64436,0.64417,0.64436
10:13:15,0.64436,0.64442,0.64424,0.64429
10:13:20,0.64429,0.64434,0.64426,0.64434
10:13:25,0.64434,0.64443,0.64434,0.64443
10:13:30,0.64443,0.64459,0.64443,0.64459
10:13:35,0.64456,0.64457,0.64445,0.64445
10:13:40,0.64455,0.64459,0.64447,0.64459
10:13:45,0.64459,0.64469,0.64459,0.64462
10:13:50,0.64462,0.64471,0.64459,0.6446
10:13:55,0.6446,0.64464,0.64455,0.64458
10:14:00,0.64461,0.64478,0.64461,0.64473
10:14:05,0.64473,0.64485,0.64464,0.64485
10:14:10,0.64485,0.64485,0.64476,0.64476
10:14:15,0.64466,0.64466,0.64452,0.64455
10:14:20,0.64455,0.64498,0.64455,0.64498
10:14:25,0.64498,0.64503,0.64484,0.64493
10:14:30,0.64493,0.64525,0.64486,0.64515
10:14:35,0.64512,0.64524,0.64512,0.64515
10:14:40,0.64518,0.64542,0.64518,0.64542
10:14:45,0.64542,0.64542,0.64535,0.64539
10:14:50,0.64539,0.64539,0.64503,0.64503
10:14:55,0.64506,0.64512,0.64496,0.64496
10:15:00,0.64493,0.64493,0.64479,0.64479
10:15:05,0.64479,0.6448,0.64472,0.64472
10:15:10,0.64472,0.6448,0.6446,0.6446
10:15:15,0.64453,0.64454,0.64447,0.64451
10:15:20,0.64451,0.64453,0.64446,0.64453
10:15:25,0.64453,0.64453,0.64446,0.64451
10:15:30,0.64451,0.64457,0.64451,0.64451
10:15:35,0.64456,0.6446,0.64428,0.64428
10:15:40,0.64431,0.64438,0.64425,0.64425
10:15:45,0.64425,0.64425,0.64409,0.64409
10:15:50,0.64409,0.64412,0.64399,0.6441
10:15:55,0.64416,0.64433,0.6441,0.64433
10:16:00,0.64429,0.64429,0.64408,0.64411
10:16:05,0.64414,0.64416,0.64407,0.64412
10:16:10,0.64412,0.64417,0.64386,0.64392
10:16:15,0.64392,0.644,0.64382,0.64382
10:16:20,0.64382,0.64394,0.64378,0.64394
10:16:25,0.64389,0.64395,0.64379,0.64395
10:16:30,0.64398,0.64408,0.64398,0.64408
10:16:35,0.64411,0.64438,0.64411,0.64438
10:16:40,0.64438,0.64438,0.64433,0.64433
10:16:45,0.64427,0.64429,0.64414,0.64429
10:16:50,0.64429,0.6443,0.64411,0.6443
10:16:55,0.6443,0.64449,0.64428,0.64445
10:17:00,0.64445,0.64458,0.64445,0.64456
10:17:05,0.64477,0.64479,0.64468,0.64468
10:17:10,0.64465,0.64468,0.64457,0.64465
10:17:15,0.64465,0.64469,0.64462,0.64464
10:17:20,0.64464,0.64482,0.64454,0.64454
10:17:25,0.64454,0.64454,0.64449,0.6445
10:17:30,0.6445,0.64453,0.64429,0.64429
10:17:35,0.64429,0.64452,0.64423,0.64443
10:17:40,0.64443,0.64461,0.64443,0.64453
10:17:45,0.64457,0.64469,0.64457,0.64459
10:17:50,0.64459,0.6446,0.64422,0.64422
10:17:55,0.64422,0.64424,0.64403,0.64424
10:18:00,0.64424,0.64433,0.6442,0.64431
10:18:05,0.64439,0.64442,0.64432,0.64432
10:18:10,0.64432,0.64434,0.64407,0.64407
10:18:15,0.64407,0.64418,0.64404,0.64418
10:18:20,0.64418,0.64439,0.64418,0.64424
10:18:25,0.64419,0.64425,0.64419,0.64425
10:18:30,0.64425,0.64435,0.64419,0.64435
10:18:35,0.64435,0.64463,0.64429,0.64463
10:18:40,0.6447,0.64472,0.64465,0.64465
10:18:45,0.64462,0.64465,0.64455,0.64461
10:18:50,0.64461,0.64464,0.64457,0.6446
10:18:55,0.6446,0.64471,0.6446,0.64471
10:19:00,0.64466,0.64466,0.64451,0.64454
10:19:05,0.64447,0.64458,0.64443,0.64454
10:19:10,0.64454,0.64456,0.64428,0.64435
10:19:15,0.64435,0.64442,0.64433,0.6444
10:19:20,0.6444,0.6444,0.64434,0.64434
10:19:25,0.6444,0.6444,0.64428,0.64428
10:19:30,0.64428,0.64436,0.64428,0.64431
10:19:35,0.64431,0.64431,0.64417,0.64419
10:19:40,0.64415,0.6442,0.64415,0.64415
10:19:45,0.64418,0.64422,0.64418,0.64422
10:19:50,0.64422,0.64447,0.64422,0.64444
10:19:55,0.64444,0.64444,0.64422,0.64422
10:20:00,0.64422,0.64427,0.64417,0.64427
10:20:05,0.64431,0.64431,0.64428,0.64428
10:20:10,0.64428,0.64429,0.64422,0.64425
10:20:15,0.64421,0.64445,0.64421,0.64438
10:20:20,0.64436,0.64436,0.64414,0.64418
10:20:25,0.64422,0.6443,0.64422,0.64423
10:20:30,0.64418,0.64418,0.64397,0.644
10:20:35,0.64395,0.64395,0.64366,0.64372
10:20:40,0.64372,0.64372,0.64358,0.64358
10:20:45,0.64361,0.64363,0.64317,0.64317
10:20:50,0.64317,0.6432,0.64305,0.64309
10:20:55,0.64318,0.6432,0.64311,0.64316
10:21:00,0.64313,0.64324,0.64308,0.64311
10:21:05,0.64311,0.64328,0.64311,0.64328
10:21:10,0.6433,0.64338,0.64328,0.64328
10:21:15,0.64325,0.64325,0.64308,0.64308
10:21:20,0.64303,0.64309,0.64294,0.64309
10:21:25,0.64309,0.64313,0.6429,0.6429
10:21:30,0.6429,0.64299,0.6429,0.64291
10:21:35,0.64291,0.64295,0.64289,0.6429
10:21:40,0.6429,0.6429,0.64267,0.64267
10:21:45,0.6427,0.64278,0.6427,0.64278
10:21:50,0.64283,0.64285,0.64262,0.64265
10:21:55,0.64268,0.64268,0.64263,0.64268
10:22:00,0.64268,0.64268,0.6425,0.6425
10:22:05,0.64254,0.64267,0.64241,0.64265
10:22:10,0.64265,0.64267,0.64258,0.64258
10:22:15,0.64258,0.64273,0.64258,0.64267
10:22:20,0.64267,0.64267,0.64254,0.64254
10:22:25,0.64254,0.64254,0.64243,0.64251
10:22:30,0.64237,0.64243,0.64229,0.64243
10:22:35,0.64243,0.6425,0.6424,0.6424
10:22:40,0.6424,0.64244,0.6422,0.6422
10:22:45,0.64225,0.64241,0.64221,0.64241
10:22:50,0.64241,0.64241,0.64221,0.64225
10:22:55,0.64233,0.64246,0.64227,0.6423
10:23:00,0.6423,0.6423,0.6422,0.64225
10:23:05,0.64225,0.6424,0.64225,0.64229
10:23:10,0.64215,0.64215,0.64215,0.64215
10:23:15,0.64215,0.64218,0.64201,0.64201
10:23:20,0.64201,0.64212,0.642,0.642
10:23:25,0.64197,0.642,0.64186,0.64186
10:23:30,0.64186,0.64204,0.64182,0.64195
10:23:35,0.64195,0.64203,0.64195,0.64203
10:23:40,0.64203,0.64207,0.64203,0.64204
10:23:45,0.64199,0.64199,0.64182,0.64182
10:23:50,0.64182,0.6419,0.64182,0.64184
10:23:55,0.64184,0.64192,0.64184,0.64189
10:24:00,0.64189,0.64197,0.64181,0.6419
10:24:05,0.6419,0.6419,0.64177,0.64179
10:24:10,0.64179,0.64183,0.64161,0.64161
10:24:15,0.64161,0.64161,0.64146,0.64151
10:24:20,0.64151,0.64164,0.64151,0.6416
10:24:25,0.6416,0.64174,0.6416,0.64167
10:24:30,0.64158,0.64177,0.64158,0.64177
10:24:35,0.64177,0.64177,0.64169,0.64173
10:24:40,0.64173,0.64211,0.64173,0.64211
10:24:45,0.64224,0.64254,0.6422,0.64254
10:24:50,0.64254,0.64259,0.64243,0.64249
10:24:55,0.64253,0.64273,0.64252,0.64273
10:25:00,0.64273,0.64277,0.64272,0.64276
10:25:05,0.64267,0.64267,0.64255,0.64255
10:25:10,0.64257,0.64257,0.64248,0.64248
10:25:15,0.64248,0.64258,0.64245,0.64245
10:25:20,0.64245,0.64245,0.642,0.64208
10:25:25,0.64208,0.64218,0.64208,0.64214
10:25:30,0.64214,0.64214,0.64193,0.64193
10:25:35,0.64193,0.64198,0.64171,0.64171
10:25:40,0.64171,0.64171,0.64155,0.64168
10:25:45,0.64168,0.6417,0.64164,0.64169
10:25:50,0.64176,0.64181,0.64166,0.64166
10:25:55,0.64166,0.64171,0.64165,0.64168
10:26:00,0.64168,0.64168,0.6414,0.64153
10:26:05,0.64153,0.64157,0.64147,0.64157
10:26:10,0.64162,0.64183,0.64162,0.64183
10:26:15,0.64183,0.64214,0.64179,0.642
10:26:20,0.642,0.642,0.64191,0.64198
10:26:25,0.64198,0.64198,0.64186,0.64189
10:26:30,0.64191,0.64199,0.64184,0.64198
10:26:35,0.64205,0.64228,0.64202,0.64221
10:26:40,0.64221,0.64228,0.64218,0.64228
10:26:45,0.64228,0.6423,0.6422,0.6423
10:26:50,0.6423,0.64231,0.64226,0.64227
10:26:55,0.6423,0.64231,0.64221,0.64221
10:27:00,0.64225,0.64225,0.64183,0.64191
10:27:05,0.64193,0.64193,0.6417,0.6417
10:27:10,0.6417,0.6417,0.64159,0.64169
10:27:15,0.64189,0.6419,0.6418,0.64181
10:27:20,0.64176,0.64179,0.64174,0.64177
10:27:25,0.64182,0.64182,0.64155,0.64155
10:27:30,0.64163,0.64178,0.64163,0.64173
10:27:35,0.6418,0.6418,0.64167,0.64167
10:27:40,0.64167,0.64183,0.64167,0.64169
10:27:45,0.64169,0.64175,0.64169,0.64173
10:27:50,0.64168,0.64183,0.64164,0.64183
10:27:55,0.64183,0.64187,0.64181,0.64181
10:28:00,0.64181,0.64188,0.64178,0.64185
10:28:05,0.64185,0.64189,0.64146,0.64147
10:28:10,0.64142,0.6415,0.64134,0.64134
10:28:15,0.64137,0.64154,0.64137,0.64151
10:28:20,0.64151,0.64151,0.64129,0.64129
10:28:25,0.64129,0.64132,0.64117,0.64132
10:28:30,0.64125,0.64125,0.6412,0.64123
10:28:35,0.64127,0.64127,0.64118,0.64122
10:28:40,0.64122,0.64122,0.6409,0.64098
10:28:45,0.64098,0.64102,0.64081,0.64085
10:28:50,0.64074,0.64081,0.64074,0.64081
10:28:55,0.64081,0.64081,0.6406,0.6406
10:29:00,0.6406,0.64063,0.6405,0.6405
10:29:05,0.6405,0.64058,0.64042,0.64042
10:29:10,0.64042,0.64042,0.64039,0.6404
10:29:15,0.64046,0.64046,0.64028,0.64031
10:29:20,0.64028,0.64028,0.64012,0.64012
10:29:25,0.64012,0.64029,0.64012,0.64029
10:29:30,0.64025,0.6407,0.64025,0.6407
10:29:35,0.6407,0.6407,0.64056,0.64064
10:29:40,0.64057,0.64068,0.64053,0.64068
10:29:45,0.64068,0.64092,0.64064,0.64076
10:29:50,0.64076,0.64076,0.64063,0.64069
10:29:55,0.64065,0.64069,0.6405,0.6405
10:30:00,0.6405,0.64056,0.64021,0.64031
10:30:05,0.64031,0.6404,0.64029,0.6404
10:30:10,0.6404,0.6405,0.64037,0.6405
10:30:15,0.64058,0.64058,0.64049,0.64049
10:30:20,0.64054,0.64068,0.64054,0.64068
10:30:25,0.64068,0.64077,0.64064,0.64073
10:30:30,0.64073,0.64073,0.64057,0.64057
10:30:35,0.64057,0.64057,0.6405,0.64051
10:30:40,0.64047,0.64071,0.64047,0.64068
10:30:45,0.64068,0.64076,0.64059,0.64072
10:30:50,0.64072,0.64116,0.64072,0.641
10:30:55,0.64109,0.64117,0.64104,0.64117
10:31:00,0.64119,0.64127,0.64119,0.64127
10:31:05,0.64127,0.64134,0.64124,0.64131
10:31:10,0.64131,0.64131,0.6412,0.6412
10:31:15,0.6412,0.6412,0.64107,0.64113
10:31:20,0.64113,0.64122,0.64109,0.64112
10:31:25,0.64112,0.64118,0.64069,0.64076
10:31:30,0.64076,0.64076,0.64067,0.64067
10:31:35,0.64071,0.6409,0.64071,0.6409
10:31:40,0.64081,0.64086,0.64079,0.64086
10:31:45,0.64086,0.64086,0.6406,0.64061
10:31:50,0.64057,0.64057,0.6405,0.64055
10:31:55,0.64057,0.64059,0.64046,0.64053
10:32:00,0.64069,0.64079,0.64069,0.64074
10:32:05,0.64074,0.6412,0.64074,0.64113
10:32:10,0.64119,0.64125,0.64115,0.64116
10:32:15,0.64116,0.64116,0.64089,0.64089
10:32:20,0.64092,0.64099,0.64091,0.64099
10:32:25,0.64102,0.64105,0.64087,0.64087
10:32:30,0.6409,0.6409,0.64082,0.64082
10:32:35,0.64069,0.64069,0.6405,0.64051
10:32:40,0.64051,0.64066,0.64051,0.64063
10:32:45,0.64074,0.64074,0.64063,0.64063
10:32:50,0.64072,0.64072,0.64044,0.6405
10:32:55,0.64071,0.64074,0.64068,0.64068
10:33:00,0.64068,0.64082,0.64059,0.64078
10:33:05,0.64081,0.64098,0.64081,0.64098
10:33:10,0.64098,0.64122,0.64091,0.64122
10:33:15,0.64125,0.64128,0.64125,0.64128
10:33:20,0.64124,0.64124,0.64093,0.64093
10:33:25,0.64108,0.64114,0.64108,0.64111
10:33:30,0.64109,0.64109,0.64101,0.64101
10:33:35,0.64108,0.6411,0.64104,0.6411
10:33:40,0.6411,0.64157,0.6411,0.64129
10:33:45,0.64123,0.64123,0.64084,0.64105
10:33:50,0.64105,0.64105,0.64097,0.64097
10:33:55,0.64097,0.64101,0.6408,0.6408
10:34:00,0.6408,0.64111,0.6408,0.64111
10:34:05,0.64107,0.64109,0.64077,0.64077
10:34:10,0.64077,0.64077,0.64056,0.64056
10:34:15,0.64056,0.64056,0.64046,0.64046
10:34:20,0.64049,0.64049,0.64017,0.64017
10:34:25,0.64017,0.64021,0.64011,0.64017
10:34:30,0.64014,0.64017,0.6401,0.64012
10:34:35,0.64012,0.64097,0.64012,0.64097
10:34:40,0.641,0.641,0.64088,0.64095
10:34:45,0.64101,0.64114,0.64095,0.64095
10:34:50,0.64099,0.64102,0.64095,0.64101
10:34:55,0.64101,0.64101,0.64054,0.64056
10:35:00,0.64056,0.64062,0.64056,0.64057
10:35:05,0.64061,0.64061,0.64025,0.64025
10:35:10,0.64025,0.64025,0.6402,0.64025
10:35:15,0.64025,0.64036,0.64024,0.64024
10:35:20,0.64027,0.64034,0.64027,0.64032
10:35:25,0.64037,0.64038,0.64034,0.64035
10:35:30,0.64035,0.6404,0.64028,0.6403
10:35:35,0.6403,0.64055,0.6403,0.64052
10:35:40,0.64054,0.64064,0.64054,0.64062
10:35:45,0.64062,0.64074,0.64062,0.64066
10:35:50,0.64066,0.64066,0.64063,0.64063
10:35:55,0.64063,0.64073,0.64063,0.64073
10:36:00,0.6407,0.64084,0.6407,0.64081
10:36:05,0.64084,0.64091,0.64075,0.64088
10:36:10,0.64088,0.64088,0.6407,0.64072
10:36:15,0.64072,0.64072,0.64038,0.64047
10:36:20,0.6405,0.64068,0.64041,0.64068
10:36:25,0.64075,0.64075,0.64058,0.64058
10:36:30,0.64058,0.64063,0.64057,0.64061
10:36:35,0.64061,0.64061,0.64035,0.6404
10:36:40,0.6404,0.6404,0.6402,0.6402
10:36:45,0.64034,0.64037,0.6403,0.64036
10:36:50,0.64036,0.64038,0.64031,0.64031
10:36:55,0.64031,0.64031,0.64016,0.64016
10:37:00,0.64021,0.64021,0.64006,0.64009
10:37:05,0.64006,0.64012,0.63964,0.63964
10:37:10,0.63964,0.63985,0.63964,0.63967
10:37:15,0.63967,0.63981,0.63967,0.63981
10:37:20,0.63996,0.64008,0.63996,0.64008
10:37:25,0.64003,0.64007,0.63992,0.63992
10:37:30,0.63992,0.64004,0.63985,0.64004
10:37:35,0.64004,0.64004,0.63996,0.63999
10:37:40,0.63984,0.63995,0.63984,0.63995
10:37:45,0.63987,0.63991,0.63973,0.63991
10:37:50,0.63991,0.63998,0.63991,0.63991
10:37:55,0.63991,0.64003,0.63991,0.64
10:38:00,0.64,0.64,0.63987,0.63993
10:38:05,0.63997,0.63997,0.63975,0.63978
10:38:10,0.63975,0.6398,0.63967,0.63967
10:38:15,0.63963,0.63963,0.63951,0.63956
10:38:20,0.63956,0.6396,0.63952,0.63957
10:38:25,0.63961,0.63961,0.63953,0.63953
10:38:30,0.63953,0.6397,0.63953,0.6397
10:38:35,0.6396,0.6396,0.63953,0.63953
10:38:40,0.63953,0.63953,0.63934,0.63934
10:38:45,0.63931,0.63934,0.63905,0.63905
10:38:50,0.63908,0.63935,0.63908,0.63932
10:38:55,0.63932,0.63932,0.63919,0.63919
10:39:00,0.63919,0.63933,0.63916,0.63933
10:39:05,0.63933,0.63933,0.63907,0.6391
10:39:10,0.6391,0.6391,0.63856,0.63858
10:39:15,0.63858,0.63862,0.63851,0.63861
10:39:20,0.63861,0.63871,0.63853,0.63871
10:39:25,0.63871,0.63877,0.63867,0.63869
10:39:30,0.63869,0.63873,0.63839,0.63839
10:39:35,0.63839,0.63839,0.63821,0.63821
10:39:40,0.63821,0.63822,0.63815,0.63818
10:39:45,0.63823,0.63833,0.63823,0.63833
10:39:50,0.63837,0.63837,0.63826,0.63826
10:39:55,0.63826,0.63832,0.63825,0.63832
10:40:00,0.63832,0.63832,0.63818,0.63828
10:40:05,0.63828,0.63829,0.63824,0.63824
10:40:10,0.63822,0.63825,0.63816,0.63825
10:40:15,0.63825,0.63829,0.63819,0.63819
10:40:20,0.63819,0.63834,0.63813,0.6382
10:40:25,0.6382,0.63821,0.63815,0.63821
10:40:30,0.63831,0.6384,0.63827,0.6384
10:40:35,0.6384,0.6384,0.63834,0.63837
10:40:40,0.63837,0.63898,0.63837,0.63898
10:40:45,0.63898,0.63905,0.63888,0.63905
10:40:50,0.63908,0.63908,0.63893,0.63893
10:40:55,0.63893,0.63901,0.63893,0.63895
10:41:00,0.63895,0.63901,0.63891,0.63891
10:41:05,0.63891,0.63897,0.63877,0.63877
10:41:10,0.6387,0.63873,0.63854,0.63873
10:41:15,0.63873,0.63917,0.63873,0.63917
10:41:20,0.63917,0.63939,0.6391,0.63939
10:41:25,0.63939,0.63953,0.63939,0.63949
10:41:30,0.63952,0.63978,0.63952,0.63978
10:41:35,0.63978,0.63994,0.63978,0.63991
10:41:40,0.63991,0.64007,0.63984,0.63984
10:41:45,0.63984,0.63996,0.63978,0.63981
10:41:50,0.63986,0.63986,0.63962,0.63962
10:41:55,0.63962,0.63968,0.6395,0.63954
10:42:00,0.63954,0.63961,0.63932,0.63941
