time,open,high,low,close
2025-05-11 07:17:55,132.065,132.066,132.061,132.061
2025-05-11 07:18:00,132.062,132.071,132.06,132.069
2025-05-11 07:18:05,132.068,132.068,132.055,132.055
2025-05-11 07:18:10,132.055,132.055,132.051,132.055
2025-05-11 07:18:15,132.055,132.056,132.048,132.048
2025-05-11 07:18:20,132.046,132.05,132.046,132.05
2025-05-11 07:18:25,132.053,132.054,132.05,132.052
2025-05-11 07:18:30,132.052,132.052,132.048,132.05
2025-05-11 07:18:35,132.05,132.05,132.046,132.046
2025-05-11 07:18:40,132.046,132.054,132.045,132.054
2025-05-11 07:18:45,132.052,132.053,132.05,132.053
2025-05-11 07:18:50,132.053,132.053,132.043,132.043
2025-05-11 07:18:55,132.043,132.053,132.042,132.053
2025-05-11 07:19:00,132.055,132.059,132.055,132.059
2025-05-11 07:19:05,132.057,132.063,132.057,132.059
2025-05-11 07:19:10,132.059,132.076,132.059,132.075
2025-05-11 07:19:15,132.075,132.076,132.074,132.074
2025-05-11 07:19:20,132.073,132.077,132.073,132.076
2025-05-11 07:19:25,132.077,132.085,132.077,132.084
2025-05-11 07:19:30,132.084,132.09,132.084,132.087
2025-05-11 07:19:35,132.087,132.093,132.086,132.093
2025-05-11 07:19:40,132.091,132.092,132.09,132.092
2025-05-11 07:19:45,132.094,132.099,132.093,132.093
2025-05-11 07:19:50,132.093,132.096,132.09,132.091
2025-05-11 07:19:55,132.091,132.095,132.091,132.094
2025-05-11 07:20:00,132.094,132.094,132.091,132.094
2025-05-11 07:20:05,132.094,132.094,132.092,132.092
2025-05-11 07:20:10,132.092,132.093,132.088,132.093
2025-05-11 07:20:15,132.093,132.095,132.093,132.095
2025-05-11 07:20:20,132.094,132.098,132.092,132.096
2025-05-11 07:20:25,132.098,132.099,132.097,132.097
2025-05-11 07:20:30,132.097,132.1,132.095,132.1
2025-05-11 07:20:35,132.1,132.1,132.087,132.089
2025-05-11 07:20:40,132.089,132.09,132.088,132.088
2025-05-11 07:20:45,132.087,132.09,132.086,132.09
2025-05-11 07:20:50,132.09,132.09,132.079,132.08
2025-05-11 07:20:55,132.08,132.081,132.077,132.081
2025-05-11 07:21:00,132.079,132.079,132.071,132.071
2025-05-11 07:21:05,132.072,132.08,132.071,132.08
2025-05-11 07:21:10,132.08,132.08,132.076,132.076
2025-05-11 07:21:15,132.076,132.076,132.065,132.065
2025-05-11 07:21:20,132.065,132.065,132.049,132.049
2025-05-11 07:21:25,132.049,132.053,132.047,132.052
2025-05-11 07:21:30,132.052,132.058,132.049,132.058
2025-05-11 07:21:35,132.058,132.068,132.057,132.068
2025-05-11 07:21:40,132.067,132.071,132.063,132.063
2025-05-11 07:21:45,132.064,132.065,132.06,132.061
2025-05-11 07:21:50,132.061,132.065,132.061,132.065
2025-05-11 07:21:55,132.065,132.067,132.064,132.067
2025-05-11 07:22:00,132.067,132.068,132.066,132.068
2025-05-11 07:22:05,132.069,132.069,132.062,132.062
2025-05-11 07:22:10,132.062,132.069,132.058,132.06
2025-05-11 07:22:15,132.06,132.06,132.056,132.059
2025-05-11 07:22:20,132.059,132.061,132.057,132.057
2025-05-11 07:22:25,132.057,132.057,132.053,132.053
2025-05-11 07:22:30,132.052,132.058,132.052,132.056
2025-05-11 07:22:35,132.056,132.056,132.048,132.049
2025-05-11 07:22:40,132.049,132.049,132.034,132.034
2025-05-11 07:22:45,132.035,132.035,132.029,132.029
2025-05-11 07:22:50,132.029,132.029,132.022,132.022
2025-05-11 07:22:55,132.022,132.025,132.017,132.017
2025-05-11 07:23:00,132.017,132.031,132.017,132.031
2025-05-11 07:23:05,132.03,132.032,132.029,132.029
2025-05-11 07:23:10,132.029,132.036,132.029,132.036
2025-05-11 07:23:15,132.038,132.042,132.033,132.042
2025-05-11 07:23:20,132.042,132.042,132.039,132.039
2025-05-11 07:23:25,132.042,132.042,132.039,132.039
2025-05-11 07:23:30,132.037,132.04,132.036,132.04
2025-05-11 07:23:35,132.04,132.043,132.04,132.041
2025-05-11 07:23:40,132.041,132.041,132.037,132.041
2025-05-11 07:23:45,132.041,132.041,132.034,132.035
2025-05-11 07:23:50,132.035,132.036,132.034,132.036
2025-05-11 07:23:55,132.036,132.037,132.034,132.037
2025-05-11 07:24:00,132.037,132.037,132.032,132.032
2025-05-11 07:24:05,132.028,132.031,132.028,132.031
2025-05-11 07:24:10,132.031,132.036,132.025,132.025
2025-05-11 07:24:15,132.026,132.029,132.026,132.026
2025-05-11 07:24:20,132.026,132.027,132.017,132.017
2025-05-11 07:24:25,132.017,132.017,132.011,132.011
2025-05-11 07:24:30,132.011,132.011,132.005,132.005
2025-05-11 07:24:35,132.005,132.007,132.002,132.002
2025-05-11 07:24:40,132.002,132.003,131.999,132
2025-05-11 07:24:45,132.002,132.005,132.001,132.005
2025-05-11 07:24:50,132.006,132.006,132.002,132.002
2025-05-11 07:24:55,131.999,131.999,131.992,131.993
2025-05-11 07:25:00,131.993,131.994,131.991,131.994
2025-05-11 07:25:05,131.994,131.994,131.989,131.989
2025-05-11 07:25:10,131.988,131.989,131.987,131.989
2025-05-11 07:25:15,131.989,131.989,131.976,131.977
2025-05-11 07:25:20,131.977,131.978,131.973,131.973
2025-05-11 07:25:25,131.974,131.976,131.97,131.974
2025-05-11 07:25:30,131.973,131.982,131.969,131.98
2025-05-11 07:25:35,131.98,131.988,131.98,131.988
2025-05-11 07:25:40,131.988,131.991,131.985,131.989
2025-05-11 07:25:45,131.989,131.989,131.986,131.987
2025-05-11 07:25:50,131.987,131.988,131.986,131.986
2025-05-11 07:25:55,131.986,131.988,131.983,131.983
2025-05-11 07:26:00,131.983,131.985,131.981,131.985
2025-05-11 07:26:05,131.985,131.992,131.985,131.992
2025-05-11 07:26:10,131.992,131.992,131.983,131.983
2025-05-11 07:26:15,131.983,131.983,131.975,131.975
2025-05-11 07:26:20,131.975,131.979,131.975,131.978
2025-05-11 07:26:25,131.978,131.981,131.977,131.978
2025-05-11 07:26:30,131.978,131.979,131.976,131.978
2025-05-11 07:26:35,131.978,131.983,131.976,131.981
2025-05-11 07:26:40,131.981,132,131.981,132
2025-05-11 07:26:45,132,132.007,132,132.007
2025-05-11 07:26:50,132.009,132.013,132.009,132.013
2025-05-11 07:26:55,132.013,132.015,132.013,132.014
2025-05-11 07:27:00,132.014,132.014,132.005,132.005
2025-05-11 07:27:05,132.005,132.009,132.005,132.009
2025-05-11 07:27:10,132.006,132.007,132.005,132.006
2025-05-11 07:27:15,132.006,132.006,132.002,132.005
2025-05-11 07:27:20,132.005,132.01,132,132
2025-05-11 07:27:25,132,132.002,131.998,132.001
2025-05-11 07:27:30,132,132.007,132,132.007
2025-05-11 07:27:35,132.007,132.007,131.999,131.999
2025-05-11 07:27:40,131.998,132,131.997,131.997
2025-05-11 07:27:45,131.996,131.996,131.993,131.996
2025-05-11 07:27:50,132.001,132.001,131.994,131.994
2025-05-11 07:27:55,131.994,131.996,131.993,131.995
2025-05-11 07:28:00,131.996,131.996,131.986,131.987
2025-05-11 07:28:05,131.987,131.987,131.985,131.985
2025-05-11 07:28:10,131.987,131.989,131.977,131.977
2025-05-11 07:28:15,131.979,131.98,131.97,131.97
2025-05-11 07:28:20,131.97,131.974,131.97,131.974
2025-05-11 07:28:25,131.974,131.976,131.963,131.963
2025-05-11 07:28:30,131.962,131.962,131.96,131.961
2025-05-11 07:28:35,131.963,131.965,131.961,131.965
2025-05-11 07:28:40,131.967,131.969,131.965,131.965
2025-05-11 07:28:45,131.965,131.965,131.947,131.947
2025-05-11 07:28:50,131.946,131.955,131.946,131.955
2025-05-11 07:28:55,131.955,131.955,131.949,131.949
2025-05-11 07:29:00,131.95,131.95,131.947,131.947
2025-05-11 07:29:05,131.947,131.948,131.946,131.946
2025-05-11 07:29:10,131.943,131.944,131.94,131.944
2025-05-11 07:29:15,131.943,131.943,131.938,131.939
2025-05-11 07:29:20,131.938,131.938,131.937,131.937
2025-05-11 07:29:25,131.937,131.945,131.937,131.944
2025-05-11 07:29:30,131.945,131.949,131.944,131.948
2025-05-11 07:29:35,131.948,131.949,131.946,131.947
2025-05-11 07:29:40,131.947,131.947,131.94,131.944
2025-05-11 07:29:45,131.944,131.951,131.944,131.951
2025-05-11 07:29:50,131.951,131.955,131.947,131.95
2025-05-11 07:29:55,131.951,131.958,131.951,131.958
2025-05-11 07:30:00,131.959,131.959,131.948,131.95
2025-05-11 07:30:05,131.95,131.95,131.948,131.95
2025-05-11 07:30:10,131.95,131.955,131.95,131.954
2025-05-11 07:30:15,131.952,131.952,131.949,131.949
2025-05-11 07:30:20,131.948,131.952,131.948,131.949
2025-05-11 07:30:25,131.949,131.949,131.947,131.948
2025-05-11 07:30:30,131.948,131.951,131.946,131.946
2025-05-11 07:30:35,131.946,131.947,131.943,131.943
2025-05-11 07:30:40,131.945,131.945,131.939,131.94
2025-05-11 07:30:45,131.94,131.942,131.937,131.938
2025-05-11 07:30:50,131.938,131.945,131.936,131.944
2025-05-11 07:30:55,131.946,131.946,131.946,131.946
2025-05-11 07:31:00,131.949,131.949,131.942,131.946
2025-05-11 07:31:05,131.946,131.948,131.946,131.946
2025-05-11 07:31:10,131.946,131.951,131.946,131.949
2025-05-11 07:31:15,131.943,131.956,131.943,131.955
2025-05-11 07:31:20,131.955,131.957,131.955,131.956
2025-05-11 07:31:25,131.956,131.958,131.956,131.956
2025-05-11 07:31:30,131.956,131.96,131.956,131.96
2025-05-11 07:31:35,131.957,131.957,131.954,131.956
2025-05-11 07:31:40,131.954,131.954,131.95,131.954
2025-05-11 07:31:45,131.954,131.96,131.953,131.959
2025-05-11 07:31:50,131.959,131.959,131.956,131.956
2025-05-11 07:31:55,131.958,131.962,131.957,131.959
2025-05-11 07:32:00,131.957,131.957,131.955,131.957
2025-05-11 07:32:05,131.957,131.957,131.953,131.955
2025-05-11 07:32:10,131.955,131.958,131.955,131.957
2025-05-11 07:32:15,131.955,131.955,131.948,131.949
2025-05-11 07:32:20,131.95,131.951,131.944,131.944
2025-05-11 07:32:25,131.944,131.946,131.942,131.946
2025-05-11 07:32:30,131.946,131.946,131.942,131.946
2025-05-11 07:32:35,131.944,131.948,131.944,131.946
2025-05-11 07:32:40,131.948,131.948,131.944,131.944
2025-05-11 07:32:45,131.944,131.949,131.944,131.947
2025-05-11 07:32:50,131.947,131.947,131.942,131.946
2025-05-11 07:32:55,131.948,131.949,131.932,131.932
2025-05-11 07:33:00,131.933,131.933,131.932,131.933
2025-05-11 07:33:05,131.945,131.947,131.945,131.945
2025-05-11 07:33:10,131.946,131.946,131.941,131.941
2025-05-11 07:33:15,131.942,131.942,131.941,131.941
2025-05-11 07:33:20,131.94,131.94,131.938,131.94
2025-05-11 07:33:25,131.94,131.941,131.938,131.938
2025-05-11 07:33:30,131.936,131.953,131.936,131.953
2025-05-11 07:33:35,131.951,131.952,131.95,131.952
2025-05-11 07:33:40,131.952,131.961,131.952,131.961
2025-05-11 07:33:45,131.963,131.967,131.962,131.965
2025-05-11 07:33:50,131.965,131.965,131.959,131.96
2025-05-11 07:33:55,131.959,131.963,131.959,131.961
2025-05-11 07:34:00,131.961,131.961,131.958,131.961
2025-05-11 07:34:05,131.961,131.961,131.954,131.956
2025-05-11 07:34:10,131.956,131.958,131.955,131.955
2025-05-11 07:34:15,131.956,131.956,131.952,131.955
2025-05-11 07:34:20,131.954,131.959,131.954,131.958
2025-05-11 07:34:25,131.958,131.958,131.956,131.956
2025-05-11 07:34:30,131.954,131.955,131.942,131.942
2025-05-11 07:34:35,131.942,131.942,131.936,131.936
2025-05-11 07:34:40,131.932,131.932,131.927,131.927
2025-05-11 07:34:45,131.927,131.929,131.925,131.925
2025-05-11 07:34:50,131.922,131.927,131.921,131.925
2025-05-11 07:34:55,131.925,131.933,131.925,131.933
2025-05-11 07:35:00,131.933,131.937,131.933,131.937
2025-05-11 07:35:05,131.937,131.951,131.937,131.951
2025-05-11 07:35:10,131.951,131.951,131.951,131.951
2025-05-11 07:35:15,131.951,131.951,131.938,131.938
2025-05-11 07:35:20,131.938,131.938,131.93,131.93
2025-05-11 07:35:25,131.93,131.935,131.928,131.935
2025-05-11 07:35:30,131.935,131.938,131.932,131.935
2025-05-11 07:35:35,131.935,131.948,131.935,131.948
2025-05-11 07:35:40,131.946,131.951,131.946,131.951
2025-05-11 07:35:45,131.951,131.951,131.938,131.938
2025-05-11 07:35:50,131.94,131.94,131.933,131.933
2025-05-11 07:35:55,131.933,131.941,131.932,131.941
2025-05-11 07:36:00,131.938,131.939,131.935,131.937
2025-05-11 07:36:05,131.939,131.939,131.927,131.927
2025-05-11 07:36:10,131.927,131.931,131.924,131.924
2025-05-11 07:36:15,131.924,131.926,131.923,131.926
2025-05-11 07:36:20,131.924,131.928,131.923,131.927
2025-05-11 07:36:25,131.928,131.928,131.922,131.924
2025-05-11 07:36:30,131.924,131.924,131.92,131.922
2025-05-11 07:36:35,131.922,131.927,131.922,131.922
2025-05-11 07:36:40,131.92,131.927,131.92,131.927
2025-05-11 07:36:45,131.927,131.931,131.923,131.926
2025-05-11 07:36:50,131.926,131.933,131.926,131.932
2025-05-11 07:36:55,131.932,131.936,131.93,131.93
2025-05-11 07:37:00,131.929,131.935,131.929,131.935
2025-05-11 07:37:05,131.934,131.934,131.923,131.923
2025-05-11 07:37:10,131.923,131.929,131.923,131.928
2025-05-11 07:37:15,131.928,131.931,131.927,131.929
2025-05-11 07:37:20,131.929,131.932,131.928,131.931
2025-05-11 07:37:25,131.931,131.931,131.927,131.93
2025-05-11 07:37:30,131.93,131.933,131.93,131.931
2025-05-11 07:37:35,131.931,131.931,131.924,131.924
2025-05-11 07:37:40,131.923,131.925,131.923,131.925
2025-05-11 07:37:45,131.926,131.927,131.923,131.925
2025-05-11 07:37:50,131.925,131.929,131.925,131.927
2025-05-11 07:37:55,131.927,131.943,131.927,131.943
2025-05-11 07:38:00,131.943,131.946,131.94,131.946
2025-05-11 07:38:05,131.943,131.945,131.94,131.942
2025-05-11 07:38:10,131.942,131.946,131.942,131.945
2025-05-11 07:38:15,131.945,131.951,131.941,131.95
2025-05-11 07:38:20,131.951,131.952,131.948,131.952
2025-05-11 07:38:25,131.952,131.953,131.946,131.95
2025-05-11 07:38:30,131.95,131.954,131.949,131.954
2025-05-11 07:38:35,131.954,131.958,131.953,131.958
2025-05-11 07:38:40,131.959,131.962,131.955,131.962
2025-05-11 07:38:45,131.962,131.969,131.961,131.969
2025-05-11 07:38:50,131.969,131.969,131.961,131.962
2025-05-11 07:38:55,131.961,131.97,131.958,131.968
2025-05-11 07:39:00,131.971,131.971,131.966,131.971
2025-05-11 07:39:05,131.971,131.976,131.971,131.976
2025-05-11 07:39:10,131.973,131.975,131.972,131.975
2025-05-11 07:39:15,131.975,131.975,131.973,131.975
2025-05-11 07:39:20,131.975,131.975,131.971,131.972
2025-05-11 07:39:25,131.972,131.975,131.971,131.975
2025-05-11 07:39:30,131.975,131.978,131.971,131.978
2025-05-11 07:39:35,131.978,131.987,131.978,131.986
2025-05-11 07:39:40,131.986,131.986,131.982,131.984
2025-05-11 07:39:45,131.984,131.985,131.984,131.985
2025-05-11 07:39:50,131.987,131.989,131.985,131.985
2025-05-11 07:39:55,131.985,131.987,131.984,131.987
2025-05-11 07:40:00,131.987,131.987,131.981,131.983
2025-05-11 07:40:05,131.983,131.99,131.983,131.989
2025-05-11 07:40:10,131.991,131.993,131.991,131.992
2025-05-11 07:40:15,131.992,131.994,131.985,131.985
2025-05-11 07:40:20,131.985,131.986,131.984,131.984
2025-05-11 07:40:25,131.987,131.988,131.986,131.986
2025-05-11 07:40:30,131.985,131.99,131.985,131.99
2025-05-11 07:40:35,131.992,131.995,131.991,131.993
2025-05-11 07:40:40,131.993,131.993,131.988,131.991
2025-05-11 07:40:45,131.991,131.991,131.977,131.978
2025-05-11 07:40:50,131.977,131.979,131.974,131.979
2025-05-11 07:40:55,131.98,131.981,131.978,131.979
2025-05-11 07:41:00,131.979,131.979,131.976,131.976
2025-05-11 07:41:05,131.975,131.976,131.972,131.974
2025-05-11 07:41:10,131.974,131.974,131.964,131.965
2025-05-11 07:41:15,131.965,131.965,131.962,131.963
2025-05-11 07:41:20,131.963,131.966,131.959,131.959
2025-05-11 07:41:25,131.957,131.965,131.955,131.965
2025-05-11 07:41:30,131.966,131.967,131.963,131.963
2025-05-11 07:41:35,131.963,131.963,131.959,131.96
2025-05-11 07:41:40,131.96,131.965,131.959,131.965
2025-05-11 07:41:45,131.964,131.967,131.964,131.964
2025-05-11 07:41:50,131.964,131.976,131.964,131.972
2025-05-11 07:41:55,131.97,131.971,131.97,131.971
2025-05-11 07:42:00,131.971,131.972,131.97,131.971
2025-05-11 07:42:05,131.97,131.97,131.968,131.968
2025-05-11 07:42:10,131.967,131.971,131.962,131.962
2025-05-11 07:42:15,131.962,131.962,131.957,131.957
2025-05-11 07:42:20,131.957,131.96,131.956,131.958
2025-05-11 07:42:25,131.958,131.961,131.958,131.959
2025-05-11 07:42:30,131.959,131.968,131.958,131.968
2025-05-11 07:42:35,131.968,131.969,131.963,131.963
2025-05-11 07:42:40,131.963,131.963,131.951,131.951
2025-05-11 07:42:45,131.959,131.96,131.953,131.954
2025-05-11 07:42:50,131.953,131.953,131.952,131.953
2025-05-11 07:42:55,131.953,131.954,131.948,131.952
2025-05-11 07:43:00,131.952,131.953,131.949,131.949
2025-05-11 07:43:05,131.949,131.952,131.949,131.951
2025-05-11 07:43:10,131.95,131.963,131.95,131.963
2025-05-11 07:43:15,131.964,131.975,131.964,131.975
2025-05-11 07:43:20,131.975,131.977,131.973,131.973
2025-05-11 07:43:25,131.973,131.974,131.972,131.972
2025-05-11 07:43:30,131.972,131.974,131.97,131.972
2025-05-11 07:43:35,131.972,131.974,131.971,131.971
2025-05-11 07:43:40,131.971,131.971,131.96,131.962
2025-05-11 07:43:45,131.962,131.969,131.962,131.966
2025-05-11 07:43:50,131.965,131.965,131.952,131.954
2025-05-11 07:43:55,131.954,131.955,131.951,131.951
2025-05-11 07:44:00,131.951,131.956,131.951,131.952
2025-05-11 07:44:05,131.952,131.952,131.949,131.95
2025-05-11 07:44:10,131.951,131.952,131.947,131.947
2025-05-11 07:44:15,131.947,131.954,131.947,131.954
2025-05-11 07:44:20,131.954,131.954,131.93,131.93
2025-05-11 07:44:25,131.93,131.935,131.93,131.93
2025-05-11 07:44:30,131.93,131.934,131.929,131.933
2025-05-11 07:44:35,131.933,131.941,131.93,131.941
2025-05-11 07:44:40,131.944,131.95,131.944,131.95
2025-05-11 07:44:45,131.95,131.95,131.94,131.944
2025-05-11 07:44:50,131.945,131.947,131.943,131.943
2025-05-11 07:44:55,131.943,131.945,131.94,131.942
2025-05-11 07:45:00,131.942,131.953,131.942,131.953
2025-05-11 07:45:05,131.955,131.955,131.95,131.955
2025-05-11 07:45:10,131.956,131.956,131.953,131.953
2025-05-11 07:45:15,131.955,131.957,131.95,131.957
2025-05-11 07:45:20,131.957,131.969,131.957,131.969
2025-05-11 07:45:25,131.969,131.969,131.962,131.962
2025-05-11 07:45:30,131.965,131.965,131.96,131.961
2025-05-11 07:45:35,131.961,131.964,131.961,131.964
2025-05-11 07:45:40,131.964,131.967,131.964,131.967
2025-05-11 07:45:45,131.967,131.968,131.961,131.961
2025-05-11 07:45:50,131.962,131.962,131.96,131.961
2025-05-11 07:45:55,131.961,131.961,131.959,131.959
2025-05-11 07:46:00,131.959,131.971,131.959,131.97
2025-05-11 07:46:05,131.97,131.983,131.97,131.981
2025-05-11 07:46:10,131.983,131.986,131.982,131.982
2025-05-11 07:46:15,131.982,131.983,131.98,131.98
2025-05-11 07:46:20,131.98,131.981,131.976,131.976
2025-05-11 07:46:25,131.976,131.977,131.971,131.971
2025-05-11 07:46:30,131.971,131.971,131.969,131.969
2025-05-11 07:46:35,131.97,131.974,131.97,131.973
2025-05-11 07:46:40,131.973,131.976,131.972,131.976
2025-05-11 07:46:45,131.976,131.976,131.971,131.973
2025-05-11 07:46:50,131.972,131.972,131.97,131.97
2025-05-11 07:46:55,131.97,131.973,131.97,131.972
2025-05-11 07:47:00,131.972,131.973,131.965,131.965
2025-05-11 07:47:05,131.965,131.965,131.957,131.959
2025-05-11 07:47:10,131.959,131.96,131.956,131.956
2025-05-11 07:47:15,131.956,131.956,131.951,131.953
2025-05-11 07:47:20,131.953,131.953,131.945,131.945
2025-05-11 07:47:25,131.945,131.948,131.944,131.944
2025-05-11 07:47:30,131.942,131.942,131.939,131.939
2025-05-11 07:47:35,131.94,131.941,131.933,131.933
2025-05-11 07:47:40,131.933,131.937,131.933,131.935
2025-05-11 07:47:45,131.935,131.947,131.935,131.947
2025-05-11 07:47:50,131.946,131.956,131.945,131.95
2025-05-11 07:47:55,131.95,131.951,131.949,131.95
2025-05-11 07:48:00,131.95,131.951,131.949,131.949
2025-05-11 07:48:05,131.949,131.957,131.947,131.956
2025-05-11 07:48:10,131.959,131.961,131.957,131.961
2025-05-11 07:48:15,131.96,131.969,131.96,131.965
2025-05-11 07:48:20,131.967,131.968,131.965,131.968
2025-05-11 07:48:25,131.968,131.973,131.968,131.97
2025-05-11 07:48:30,131.97,131.97,131.961,131.964
2025-05-11 07:48:35,131.964,131.972,131.964,131.971
2025-05-11 07:48:40,131.971,131.972,131.97,131.97
2025-05-11 07:48:45,131.97,131.975,131.97,131.972
2025-05-11 07:48:50,131.972,131.975,131.972,131.975
2025-05-11 07:48:55,131.975,131.978,131.969,131.971
2025-05-11 07:49:00,131.971,131.976,131.97,131.971
2025-05-11 07:49:05,131.971,131.988,131.97,131.987
2025-05-11 07:49:10,131.987,131.987,131.981,131.982
2025-05-11 07:49:15,131.982,131.982,131.974,131.974
2025-05-11 07:49:20,131.972,131.974,131.97,131.974
2025-05-11 07:49:25,131.974,131.974,131.964,131.965
2025-05-11 07:49:30,131.965,131.972,131.965,131.972
2025-05-11 07:49:35,131.972,131.973,131.97,131.97
2025-05-11 07:49:40,131.97,131.97,131.968,131.97
2025-05-11 07:49:45,131.97,131.977,131.97,131.975
2025-05-11 07:49:50,131.975,131.975,131.962,131.962
2025-05-11 07:49:55,131.962,131.968,131.961,131.968
2025-05-11 07:50:00,131.968,131.977,131.968,131.975
2025-05-11 07:50:05,131.975,131.985,131.975,131.984
2025-05-11 07:50:10,131.984,131.987,131.983,131.987
2025-05-11 07:50:15,131.988,131.996,131.988,131.996
2025-05-11 07:50:20,131.995,131.995,131.994,131.995
2025-05-11 07:50:25,131.995,131.995,131.988,131.988
2025-05-11 07:50:30,131.988,131.99,131.987,131.987
2025-05-11 07:50:35,131.989,131.992,131.989,131.992
2025-05-11 07:50:40,131.988,131.988,131.986,131.986
2025-05-11 07:50:45,131.986,131.988,131.986,131.988
2025-05-11 07:50:50,131.988,131.99,131.982,131.984
2025-05-11 07:50:55,131.982,131.984,131.98,131.984
2025-05-11 07:51:00,131.983,131.989,131.983,131.989
2025-05-11 07:51:05,131.992,131.992,131.988,131.988
2025-05-11 07:51:10,131.988,131.991,131.985,131.991
2025-05-11 07:51:15,131.991,131.991,131.986,131.986
2025-05-11 07:51:20,131.986,131.99,131.98,131.98
2025-05-11 07:51:25,131.981,131.984,131.98,131.98
2025-05-11 07:51:30,131.98,131.98,131.973,131.976
2025-05-11 07:51:35,131.976,131.989,131.976,131.989
2025-05-11 07:51:40,131.989,131.989,131.986,131.986
2025-05-11 07:51:45,131.98,131.984,131.98,131.984
2025-05-11 07:51:50,131.986,131.991,131.985,131.991
2025-05-11 07:51:55,131.993,132.002,131.992,132
2025-05-11 07:52:00,131.997,131.997,131.993,131.994
2025-05-11 07:52:05,131.994,131.994,131.983,131.985
2025-05-11 07:52:10,131.985,131.992,131.985,131.992
2025-05-11 07:52:15,131.992,131.992,131.986,131.989
2025-05-11 07:52:20,131.99,131.997,131.99,131.997
2025-05-11 07:52:25,131.998,132.001,131.998,132.001
2025-05-11 07:52:30,131.998,131.998,131.984,131.99
2025-05-11 07:52:35,131.99,131.994,131.99,131.992
2025-05-11 07:52:40,131.992,131.995,131.991,131.995
2025-05-11 07:52:45,131.996,131.998,131.994,131.994
2025-05-11 07:52:50,131.994,131.994,131.983,131.987
2025-05-11 07:52:55,131.987,131.987,131.982,131.985
2025-05-11 07:53:00,131.984,131.995,131.984,131.995
2025-05-11 07:53:05,131.993,132.003,131.993,131.998
2025-05-11 07:53:10,131.998,131.998,131.994,131.997
2025-05-11 07:53:15,131.997,131.998,131.996,131.998
2025-05-11 07:53:20,131.998,132.001,131.996,132.001
2025-05-11 07:53:25,132.001,132.004,131.998,132.002
2025-05-11 07:53:30,132.002,132.008,132.002,132.008
2025-05-11 07:53:35,132.008,132.01,132.008,132.009
2025-05-11 07:53:40,132.008,132.008,132.003,132.003
2025-05-11 07:53:45,132.003,132.012,132,132.01
2025-05-11 07:53:50,132.012,132.02,132.012,132.019
2025-05-11 07:53:55,132.019,132.019,132.013,132.017
2025-05-11 07:54:00,132.017,132.025,132.015,132.024
2025-05-11 07:54:05,132.024,132.025,132.022,132.022
2025-05-11 07:54:10,132.02,132.022,132.016,132.016
2025-05-11 07:54:15,132.016,132.018,132.013,132.018
2025-05-11 07:54:20,132.018,132.022,132.018,132.02
2025-05-11 07:54:25,132.022,132.023,132.021,132.022
2025-05-11 07:54:30,132.022,132.022,132.02,132.021
2025-05-11 07:54:35,132.021,132.021,132.01,132.01
2025-05-11 07:54:40,132.006,132.008,132.005,132.007
2025-05-11 07:54:45,132.008,132.014,132.008,132.014
2025-05-11 07:54:50,132.014,132.023,132.013,132.02
2025-05-11 07:54:55,132.02,132.023,132.017,132.018
2025-05-11 07:55:00,132.019,132.022,132.019,132.021
2025-05-11 07:55:05,132.021,132.021,132.019,132.02
2025-05-11 07:55:10,132.02,132.025,132.02,132.025
2025-05-11 07:55:15,132.025,132.025,132.018,132.021
2025-05-11 07:55:20,132.021,132.027,132.021,132.025
2025-05-11 07:55:25,132.026,132.03,132.026,132.03
2025-05-11 07:55:30,132.03,132.03,132.019,132.019
2025-05-11 07:55:35,132.019,132.026,132.019,132.026
2025-05-11 07:55:40,132.027,132.027,132.024,132.026
2025-05-11 07:55:45,132.026,132.026,132.009,132.009
2025-05-11 07:55:50,132.009,132.01,132.007,132.009
2025-05-11 07:55:55,132.009,132.009,132.006,132.007
2025-05-11 07:56:00,132.007,132.007,131.996,131.999
2025-05-11 07:56:05,131.998,131.998,131.988,131.988
2025-05-11 07:56:10,131.988,131.988,131.975,131.976
2025-05-11 07:56:15,131.976,131.976,131.969,131.969
2025-05-11 07:56:20,131.969,131.969,131.967,131.968
2025-05-11 07:56:25,131.969,131.971,131.966,131.967
2025-05-11 07:56:30,131.967,131.967,131.965,131.967
2025-05-11 07:56:35,131.969,131.975,131.969,131.975
2025-05-11 07:56:40,131.975,131.976,131.973,131.973
2025-05-11 07:56:45,131.973,131.976,131.973,131.975
2025-05-11 07:56:50,131.975,131.975,131.97,131.973
2025-05-11 07:56:55,131.973,131.975,131.973,131.975
2025-05-11 07:57:00,131.975,131.978,131.975,131.978
2025-05-11 07:57:05,131.979,131.979,131.976,131.979
2025-05-11 07:57:10,131.98,131.986,131.98,131.986
2025-05-11 07:57:15,131.989,131.992,131.989,131.991
2025-05-11 07:57:20,131.991,131.999,131.989,131.999
2025-05-11 07:57:25,132.001,132.001,131.991,131.991
2025-05-11 07:57:30,131.989,131.989,131.987,131.989
2025-05-11 07:57:35,131.989,131.991,131.977,131.977
2025-05-11 07:57:40,131.977,131.98,131.977,131.979
2025-05-11 07:57:45,131.977,131.978,131.971,131.971
2025-05-11 07:57:50,131.968,131.973,131.968,131.973
2025-05-11 07:57:55,131.97,131.972,131.97,131.971
2025-05-11 07:58:00,131.971,131.974,131.967,131.969
2025-05-11 07:58:05,131.968,131.977,131.968,131.975
2025-05-11 07:58:10,131.976,131.976,131.965,131.97
2025-05-11 07:58:15,131.969,131.971,131.965,131.966
2025-05-11 07:58:20,131.966,131.976,131.966,131.973
2025-05-11 07:58:25,131.971,131.974,131.97,131.974
2025-05-11 07:58:30,131.973,131.973,131.968,131.968
2025-05-11 07:58:35,131.964,131.965,131.963,131.963
2025-05-11 07:58:40,131.963,131.963,131.951,131.951
2025-05-11 07:58:45,131.951,131.953,131.945,131.945
2025-05-11 07:58:50,131.945,131.945,131.932,131.934
2025-05-11 07:58:55,131.934,131.934,131.929,131.929
2025-05-11 07:59:00,131.929,131.93,131.927,131.93
2025-05-11 07:59:05,131.928,131.933,131.927,131.933
2025-05-11 07:59:10,131.933,131.934,131.933,131.933
2025-05-11 07:59:15,131.933,131.939,131.933,131.937
2025-05-11 07:59:20,131.937,131.937,131.931,131.931
2025-05-11 07:59:25,131.931,131.932,131.927,131.927
2025-05-11 07:59:30,131.929,131.932,131.929,131.932
2025-05-11 07:59:35,131.938,131.938,131.929,131.929
2025-05-11 07:59:40,131.929,131.929,131.924,131.927
2025-05-11 07:59:45,131.927,131.934,131.927,131.933
2025-05-11 07:59:50,131.936,131.94,131.936,131.939
2025-05-11 07:59:55,131.939,131.946,131.937,131.938
2025-05-11 08:00:00,131.938,131.938,131.933,131.935
2025-05-11 08:00:05,131.932,131.933,131.929,131.93
2025-05-11 08:00:10,131.928,131.932,131.926,131.93
2025-05-11 08:00:15,131.93,131.93,131.926,131.926
2025-05-11 08:00:20,131.926,131.927,131.922,131.925
2025-05-11 08:00:25,131.924,131.924,131.918,131.918
2025-05-11 08:00:30,131.921,131.942,131.921,131.941
2025-05-11 08:00:35,131.941,131.941,131.926,131.941
2025-05-11 08:00:40,131.941,131.945,131.94,131.94
2025-05-11 08:00:45,131.938,131.946,131.938,131.946
2025-05-11 08:00:50,131.946,131.946,131.938,131.938
2025-05-11 08:00:55,131.938,131.95,131.938,131.949
2025-05-11 08:01:00,131.949,131.952,131.949,131.952
2025-05-11 08:01:05,131.952,131.959,131.949,131.957
2025-05-11 08:01:10,131.952,131.952,131.948,131.951
2025-05-11 08:01:15,131.951,131.951,131.949,131.951
2025-05-11 08:01:20,131.953,131.953,131.948,131.952
2025-05-11 08:01:25,131.952,131.954,131.946,131.946
2025-05-11 08:01:30,131.947,131.951,131.945,131.95
2025-05-11 08:01:35,131.949,131.951,131.948,131.948
2025-05-11 08:01:40,131.948,131.956,131.946,131.956
2025-05-11 08:01:45,131.955,131.96,131.954,131.957
2025-05-11 08:01:50,131.959,131.963,131.956,131.963
2025-05-11 08:01:55,131.962,131.968,131.962,131.968
2025-05-11 08:02:00,131.966,131.971,131.966,131.969
2025-05-11 08:02:05,131.974,131.974,131.974,131.974
2025-05-11 08:02:10,131.973,131.982,131.97,131.98
2025-05-11 08:02:15,131.98,131.987,131.98,131.985
2025-05-11 08:02:20,131.985,131.986,131.981,131.982
2025-05-11 08:02:25,131.983,131.989,131.983,131.989
2025-05-11 08:02:30,131.991,131.991,131.985,131.985
2025-05-11 08:02:35,131.985,131.985,131.981,131.981
2025-05-11 08:02:40,131.976,131.976,131.971,131.972
2025-05-11 08:02:45,131.972,131.977,131.972,131.974
2025-05-11 08:02:50,131.966,131.966,131.965,131.965
2025-05-11 08:02:55,131.965,131.967,131.964,131.967
2025-05-11 08:03:00,131.966,131.971,131.964,131.969
2025-05-11 08:03:05,131.969,131.973,131.967,131.973
2025-05-11 08:03:10,131.976,131.976,131.975,131.976
2025-05-11 08:03:15,131.976,131.988,131.974,131.986
2025-05-11 08:03:20,131.986,131.986,131.985,131.986
2025-05-11 08:03:25,131.986,131.988,131.984,131.985
2025-05-11 08:03:30,131.984,131.989,131.984,131.987
2025-05-11 08:03:35,131.987,131.987,131.981,131.981
2025-05-11 08:03:40,131.983,131.983,131.979,131.979
2025-05-11 08:03:45,131.979,131.98,131.974,131.977
2025-05-11 08:03:50,131.977,131.978,131.975,131.977
2025-05-11 08:03:55,131.97,131.972,131.969,131.972
2025-05-11 08:04:00,131.972,131.972,131.97,131.971
2025-05-11 08:04:05,131.971,131.979,131.97,131.97
2025-05-11 08:04:10,131.969,131.969,131.965,131.965
2025-05-11 08:04:15,131.965,131.972,131.965,131.969
2025-05-11 08:04:20,131.97,131.973,131.968,131.973
2025-05-11 08:04:25,131.973,131.982,131.973,131.982
2025-05-11 08:04:30,131.983,131.984,131.98,131.984
2025-05-11 08:04:35,131.984,131.984,131.971,131.971
2025-05-11 08:04:40,131.971,131.975,131.966,131.969
2025-05-11 08:04:45,131.969,131.974,131.966,131.974
2025-05-11 08:04:50,131.972,131.972,131.969,131.97
2025-05-11 08:04:55,131.972,131.975,131.968,131.969
2025-05-11 08:05:00,131.968,131.968,131.963,131.966
2025-05-11 08:05:05,131.966,131.966,131.96,131.965
2025-05-11 08:05:10,131.962,131.964,131.96,131.96
2025-05-11 08:05:15,131.96,131.96,131.951,131.953
2025-05-11 08:05:20,131.953,131.957,131.948,131.95
2025-05-11 08:05:25,131.95,131.954,131.95,131.951
2025-05-11 08:05:30,131.96,131.96,131.957,131.959
2025-05-11 08:05:35,131.96,131.968,131.96,131.968
2025-05-11 08:05:40,131.968,131.968,131.96,131.961
2025-05-11 08:05:45,131.961,131.962,131.949,131.949
2025-05-11 08:05:50,131.949,131.949,131.946,131.947
2025-05-11 08:05:55,131.949,131.956,131.949,131.956
2025-05-11 08:06:00,131.956,131.963,131.956,131.961
2025-05-11 08:06:05,131.961,131.966,131.958,131.96
2025-05-11 08:06:10,131.96,131.96,131.958,131.958
2025-05-11 08:06:15,131.958,131.958,131.956,131.956
2025-05-11 08:06:20,131.956,131.958,131.955,131.956
2025-05-11 08:06:25,131.956,131.958,131.951,131.951
2025-05-11 08:06:30,131.951,131.952,131.948,131.949
2025-05-11 08:06:35,131.949,131.95,131.947,131.949
2025-05-11 08:06:40,131.949,131.952,131.949,131.952
2025-05-11 08:06:45,131.952,131.96,131.952,131.959
2025-05-11 08:06:50,131.959,131.959,131.958,131.958
2025-05-11 08:06:55,131.961,131.961,131.956,131.956
2025-05-11 08:07:00,131.956,131.96,131.954,131.955
2025-05-11 08:07:05,131.955,131.956,131.951,131.953
2025-05-11 08:07:10,131.953,131.953,131.949,131.951
2025-05-11 08:07:15,131.953,131.954,131.95,131.95
2025-05-11 08:07:20,131.95,131.954,131.95,131.954
2025-05-11 08:07:25,131.954,131.954,131.948,131.95
2025-05-11 08:07:30,131.951,131.954,131.95,131.95
2025-05-11 08:07:35,131.952,131.952,131.947,131.948
2025-05-11 08:07:40,131.947,131.955,131.947,131.954
2025-05-11 08:07:45,131.955,131.957,131.952,131.957
2025-05-11 08:07:50,131.955,131.955,131.948,131.948
2025-05-11 08:07:55,131.949,131.949,131.947,131.947
2025-05-11 08:08:00,131.947,131.95,131.943,131.943
2025-05-11 08:08:05,131.943,131.948,131.943,131.944
2025-05-11 08:08:10,131.944,131.944,131.942,131.943
2025-05-11 08:08:15,131.936,131.942,131.935,131.94
2025-05-11 08:08:20,131.94,131.943,131.94,131.941
2025-05-11 08:08:25,131.941,131.942,131.938,131.941
2025-05-11 08:08:30,131.941,131.943,131.935,131.935
2025-05-11 08:08:35,131.935,131.935,131.931,131.932
2025-05-11 08:08:40,131.933,131.933,131.918,131.92
2025-05-11 08:08:45,131.921,131.921,131.916,131.919
2025-05-11 08:08:50,131.919,131.924,131.918,131.924
2025-05-11 08:08:55,131.923,131.923,131.918,131.92
2025-05-11 08:09:00,131.919,131.926,131.917,131.919
2025-05-11 08:09:05,131.918,131.918,131.911,131.918
2025-05-11 08:09:10,131.918,131.92,131.915,131.918
2025-05-11 08:09:15,131.916,131.916,131.912,131.913
2025-05-11 08:09:20,131.913,131.915,131.91,131.914
2025-05-11 08:09:25,131.919,131.919,131.919,131.919
2025-05-11 08:09:30,131.919,131.919,131.917,131.917
2025-05-11 08:09:35,131.917,131.919,131.916,131.919
2025-05-11 08:09:40,131.918,131.927,131.918,131.927
2025-05-11 08:09:45,131.926,131.928,131.92,131.92
2025-05-11 08:09:50,131.92,131.929,131.919,131.929
2025-05-11 08:09:55,131.929,131.929,131.926,131.928
2025-05-11 08:10:00,131.927,131.927,131.922,131.922
2025-05-11 08:10:05,131.92,131.922,131.92,131.922
2025-05-11 08:10:10,131.922,131.927,131.922,131.926
2025-05-11 08:10:15,131.925,131.925,131.922,131.922
2025-05-11 08:10:20,131.921,131.928,131.921,131.926
2025-05-11 08:10:25,131.925,131.937,131.925,131.937
2025-05-11 08:10:30,131.937,131.937,131.93,131.932
2025-05-11 08:10:35,131.932,131.95,131.932,131.949
2025-05-11 08:10:40,131.947,131.953,131.947,131.953
2025-05-11 08:10:45,131.952,131.961,131.952,131.961
2025-05-11 08:10:50,131.961,131.961,131.958,131.958
2025-05-11 08:10:55,131.958,131.959,131.952,131.959
2025-05-11 08:11:00,131.957,131.957,131.955,131.955
2025-05-11 08:11:05,131.952,131.955,131.948,131.948
2025-05-11 08:11:10,131.948,131.955,131.948,131.948
2025-05-11 08:11:15,131.948,131.951,131.943,131.943
2025-05-11 08:11:20,131.942,131.946,131.941,131.946
2025-05-11 08:11:25,131.944,131.944,131.94,131.94
2025-05-11 08:11:30,131.94,131.947,131.939,131.947
2025-05-11 08:11:35,131.947,131.947,131.944,131.946
2025-05-11 08:11:40,131.946,131.947,131.945,131.947
2025-05-11 08:11:45,131.946,131.947,131.936,131.936
2025-05-11 08:11:50,131.936,131.936,131.93,131.93
2025-05-11 08:11:55,131.93,131.941,131.93,131.936
2025-05-11 08:12:00,131.934,131.939,131.933,131.933
2025-05-11 08:12:05,131.933,131.933,131.929,131.931
2025-05-11 08:12:10,131.931,131.933,131.927,131.927
2025-05-11 08:12:15,131.927,131.928,131.926,131.927
2025-05-11 08:12:20,131.927,131.932,131.927,131.93
2025-05-11 08:12:25,131.932,131.937,131.93,131.937
2025-05-11 08:12:30,131.937,131.946,131.937,131.946
2025-05-11 08:12:35,131.946,131.946,131.942,131.942
2025-05-11 08:12:40,131.941,131.942,131.94,131.942
2025-05-11 08:12:45,131.94,131.945,131.94,131.944
2025-05-11 08:12:50,131.944,131.944,131.94,131.942
2025-05-11 08:12:55,131.942,131.949,131.942,131.946
2025-05-11 08:13:00,131.946,131.954,131.944,131.954
2025-05-11 08:13:05,131.951,131.951,131.943,131.944
2025-05-11 08:13:10,131.944,131.947,131.943,131.945
2025-05-11 08:13:15,131.945,131.949,131.943,131.949
2025-05-11 08:13:20,131.95,131.958,131.95,131.951
2025-05-11 08:13:25,131.951,131.951,131.947,131.947
2025-05-11 08:13:30,131.947,131.953,131.947,131.949
2025-05-11 08:13:35,131.949,131.949,131.94,131.94
2025-05-11 08:13:40,131.938,131.944,131.938,131.944
2025-05-11 08:13:45,131.95,131.95,131.947,131.947
2025-05-11 08:13:50,131.95,131.959,131.95,131.959
2025-05-11 08:13:55,131.96,131.962,131.958,131.961
2025-05-11 08:14:00,131.959,131.962,131.952,131.962
2025-05-11 08:14:05,131.96,131.964,131.96,131.964
2025-05-11 08:14:10,131.962,131.968,131.962,131.968
2025-05-11 08:14:15,131.969,131.973,131.968,131.971
2025-05-11 08:14:20,131.971,131.977,131.97,131.976
2025-05-11 08:14:25,131.974,131.976,131.969,131.971
2025-05-11 08:14:30,131.973,131.975,131.962,131.965
2025-05-11 08:14:35,131.965,131.966,131.961,131.961
2025-05-11 08:14:40,131.961,131.968,131.961,131.966
2025-05-11 08:14:45,131.97,131.97,131.958,131.958
2025-05-11 08:14:50,131.958,131.959,131.957,131.957
2025-05-11 08:14:55,131.957,131.961,131.955,131.961
2025-05-11 08:15:00,131.961,131.962,131.961,131.961
2025-05-11 08:15:05,131.961,131.962,131.953,131.954
2025-05-11 08:15:10,131.954,131.962,131.949,131.962
2025-05-11 08:15:15,131.961,131.961,131.948,131.948
2025-05-11 08:15:20,131.948,131.96,131.948,131.96
2025-05-11 08:15:25,131.96,131.961,131.956,131.957
2025-05-11 08:15:30,131.958,131.958,131.955,131.957
2025-05-11 08:15:35,131.957,131.957,131.951,131.952
2025-05-11 08:15:40,131.952,131.953,131.95,131.952
2025-05-11 08:15:45,131.954,131.959,131.954,131.959
2025-05-11 08:15:50,131.953,131.953,131.953,131.953
2025-05-11 08:15:55,131.953,131.955,131.951,131.953
2025-05-11 08:16:00,131.953,131.956,131.951,131.954
2025-05-11 08:16:05,131.952,131.953,131.949,131.951
2025-05-11 08:16:10,131.951,131.957,131.949,131.957
2025-05-11 08:16:15,131.957,131.959,131.949,131.95
2025-05-11 08:16:20,131.95,131.95,131.942,131.944
2025-05-11 08:16:25,131.944,131.946,131.943,131.946
2025-05-11 08:16:30,131.943,131.945,131.937,131.937
2025-05-11 08:16:35,131.933,131.935,131.932,131.934
2025-05-11 08:16:40,131.934,131.935,131.921,131.921
2025-05-11 08:16:45,131.924,131.924,131.912,131.912
2025-05-11 08:16:50,131.913,131.921,131.913,131.921
2025-05-11 08:16:55,131.921,131.921,131.918,131.918
2025-05-11 08:17:00,131.918,131.921,131.917,131.917
2025-05-11 08:17:05,131.915,131.919,131.912,131.919
2025-05-11 08:17:10,131.919,131.928,131.919,131.928
2025-05-11 08:17:15,131.928,131.931,131.926,131.93
2025-05-11 08:17:20,131.93,131.933,131.928,131.933
2025-05-11 08:17:25,131.933,131.936,131.933,131.934
2025-05-11 08:17:30,131.934,131.936,131.932,131.932
2025-05-11 08:17:35,131.931,131.933,131.931,131.932
2025-05-11 08:17:40,131.932,131.933,131.923,131.923
2025-05-11 08:17:45,131.923,131.924,131.918,131.918
2025-05-11 08:17:50,131.918,131.92,131.918,131.92
2025-05-11 08:17:55,131.92,131.926,131.918,131.926
2025-05-11 08:18:00,131.926,131.93,131.925,131.928
2025-05-11 08:18:05,131.928,131.931,131.928,131.931
2025-05-11 08:18:10,131.933,131.938,131.933,131.938
2025-05-11 08:18:15,131.94,131.946,131.94,131.945
2025-05-11 08:18:20,131.945,131.946,131.941,131.946
2025-05-11 08:18:25,131.946,131.946,131.943,131.946
2025-05-11 08:18:30,131.944,131.945,131.939,131.943
2025-05-11 08:18:35,131.943,131.945,131.942,131.945
2025-05-11 08:18:40,131.945,131.948,131.943,131.943
2025-05-11 08:18:45,131.943,131.945,131.94,131.945
2025-05-11 08:18:50,131.947,131.949,131.942,131.942
2025-05-11 08:18:55,131.942,131.944,131.933,131.933
2025-05-11 08:19:00,131.933,131.943,131.933,131.941
2025-05-11 08:19:05,131.941,131.942,131.936,131.937
2025-05-11 08:19:10,131.936,131.94,131.935,131.94
2025-05-11 08:19:15,131.94,131.945,131.938,131.943
2025-05-11 08:19:20,131.943,131.948,131.943,131.944
2025-05-11 08:19:25,131.946,131.946,131.944,131.944
2025-05-11 08:19:30,131.952,131.952,131.942,131.943
2025-05-11 08:19:35,131.944,131.947,131.944,131.947
2025-05-11 08:19:40,131.947,131.947,131.937,131.937
2025-05-11 08:19:45,131.937,131.943,131.935,131.941
2025-05-11 08:19:50,131.943,131.945,131.94,131.945
2025-05-11 08:19:55,131.944,131.951,131.944,131.951
2025-05-11 08:20:00,131.949,131.949,131.947,131.949
2025-05-11 08:20:05,131.949,131.953,131.949,131.952
2025-05-11 08:20:10,131.952,131.952,131.946,131.949
2025-05-11 08:20:15,131.948,131.951,131.948,131.951
2025-05-11 08:20:20,131.954,131.956,131.954,131.954
2025-05-11 08:20:25,131.954,131.965,131.953,131.965
2025-05-11 08:20:30,131.962,131.962,131.961,131.961
2025-05-11 08:20:35,131.961,131.969,131.961,131.968
2025-05-11 08:20:40,131.966,131.981,131.964,131.981
2025-05-11 08:20:45,131.981,131.988,131.981,131.988
2025-05-11 08:20:50,131.989,131.995,131.989,131.994
2025-05-11 08:20:55,131.994,131.996,131.991,131.991
2025-05-11 08:21:00,131.991,131.997,131.991,131.995
2025-05-11 08:21:05,131.995,131.998,131.993,131.998
2025-05-11 08:21:10,132.003,132.011,132.003,132.011
2025-05-11 08:21:15,132.012,132.012,132.008,132.008
2025-05-11 08:21:20,132.008,132.011,132.001,132.002
2025-05-11 08:21:25,132.002,132.002,131.994,131.996
2025-05-11 08:21:30,131.998,132.009,131.998,132.003
2025-05-11 08:21:35,132,132,131.991,131.996
2025-05-11 08:21:40,131.996,132.001,131.996,131.998
2025-05-11 08:21:45,131.998,132.001,131.99,132.001
2025-05-11 08:21:50,132,132,131.992,131.993
2025-05-11 08:21:55,131.993,131.997,131.992,131.992
2025-05-11 08:22:00,131.992,131.994,131.991,131.991
2025-05-11 08:22:05,131.991,131.992,131.987,131.987
2025-05-11 08:22:10,131.99,131.99,131.99,131.99
2025-05-11 08:22:15,131.989,131.99,131.987,131.99
2025-05-11 08:22:20,131.99,131.99,131.986,131.986
2025-05-11 08:22:25,131.986,131.988,131.986,131.988
2025-05-11 08:22:30,131.989,131.993,131.989,131.991
2025-05-11 08:22:35,131.991,131.995,131.989,131.995
2025-05-11 08:22:40,131.995,131.998,131.992,131.996
2025-05-11 08:22:45,131.996,132.011,131.995,132.009
2025-05-11 08:22:50,132.009,132.009,132.003,132.004
2025-05-11 08:22:55,132.001,132.006,131.992,131.992
2025-05-11 08:23:00,131.992,131.998,131.992,131.996
2025-05-11 08:23:05,131.996,131.998,131.988,131.988
2025-05-11 08:23:10,131.988,131.988,131.968,131.973
2025-05-11 08:23:15,131.971,131.971,131.958,131.958
2025-05-11 08:23:20,131.956,131.971,131.956,131.971
2025-05-11 08:23:25,131.971,131.973,131.965,131.966
2025-05-11 08:23:30,131.966,131.968,131.966,131.967
2025-05-11 08:23:35,131.967,131.972,131.967,131.972
2025-05-11 08:23:40,131.97,131.971,131.967,131.969
2025-05-11 08:23:45,131.969,131.969,131.956,131.956
2025-05-11 08:23:50,131.956,131.96,131.955,131.96
2025-05-11 08:23:55,131.96,131.963,131.96,131.963
2025-05-11 08:24:00,131.961,131.961,131.94,131.944
2025-05-11 08:24:05,131.944,131.947,131.94,131.944
2025-05-11 08:24:10,131.944,131.949,131.942,131.949
2025-05-11 08:24:15,131.949,131.955,131.949,131.955
2025-05-11 08:24:20,131.957,131.965,131.957,131.965
2025-05-11 08:24:25,131.965,131.969,131.958,131.958
2025-05-11 08:24:30,131.958,131.962,131.958,131.962
2025-05-11 08:24:35,131.962,131.962,131.947,131.947
2025-05-11 08:24:40,131.946,131.956,131.946,131.956
2025-05-11 08:24:45,131.956,131.97,131.954,131.97
2025-05-11 08:24:50,131.97,131.971,131.965,131.969
2025-05-11 08:24:55,131.968,131.968,131.966,131.966
2025-05-11 08:25:00,131.965,131.968,131.962,131.968
2025-05-11 08:25:05,131.966,131.972,131.965,131.972
2025-05-11 08:25:10,131.972,131.973,131.969,131.969
2025-05-11 08:25:15,131.969,131.971,131.966,131.968
2025-05-11 08:25:20,131.968,131.973,131.968,131.973
2025-05-11 08:25:25,131.973,131.982,131.973,131.982
2025-05-11 08:25:30,131.982,131.982,131.969,131.969
2025-05-11 08:25:35,131.969,131.969,131.959,131.959
2025-05-11 08:25:40,131.959,131.964,131.959,131.964
2025-05-11 08:25:45,131.964,131.975,131.962,131.975
2025-05-11 08:25:50,131.975,131.975,131.969,131.97
2025-05-11 08:25:55,131.968,131.968,131.964,131.964
2025-05-11 08:26:00,131.964,131.964,131.953,131.954
2025-05-11 08:26:05,131.954,131.954,131.951,131.953
2025-05-11 08:26:10,131.953,131.96,131.953,131.96
2025-05-11 08:26:15,131.959,131.959,131.953,131.953
2025-05-11 08:26:20,131.953,131.953,131.951,131.951
2025-05-11 08:26:25,131.95,131.95,131.946,131.946
2025-05-11 08:26:30,131.946,131.946,131.942,131.943
2025-05-11 08:26:35,131.941,131.942,131.939,131.939
2025-05-11 08:26:40,131.937,131.938,131.93,131.93
2025-05-11 08:26:45,131.93,131.93,131.913,131.913
2025-05-11 08:26:50,131.914,131.92,131.912,131.919
2025-05-11 08:26:55,131.92,131.92,131.911,131.913
2025-05-11 08:27:00,131.913,131.915,131.912,131.915
2025-05-11 08:27:05,131.916,131.917,131.914,131.917
2025-05-11 08:27:10,131.917,131.917,131.908,131.908
2025-05-11 08:27:15,131.908,131.908,131.901,131.902
2025-05-11 08:27:20,131.904,131.911,131.904,131.911
2025-05-11 08:27:25,131.913,131.913,131.91,131.91
2025-05-11 08:27:30,131.91,131.912,131.9,131.9
2025-05-11 08:27:35,131.9,131.9,131.896,131.899
2025-05-11 08:27:40,131.899,131.899,131.894,131.894
2025-05-11 08:27:45,131.892,131.892,131.886,131.886
2025-05-11 08:27:50,131.886,131.886,131.881,131.881
2025-05-11 08:27:55,131.881,131.882,131.878,131.878
2025-05-11 08:28:00,131.878,131.881,131.878,131.88
2025-05-11 08:28:05,131.88,131.88,131.875,131.88
2025-05-11 08:28:10,131.88,131.882,131.88,131.882
2025-05-11 08:28:15,131.882,131.886,131.879,131.882
2025-05-11 08:28:20,131.884,131.884,131.882,131.882
2025-05-11 08:28:25,131.884,131.884,131.881,131.883
2025-05-11 08:28:30,131.883,131.883,131.876,131.876
2025-05-11 08:28:35,131.876,131.876,131.872,131.872
2025-05-11 08:28:40,131.874,131.874,131.873,131.874
2025-05-11 08:28:45,131.875,131.876,131.872,131.872
2025-05-11 08:28:50,131.87,131.874,131.867,131.874
2025-05-11 08:28:55,131.874,131.885,131.874,131.884
2025-05-11 08:29:00,131.884,131.889,131.882,131.889
2025-05-11 08:29:05,131.889,131.89,131.889,131.889
2025-05-11 08:29:10,131.889,131.897,131.887,131.897
2025-05-11 08:29:15,131.897,131.901,131.894,131.901
2025-05-11 08:29:20,131.901,131.904,131.901,131.903
2025-05-11 08:29:25,131.902,131.902,131.889,131.889
2025-05-11 08:29:30,131.889,131.907,131.889,131.907
2025-05-11 08:29:35,131.907,131.908,131.897,131.897
2025-05-11 08:29:40,131.895,131.897,131.893,131.893
2025-05-11 08:29:45,131.891,131.893,131.889,131.892
2025-05-11 08:29:50,131.892,131.892,131.872,131.872
2025-05-11 08:29:55,131.872,131.884,131.87,131.879
2025-05-11 08:30:00,131.879,131.881,131.878,131.878
2025-05-11 08:30:05,131.875,131.875,131.866,131.866
2025-05-11 08:30:10,131.866,131.867,131.863,131.867
2025-05-11 08:30:15,131.867,131.869,131.864,131.869
2025-05-11 08:30:20,131.869,131.872,131.869,131.872
2025-05-11 08:30:25,131.872,131.872,131.868,131.87
2025-05-11 08:30:30,131.87,131.87,131.866,131.87
2025-05-11 08:30:35,131.87,131.871,131.867,131.867
2025-05-11 08:30:40,131.862,131.869,131.861,131.869
2025-05-11 08:30:45,131.869,131.875,131.869,131.875
2025-05-11 08:30:50,131.875,131.875,131.867,131.869
2025-05-11 08:30:55,131.869,131.875,131.862,131.862
2025-05-11 08:31:00,131.862,131.87,131.862,131.868
2025-05-11 08:31:05,131.869,131.869,131.866,131.866
2025-05-11 08:31:10,131.866,131.87,131.866,131.868
2025-05-11 08:31:15,131.868,131.868,131.862,131.862
2025-05-11 08:31:20,131.862,131.868,131.862,131.868
2025-05-11 08:31:25,131.866,131.874,131.866,131.873
2025-05-11 08:31:30,131.873,131.879,131.873,131.879
2025-05-11 08:31:35,131.879,131.882,131.872,131.872
2025-05-11 08:31:40,131.872,131.879,131.872,131.879
2025-05-11 08:31:45,131.879,131.888,131.879,131.886
2025-05-11 08:31:50,131.886,131.886,131.882,131.883
2025-05-11 08:31:55,131.88,131.885,131.88,131.882
2025-05-11 08:32:00,131.879,131.882,131.876,131.882
2025-05-11 08:32:05,131.882,131.884,131.882,131.884
2025-05-11 08:32:10,131.884,131.891,131.883,131.891
2025-05-11 08:32:15,131.891,131.891,131.88,131.88
2025-05-11 08:32:20,131.88,131.883,131.879,131.882
2025-05-11 08:32:25,131.881,131.881,131.876,131.877
2025-05-11 08:32:30,131.876,131.877,131.874,131.876
2025-05-11 08:32:35,131.876,131.876,131.871,131.872
2025-05-11 08:32:40,131.872,131.878,131.87,131.878
2025-05-11 08:32:45,131.877,131.877,131.873,131.876
2025-05-11 08:32:50,131.875,131.875,131.868,131.868
2025-05-11 08:32:55,131.868,131.88,131.868,131.878
2025-05-11 08:33:00,131.878,131.885,131.878,131.878
2025-05-11 08:33:05,131.878,131.879,131.867,131.868
2025-05-11 08:33:10,131.868,131.882,131.867,131.882
2025-05-11 08:33:15,131.883,131.886,131.879,131.886
2025-05-11 08:33:20,131.886,131.888,131.886,131.888
2025-05-11 08:33:25,131.887,131.891,131.887,131.891
2025-05-11 08:33:30,131.891,131.891,131.886,131.889
2025-05-11 08:33:35,131.889,131.893,131.882,131.882
2025-05-11 08:33:40,131.882,131.885,131.88,131.885
2025-05-11 08:33:45,131.885,131.888,131.881,131.886
2025-05-11 08:33:50,131.886,131.886,131.883,131.883
2025-05-11 08:33:55,131.881,131.883,131.879,131.88
2025-05-11 08:34:00,131.88,131.881,131.877,131.879
2025-05-11 08:34:05,131.881,131.882,131.88,131.882
2025-05-11 08:34:10,131.881,131.885,131.881,131.885
2025-05-11 08:34:15,131.885,131.886,131.873,131.873
2025-05-11 08:34:20,131.873,131.875,131.867,131.872
2025-05-11 08:34:25,131.875,131.878,131.869,131.869
2025-05-11 08:34:30,131.868,131.868,131.86,131.86
2025-05-11 08:34:35,131.86,131.86,131.853,131.853
2025-05-11 08:34:40,131.853,131.854,131.85,131.85
2025-05-11 08:34:45,131.85,131.851,131.846,131.848
2025-05-11 08:34:50,131.848,131.854,131.847,131.854
2025-05-11 08:34:55,131.854,131.861,131.854,131.859
2025-05-11 08:35:00,131.859,131.862,131.859,131.862
2025-05-11 08:35:05,131.864,131.864,131.859,131.859
2025-05-11 08:35:10,131.858,131.862,131.857,131.861
2025-05-11 08:35:15,131.861,131.863,131.853,131.853
2025-05-11 08:35:20,131.853,131.854,131.85,131.85
2025-05-11 08:35:25,131.852,131.858,131.851,131.855
2025-05-11 08:35:30,131.855,131.855,131.847,131.851
2025-05-11 08:35:35,131.851,131.853,131.849,131.849
2025-05-11 08:35:40,131.849,131.85,131.848,131.85
2025-05-11 08:35:45,131.85,131.855,131.85,131.851
2025-05-11 08:35:50,131.851,131.858,131.85,131.858
2025-05-11 08:35:55,131.859,131.861,131.859,131.859
2025-05-11 08:36:00,131.859,131.859,131.854,131.858
2025-05-11 08:36:05,131.858,131.858,131.849,131.851
2025-05-11 08:36:10,131.85,131.852,131.848,131.852
2025-05-11 08:36:15,131.853,131.855,131.85,131.85
2025-05-11 08:36:20,131.85,131.854,131.85,131.854
2025-05-11 08:36:25,131.854,131.856,131.851,131.851
2025-05-11 08:36:30,131.853,131.854,131.851,131.851
2025-05-11 08:36:35,131.85,131.852,131.847,131.847
2025-05-11 08:36:40,131.847,131.848,131.842,131.842
2025-05-11 08:36:45,131.842,131.842,131.833,131.834
2025-05-11 08:36:50,131.832,131.834,131.832,131.833
2025-05-11 08:36:55,131.831,131.833,131.822,131.822
2025-05-11 08:37:00,131.822,131.826,131.822,131.826
2025-05-11 08:37:05,131.826,131.827,131.824,131.826
2025-05-11 08:37:10,131.827,131.841,131.827,131.841
2025-05-11 08:37:15,131.841,131.849,131.841,131.847
2025-05-11 08:37:20,131.847,131.847,131.845,131.846
2025-05-11 08:37:25,131.846,131.847,131.845,131.847
2025-05-11 08:37:30,131.847,131.847,131.845,131.846
2025-05-11 08:37:35,131.846,131.851,131.845,131.85
2025-05-11 08:37:40,131.85,131.85,131.845,131.845
2025-05-11 08:37:45,131.843,131.843,131.841,131.843
2025-05-11 08:37:50,131.843,131.845,131.843,131.845
2025-05-11 08:37:55,131.845,131.85,131.844,131.85
2025-05-11 08:38:00,131.85,131.853,131.85,131.85
2025-05-11 08:38:05,131.85,131.852,131.85,131.852
2025-05-11 08:38:10,131.853,131.855,131.853,131.854
2025-05-11 08:38:15,131.856,131.86,131.853,131.856
2025-05-11 08:38:20,131.856,131.856,131.854,131.854
2025-05-11 08:38:25,131.854,131.854,131.85,131.852
2025-05-11 08:38:30,131.847,131.847,131.84,131.84
2025-05-11 08:38:35,131.84,131.84,131.835,131.835
2025-05-11 08:38:40,131.833,131.837,131.831,131.837
2025-05-11 08:38:45,131.837,131.845,131.837,131.845
2025-05-11 08:38:50,131.844,131.845,131.842,131.842
2025-05-11 08:38:55,131.842,131.846,131.842,131.845
2025-05-11 08:39:00,131.843,131.844,131.831,131.831
2025-05-11 08:39:05,131.831,131.833,131.831,131.833
2025-05-11 08:39:10,131.833,131.835,131.833,131.833
2025-05-11 08:39:15,131.833,131.837,131.833,131.836
2025-05-11 08:39:20,131.836,131.842,131.836,131.841
2025-05-11 08:39:25,131.841,131.842,131.839,131.839
2025-05-11 08:39:30,131.829,131.833,131.829,131.832
2025-05-11 08:39:35,131.834,131.84,131.834,131.84
2025-05-11 08:39:40,131.84,131.844,131.84,131.842
2025-05-11 08:39:45,131.842,131.843,131.841,131.842
2025-05-11 08:39:50,131.843,131.849,131.843,131.848
2025-05-11 08:39:55,131.852,131.852,131.847,131.847
2025-05-11 08:40:00,131.851,131.852,131.848,131.849
2025-05-11 08:40:05,131.849,131.85,131.845,131.845
2025-05-11 08:40:10,131.845,131.845,131.833,131.835
2025-05-11 08:40:15,131.837,131.84,131.83,131.83
2025-05-11 08:40:20,131.828,131.828,131.824,131.825
2025-05-11 08:40:25,131.825,131.83,131.825,131.83
2025-05-11 08:40:30,131.829,131.834,131.827,131.834
2025-05-11 08:40:35,131.834,131.845,131.832,131.845
2025-05-11 08:40:40,131.845,131.849,131.845,131.849
2025-05-11 08:40:45,131.849,131.849,131.846,131.846
2025-05-11 08:40:50,131.846,131.846,131.841,131.844
2025-05-11 08:40:55,131.847,131.847,131.838,131.838
2025-05-11 08:41:00,131.839,131.841,131.837,131.837
2025-05-11 08:41:05,131.837,131.839,131.831,131.831
2025-05-11 08:41:10,131.831,131.838,131.831,131.838
2025-05-11 08:41:15,131.838,131.838,131.834,131.834
2025-05-11 08:41:20,131.833,131.833,131.829,131.83
2025-05-11 08:41:25,131.83,131.83,131.826,131.83
2025-05-11 08:41:30,131.828,131.828,131.827,131.827
2025-05-11 08:41:35,131.827,131.827,131.824,131.825
2025-05-11 08:41:40,131.825,131.827,131.824,131.826
2025-05-11 08:41:45,131.826,131.826,131.82,131.82
2025-05-11 08:41:50,131.82,131.822,131.816,131.822
2025-05-11 08:41:55,131.827,131.833,131.827,131.833
2025-05-11 08:42:00,131.835,131.835,131.828,131.828
2025-05-11 08:42:05,131.828,131.833,131.828,131.833
2025-05-11 08:42:10,131.833,131.842,131.832,131.838
2025-05-11 08:42:15,131.84,131.849,131.84,131.848
2025-05-11 08:42:20,131.847,131.849,131.846,131.847
2025-05-11 08:42:25,131.847,131.849,131.846,131.847
2025-05-11 08:42:30,131.847,131.848,131.845,131.845
2025-05-11 08:42:35,131.849,131.853,131.849,131.851
2025-05-11 08:42:40,131.851,131.851,131.845,131.846
2025-05-11 08:42:45,131.846,131.852,131.841,131.842
2025-05-11 08:42:50,131.842,131.846,131.839,131.841
2025-05-11 08:42:55,131.842,131.845,131.842,131.844
2025-05-11 08:43:00,131.844,131.854,131.844,131.851
2025-05-11 08:43:05,131.851,131.855,131.851,131.852
2025-05-11 08:43:10,131.852,131.857,131.852,131.854
2025-05-11 08:43:15,131.856,131.86,131.856,131.86
2025-05-11 08:43:20,131.855,131.855,131.841,131.844
2025-05-11 08:43:25,131.844,131.845,131.833,131.836
2025-05-11 08:43:30,131.837,131.843,131.837,131.843
2025-05-11 08:43:35,131.843,131.847,131.843,131.847
2025-05-11 08:43:40,131.847,131.849,131.846,131.846
2025-05-11 08:43:45,131.846,131.846,131.841,131.845
2025-05-11 08:43:50,131.845,131.854,131.845,131.851
2025-05-11 08:43:55,131.851,131.851,131.847,131.847
2025-05-11 08:44:00,131.847,131.847,131.844,131.845
2025-05-11 08:44:05,131.845,131.85,131.845,131.845
2025-05-11 08:44:10,131.845,131.845,131.83,131.832
2025-05-11 08:44:15,131.834,131.834,131.818,131.819
2025-05-11 08:44:20,131.819,131.819,131.819,131.819
2025-05-11 08:44:25,131.817,131.817,131.811,131.815
2025-05-11 08:44:30,131.815,131.819,131.815,131.819
2025-05-11 08:44:35,131.82,131.82,131.816,131.816
2025-05-11 08:44:40,131.815,131.816,131.805,131.805
2025-05-11 08:44:45,131.804,131.806,131.803,131.806
2025-05-11 08:44:50,131.806,131.811,131.805,131.81
2025-05-11 08:44:55,131.81,131.814,131.807,131.809
2025-05-11 08:45:00,131.809,131.81,131.807,131.807
2025-05-11 08:45:05,131.809,131.812,131.809,131.811
2025-05-11 08:45:10,131.809,131.82,131.809,131.815
2025-05-11 08:45:15,131.815,131.817,131.815,131.815
2025-05-11 08:45:20,131.816,131.82,131.816,131.82
2025-05-11 08:45:25,131.823,131.823,131.814,131.814
2025-05-11 08:45:30,131.814,131.827,131.814,131.827
2025-05-11 08:45:35,131.827,131.827,131.819,131.822
2025-05-11 08:45:40,131.824,131.825,131.822,131.825
2025-05-11 08:45:45,131.825,131.826,131.825,131.826
2025-05-11 08:45:50,131.826,131.831,131.822,131.824
2025-05-11 08:45:55,131.824,131.824,131.814,131.814
2025-05-11 08:46:00,131.811,131.814,131.811,131.813
2025-05-11 08:46:05,131.813,131.815,131.813,131.815
2025-05-11 08:46:10,131.815,131.816,131.813,131.816
2025-05-11 08:46:15,131.816,131.818,131.812,131.818
2025-05-11 08:46:20,131.817,131.82,131.817,131.82
2025-05-11 08:46:25,131.82,131.826,131.82,131.825
2025-05-11 08:46:30,131.825,131.825,131.82,131.82
2025-05-11 08:46:35,131.82,131.82,131.806,131.806
2025-05-11 08:46:40,131.81,131.81,131.802,131.802
2025-05-11 08:46:45,131.805,131.805,131.801,131.801
2025-05-11 08:46:50,131.801,131.801,131.796,131.796
2025-05-11 08:46:55,131.796,131.803,131.793,131.803
2025-05-11 08:47:00,131.802,131.802,131.795,131.796
2025-05-11 08:47:05,131.796,131.8,131.796,131.799
2025-05-11 08:47:10,131.799,131.805,131.798,131.805
2025-05-11 08:47:15,131.805,131.805,131.803,131.804
2025-05-11 08:47:20,131.805,131.818,131.803,131.818
2025-05-11 08:47:25,131.817,131.817,131.809,131.809
2025-05-11 08:47:30,131.809,131.811,131.806,131.806
2025-05-11 08:47:35,131.806,131.814,131.806,131.814
2025-05-11 08:47:40,131.815,131.82,131.815,131.816
2025-05-11 08:47:45,131.816,131.816,131.805,131.807
2025-05-11 08:47:50,131.807,131.808,131.805,131.808
2025-05-11 08:47:55,131.808,131.808,131.798,131.8
2025-05-11 08:48:00,131.802,131.813,131.802,131.813
2025-05-11 08:48:05,131.814,131.814,131.813,131.813
2025-05-11 08:48:10,131.813,131.817,131.813,131.816
2025-05-11 08:48:15,131.816,131.822,131.816,131.817
2025-05-11 08:48:20,131.817,131.817,131.815,131.815
2025-05-11 08:48:25,131.814,131.814,131.807,131.811
2025-05-11 08:48:30,131.811,131.818,131.811,131.817
2025-05-11 08:48:35,131.817,131.817,131.808,131.809
2025-05-11 08:48:40,131.81,131.81,131.802,131.802
2025-05-11 08:48:45,131.801,131.805,131.801,131.805
2025-05-11 08:48:50,131.805,131.81,131.805,131.809
2025-05-11 08:48:55,131.809,131.81,131.806,131.806
2025-05-11 08:49:00,131.808,131.811,131.807,131.811
2025-05-11 08:49:05,131.81,131.815,131.806,131.815
2025-05-11 08:49:10,131.815,131.815,131.811,131.811
2025-05-11 08:49:15,131.813,131.817,131.813,131.816
2025-05-11 08:49:20,131.814,131.814,131.804,131.804
2025-05-11 08:49:25,131.805,131.805,131.796,131.798
2025-05-11 08:49:30,131.798,131.798,131.78,131.782
2025-05-11 08:49:35,131.782,131.785,131.782,131.785
2025-05-11 08:49:40,131.785,131.789,131.784,131.784
2025-05-11 08:49:45,131.785,131.786,131.783,131.783
2025-05-11 08:49:50,131.783,131.784,131.778,131.778
2025-05-11 08:49:55,131.778,131.79,131.778,131.79
2025-05-11 08:50:00,131.79,131.795,131.79,131.795
2025-05-11 08:50:05,131.797,131.798,131.791,131.792
2025-05-11 08:50:10,131.792,131.796,131.792,131.794
2025-05-11 08:50:15,131.794,131.794,131.792,131.794
2025-05-11 08:50:20,131.794,131.799,131.794,131.799
2025-05-11 08:50:25,131.796,131.802,131.796,131.801
2025-05-11 08:50:30,131.801,131.803,131.801,131.803
2025-05-11 08:50:35,131.803,131.807,131.803,131.807
2025-05-11 08:50:40,131.807,131.815,131.807,131.815
2025-05-11 08:50:45,131.815,131.821,131.815,131.821
2025-05-11 08:50:50,131.821,131.826,131.818,131.818
2025-05-11 08:50:55,131.818,131.818,131.807,131.808
2025-05-11 08:51:00,131.808,131.824,131.808,131.824
2025-05-11 08:51:05,131.822,131.827,131.82,131.827
2025-05-11 08:51:10,131.827,131.83,131.825,131.83
2025-05-11 08:51:15,131.829,131.829,131.826,131.826
2025-05-11 08:51:20,131.826,131.829,131.819,131.819
2025-05-11 08:51:25,131.821,131.821,131.815,131.815
2025-05-11 08:51:30,131.814,131.815,131.809,131.815
2025-05-11 08:51:35,131.815,131.817,131.813,131.814
2025-05-11 08:51:40,131.814,131.814,131.809,131.809
2025-05-11 08:51:45,131.809,131.809,131.807,131.807
2025-05-11 08:51:50,131.807,131.81,131.807,131.808
2025-05-11 08:51:55,131.808,131.809,131.806,131.807
2025-05-11 08:52:00,131.807,131.809,131.806,131.809
2025-05-11 08:52:05,131.809,131.811,131.808,131.808
2025-05-11 08:52:10,131.808,131.825,131.808,131.825
2025-05-11 08:52:15,131.825,131.828,131.825,131.828
2025-05-11 08:52:20,131.828,131.828,131.824,131.828
2025-05-11 08:52:25,131.828,131.832,131.826,131.829
2025-05-11 08:52:30,131.829,131.837,131.829,131.832
2025-05-11 08:52:35,131.832,131.832,131.824,131.824
2025-05-11 08:52:40,131.824,131.825,131.823,131.824
2025-05-11 08:52:45,131.824,131.825,131.819,131.819
2025-05-11 08:52:50,131.821,131.823,131.819,131.819
2025-05-11 08:52:55,131.819,131.827,131.819,131.826
2025-05-11 08:53:00,131.826,131.826,131.822,131.824
2025-05-11 08:53:05,131.826,131.826,131.819,131.819
2025-05-11 08:53:10,131.819,131.822,131.818,131.818
2025-05-11 08:53:15,131.818,131.818,131.807,131.807
2025-05-11 08:53:20,131.807,131.81,131.807,131.809
2025-05-11 08:53:25,131.809,131.81,131.809,131.81
2025-05-11 08:53:30,131.808,131.808,131.806,131.806
2025-05-11 08:53:35,131.806,131.812,131.806,131.812
2025-05-11 08:53:40,131.812,131.815,131.811,131.812
2025-05-11 08:53:45,131.812,131.812,131.805,131.807
2025-05-11 08:53:50,131.807,131.807,131.798,131.799
2025-05-11 08:53:55,131.799,131.801,131.799,131.8
2025-05-11 08:54:00,131.8,131.805,131.8,131.803
2025-05-11 08:54:05,131.803,131.821,131.803,131.821
2025-05-11 08:54:10,131.816,131.818,131.811,131.818
2025-05-11 08:54:15,131.814,131.814,131.798,131.8
2025-05-11 08:54:20,131.8,131.803,131.799,131.803
2025-05-11 08:54:25,131.803,131.803,131.782,131.785
2025-05-11 08:54:30,131.783,131.798,131.783,131.797
2025-05-11 08:54:35,131.805,131.805,131.805,131.805
2025-05-11 08:54:40,131.805,131.807,131.805,131.805
2025-05-11 08:54:45,131.805,131.807,131.803,131.803
2025-05-11 08:54:50,131.804,131.804,131.801,131.803
2025-05-11 08:54:55,131.803,131.809,131.803,131.809
2025-05-11 08:55:00,131.809,131.809,131.803,131.803
2025-05-11 08:55:05,131.803,131.811,131.803,131.807
2025-05-11 08:55:10,131.807,131.809,131.805,131.807
2025-05-11 08:55:15,131.807,131.81,131.807,131.808
2025-05-11 08:55:20,131.81,131.81,131.803,131.803
2025-05-11 08:55:25,131.803,131.805,131.799,131.799
2025-05-11 08:55:30,131.797,131.799,131.797,131.799
2025-05-11 08:55:35,131.8,131.803,131.796,131.796
2025-05-11 08:55:40,131.797,131.8,131.794,131.794
2025-05-11 08:55:45,131.794,131.803,131.794,131.803
2025-05-11 08:55:50,131.806,131.807,131.798,131.798
2025-05-11 08:55:55,131.799,131.802,131.799,131.802
2025-05-11 08:56:00,131.802,131.809,131.801,131.809
2025-05-11 08:56:05,131.809,131.812,131.804,131.805
2025-05-11 08:56:10,131.806,131.812,131.806,131.81
2025-05-11 08:56:15,131.81,131.811,131.806,131.806
2025-05-11 08:56:20,131.807,131.811,131.801,131.801
2025-05-11 08:56:25,131.801,131.801,131.791,131.791
2025-05-11 08:56:30,131.79,131.79,131.784,131.787
2025-05-11 08:56:35,131.787,131.795,131.787,131.792
2025-05-11 08:56:40,131.792,131.794,131.792,131.794
2025-05-11 08:56:45,131.794,131.798,131.794,131.795
2025-05-11 08:56:50,131.794,131.796,131.792,131.796
2025-05-11 08:56:55,131.796,131.796,131.792,131.792
2025-05-11 08:57:00,131.794,131.802,131.791,131.802
2025-05-11 08:57:05,131.802,131.803,131.797,131.8
2025-05-11 08:57:10,131.8,131.802,131.8,131.8
2025-05-11 08:57:15,131.8,131.804,131.798,131.8
2025-05-11 08:57:20,131.801,131.805,131.8,131.803
2025-05-11 08:57:25,131.803,131.803,131.798,131.802
2025-05-11 08:57:30,131.802,131.802,131.796,131.8
2025-05-11 08:57:35,131.798,131.799,131.792,131.792
2025-05-11 08:57:40,131.789,131.793,131.787,131.793
2025-05-11 08:57:45,131.793,131.794,131.791,131.791
2025-05-11 08:57:50,131.792,131.792,131.781,131.781
2025-05-11 08:57:55,131.78,131.781,131.771,131.772
2025-05-11 08:58:00,131.77,131.778,131.77,131.778
2025-05-11 08:58:05,131.778,131.78,131.777,131.78
2025-05-11 08:58:10,131.78,131.78,131.773,131.774
2025-05-11 08:58:15,131.774,131.775,131.766,131.775
2025-05-11 08:58:20,131.776,131.781,131.776,131.781
2025-05-11 08:58:25,131.781,131.787,131.781,131.787
2025-05-11 08:58:30,131.787,131.789,131.785,131.789
2025-05-11 08:58:35,131.792,131.793,131.791,131.793
2025-05-11 08:58:40,131.793,131.801,131.793,131.798
2025-05-11 08:58:45,131.798,131.801,131.798,131.801
2025-05-11 08:58:50,131.801,131.801,131.797,131.797
2025-05-11 08:58:55,131.796,131.796,131.791,131.796
2025-05-11 08:59:00,131.796,131.801,131.795,131.801
2025-05-11 08:59:05,131.801,131.801,131.794,131.795
2025-05-11 08:59:10,131.795,131.799,131.792,131.797
2025-05-11 08:59:15,131.798,131.799,131.794,131.794
2025-05-11 08:59:20,131.794,131.797,131.792,131.795
2025-05-11 08:59:25,131.795,131.798,131.792,131.798
2025-05-11 08:59:30,131.798,131.798,131.79,131.79
2025-05-11 08:59:35,131.792,131.803,131.79,131.803
2025-05-11 08:59:40,131.803,131.803,131.796,131.796
2025-05-11 08:59:45,131.796,131.797,131.784,131.784
2025-05-11 08:59:50,131.784,131.789,131.78,131.78
2025-05-11 08:59:55,131.78,131.783,131.78,131.78
2025-05-11 09:00:00,131.78,131.78,131.774,131.778
2025-05-11 09:00:05,131.779,131.779,131.775,131.775
2025-05-11 09:00:10,131.775,131.777,131.774,131.777
2025-05-11 09:00:15,131.777,131.777,131.776,131.776
2025-05-11 09:00:20,131.777,131.777,131.773,131.776
2025-05-11 09:00:25,131.776,131.776,131.77,131.772
2025-05-11 09:00:30,131.772,131.774,131.768,131.768
2025-05-11 09:00:35,131.767,131.77,131.765,131.768
2025-05-11 09:00:40,131.768,131.769,131.767,131.767
2025-05-11 09:00:45,131.767,131.77,131.767,131.768
2025-05-11 09:00:50,131.768,131.774,131.768,131.774
2025-05-11 09:00:55,131.77,131.776,131.77,131.776
2025-05-11 09:01:00,131.776,131.776,131.769,131.771
2025-05-11 09:01:05,131.771,131.772,131.769,131.772
2025-05-11 09:01:10,131.772,131.772,131.771,131.771
2025-05-11 09:01:15,131.77,131.772,131.766,131.766
2025-05-11 09:01:20,131.766,131.766,131.761,131.765
2025-05-11 09:01:25,131.764,131.767,131.763,131.767
2025-05-11 09:01:30,131.767,131.767,131.764,131.765
2025-05-11 09:01:35,131.765,131.767,131.765,131.767
2025-05-11 09:01:40,131.767,131.767,131.761,131.761
2025-05-11 09:01:45,131.762,131.773,131.76,131.773
2025-05-11 09:01:50,131.773,131.777,131.773,131.777
2025-05-11 09:01:55,131.775,131.787,131.775,131.787
2025-05-11 09:02:00,131.787,131.787,131.782,131.787
2025-05-11 09:02:05,131.78,131.781,131.778,131.779
2025-05-11 09:02:10,131.779,131.779,131.769,131.769
2025-05-11 09:02:15,131.765,131.766,131.762,131.763
2025-05-11 09:02:20,131.763,131.763,131.75,131.75
2025-05-11 09:02:25,131.751,131.765,131.751,131.765
2025-05-11 09:02:30,131.765,131.767,131.764,131.766
2025-05-11 09:02:35,131.766,131.773,131.766,131.773
2025-05-11 09:02:40,131.771,131.771,131.755,131.755
2025-05-11 09:02:45,131.755,131.768,131.754,131.767
2025-05-11 09:02:50,131.767,131.768,131.766,131.767
2025-05-11 09:02:55,131.771,131.777,131.771,131.773
2025-05-11 09:03:00,131.771,131.778,131.771,131.778
2025-05-11 09:03:05,131.78,131.786,131.778,131.786
2025-05-11 09:03:10,131.786,131.789,131.781,131.781
2025-05-11 09:03:15,131.781,131.784,131.78,131.783
2025-05-11 09:03:20,131.783,131.792,131.782,131.792
2025-05-11 09:03:25,131.792,131.801,131.792,131.797
2025-05-11 09:03:30,131.797,131.805,131.797,131.805
2025-05-11 09:03:35,131.805,131.811,131.804,131.811
2025-05-11 09:03:40,131.81,131.811,131.81,131.811
2025-05-11 09:03:45,131.809,131.819,131.809,131.819
2025-05-11 09:03:50,131.819,131.819,131.807,131.808
2025-05-11 09:03:55,131.809,131.81,131.807,131.807
2025-05-11 09:04:00,131.806,131.806,131.801,131.803
2025-05-11 09:04:05,131.804,131.804,131.798,131.798
2025-05-11 09:04:10,131.798,131.798,131.793,131.797
2025-05-11 09:04:15,131.797,131.797,131.782,131.782
2025-05-11 09:04:20,131.782,131.787,131.782,131.787
2025-05-11 09:04:25,131.784,131.79,131.784,131.79
2025-05-11 09:04:30,131.79,131.79,131.781,131.781
2025-05-11 09:04:35,131.781,131.782,131.777,131.777
2025-05-11 09:04:40,131.778,131.779,131.777,131.778
2025-05-11 09:04:45,131.78,131.782,131.78,131.782
2025-05-11 09:04:50,131.782,131.784,131.778,131.783
2025-05-11 09:04:55,131.783,131.783,131.778,131.779
2025-05-11 09:05:00,131.78,131.78,131.774,131.779
2025-05-11 09:05:05,131.779,131.779,131.769,131.77
2025-05-11 09:05:10,131.77,131.772,131.763,131.764
2025-05-11 09:05:15,131.764,131.764,131.76,131.763
2025-05-11 09:05:20,131.763,131.771,131.763,131.77
2025-05-11 09:05:25,131.77,131.772,131.769,131.772
2025-05-11 09:05:30,131.772,131.773,131.769,131.77
2025-05-11 09:05:35,131.77,131.775,131.768,131.775
2025-05-11 09:05:40,131.775,131.775,131.772,131.772
2025-05-14 05:59:30,133.082,133.082,133.082,133.082
2025-05-14 05:59:35,133.082,133.082,133.078,133.078
2025-05-14 05:59:40,133.075,133.077,133.068,133.077
2025-05-14 05:59:45,133.077,133.077,133.073,133.073
2025-05-14 05:59:50,133.072,133.072,133.065,133.067
2025-05-14 05:59:55,133.069,133.076,133.068,133.076
2025-05-14 06:00:00,133.076,133.077,133.069,133.069
2025-05-14 06:00:05,133.069,133.079,133.067,133.077
2025-05-14 06:00:10,133.078,133.078,133.075,133.076
2025-05-14 06:00:15,133.077,133.083,133.077,133.08
2025-05-14 06:00:20,133.08,133.08,133.077,133.08
2025-05-14 06:00:25,133.08,133.083,133.08,133.083
2025-05-14 06:00:30,133.083,133.084,133.074,133.074
2025-05-14 06:00:35,133.075,133.076,133.074,133.074
2025-05-14 06:00:40,133.073,133.074,133.07,133.07
2025-05-14 06:00:45,133.07,133.077,133.069,133.077
2025-05-14 06:00:50,133.073,133.08,133.071,133.071
2025-05-14 06:00:55,133.071,133.073,133.066,133.066
2025-05-14 06:01:00,133.064,133.069,133.064,133.069
2025-05-14 06:01:05,133.069,133.072,133.069,133.071
2025-05-14 06:01:10,133.071,133.071,133.056,133.056
2025-05-14 06:01:15,133.059,133.059,133.054,133.054
2025-05-14 06:01:20,133.054,133.058,133.053,133.058
2025-05-14 06:01:25,133.058,133.069,133.058,133.068
2025-05-14 06:01:30,133.068,133.079,133.068,133.077
2025-05-14 06:01:35,133.079,133.079,133.072,133.072
2025-05-14 06:01:40,133.074,133.074,133.071,133.071
2025-05-14 06:01:45,133.071,133.072,133.062,133.062
2025-05-14 06:01:50,133.061,133.062,133.061,133.062
2025-05-14 06:01:55,133.056,133.058,133.053,133.053
2025-05-14 06:02:00,133.054,133.055,133.05,133.05
2025-05-14 06:02:05,133.05,133.051,133.048,133.048
2025-05-14 06:02:10,133.047,133.049,133.044,133.049
2025-05-14 06:02:15,133.048,133.049,133.046,133.049
2025-05-14 06:02:20,133.05,133.051,133.046,133.051
2025-05-14 06:02:25,133.051,133.051,133.046,133.05
2025-05-14 06:02:30,133.048,133.048,133.047,133.047
2025-05-14 06:02:35,133.048,133.055,133.048,133.055
2025-05-14 06:02:40,133.055,133.055,133.053,133.053
2025-05-14 06:02:45,133.053,133.069,133.053,133.069
2025-05-14 06:02:50,133.068,133.069,133.063,133.065
2025-05-14 06:02:55,133.065,133.065,133.062,133.062
2025-05-14 06:03:00,133.062,133.066,133.057,133.057
2025-05-14 06:03:05,133.057,133.059,133.057,133.058
2025-05-14 06:03:10,133.057,133.057,133.054,133.054
2025-05-14 06:03:15,133.051,133.064,133.051,133.064
2025-05-14 06:03:20,133.063,133.063,133.058,133.063
2025-05-14 06:03:25,133.063,133.065,133.058,133.058
2025-05-14 06:03:30,133.058,133.058,133.053,133.053
2025-05-14 06:03:35,133.053,133.055,133.051,133.055
2025-05-14 06:03:40,133.055,133.055,133.052,133.054
2025-05-14 06:03:45,133.054,133.055,133.052,133.052
2025-05-14 06:03:50,133.053,133.057,133.053,133.054
2025-05-14 06:03:55,133.054,133.056,133.053,133.055
2025-05-14 06:04:00,133.056,133.06,133.056,133.06
2025-05-14 06:04:05,133.06,133.06,133.055,133.058
2025-05-14 06:04:10,133.057,133.059,133.056,133.059
2025-05-14 06:04:15,133.058,133.06,133.056,133.057
2025-05-14 06:04:20,133.058,133.058,133.056,133.058
2025-05-14 06:04:25,133.058,133.058,133.05,133.05
2025-05-14 06:04:30,133.05,133.053,133.046,133.048
2025-05-14 06:04:35,133.05,133.057,133.05,133.055
2025-05-14 06:04:40,133.055,133.055,133.041,133.041
2025-05-14 06:04:45,133.041,133.043,133.037,133.043
2025-05-14 06:04:50,133.043,133.043,133.036,133.036
2025-05-14 06:04:55,133.036,133.036,133.029,133.033
2025-05-14 06:05:00,133.031,133.034,133.03,133.034
2025-05-14 06:05:05,133.034,133.04,133.028,133.04
2025-05-14 06:05:10,133.04,133.04,133.035,133.037
2025-05-14 06:05:15,133.039,133.044,133.038,133.044
2025-05-14 06:05:20,133.043,133.043,133.041,133.041
2025-05-14 06:05:25,133.041,133.041,133.032,133.032
2025-05-14 06:05:30,133.032,133.033,133.028,133.028
2025-05-14 06:05:35,133.029,133.029,133.028,133.028
2025-05-14 06:05:40,133.034,133.037,133.033,133.034
2025-05-14 06:05:45,133.034,133.035,133.026,133.028
2025-05-14 06:05:50,133.028,133.028,133.023,133.023
2025-05-14 06:05:55,133.024,133.026,133.022,133.024
2025-05-14 06:06:00,133.024,133.024,133.015,133.022
2025-05-14 06:06:05,133.022,133.022,133.004,133.005
2025-05-14 06:06:10,133.005,133.005,132.996,132.997
2025-05-14 06:06:15,132.998,133.007,132.997,133.006
2025-05-14 06:06:20,133.007,133.01,133.007,133.01
2025-05-14 06:06:25,133.01,133.01,133.007,133.007
2025-05-14 06:06:30,133.007,133.017,133.007,133.016
2025-05-14 06:06:35,133.016,133.024,133.016,133.024
2025-05-14 06:06:40,133.024,133.024,133.021,133.021
2025-05-14 06:06:45,133.021,133.024,133.021,133.022
2025-05-14 06:06:50,133.022,133.033,133.022,133.033
2025-05-14 06:06:55,133.031,133.031,133.027,133.03
2025-05-14 06:07:00,133.03,133.031,133.029,133.029
2025-05-14 06:07:05,133.031,133.037,133.031,133.037
2025-05-14 06:07:10,133.037,133.042,133.037,133.041
2025-05-14 06:07:15,133.041,133.043,133.041,133.043
2025-05-14 06:07:20,133.043,133.045,133.041,133.041
2025-05-14 06:07:25,133.04,133.045,133.04,133.045
2025-05-14 06:07:30,133.045,133.051,133.045,133.047
2025-05-14 06:07:35,133.047,133.049,133.047,133.049
2025-05-14 06:07:40,133.049,133.049,133.041,133.041
2025-05-14 06:07:45,133.041,133.041,133.032,133.032
2025-05-14 06:07:50,133.032,133.032,133.027,133.028
2025-05-14 06:07:55,133.029,133.033,133.029,133.029
2025-05-14 06:08:00,133.028,133.036,133.026,133.036
2025-05-14 06:08:05,133.036,133.036,133.027,133.027
2025-05-14 06:08:10,133.027,133.029,133.026,133.027
2025-05-14 06:08:15,133.026,133.028,133.024,133.028
2025-05-14 06:08:20,133.03,133.036,133.03,133.032
2025-05-14 06:08:25,133.033,133.037,133.033,133.033
2025-05-14 06:08:30,133.035,133.037,133.034,133.037
2025-05-14 06:08:35,133.037,133.041,133.037,133.04
2025-05-14 06:08:40,133.038,133.042,133.038,133.039
2025-05-14 06:08:45,133.039,133.039,133.032,133.033
2025-05-14 06:08:50,133.032,133.034,133.031,133.033
2025-05-14 06:08:55,133.033,133.038,133.033,133.033
2025-05-14 06:09:00,133.034,133.041,133.033,133.041
2025-05-14 06:09:05,133.042,133.043,133.031,133.031
2025-05-14 06:09:10,133.031,133.031,133.019,133.019
2025-05-14 06:09:15,133.019,133.019,133.013,133.013
2025-05-14 06:09:20,133.013,133.013,133.001,133.002
2025-05-14 06:09:25,133.002,133.007,133.002,133.006
2025-05-14 06:09:30,133.006,133.006,133.004,133.006
2025-05-14 06:09:35,133.006,133.011,133,133
2025-05-14 06:09:40,133,133.004,133,133
2025-05-14 06:09:45,133,133.003,132.998,133.001
2025-05-14 06:09:50,133.001,133.002,132.998,132.999
2025-05-14 06:09:55,132.999,132.999,132.991,132.991
2025-05-14 06:10:00,132.993,133,132.993,133
2025-05-14 06:10:05,133,133.002,132.998,133.001
2025-05-14 06:10:10,133.001,133.007,133.001,133.004
2025-05-14 06:10:15,133.004,133.009,132.999,133.005
2025-05-14 06:10:20,133.005,133.014,133.004,133.014
2025-05-14 06:10:25,133.023,133.023,133.012,133.012
2025-05-14 06:10:30,133.012,133.015,133.004,133.015
2025-05-14 06:10:35,133.015,133.016,133.013,133.013
2025-05-14 06:10:40,133.012,133.012,133.009,133.01
2025-05-14 06:10:45,133.007,133.014,133.006,133.014
2025-05-14 06:10:50,133.014,133.016,133.008,133.009
2025-05-14 06:10:55,133.009,133.011,133.006,133.009
2025-05-14 06:11:00,133.011,133.018,133.011,133.018
2025-05-14 06:11:05,133.018,133.018,133.016,133.016
2025-05-14 06:11:10,133.016,133.016,132.999,133
2025-05-14 06:11:15,133,133,132.983,132.983
2025-05-14 06:11:20,132.983,132.991,132.983,132.989
2025-05-14 06:11:25,132.987,132.994,132.987,132.993
2025-05-14 06:11:30,132.993,132.993,132.988,132.989
2025-05-14 06:11:35,132.99,132.991,132.988,132.989
2025-05-14 06:11:40,132.991,132.997,132.989,132.997
2025-05-14 06:11:45,132.999,133.007,132.999,133.006
2025-05-14 06:11:50,133.006,133.009,133.006,133.007
2025-05-14 06:11:55,133.006,133.008,133.005,133.005
2025-05-14 06:12:00,133.003,133.009,133.003,133.008
2025-05-14 06:12:05,133.006,133.01,133.005,133.01
2025-05-14 06:12:10,133.009,133.023,133.009,133.023
2025-05-14 06:12:15,133.023,133.023,133.021,133.022
2025-05-14 06:12:20,133.021,133.022,133.021,133.022
2025-05-14 06:12:25,133.023,133.023,133.023,133.023
2025-05-14 06:12:30,133.024,133.037,133.024,133.035
2025-05-14 06:12:35,133.039,133.039,133.035,133.036
2025-05-14 06:12:40,133.037,133.044,133.037,133.042
2025-05-14 06:12:45,133.042,133.044,133.041,133.043
2025-05-14 06:12:50,133.043,133.045,133.043,133.045
2025-05-14 06:12:55,133.045,133.047,133.044,133.044
2025-05-14 06:13:00,133.044,133.057,133.044,133.057
2025-05-14 06:13:05,133.056,133.056,133.047,133.047
2025-05-14 06:13:10,133.047,133.047,133.04,133.044
2025-05-14 06:13:15,133.044,133.048,133.043,133.048
2025-05-14 06:13:20,133.048,133.049,133.035,133.035
2025-05-14 06:13:25,133.035,133.035,133.024,133.028
2025-05-14 06:13:30,133.028,133.03,133.025,133.026
2025-05-14 06:13:35,133.026,133.035,133.025,133.033
2025-05-14 06:13:40,133.033,133.039,133.033,133.037
2025-05-14 06:13:45,133.037,133.038,133.035,133.038
2025-05-14 06:13:50,133.036,133.039,133.036,133.039
2025-05-14 06:13:55,133.042,133.042,133.034,133.036
2025-05-14 06:14:00,133.036,133.038,133.035,133.037
2025-05-14 06:14:05,133.037,133.049,133.035,133.047
2025-05-14 06:14:10,133.049,133.05,133.047,133.05
2025-05-14 06:14:15,133.053,133.058,133.053,133.058
2025-05-14 06:14:20,133.058,133.061,133.056,133.061
2025-05-14 06:14:25,133.06,133.061,133.06,133.061
2025-05-14 06:14:30,133.063,133.063,133.056,133.058
2025-05-14 06:14:35,133.059,133.059,133.058,133.058
2025-05-14 06:14:40,133.058,133.068,133.058,133.068
2025-05-14 06:14:45,133.07,133.072,133.069,133.071
2025-05-14 06:14:50,133.069,133.069,133.063,133.064
2025-05-14 06:14:55,133.064,133.066,133.062,133.064
2025-05-14 06:15:00,133.064,133.067,133.063,133.067
2025-05-14 06:15:05,133.067,133.069,133.065,133.067
2025-05-14 06:15:10,133.067,133.068,133.066,133.066
2025-05-14 06:15:15,133.066,133.071,133.063,133.071
2025-05-14 06:15:20,133.071,133.071,133.068,133.07
2025-05-14 06:15:25,133.068,133.071,133.067,133.071
2025-05-14 06:15:30,133.07,133.076,133.07,133.076
2025-05-14 06:15:35,133.076,133.082,133.076,133.078
2025-05-14 06:15:40,133.078,133.081,133.076,133.076
2025-05-14 06:15:45,133.076,133.088,133.076,133.085
2025-05-14 06:15:50,133.084,133.084,133.082,133.084
2025-05-14 06:15:55,133.084,133.084,133.078,133.078
2025-05-14 06:16:00,133.078,133.078,133.07,133.073
2025-05-14 06:16:05,133.071,133.071,133.066,133.07
2025-05-14 06:16:10,133.06,133.064,133.059,133.063
2025-05-14 06:16:15,133.063,133.067,133.059,133.059
2025-05-14 06:16:20,133.059,133.066,133.056,133.066
2025-05-14 06:16:25,133.066,133.068,133.066,133.067
2025-05-14 06:16:30,133.066,133.066,133.065,133.066
2025-05-14 06:16:35,133.066,133.076,133.066,133.071
2025-05-14 06:16:40,133.071,133.071,133.06,133.06
2025-05-14 06:16:45,133.057,133.059,133.057,133.058
2025-05-14 06:16:50,133.057,133.057,133.044,133.047
2025-05-14 06:16:55,133.047,133.047,133.041,133.041
2025-05-14 06:17:00,133.041,133.041,133.037,133.038
2025-05-14 06:17:05,133.038,133.043,133.038,133.041
2025-05-14 06:17:10,133.041,133.043,133.039,133.04
2025-05-14 06:17:15,133.04,133.047,133.04,133.046
2025-05-14 06:17:20,133.046,133.046,133.041,133.041
2025-05-14 06:17:25,133.047,133.047,133.039,133.042
2025-05-14 06:17:30,133.043,133.045,133.043,133.045
2025-05-14 06:17:35,133.045,133.048,133.039,133.044
2025-05-14 06:17:40,133.045,133.046,133.044,133.046
2025-05-14 06:17:45,133.046,133.048,133.038,133.038
2025-05-14 06:17:50,133.039,133.043,133.039,133.043
2025-05-14 06:17:55,133.043,133.043,133.042,133.043
2025-05-14 06:18:00,133.042,133.044,133.04,133.04
2025-05-14 06:18:05,133.04,133.041,133.035,133.035
2025-05-14 06:18:10,133.035,133.04,133.035,133.04
2025-05-14 06:18:15,133.038,133.039,133.034,133.037
2025-05-14 06:18:20,133.037,133.038,133.034,133.034
2025-05-14 06:18:25,133.034,133.034,133.03,133.032
2025-05-14 06:18:30,133.031,133.031,133.025,133.029
2025-05-14 06:18:35,133.029,133.029,133.018,133.018
2025-05-14 06:18:40,133.017,133.026,133.017,133.024
2025-05-14 06:18:45,133.024,133.029,133.023,133.028
2025-05-14 06:18:50,133.028,133.028,133.019,133.019
2025-05-14 06:18:55,133.008,133.008,133.002,133.002
2025-05-14 06:19:00,133,133,132.998,132.998
2025-05-14 06:19:05,132.998,133.003,132.998,133
2025-05-14 06:19:10,132.998,132.998,132.994,132.994
2025-05-14 06:19:15,132.993,132.994,132.99,132.99
2025-05-14 06:19:20,132.992,132.992,132.99,132.992
2025-05-14 06:19:25,132.992,132.998,132.992,132.995
2025-05-14 06:19:30,132.995,132.999,132.995,132.999
2025-05-14 06:19:35,132.999,133.001,132.996,132.997
2025-05-14 06:19:40,132.986,132.987,132.985,132.987
2025-05-14 06:19:45,132.987,132.997,132.987,132.997
2025-05-14 06:19:50,132.997,132.998,132.995,132.996
2025-05-14 06:19:55,132.996,132.998,132.996,132.998
2025-05-14 06:20:00,132.998,132.999,132.998,132.998
2025-05-14 06:20:05,132.998,132.998,132.991,132.993
2025-05-14 06:20:10,132.993,132.998,132.993,132.997
2025-05-14 06:20:15,133,133.002,132.998,133.002
2025-05-14 06:20:20,133.002,133.014,133.002,133.014
2025-05-14 06:20:25,133.014,133.017,133.01,133.01
2025-05-14 06:20:30,133.01,133.012,133.01,133.01
2025-05-14 06:20:35,133.01,133.01,133.006,133.006
2025-05-14 06:20:40,133.006,133.006,133.001,133.001
2025-05-14 06:20:45,133.001,133.003,132.998,132.999
2025-05-14 06:20:50,132.998,132.998,132.995,132.998
2025-05-14 06:20:55,132.997,132.998,132.996,132.998
2025-05-14 06:21:00,132.998,133,132.997,132.999
2025-05-14 06:21:05,132.999,133.003,132.998,132.998
2025-05-14 06:21:10,132.999,132.999,132.996,132.996
2025-05-14 06:21:15,132.997,133.002,132.994,133.001
2025-05-14 06:21:20,133.001,133.002,132.996,132.996
2025-05-14 06:21:25,132.996,132.996,132.992,132.993
2025-05-14 06:21:30,132.994,132.998,132.992,132.998
2025-05-14 06:21:35,132.998,133.005,132.998,133.005
2025-05-14 06:21:40,133.005,133.008,133.004,133.008
2025-05-14 06:21:45,133.008,133.008,133.005,133.005
2025-05-14 06:21:50,133.005,133.005,132.999,133.001
2025-05-14 06:21:55,133.002,133.002,132.994,132.994
2025-05-14 06:22:00,132.994,132.994,132.985,132.985
2025-05-14 06:22:05,132.985,132.986,132.98,132.981
2025-05-14 06:22:10,132.981,132.983,132.977,132.983
2025-05-14 06:22:15,132.983,132.989,132.983,132.989
2025-05-14 06:22:20,132.989,132.993,132.987,132.991
2025-05-14 06:22:25,132.991,132.993,132.99,132.99
2025-05-14 06:22:30,132.99,132.992,132.982,132.982
2025-05-14 06:22:35,132.981,132.983,132.981,132.983
2025-05-14 06:22:40,132.983,132.989,132.983,132.989
2025-05-14 06:22:45,132.989,132.989,132.973,132.973
2025-05-14 06:22:50,132.973,132.973,132.967,132.972
2025-05-14 06:22:55,132.973,132.974,132.97,132.974
2025-05-14 06:23:00,132.974,132.976,132.972,132.976
2025-05-14 06:23:05,132.982,132.987,132.982,132.987
2025-05-14 06:23:10,132.987,132.991,132.985,132.987
2025-05-14 06:23:15,132.985,132.985,132.979,132.979
2025-05-14 06:23:20,132.98,132.982,132.977,132.982
2025-05-14 06:23:25,132.981,132.986,132.98,132.986
2025-05-14 06:23:30,132.989,132.993,132.989,132.99
2025-05-14 06:23:35,132.989,132.991,132.98,132.98
2025-05-14 06:23:40,132.978,132.982,132.975,132.982
2025-05-14 06:23:45,132.982,132.987,132.982,132.984
2025-05-14 06:23:50,132.985,132.985,132.969,132.969
2025-05-14 06:23:55,132.972,132.972,132.962,132.966
2025-05-14 06:24:00,132.965,132.966,132.965,132.966
2025-05-14 06:24:05,132.965,132.967,132.961,132.963
2025-05-14 06:24:10,132.966,132.969,132.966,132.969
2025-05-14 06:24:15,132.968,132.969,132.966,132.968
2025-05-14 06:24:20,132.968,132.976,132.968,132.975
2025-05-14 06:24:25,132.973,132.973,132.963,132.963
2025-05-14 06:24:30,132.961,132.962,132.959,132.959
2025-05-14 06:24:35,132.96,132.965,132.96,132.963
2025-05-14 06:24:40,132.963,132.963,132.958,132.96
2025-05-14 06:24:45,132.96,132.964,132.958,132.958
2025-05-14 06:24:50,132.957,132.961,132.955,132.961
2025-05-14 06:24:55,132.961,132.961,132.957,132.959
2025-05-14 06:25:00,132.96,132.961,132.956,132.959
2025-05-14 06:25:05,132.958,132.962,132.957,132.962
2025-05-14 06:25:10,132.962,132.97,132.959,132.964
2025-05-14 06:25:15,132.964,132.965,132.962,132.965
2025-05-14 06:25:20,132.965,132.965,132.959,132.959
2025-05-14 06:25:25,132.96,132.96,132.955,132.955
2025-05-14 06:25:30,132.955,132.955,132.953,132.953
2025-05-14 06:25:35,132.953,132.955,132.953,132.953
2025-05-14 06:25:40,132.95,132.961,132.95,132.957
2025-05-14 06:25:45,132.957,132.97,132.957,132.97
2025-05-14 06:25:50,132.97,132.974,132.97,132.971
2025-05-14 06:25:55,132.971,132.971,132.963,132.964
2025-05-14 06:26:00,132.964,132.97,132.964,132.97
2025-05-14 06:26:05,132.971,132.971,132.965,132.966
2025-05-14 06:26:10,132.966,132.969,132.962,132.963
2025-05-14 06:26:15,132.963,132.964,132.959,132.964
2025-05-14 06:26:20,132.966,132.967,132.965,132.966
2025-05-14 06:26:25,132.963,132.965,132.958,132.959
2025-05-14 06:26:30,132.959,132.962,132.957,132.961
2025-05-14 06:26:35,132.961,132.962,132.959,132.961
2025-05-14 06:26:40,132.958,132.958,132.944,132.944
2025-05-14 06:26:45,132.946,132.946,132.939,132.94
2025-05-14 06:26:50,132.94,132.94,132.924,132.928
2025-05-14 06:26:55,132.928,132.931,132.926,132.93
2025-05-14 06:27:00,132.93,132.93,132.928,132.928
2025-05-14 06:27:05,132.928,132.931,132.927,132.931
2025-05-14 06:27:10,132.931,132.942,132.929,132.934
2025-05-14 06:27:15,132.934,132.935,132.926,132.926
2025-05-14 06:27:20,132.922,132.923,132.921,132.921
2025-05-14 06:27:25,132.921,132.923,132.913,132.913
2025-05-14 06:27:30,132.913,132.916,132.913,132.913
2025-05-14 06:27:35,132.913,132.915,132.913,132.914
2025-05-14 06:27:40,132.913,132.918,132.913,132.917
2025-05-14 06:27:45,132.918,132.918,132.907,132.907
2025-05-14 06:27:50,132.907,132.912,132.905,132.911
2025-05-14 06:27:55,132.911,132.915,132.905,132.914
2025-05-14 06:28:00,132.913,132.913,132.897,132.898
2025-05-14 06:28:05,132.897,132.897,132.891,132.891
2025-05-14 06:28:10,132.891,132.896,132.891,132.896
2025-05-14 06:28:15,132.896,132.896,132.891,132.891
2025-05-14 06:28:20,132.891,132.896,132.891,132.896
2025-05-14 06:28:25,132.897,132.899,132.897,132.897
2025-05-14 06:28:30,132.897,132.9,132.897,132.899
2025-05-14 06:28:35,132.899,132.904,132.897,132.904
2025-05-14 06:28:40,132.906,132.908,132.902,132.902
2025-05-14 06:28:45,132.904,132.905,132.901,132.904
2025-05-14 06:28:50,132.904,132.908,132.904,132.908
2025-05-14 06:28:55,132.908,132.916,132.908,132.913
2025-05-14 06:29:00,132.911,132.911,132.898,132.898
2025-05-14 06:29:05,132.899,132.9,132.893,132.894
2025-05-14 06:29:10,132.894,132.895,132.892,132.895
2025-05-14 06:29:15,132.895,132.895,132.885,132.887
2025-05-14 06:29:20,132.887,132.888,132.886,132.888
2025-05-14 06:29:25,132.888,132.888,132.886,132.887
2025-05-14 06:29:30,132.887,132.896,132.885,132.896
2025-05-14 06:29:35,132.896,132.905,132.896,132.905
2025-05-14 06:29:40,132.904,132.906,132.9,132.901
2025-05-14 06:29:45,132.9,132.906,132.9,132.906
2025-05-14 06:29:50,132.906,132.917,132.906,132.917
2025-05-14 06:29:55,132.917,132.922,132.917,132.92
2025-05-14 06:30:00,132.92,132.921,132.917,132.918
2025-05-14 06:30:05,132.919,132.922,132.917,132.92
2025-05-14 06:30:10,132.92,132.922,132.92,132.922
2025-05-14 06:30:15,132.923,132.932,132.922,132.93
2025-05-14 06:30:20,132.93,132.93,132.927,132.928
2025-05-14 06:30:25,132.929,132.929,132.927,132.927
2025-05-14 06:30:30,132.928,132.928,132.928,132.928
2025-05-14 06:30:35,132.928,132.931,132.926,132.929
2025-05-14 06:30:40,132.929,132.938,132.929,132.935
2025-05-14 06:30:45,132.933,132.933,132.927,132.927
2025-05-14 06:30:50,132.927,132.929,132.925,132.925
2025-05-14 06:30:55,132.924,132.926,132.924,132.925
2025-05-14 06:31:00,132.925,132.925,132.92,132.92
2025-05-14 06:31:05,132.918,132.919,132.917,132.919
2025-05-14 06:31:10,132.919,132.919,132.911,132.911
2025-05-14 06:31:15,132.911,132.913,132.907,132.909
2025-05-14 06:31:20,132.909,132.911,132.908,132.911
2025-05-14 06:31:25,132.911,132.916,132.911,132.911
2025-05-14 06:31:30,132.911,132.912,132.909,132.909
2025-05-14 06:31:35,132.907,132.907,132.905,132.907
2025-05-14 06:31:40,132.907,132.915,132.907,132.915
2025-05-14 06:31:45,132.916,132.929,132.916,132.929
2025-05-14 06:31:50,132.933,132.935,132.931,132.934
2025-05-14 06:31:55,132.934,132.934,132.925,132.925
2025-05-14 06:32:00,132.925,132.93,132.921,132.924
2025-05-14 06:32:05,132.924,132.925,132.916,132.917
2025-05-14 06:32:10,132.916,132.918,132.913,132.918
2025-05-14 06:32:15,132.916,132.919,132.914,132.919
2025-05-14 06:32:20,132.919,132.924,132.919,132.924
2025-05-14 06:32:25,132.926,132.929,132.926,132.927
2025-05-14 06:32:30,132.927,132.932,132.924,132.932
2025-05-14 06:32:35,132.932,132.948,132.932,132.946
2025-05-14 06:32:40,132.946,132.946,132.944,132.944
2025-05-14 06:32:45,132.945,132.949,132.945,132.949
2025-05-14 06:32:50,132.947,132.948,132.945,132.948
2025-05-14 06:32:55,132.948,132.951,132.947,132.947
2025-05-14 06:33:00,132.947,132.955,132.94,132.955
2025-05-14 06:33:05,132.955,132.961,132.955,132.961
2025-05-14 06:33:10,132.961,132.965,132.961,132.964
2025-05-14 06:33:15,132.964,132.964,132.957,132.96
2025-05-14 06:33:20,132.96,132.96,132.948,132.948
2025-05-14 06:33:25,132.948,132.957,132.948,132.957
2025-05-14 06:33:30,132.959,132.959,132.948,132.948
2025-05-14 06:33:35,132.948,132.951,132.945,132.951
2025-05-14 06:33:40,132.951,132.952,132.946,132.946
2025-05-14 06:33:45,132.943,132.943,132.941,132.941
2025-05-14 06:33:50,132.933,132.939,132.933,132.938
2025-05-14 06:33:55,132.938,132.939,132.935,132.936
2025-05-14 06:34:00,132.936,132.938,132.935,132.937
2025-05-14 06:34:05,132.937,132.941,132.936,132.941
2025-05-14 06:34:10,132.939,132.942,132.937,132.942
2025-05-14 06:34:15,132.942,132.944,132.941,132.944
2025-05-14 06:34:20,132.944,132.952,132.944,132.952
2025-05-14 06:34:25,132.952,132.954,132.952,132.952
2025-05-14 06:34:30,132.953,132.953,132.947,132.948
2025-05-14 06:34:35,132.948,132.949,132.946,132.946
2025-05-14 06:34:40,132.946,132.958,132.945,132.958
2025-05-14 06:34:45,132.958,132.959,132.955,132.955
2025-05-14 06:34:50,132.957,132.957,132.955,132.957
2025-05-14 06:34:55,132.957,132.967,132.957,132.967
2025-05-14 06:35:00,132.967,132.967,132.964,132.964
2025-05-14 06:35:05,132.964,132.966,132.963,132.966
2025-05-14 06:35:10,132.967,132.969,132.967,132.967
2025-05-14 06:35:15,132.967,132.971,132.967,132.969
2025-05-14 06:35:20,132.971,132.981,132.971,132.981
2025-05-14 06:35:25,132.979,132.98,132.977,132.978
2025-05-14 06:35:30,132.982,132.982,132.98,132.982
2025-05-14 06:35:35,132.981,132.985,132.979,132.979
2025-05-14 06:35:40,132.978,132.981,132.977,132.981
2025-05-14 06:35:45,132.979,132.98,132.977,132.977
2025-05-14 06:35:50,132.976,132.985,132.975,132.984
2025-05-14 06:35:55,132.984,132.985,132.984,132.984
2025-05-14 06:36:00,132.983,132.985,132.983,132.985
2025-05-14 06:36:05,132.99,132.99,132.985,132.985
2025-05-14 06:36:10,132.985,132.991,132.985,132.991
2025-05-14 06:36:15,132.99,132.997,132.99,132.997
2025-05-14 06:36:20,132.995,132.995,132.992,132.992
2025-05-14 06:36:25,132.992,132.992,132.991,132.991
2025-05-14 06:36:30,132.989,132.99,132.989,132.989
2025-05-14 06:36:35,132.989,132.99,132.989,132.99
2025-05-14 06:36:40,132.99,132.99,132.981,132.981
2025-05-14 06:36:45,132.981,132.99,132.978,132.989
2025-05-14 06:36:50,132.988,132.993,132.988,132.991
2025-05-14 06:36:55,132.991,132.991,132.988,132.988
2025-05-14 06:37:00,132.989,132.989,132.986,132.987
2025-05-14 06:37:05,132.987,132.988,132.981,132.981
2025-05-14 06:37:10,132.984,132.985,132.984,132.985
2025-05-14 06:37:15,132.985,132.986,132.982,132.982
2025-05-14 06:37:20,132.985,132.986,132.982,132.984
2025-05-14 06:37:25,132.984,132.988,132.984,132.986
2025-05-14 06:37:30,132.988,132.991,132.988,132.99
2025-05-14 06:37:35,132.99,132.995,132.99,132.994
2025-05-14 06:37:40,132.992,133.003,132.99,133.003
2025-05-14 06:37:45,133.003,133.003,132.999,133.001
2025-05-14 06:37:50,133.002,133.008,133.002,133.002
2025-05-14 06:37:55,133,133.007,133,133.007
2025-05-14 06:38:00,133.006,133.007,133.006,133.007
2025-05-14 06:38:05,133.007,133.009,133.001,133.002
2025-05-14 06:38:10,133,133.007,133,133.007
2025-05-14 06:38:15,133.008,133.009,133.007,133.008
2025-05-14 06:38:20,133.007,133.014,133.005,133.014
2025-05-14 06:38:25,133.014,133.021,133.014,133.019
2025-05-14 06:38:30,133.019,133.019,133.016,133.016
2025-05-14 06:38:35,133.018,133.02,133.015,133.019
2025-05-14 06:38:40,133.016,133.02,133.015,133.02
2025-05-14 06:38:45,133.02,133.022,133.016,133.022
2025-05-14 06:38:50,133.022,133.025,133.022,133.024
2025-05-14 06:38:55,133.024,133.03,133.022,133.027
2025-05-14 06:39:00,133.025,133.028,133.025,133.028
2025-05-14 06:39:05,133.028,133.028,133.022,133.022
2025-05-14 06:39:10,133.022,133.032,133.022,133.032
2025-05-14 06:39:15,133.033,133.034,133.031,133.033
2025-05-14 06:39:20,133.033,133.037,133.028,133.028
2025-05-14 06:39:25,133.028,133.033,133.026,133.026
2025-05-14 06:39:30,133.026,133.029,133.025,133.025
2025-05-14 06:39:35,133.024,133.025,133.022,133.022
2025-05-14 06:39:40,133.021,133.023,133.018,133.018
2025-05-14 06:39:45,133.018,133.021,133.008,133.009
2025-05-14 06:39:50,133.009,133.015,133.008,133.013
2025-05-14 06:39:55,133.015,133.024,133.014,133.024
2025-05-14 06:40:00,133.027,133.031,133.025,133.031
2025-05-14 06:40:05,133.031,133.033,133.031,133.031
2025-05-14 06:40:10,133.031,133.031,133.026,133.03
2025-05-14 06:40:15,133.031,133.036,133.031,133.035
2025-05-14 06:40:20,133.035,133.041,133.035,133.041
2025-05-14 06:40:25,133.041,133.049,133.037,133.049
2025-05-14 06:40:30,133.049,133.063,133.049,133.063
2025-05-14 06:40:35,133.061,133.061,133.054,133.054
2025-05-14 06:40:40,133.053,133.053,133.05,133.052
2025-05-14 06:40:45,133.052,133.057,133.052,133.057
2025-05-14 06:40:50,133.057,133.059,133.055,133.059
2025-05-14 06:40:55,133.057,133.059,133.057,133.057
2025-05-14 06:41:00,133.059,133.06,133.049,133.049
2025-05-14 06:41:05,133.049,133.053,133.049,133.05
2025-05-14 06:41:10,133.049,133.059,133.048,133.059
2025-05-14 06:41:15,133.059,133.059,133.051,133.051
2025-05-14 06:41:20,133.051,133.067,133.051,133.067
2025-05-14 06:41:25,133.07,133.07,133.065,133.065
2025-05-14 06:41:30,133.064,133.072,133.064,133.071
2025-05-14 06:41:35,133.072,133.08,133.071,133.08
2025-05-14 06:41:40,133.08,133.083,133.08,133.083
2025-05-14 06:41:45,133.083,133.091,133.083,133.091
2025-05-14 06:41:50,133.091,133.093,133.089,133.089
2025-05-14 06:41:55,133.088,133.101,133.087,133.101
2025-05-14 06:42:00,133.1,133.103,133.098,133.101
2025-05-14 06:42:05,133.101,133.101,133.097,133.099
2025-05-14 06:42:10,133.101,133.107,133.101,133.107
2025-05-14 06:42:15,133.108,133.11,133.107,133.11
2025-05-14 06:42:20,133.11,133.116,133.11,133.116
2025-05-14 06:42:25,133.115,133.124,133.115,133.123
2025-05-14 06:42:30,133.123,133.124,133.121,133.124
2025-05-14 06:42:35,133.122,133.126,133.119,133.119
2025-05-14 06:42:40,133.118,133.118,133.112,133.113
2025-05-14 06:42:45,133.113,133.118,133.112,133.117
2025-05-14 06:42:50,133.117,133.117,133.114,133.117
2025-05-14 06:42:55,133.119,133.119,133.11,133.11
2025-05-14 06:43:00,133.11,133.111,133.101,133.101
2025-05-14 06:43:05,133.101,133.102,133.095,133.096
2025-05-14 06:43:10,133.096,133.097,133.089,133.089
2025-05-14 06:43:15,133.089,133.089,133.082,133.083
2025-05-14 06:43:20,133.077,133.082,133.072,133.077
2025-05-14 06:43:25,133.078,133.087,133.076,133.087
2025-05-14 06:43:30,133.087,133.089,133.085,133.088
2025-05-14 06:43:35,133.088,133.096,133.087,133.096
2025-05-14 06:43:40,133.096,133.098,133.092,133.092
2025-05-14 06:43:45,133.091,133.101,133.091,133.101
2025-05-14 06:43:50,133.101,133.104,133.101,133.101
2025-05-14 06:43:55,133.101,133.101,133.096,133.099
2025-05-14 06:44:00,133.099,133.1,133.098,133.098
2025-05-14 06:44:05,133.098,133.102,133.097,133.1
2025-05-14 06:44:10,133.1,133.106,133.1,133.102
2025-05-14 06:44:15,133.102,133.102,133.094,133.096
2025-05-14 06:44:20,133.097,133.104,133.097,133.104
2025-05-14 06:44:25,133.103,133.104,133.102,133.102
2025-05-14 06:44:30,133.102,133.104,133.096,133.099
2025-05-14 06:44:35,133.099,133.1,133.094,133.099
2025-05-14 06:44:40,133.096,133.098,133.087,133.087
2025-05-14 06:44:45,133.087,133.091,133.086,133.091
2025-05-14 06:44:50,133.091,133.091,133.09,133.091
2025-05-14 06:44:55,133.091,133.094,133.091,133.094
2025-05-14 06:45:00,133.095,133.102,133.095,133.099
2025-05-14 06:45:05,133.099,133.103,133.099,133.103
2025-05-14 06:45:10,133.103,133.113,133.103,133.11
2025-05-14 06:45:15,133.11,133.115,133.11,133.115
2025-05-14 06:45:20,133.115,133.116,133.115,133.115
2025-05-14 06:45:25,133.115,133.116,133.111,133.114
2025-05-14 06:45:30,133.114,133.116,133.111,133.111
2025-05-14 06:45:35,133.111,133.115,133.111,133.112
2025-05-14 06:45:40,133.112,133.121,133.112,133.12
2025-05-14 06:45:45,133.12,133.12,133.116,133.119
2025-05-14 06:45:50,133.119,133.127,133.116,133.127
2025-05-14 06:45:55,133.127,133.128,133.125,133.126
2025-05-14 06:46:00,133.125,133.129,133.124,133.124
2025-05-14 06:46:05,133.126,133.132,133.126,133.132
2025-05-14 06:46:10,133.132,133.14,133.132,133.139
2025-05-14 06:46:15,133.139,133.139,133.135,133.135
2025-05-14 06:46:20,133.134,133.135,133.132,133.133
2025-05-14 06:46:25,133.133,133.137,133.133,133.136
2025-05-14 06:46:30,133.136,133.136,133.133,133.135
2025-05-14 06:46:35,133.135,133.148,133.133,133.148
2025-05-14 06:46:40,133.146,133.147,133.145,133.145
2025-05-14 06:46:45,133.142,133.143,133.141,133.141
2025-05-14 06:46:50,133.137,133.152,133.137,133.151
2025-05-14 06:46:55,133.151,133.153,133.15,133.151
2025-05-14 06:47:00,133.15,133.157,133.15,133.157
2025-05-14 06:47:05,133.156,133.156,133.153,133.154
2025-05-14 06:47:10,133.154,133.162,133.154,133.162
2025-05-14 06:47:15,133.162,133.169,133.16,133.16
2025-05-14 06:47:20,133.16,133.176,133.16,133.176
2025-05-14 06:47:25,133.181,133.184,133.177,133.184
2025-05-14 06:47:30,133.18,133.185,133.18,133.184
2025-05-14 06:47:35,133.185,133.186,133.182,133.182
2025-05-14 06:47:40,133.182,133.182,133.165,133.172
2025-05-14 06:47:45,133.172,133.173,133.169,133.173
2025-05-14 06:47:50,133.173,133.174,133.167,133.168
2025-05-14 06:47:55,133.17,133.17,133.166,133.166
2025-05-14 06:48:00,133.166,133.167,133.162,133.162
2025-05-14 06:48:05,133.164,133.175,133.164,133.171
2025-05-14 06:48:10,133.169,133.172,133.166,133.172
2025-05-14 06:48:15,133.173,133.173,133.171,133.172
2025-05-14 06:48:20,133.172,133.178,133.172,133.177
2025-05-14 06:48:25,133.178,133.178,133.175,133.178
2025-05-14 06:48:30,133.178,133.179,133.175,133.175
2025-05-14 06:48:35,133.175,133.179,133.175,133.175
2025-05-14 06:48:40,133.175,133.175,133.16,133.16
2025-05-14 06:48:45,133.16,133.16,133.156,133.157
2025-05-14 06:48:50,133.16,133.16,133.158,133.159
2025-05-14 06:48:55,133.16,133.16,133.153,133.154
2025-05-14 06:49:00,133.154,133.154,133.146,133.148
2025-05-14 06:49:05,133.148,133.153,133.147,133.153
2025-05-14 06:49:10,133.153,133.163,133.152,133.162
2025-05-14 06:49:15,133.162,133.164,133.162,133.164
2025-05-14 06:49:20,133.164,133.168,133.163,133.168
2025-05-14 06:49:25,133.165,133.173,133.158,133.173
2025-05-14 06:49:30,133.173,133.173,133.168,133.168
2025-05-14 06:49:35,133.167,133.167,133.157,133.157
2025-05-14 06:49:40,133.157,133.161,133.157,133.161
2025-05-14 06:49:45,133.162,133.162,133.16,133.16
2025-05-14 06:49:50,133.161,133.17,133.161,133.17
2025-05-14 06:49:55,133.17,133.175,133.17,133.174
2025-05-14 06:50:00,133.174,133.175,133.168,133.17
2025-05-14 06:50:05,133.17,133.173,133.169,133.173
2025-05-14 06:50:10,133.173,133.183,133.173,133.183
2025-05-14 06:50:15,133.183,133.187,133.183,133.184
2025-05-14 06:50:20,133.184,133.191,133.184,133.187
2025-05-14 06:50:25,133.183,133.183,133.178,133.179
2025-05-14 06:50:30,133.178,133.182,133.178,133.181
2025-05-14 06:50:35,133.182,133.183,133.181,133.181
2025-05-14 06:50:40,133.181,133.181,133.178,133.178
2025-05-14 06:50:45,133.178,133.178,133.17,133.17
2025-05-14 06:50:50,133.17,133.179,133.17,133.179
2025-05-14 06:50:55,133.181,133.181,133.179,133.181
2025-05-14 06:51:00,133.181,133.181,133.176,133.178
2025-05-14 06:51:05,133.174,133.176,133.16,133.16
2025-05-14 06:51:10,133.161,133.161,133.153,133.153
2025-05-14 06:51:15,133.153,133.166,133.153,133.166
2025-05-14 06:51:20,133.166,133.167,133.161,133.161
2025-05-14 06:51:25,133.16,133.16,133.156,133.156
2025-05-14 06:51:30,133.155,133.159,133.153,133.153
2025-05-14 06:51:35,133.153,133.153,133.147,133.147
2025-05-14 06:51:40,133.147,133.148,133.142,133.142
2025-05-14 06:51:45,133.14,133.141,133.137,133.137
2025-05-14 06:51:50,133.134,133.135,133.133,133.133
2025-05-14 06:51:55,133.133,133.134,133.128,133.128
2025-05-14 06:52:00,133.128,133.133,133.127,133.127
2025-05-14 06:52:05,133.127,133.129,133.121,133.121
2025-05-14 06:52:10,133.114,133.117,133.111,133.117
2025-05-14 06:52:15,133.117,133.122,133.117,133.122
2025-05-14 06:52:20,133.122,133.125,133.122,133.124
2025-05-14 06:52:25,133.124,133.127,133.122,133.127
2025-05-14 06:52:30,133.128,133.132,133.126,133.126
2025-05-14 06:52:35,133.126,133.128,133.124,133.128
2025-05-14 06:52:40,133.128,133.137,133.128,133.137
2025-05-14 06:52:45,133.136,133.143,133.132,133.137
2025-05-14 06:52:50,133.136,133.138,133.135,133.137
2025-05-14 06:52:55,133.137,133.141,133.137,133.141
2025-05-14 06:53:00,133.138,133.142,133.137,133.138
2025-05-14 06:53:05,133.138,133.141,133.137,133.141
2025-05-14 06:53:10,133.14,133.145,133.14,133.145
2025-05-14 06:53:15,133.145,133.147,133.141,133.147
2025-05-14 06:53:20,133.145,133.147,133.139,133.14
2025-05-14 06:53:25,133.14,133.14,133.137,133.138
2025-05-14 06:53:30,133.138,133.14,133.138,133.14
2025-05-14 06:53:35,133.14,133.145,133.123,133.123
2025-05-14 06:53:40,133.125,133.125,133.119,133.123
2025-05-14 06:53:45,133.123,133.138,133.123,133.137
2025-05-14 06:53:50,133.138,133.145,133.138,133.145
2025-05-14 06:53:55,133.144,133.152,133.144,133.152
2025-05-14 06:54:00,133.153,133.153,133.14,133.14
2025-05-14 06:54:05,133.14,133.14,133.129,133.129
2025-05-14 06:54:10,133.13,133.132,133.125,133.13
2025-05-14 06:54:15,133.13,133.131,133.127,133.131
2025-05-14 06:54:20,133.132,133.132,133.128,133.128
2025-05-14 06:54:25,133.128,133.128,133.121,133.121
2025-05-14 06:54:30,133.123,133.125,133.121,133.123
2025-05-14 06:54:35,133.123,133.123,133.12,133.122
2025-05-14 06:54:40,133.121,133.124,133.12,133.124
2025-05-14 06:54:45,133.124,133.128,133.124,133.127
2025-05-14 06:54:50,133.125,133.125,133.123,133.125
2025-05-14 06:54:55,133.123,133.13,133.119,133.128
2025-05-14 06:55:00,133.128,133.128,133.124,133.126
2025-05-14 06:55:05,133.126,133.129,133.126,133.126
2025-05-14 06:55:10,133.126,133.129,133.122,133.129
2025-05-14 06:55:15,133.129,133.129,133.127,133.129
2025-05-14 06:55:20,133.13,133.13,133.125,133.125
2025-05-14 06:55:25,133.125,133.127,133.125,133.127
2025-05-14 06:55:30,133.127,133.132,133.126,133.132
2025-05-14 06:55:35,133.133,133.133,133.13,133.13
2025-05-14 06:55:40,133.131,133.133,133.13,133.131
2025-05-14 06:55:45,133.131,133.136,133.131,133.134
2025-05-14 06:55:50,133.135,133.14,133.132,133.133
2025-05-14 06:55:55,133.131,133.131,133.124,133.124
2025-05-14 06:56:00,133.122,133.125,133.115,133.115
2025-05-14 06:56:05,133.115,133.119,133.115,133.116
2025-05-14 06:56:10,133.111,133.111,133.107,133.108
2025-05-14 06:56:15,133.104,133.105,133.1,133.1
2025-05-14 06:56:20,133.099,133.099,133.086,133.086
2025-05-14 06:56:25,133.086,133.086,133.08,133.081
2025-05-14 06:56:30,133.084,133.084,133.083,133.083
2025-05-14 06:56:35,133.084,133.086,133.083,133.086
2025-05-14 06:56:40,133.085,133.086,133.078,133.085
2025-05-14 06:56:45,133.085,133.09,133.076,133.077
2025-05-14 06:56:50,133.077,133.077,133.072,133.072
2025-05-14 06:56:55,133.072,133.075,133.071,133.071
2025-05-14 06:57:00,133.069,133.069,133.063,133.065
2025-05-14 06:57:05,133.065,133.068,133.064,133.066
2025-05-14 06:57:10,133.066,133.073,133.066,133.068
2025-05-14 06:57:15,133.068,133.068,133.063,133.064
2025-05-14 06:57:20,133.064,133.064,133.054,133.054
2025-05-14 06:57:25,133.054,133.054,133.049,133.049
2025-05-14 06:57:30,133.049,133.053,133.049,133.052
2025-05-14 06:57:35,133.054,133.055,133.048,133.051
2025-05-14 06:57:40,133.051,133.054,133.05,133.05
2025-05-14 06:57:45,133.05,133.052,133.045,133.045
2025-05-14 06:57:50,133.045,133.051,133.044,133.051
2025-05-14 06:57:55,133.055,133.055,133.043,133.043
2025-05-14 06:58:00,133.043,133.044,133.037,133.037
2025-05-14 06:58:05,133.037,133.039,133.032,133.037
2025-05-14 06:58:10,133.037,133.038,133.035,133.038
2025-05-14 06:58:15,133.039,133.042,133.036,133.036
2025-05-14 06:58:20,133.036,133.045,133.036,133.043
2025-05-14 06:58:25,133.043,133.047,133.043,133.047
2025-05-14 06:58:30,133.047,133.047,133.034,133.034
2025-05-14 06:58:35,133.035,133.041,133.035,133.039
2025-05-14 06:58:40,133.04,133.043,133.039,133.04
2025-05-14 06:58:45,133.036,133.036,133.032,133.032
2025-05-14 06:58:50,133.032,133.034,133.03,133.03
2025-05-14 06:58:55,133.03,133.035,133.03,133.035
2025-05-14 06:59:00,133.033,133.035,133.032,133.035
2025-05-14 06:59:05,133.035,133.035,133.017,133.017
2025-05-14 06:59:10,133.017,133.019,133.016,133.018
2025-05-14 06:59:15,133.012,133.014,133.009,133.014
2025-05-14 06:59:20,133.014,133.019,133.013,133.019
2025-05-14 06:59:25,133.019,133.022,133.019,133.022
2025-05-14 06:59:30,133.021,133.022,133.016,133.016
2025-05-14 06:59:35,133.016,133.017,133.012,133.013
2025-05-14 06:59:40,133.021,133.022,133.012,133.013
2025-05-14 06:59:45,133.011,133.015,133.011,133.015
2025-05-14 06:59:50,133.015,133.021,133.015,133.02
2025-05-14 06:59:55,133.03,133.041,133.03,133.04
2025-05-14 07:00:00,133.041,133.041,133.037,133.038
2025-05-14 07:00:05,133.038,133.041,133.038,133.041
2025-05-14 07:00:10,133.041,133.044,133.039,133.039
2025-05-14 07:00:15,133.04,133.04,133.033,133.033
2025-05-14 07:00:20,133.033,133.041,133.033,133.041
2025-05-14 07:00:25,133.039,133.042,133.035,133.042
2025-05-14 07:00:30,133.042,133.042,133.039,133.041
2025-05-14 07:00:35,133.04,133.044,133.04,133.044
2025-05-14 07:00:40,133.044,133.049,133.041,133.049
2025-05-14 07:00:45,133.049,133.06,133.049,133.06
2025-05-14 07:00:50,133.06,133.06,133.054,133.056
2025-05-14 07:00:55,133.056,133.056,133.046,133.048
2025-05-14 07:01:00,133.047,133.06,133.043,133.06
2025-05-14 07:01:05,133.058,133.06,133.057,133.06
2025-05-14 07:01:10,133.06,133.062,133.057,133.062
2025-05-14 07:01:15,133.063,133.067,133.061,133.064
2025-05-14 07:01:20,133.066,133.066,133.055,133.055
2025-05-14 07:01:25,133.055,133.063,133.055,133.062
2025-05-14 07:01:30,133.062,133.066,133.062,133.063
2025-05-14 07:01:35,133.064,133.072,133.064,133.071
2025-05-14 07:01:40,133.07,133.07,133.065,133.065
2025-05-14 07:01:45,133.065,133.067,133.063,133.065
2025-05-14 07:01:50,133.065,133.083,133.065,133.083
2025-05-14 07:01:55,133.083,133.083,133.072,133.072
2025-05-14 07:02:00,133.072,133.074,133.067,133.072
2025-05-14 07:02:05,133.073,133.074,133.069,133.069
2025-05-14 07:02:10,133.069,133.075,133.069,133.071
2025-05-14 07:02:15,133.071,133.071,133.065,133.065
2025-05-14 07:02:20,133.065,133.07,133.065,133.07
2025-05-14 07:02:25,133.072,133.077,133.071,133.077
2025-05-14 07:02:30,133.077,133.083,133.077,133.082
2025-05-14 07:02:35,133.082,133.085,133.071,133.077
2025-05-14 07:02:40,133.071,133.081,133.07,133.081
2025-05-14 07:02:45,133.082,133.083,133.08,133.082
2025-05-14 07:02:50,133.082,133.082,133.078,133.082
2025-05-14 07:02:55,133.082,133.083,133.081,133.081
2025-05-14 07:03:00,133.082,133.086,133.08,133.083
2025-05-14 07:03:05,133.086,133.087,133.083,133.085
2025-05-14 07:03:10,133.085,133.092,133.085,133.086
2025-05-14 07:03:15,133.086,133.088,133.086,133.087
2025-05-14 07:03:20,133.087,133.087,133.081,133.081
2025-05-14 07:03:25,133.082,133.085,133.079,133.083
2025-05-14 07:03:30,133.083,133.089,133.075,133.077
2025-05-14 07:03:35,133.077,133.078,133.076,133.077
2025-05-14 07:03:40,133.077,133.086,133.077,133.084
2025-05-14 07:03:45,133.084,133.087,133.078,133.078
2025-05-14 07:03:50,133.078,133.078,133.071,133.073
2025-05-14 07:03:55,133.073,133.077,133.07,133.077
2025-05-14 07:04:00,133.078,133.08,133.077,133.079
2025-05-14 07:04:05,133.078,133.081,133.074,133.081
2025-05-14 07:04:10,133.081,133.084,133.081,133.082
2025-05-14 07:04:15,133.082,133.087,133.081,133.081
2025-05-14 07:04:20,133.081,133.089,133.081,133.089
2025-05-14 07:04:25,133.09,133.09,133.083,133.088
2025-05-14 07:04:30,133.087,133.087,133.082,133.086
2025-05-14 07:04:35,133.087,133.087,133.077,133.077
2025-05-14 07:04:40,133.079,133.08,133.077,133.077
2025-05-14 07:04:45,133.077,133.086,133.077,133.086
2025-05-14 07:04:50,133.086,133.087,133.085,133.085
2025-05-14 07:04:55,133.085,133.089,133.085,133.087
2025-05-14 07:05:00,133.087,133.087,133.081,133.081
2025-05-14 07:05:05,133.081,133.084,133.081,133.084
2025-05-14 07:05:10,133.088,133.089,133.086,133.089
2025-05-14 07:05:15,133.088,133.089,133.078,133.078
2025-05-14 07:05:20,133.08,133.087,133.08,133.087
2025-05-14 07:05:25,133.087,133.107,133.087,133.107
2025-05-14 07:05:30,133.107,133.107,133.102,133.103
2025-05-14 07:05:35,133.103,133.104,133.101,133.103
2025-05-14 07:05:40,133.102,133.106,133.102,133.104
2025-05-14 07:05:45,133.104,133.104,133.099,133.099
2025-05-14 07:05:50,133.098,133.098,133.093,133.093
2025-05-14 07:05:55,133.092,133.093,133.086,133.086
2025-05-14 07:06:00,133.084,133.092,133.084,133.09
2025-05-14 07:06:05,133.09,133.092,133.089,133.092
2025-05-14 07:06:10,133.093,133.099,133.092,133.097
2025-05-14 07:06:15,133.097,133.097,133.093,133.096
2025-05-14 07:06:20,133.097,133.103,133.097,133.099
2025-05-14 07:06:25,133.101,133.102,133.101,133.102
2025-05-14 07:06:30,133.102,133.106,133.102,133.103
2025-05-14 07:06:35,133.103,133.104,133.093,133.093
2025-05-14 07:06:40,133.093,133.094,133.081,133.081
2025-05-14 07:06:45,133.078,133.087,133.078,133.087
2025-05-14 07:06:50,133.087,133.095,133.087,133.095
2025-05-14 07:06:55,133.095,133.106,133.095,133.106
2025-05-14 07:07:00,133.106,133.109,133.105,133.109
2025-05-14 07:07:05,133.108,133.108,133.104,133.104
2025-05-14 07:07:10,133.105,133.108,133.105,133.106
2025-05-14 07:07:15,133.106,133.108,133.104,133.104
2025-05-14 07:07:20,133.104,133.106,133.103,133.104
2025-05-14 07:07:25,133.104,133.104,133.087,133.087
2025-05-14 07:07:30,133.087,133.088,133.087,133.087
2025-05-14 07:07:35,133.087,133.088,133.084,133.085
2025-05-14 07:07:40,133.085,133.107,133.084,133.107
2025-05-14 07:07:45,133.107,133.113,133.107,133.111
2025-05-14 07:07:50,133.11,133.111,133.109,133.109
2025-05-14 07:07:55,133.109,133.111,133.101,133.101
2025-05-14 07:08:00,133.101,133.104,133.1,133.104
2025-05-14 07:08:05,133.104,133.104,133.099,133.1
2025-05-14 07:08:10,133.101,133.105,133.101,133.105
2025-05-14 07:08:15,133.105,133.106,133.101,133.104
2025-05-14 07:08:20,133.104,133.105,133.101,133.102
2025-05-14 07:08:25,133.102,133.102,133.091,133.091
2025-05-14 07:08:30,133.09,133.094,133.088,133.094
2025-05-14 07:08:35,133.094,133.094,133.09,133.094
2025-05-14 07:08:40,133.094,133.097,133.084,133.084
2025-05-14 07:08:45,133.084,133.091,133.084,133.087
2025-05-14 07:08:50,133.091,133.092,133.087,133.088
2025-05-14 07:08:55,133.088,133.091,133.086,133.086
2025-05-14 07:09:00,133.086,133.097,133.086,133.095
2025-05-14 07:09:05,133.091,133.1,133.091,133.099
2025-05-14 07:09:10,133.1,133.108,133.1,133.106
2025-05-14 07:09:15,133.106,133.106,133.103,133.105
2025-05-14 07:09:20,133.105,133.106,133.104,133.105
2025-05-14 07:09:25,133.104,133.112,133.104,133.112
2025-05-14 07:09:30,133.111,133.113,133.105,133.105
2025-05-14 07:09:35,133.105,133.115,133.105,133.113
2025-05-14 07:09:40,133.113,133.114,133.11,133.11
2025-05-14 07:09:45,133.111,133.113,133.105,133.113
2025-05-14 07:09:50,133.111,133.113,133.11,133.113
2025-05-14 07:09:55,133.113,133.127,133.113,133.127
2025-05-14 07:10:00,133.127,133.127,133.121,133.121
2025-05-14 07:10:05,133.13,133.132,133.124,133.126
2025-05-14 07:10:10,133.125,133.13,133.124,133.127
2025-05-14 07:10:15,133.127,133.127,133.124,133.124
2025-05-14 07:10:20,133.124,133.124,133.117,133.121
2025-05-14 07:10:25,133.122,133.124,133.12,133.124
2025-05-14 07:10:30,133.123,133.125,133.12,133.12
2025-05-14 07:10:35,133.12,133.12,133.112,133.113
2025-05-14 07:10:40,133.112,133.119,133.112,133.119
2025-05-14 07:10:45,133.122,133.122,133.117,133.118
2025-05-14 07:10:50,133.118,133.118,133.111,133.116
2025-05-14 07:10:55,133.116,133.12,133.113,133.114
2025-05-14 07:11:00,133.114,133.12,133.114,133.12
2025-05-14 07:11:05,133.121,133.121,133.117,133.117
2025-05-14 07:11:10,133.119,133.12,133.115,133.115
2025-05-14 07:11:15,133.116,133.122,133.114,133.122
2025-05-14 07:11:20,133.122,133.133,133.122,133.133
2025-05-14 07:11:25,133.133,133.136,133.133,133.134
2025-05-14 07:11:30,133.135,133.141,133.135,133.141
2025-05-14 07:11:35,133.142,133.147,133.142,133.147
2025-05-14 07:11:40,133.152,133.154,133.152,133.152
2025-05-14 07:11:45,133.152,133.161,133.15,133.161
2025-05-14 07:11:50,133.163,133.163,133.153,133.156
2025-05-14 07:11:55,133.156,133.158,133.155,133.155
2025-05-14 07:12:00,133.155,133.164,133.155,133.164
2025-05-14 07:12:05,133.164,133.169,133.162,133.162
2025-05-14 07:12:10,133.165,133.167,133.165,133.167
2025-05-14 07:12:15,133.165,133.167,133.164,133.167
2025-05-14 07:12:20,133.166,133.167,133.163,133.165
2025-05-14 07:12:25,133.165,133.165,133.16,133.16
2025-05-14 07:12:30,133.157,133.161,133.157,133.161
2025-05-14 07:12:35,133.163,133.167,133.163,133.164
2025-05-14 07:12:40,133.166,133.169,133.165,133.169
2025-05-14 07:12:45,133.169,133.171,133.164,133.164
2025-05-14 07:12:50,133.164,133.168,133.162,133.162
2025-05-14 07:12:55,133.163,133.168,133.163,133.168
2025-05-14 07:13:00,133.168,133.17,133.168,133.168
2025-05-14 07:13:05,133.168,133.173,133.168,133.173
2025-05-14 07:13:10,133.172,133.172,133.167,133.169
2025-05-14 07:13:15,133.167,133.173,133.166,133.167
2025-05-14 07:13:20,133.167,133.168,133.162,133.168
2025-05-14 07:13:25,133.168,133.178,133.168,133.178
2025-05-14 07:13:30,133.186,133.194,133.186,133.192
2025-05-14 07:13:35,133.193,133.194,133.191,133.191
2025-05-14 07:13:40,133.195,133.195,133.189,133.189
2025-05-14 07:13:45,133.189,133.189,133.183,133.184
2025-05-14 07:13:50,133.184,133.195,133.184,133.195
2025-05-14 07:13:55,133.196,133.199,133.194,133.198
2025-05-14 07:14:00,133.199,133.199,133.191,133.191
2025-05-14 07:14:05,133.191,133.194,133.186,133.187
2025-05-14 07:14:10,133.187,133.192,133.186,133.189
2025-05-14 07:14:15,133.187,133.187,133.183,133.186
2025-05-14 07:14:20,133.186,133.188,133.182,133.182
2025-05-14 07:14:25,133.182,133.182,133.176,133.176
2025-05-14 07:14:30,133.175,133.181,133.173,133.181
2025-05-14 07:14:35,133.178,133.179,133.166,133.166
2025-05-14 07:14:40,133.166,133.17,133.159,133.159
2025-05-14 07:14:45,133.159,133.159,133.156,133.158
2025-05-14 07:14:50,133.158,133.158,133.151,133.152
2025-05-14 07:14:55,133.151,133.155,133.148,133.151
2025-05-14 07:15:00,133.151,133.152,133.147,133.148
2025-05-14 07:15:05,133.148,133.148,133.144,133.145
2025-05-14 07:15:10,133.145,133.146,133.143,133.144
2025-05-14 07:15:15,133.144,133.146,133.142,133.144
2025-05-14 07:15:20,133.144,133.144,133.138,133.144
2025-05-14 07:15:25,133.144,133.151,133.137,133.137
2025-05-14 07:15:30,133.137,133.139,133.135,133.139
2025-05-14 07:15:35,133.141,133.146,133.141,133.146
2025-05-14 07:15:40,133.146,133.146,133.139,133.139
2025-05-14 07:15:45,133.139,133.143,133.138,133.143
2025-05-14 07:15:50,133.143,133.147,133.143,133.147
2025-05-14 07:15:55,133.147,133.152,133.147,133.152
2025-05-14 07:16:00,133.153,133.156,133.153,133.156
2025-05-14 07:16:05,133.155,133.155,133.135,133.135
2025-05-14 07:16:10,133.133,133.14,133.133,133.14
2025-05-14 07:16:15,133.142,133.147,133.142,133.145
2025-05-14 07:16:20,133.145,133.146,133.142,133.146
2025-05-14 07:16:25,133.145,133.151,133.145,133.146
2025-05-14 07:16:30,133.146,133.146,133.143,133.143
2025-05-14 07:16:35,133.143,133.144,133.135,133.135
2025-05-14 07:16:40,133.139,133.139,133.128,133.128
2025-05-14 07:16:45,133.129,133.129,133.121,133.123
2025-05-14 07:16:50,133.123,133.126,133.12,133.126
2025-05-14 07:16:55,133.127,133.129,133.127,133.128
2025-05-14 07:17:00,133.128,133.135,133.128,133.135
2025-05-14 07:17:05,133.134,133.134,133.127,133.128
2025-05-14 07:17:10,133.128,133.128,133.119,133.119
2025-05-14 07:17:15,133.119,133.119,133.108,133.109
2025-05-14 07:17:20,133.109,133.118,133.109,133.118
2025-05-14 07:17:25,133.118,133.124,133.116,133.124
2025-05-14 07:17:30,133.124,133.129,133.124,133.128
2025-05-14 07:17:35,133.128,133.133,133.128,133.131
2025-05-14 07:17:40,133.131,133.136,133.13,133.13
2025-05-14 07:17:45,133.13,133.133,133.13,133.133
2025-05-14 07:17:50,133.133,133.144,133.131,133.143
2025-05-14 07:17:55,133.142,133.142,133.136,133.139
2025-05-14 07:18:00,133.139,133.142,133.138,133.139
2025-05-14 07:18:05,133.138,133.138,133.133,133.133
2025-05-14 07:18:10,133.133,133.138,133.131,133.138
2025-05-14 07:18:15,133.139,133.147,133.139,133.147
2025-05-14 07:18:20,133.152,133.152,133.147,133.149
2025-05-14 07:18:25,133.149,133.157,133.149,133.157
2025-05-14 07:18:30,133.157,133.162,133.157,133.16
2025-05-14 07:18:35,133.157,133.157,133.152,133.156
2025-05-14 07:18:40,133.157,133.165,133.156,133.165
2025-05-14 07:18:45,133.165,133.169,133.157,133.169
2025-05-14 07:18:50,133.169,133.171,133.169,133.171
2025-05-14 07:18:55,133.169,133.173,133.169,133.17
2025-05-14 07:19:00,133.17,133.178,133.17,133.176
2025-05-14 07:19:05,133.177,133.18,133.177,133.177
2025-05-14 07:19:10,133.177,133.177,133.164,133.165
2025-05-14 07:19:15,133.164,133.164,133.158,133.158
2025-05-14 07:19:20,133.163,133.169,133.163,133.167
2025-05-14 07:19:25,133.165,133.167,133.16,133.16
2025-05-14 07:19:30,133.16,133.162,133.156,133.156
2025-05-14 07:19:35,133.158,133.163,133.157,133.162
2025-05-14 07:19:40,133.164,133.171,133.164,133.171
2025-05-14 07:19:45,133.172,133.172,133.168,133.168
2025-05-14 07:19:50,133.168,133.168,133.166,133.167
2025-05-14 07:19:55,133.167,133.169,133.164,133.165
2025-05-14 07:20:00,133.161,133.163,133.161,133.161
2025-05-14 07:20:05,133.163,133.163,133.16,133.161
2025-05-14 07:20:10,133.161,133.162,133.159,133.159
2025-05-14 07:20:15,133.159,133.164,133.159,133.161
2025-05-14 07:20:20,133.161,133.171,133.161,133.171
2025-05-14 07:20:25,133.171,133.178,133.171,133.177
2025-05-14 07:20:30,133.177,133.177,133.164,133.164
2025-05-14 07:20:35,133.164,133.167,133.164,133.166
2025-05-14 07:20:40,133.166,133.168,133.165,133.166
2025-05-14 07:20:45,133.167,133.169,133.167,133.168
2025-05-14 07:20:50,133.168,133.169,133.163,133.164
2025-05-14 07:20:55,133.164,133.164,133.16,133.162
2025-05-14 07:21:00,133.159,133.159,133.15,133.152
2025-05-14 07:21:05,133.152,133.154,133.152,133.153
2025-05-14 07:21:10,133.153,133.153,133.149,133.149
2025-05-14 07:21:15,133.149,133.15,133.144,133.146
2025-05-14 07:21:20,133.146,133.146,133.138,133.142
2025-05-14 07:21:25,133.141,133.141,133.129,133.129
2025-05-14 07:21:30,133.129,133.135,133.127,133.135
2025-05-14 07:21:35,133.135,133.135,133.123,133.123
2025-05-14 07:21:40,133.123,133.124,133.12,133.124
2025-05-14 07:21:45,133.124,133.124,133.114,133.114
2025-05-14 07:21:50,133.114,133.12,133.113,133.117
2025-05-14 07:21:55,133.117,133.121,133.115,133.121
2025-05-14 07:22:00,133.121,133.123,133.121,133.121
2025-05-14 07:22:05,133.122,133.123,133.12,133.12
2025-05-14 07:22:10,133.12,133.121,133.111,133.112
2025-05-14 07:22:15,133.112,133.112,133.098,133.098
2025-05-14 07:22:20,133.097,133.099,133.097,133.098
2025-05-14 07:22:25,133.098,133.109,133.098,133.108
2025-05-14 07:22:30,133.106,133.107,133.103,133.103
2025-05-14 07:22:35,133.104,133.107,133.102,133.102
2025-05-14 07:22:40,133.101,133.103,133.1,133.103
2025-05-14 07:22:45,133.104,133.105,133.094,133.096
2025-05-14 07:22:50,133.104,133.108,133.104,133.107
2025-05-14 07:22:55,133.107,133.11,133.107,133.108
2025-05-14 07:23:00,133.116,133.122,133.116,133.121
2025-05-14 07:23:05,133.12,133.13,133.119,133.13
2025-05-14 07:23:10,133.132,133.133,133.126,133.126
2025-05-14 07:23:15,133.127,133.127,133.117,133.117
2025-05-14 07:23:20,133.119,133.124,133.119,133.124
2025-05-14 07:23:25,133.124,133.124,133.121,133.123
2025-05-14 07:23:30,133.124,133.125,133.12,133.122
2025-05-14 07:23:35,133.124,133.127,133.124,133.125
2025-05-14 07:23:40,133.126,133.13,133.124,133.127
2025-05-14 07:23:45,133.123,133.123,133.119,133.121
2025-05-14 07:23:50,133.121,133.131,133.121,133.131
2025-05-14 07:23:55,133.131,133.136,133.131,133.133
2025-05-14 07:24:00,133.132,133.137,133.132,133.135
2025-05-14 07:24:05,133.134,133.135,133.132,133.133
2025-05-14 07:24:10,133.133,133.139,133.133,133.139
2025-05-14 07:24:15,133.14,133.14,133.132,133.132
2025-05-14 07:24:20,133.133,133.133,133.126,133.126
2025-05-14 07:24:25,133.126,133.126,133.124,133.125
2025-05-14 07:24:30,133.121,133.125,133.121,133.123
2025-05-14 07:24:35,133.123,133.125,133.121,133.124
2025-05-14 07:24:40,133.124,133.138,133.124,133.137
2025-05-14 07:24:45,133.138,133.139,133.132,133.132
2025-05-14 07:24:50,133.134,133.134,133.132,133.133
2025-05-14 07:24:55,133.137,133.139,133.135,133.137
2025-05-14 07:25:00,133.137,133.14,133.137,133.14
2025-05-14 07:25:05,133.14,133.147,133.137,133.142
2025-05-14 07:25:10,133.147,133.147,133.14,133.141
2025-05-14 07:25:15,133.141,133.141,133.133,133.133
2025-05-14 07:25:20,133.133,133.155,133.133,133.154
2025-05-14 07:25:25,133.154,133.159,133.153,133.155
2025-05-14 07:25:30,133.161,133.163,133.161,133.163
2025-05-14 07:25:35,133.163,133.163,133.154,133.155
2025-05-14 07:25:40,133.155,133.162,133.154,133.162
2025-05-14 07:25:45,133.162,133.164,133.162,133.163
2025-05-14 07:25:50,133.163,133.167,133.162,133.164
2025-05-14 07:25:55,133.164,133.173,133.163,133.171
2025-05-14 07:26:00,133.171,133.171,133.165,133.165
2025-05-14 07:26:05,133.164,133.165,133.162,133.164
2025-05-14 07:26:10,133.17,133.172,133.167,133.167
2025-05-14 07:26:15,133.167,133.172,133.167,133.171
2025-05-14 07:26:20,133.171,133.172,133.165,133.165
2025-05-14 07:26:25,133.164,133.164,133.154,133.154
2025-05-14 07:26:30,133.154,133.154,133.147,133.149
2025-05-14 07:26:35,133.149,133.149,133.142,133.143
2025-05-14 07:26:40,133.143,133.143,133.14,133.142
2025-05-14 07:26:45,133.142,133.143,133.138,133.138
2025-05-14 07:26:50,133.138,133.14,133.137,133.14
2025-05-14 07:26:55,133.14,133.141,133.135,133.135
2025-05-14 07:27:00,133.135,133.137,133.132,133.132
2025-05-14 07:27:05,133.126,133.13,133.124,133.124
2025-05-14 07:27:10,133.124,133.133,133.123,133.131
2025-05-14 07:27:15,133.131,133.132,133.127,133.128
2025-05-14 07:35:45,133.083,133.083,133.081,133.081
2025-05-14 07:35:50,133.081,133.081,133.077,133.079
2025-05-14 07:35:55,133.077,133.085,133.077,133.083
2025-05-14 07:36:00,133.084,133.086,133.082,133.082
2025-05-14 07:36:05,133.082,133.082,133.077,133.077
2025-05-14 07:36:10,133.077,133.077,133.072,133.077
2025-05-14 07:36:15,133.077,133.077,133.073,133.077
2025-05-14 07:36:20,133.075,133.08,133.075,133.077
2025-05-14 07:36:25,133.077,133.077,133.071,133.071
2025-05-14 07:36:30,133.071,133.074,133.068,133.074
2025-05-14 07:36:35,133.074,133.074,133.067,133.067
2025-05-14 07:36:40,133.068,133.074,133.068,133.072
2025-05-14 07:36:45,133.072,133.073,133.072,133.072
2025-05-14 07:36:50,133.072,133.08,133.072,133.08
2025-05-14 07:36:55,133.079,133.084,133.079,133.081
2025-05-14 07:37:00,133.081,133.084,133.081,133.083
2025-05-14 07:37:05,133.083,133.083,133.079,133.082
2025-05-14 07:37:10,133.082,133.083,133.081,133.081
2025-05-14 07:37:15,133.076,133.076,133.071,133.072
2025-05-14 07:37:20,133.073,133.073,133.07,133.07
2025-05-14 07:37:25,133.068,133.068,133.064,133.064
2025-05-14 07:37:30,133.064,133.064,133.054,133.054
2025-05-14 07:37:35,133.054,133.056,133.052,133.056
2025-05-14 07:37:40,133.052,133.052,133.049,133.049
2025-05-14 07:37:45,133.049,133.049,133.046,133.046
2025-05-14 07:37:50,133.046,133.047,133.046,133.047
2025-05-14 07:37:55,133.047,133.059,133.047,133.059
2025-05-14 07:38:00,133.061,133.071,133.061,133.071
2025-05-14 07:38:05,133.071,133.074,133.066,133.068
2025-05-14 07:38:10,133.068,133.072,133.064,133.064
2025-05-14 07:38:15,133.064,133.067,133.064,133.066
2025-05-14 07:38:20,133.066,133.066,133.064,133.065
2025-05-14 07:38:25,133.065,133.07,133.065,133.067
2025-05-14 07:38:30,133.067,133.07,133.067,133.07
2025-05-14 07:38:35,133.07,133.072,133.068,133.072
2025-05-14 07:38:40,133.076,133.076,133.075,133.076
2025-05-14 07:38:45,133.076,133.077,133.069,133.069
2025-05-14 07:38:50,133.069,133.071,133.066,133.067
2025-05-14 07:38:55,133.068,133.069,133.066,133.066
2025-05-14 07:39:00,133.066,133.067,133.065,133.067
2025-05-14 07:39:05,133.067,133.067,133.062,133.062
2025-05-14 07:39:10,133.062,133.065,133.06,133.061
2025-05-14 07:39:15,133.06,133.066,133.054,133.066
2025-05-14 07:39:20,133.067,133.071,133.065,133.067
2025-05-14 07:39:25,133.078,133.078,133.074,133.074
2025-05-14 07:39:30,133.074,133.074,133.059,133.059
2025-05-14 07:39:35,133.058,133.066,133.058,133.066
2025-05-14 07:39:40,133.064,133.069,133.064,133.065
2025-05-14 07:39:45,133.065,133.065,133.063,133.063
2025-05-14 07:39:50,133.063,133.065,133.063,133.064
2025-05-14 07:39:55,133.064,133.066,133.059,133.06
2025-05-14 07:40:00,133.062,133.063,133.056,133.056
2025-05-14 07:40:05,133.056,133.063,133.056,133.063
2025-05-14 07:40:10,133.063,133.068,133.063,133.068
2025-05-14 07:40:15,133.068,133.079,133.068,133.079
2025-05-14 07:40:20,133.081,133.083,133.076,133.077
2025-05-14 07:40:25,133.077,133.081,133.075,133.079
2025-05-14 07:40:30,133.079,133.08,133.075,133.077
2025-05-14 07:40:35,133.077,133.081,133.077,133.077
2025-05-14 07:40:40,133.078,133.078,133.074,133.077
2025-05-14 07:40:45,133.077,133.078,133.075,133.077
2025-05-14 07:40:50,133.078,133.078,133.072,133.073
2025-05-14 07:40:55,133.073,133.074,133.064,133.065
2025-05-14 07:41:00,133.066,133.068,133.065,133.067
2025-05-14 07:41:05,133.067,133.068,133.062,133.062
2025-05-14 07:41:10,133.063,133.063,133.058,133.061
2025-05-14 07:41:15,133.061,133.062,133.054,133.054
2025-05-14 07:41:20,133.052,133.055,133.051,133.054
2025-05-14 07:41:25,133.054,133.062,133.054,133.062
2025-05-14 07:41:30,133.062,133.07,133.062,133.07
2025-05-14 07:41:35,133.07,133.072,133.068,133.071
2025-05-14 07:41:40,133.073,133.076,133.073,133.075
2025-05-14 07:41:45,133.074,133.078,133.073,133.078
2025-05-14 07:41:50,133.078,133.085,133.077,133.085
2025-05-14 07:41:55,133.085,133.087,133.084,133.084
2025-05-14 07:42:00,133.083,133.083,133.078,133.081
2025-05-14 07:42:05,133.083,133.084,133.082,133.083
2025-05-14 07:42:10,133.093,133.093,133.093,133.093
2025-05-14 07:42:15,133.093,133.094,133.088,133.094
2025-05-14 07:42:20,133.097,133.103,133.097,133.103
2025-05-14 07:42:25,133.105,133.108,133.105,133.106
2025-05-14 07:42:30,133.112,133.121,133.112,133.112
2025-05-14 07:42:35,133.112,133.113,133.11,133.113
2025-05-14 07:42:40,133.112,133.114,133.109,133.109
2025-05-14 07:42:45,133.106,133.108,133.105,133.106
2025-05-14 07:42:50,133.106,133.109,133.098,133.098
2025-05-14 07:42:55,133.098,133.1,133.097,133.1
2025-05-14 07:43:00,133.098,133.102,133.098,133.1
2025-05-14 07:43:05,133.098,133.1,133.097,133.099
2025-05-14 07:43:10,133.098,133.102,133.098,133.102
2025-05-14 07:43:15,133.102,133.102,133.1,133.1
2025-05-14 07:43:20,133.1,133.106,133.1,133.106
2025-05-14 07:43:25,133.108,133.115,133.108,133.114
2025-05-14 07:43:30,133.114,133.12,133.114,133.114
2025-05-14 07:43:35,133.114,133.114,133.111,133.113
2025-05-14 07:43:40,133.115,133.118,133.113,133.118
2025-05-14 07:43:45,133.125,133.125,133.111,133.114
2025-05-14 07:43:50,133.115,133.117,133.115,133.117
2025-05-14 07:43:55,133.117,133.117,133.113,133.113
2025-05-14 07:44:00,133.113,133.113,133.107,133.107
2025-05-14 07:44:05,133.107,133.112,133.107,133.112
2025-05-14 07:44:10,133.112,133.113,133.109,133.112
2025-05-14 07:44:15,133.112,133.115,133.111,133.114
2025-05-14 07:44:20,133.116,133.123,133.116,133.122
2025-05-14 07:44:25,133.121,133.133,133.121,133.133
2025-05-14 07:44:30,133.132,133.135,133.13,133.13
2025-05-14 07:44:35,133.13,133.133,133.129,133.132
2025-05-14 07:44:40,133.132,133.134,133.122,133.122
2025-05-14 07:44:45,133.124,133.124,133.116,133.116
2025-05-14 07:44:50,133.116,133.121,133.116,133.117
2025-05-14 07:44:55,133.117,133.122,133.116,133.119
2025-05-14 07:45:00,133.119,133.119,133.113,133.113
2025-05-14 07:45:05,133.115,133.117,133.115,133.117
2025-05-14 07:45:10,133.117,133.117,133.111,133.113
2025-05-14 07:45:15,133.113,133.117,133.113,133.117
2025-05-14 07:45:20,133.117,133.117,133.106,133.106
2025-05-14 07:45:25,133.103,133.108,133.102,133.108
2025-05-14 07:45:30,133.109,133.109,133.103,133.103
2025-05-14 07:45:35,133.103,133.103,133.097,133.097
2025-05-14 07:45:40,133.102,133.106,133.099,133.105
2025-05-14 07:45:45,133.107,133.107,133.103,133.103
2025-05-14 07:45:50,133.102,133.105,133.099,133.099
2025-05-14 07:45:55,133.099,133.099,133.091,133.093
2025-05-14 07:46:00,133.092,133.093,133.089,133.092
2025-05-14 07:46:05,133.092,133.094,133.091,133.092
2025-05-14 07:46:10,133.092,133.093,133.09,133.09
2025-05-14 07:46:15,133.091,133.102,133.091,133.101
2025-05-14 07:46:20,133.098,133.107,133.098,133.107
2025-05-14 07:46:25,133.107,133.112,133.106,133.106
2025-05-14 07:46:30,133.104,133.107,133.104,133.105
2025-05-14 07:46:35,133.104,133.104,133.093,133.093
2025-05-14 07:46:40,133.093,133.095,133.093,133.094
2025-05-14 07:46:45,133.104,133.11,133.104,133.107
2025-05-14 07:46:50,133.108,133.11,133.101,133.101
2025-05-14 07:46:55,133.101,133.101,133.098,133.101
2025-05-14 07:47:00,133.101,133.108,133.1,133.108
2025-05-14 07:47:05,133.109,133.111,133.108,133.11
2025-05-14 07:47:10,133.109,133.114,133.108,133.114
2025-05-14 07:47:15,133.116,133.122,133.115,133.119
2025-05-14 07:47:20,133.119,133.122,133.119,133.121
2025-05-14 07:47:25,133.123,133.128,133.123,133.125
2025-05-14 07:47:30,133.125,133.125,133.122,133.123
2025-05-14 07:47:35,133.124,133.124,133.113,133.12
2025-05-14 07:47:40,133.12,133.128,133.117,133.128
2025-05-14 07:47:45,133.127,133.134,133.124,133.134
2025-05-14 07:47:50,133.134,133.134,133.128,133.13
2025-05-14 07:47:55,133.13,133.133,133.123,133.133
2025-05-14 07:48:00,133.133,133.134,133.128,133.128
2025-05-14 07:48:05,133.129,133.131,133.129,133.13
2025-05-14 07:48:10,133.13,133.133,133.13,133.131
2025-05-14 07:48:15,133.133,133.135,133.133,133.134
2025-05-14 07:48:20,133.134,133.137,133.133,133.137
2025-05-14 07:48:25,133.137,133.139,133.132,133.132
2025-05-14 07:48:30,133.132,133.132,133.128,133.128
2025-05-14 07:48:35,133.129,133.132,133.129,133.131
2025-05-14 07:48:40,133.131,133.131,133.127,133.127
2025-05-14 07:48:45,133.127,133.127,133.123,133.125
2025-05-14 07:48:50,133.124,133.128,133.122,133.128
2025-05-14 07:48:55,133.128,133.132,133.128,133.132
2025-05-14 07:49:00,133.132,133.134,133.132,133.134
2025-05-14 07:49:05,133.134,133.137,133.133,133.135
2025-05-14 07:49:10,133.129,133.129,133.122,133.129
2025-05-14 07:49:15,133.129,133.129,133.119,133.12
2025-05-14 07:49:20,133.12,133.127,133.12,133.127
2025-05-14 07:49:25,133.127,133.133,133.125,133.133
2025-05-14 07:49:30,133.135,133.145,133.135,133.145
2025-05-14 07:49:35,133.143,133.143,133.136,133.136
2025-05-14 07:49:40,133.136,133.14,133.132,133.138
2025-05-14 07:49:45,133.138,133.138,133.133,133.133
2025-05-14 07:49:50,133.132,133.147,133.132,133.147
2025-05-14 07:49:55,133.149,133.15,133.133,133.133
2025-05-14 07:50:00,133.133,133.135,133.131,133.135
2025-05-14 07:50:05,133.135,133.137,133.135,133.137
2025-05-14 07:50:10,133.138,133.142,133.135,133.142
2025-05-14 07:50:15,133.142,133.144,133.142,133.144
2025-05-14 07:50:20,133.144,133.144,133.137,133.137
2025-05-14 07:50:25,133.137,133.137,133.132,133.134
2025-05-14 07:50:30,133.134,133.134,133.129,133.131
2025-05-14 07:50:35,133.131,133.132,133.128,133.132
2025-05-14 07:50:40,133.132,133.133,133.131,133.131
2025-05-14 07:50:45,133.131,133.134,133.129,133.129
2025-05-14 07:50:50,133.126,133.131,133.126,133.131
2025-05-14 07:50:55,133.13,133.131,133.129,133.131
2025-05-14 07:51:00,133.131,133.132,133.128,133.128
2025-05-14 07:51:05,133.128,133.137,133.128,133.135
2025-05-14 07:51:10,133.135,133.135,133.126,133.13
2025-05-14 07:51:15,133.131,133.133,133.131,133.133
2025-05-14 07:51:20,133.133,133.133,133.128,133.128
2025-05-14 07:51:25,133.128,133.128,133.122,133.122
2025-05-14 07:51:30,133.12,133.124,133.119,133.123
2025-05-14 07:51:35,133.121,133.121,133.11,133.113
2025-05-14 07:51:40,133.111,133.111,133.101,133.101
2025-05-14 07:51:45,133.101,133.11,133.101,133.109
2025-05-14 07:51:50,133.108,133.108,133.104,133.107
2025-05-14 07:51:55,133.108,133.113,133.108,133.113
2025-05-14 07:52:00,133.107,133.107,133.106,133.107
2025-05-14 07:52:05,133.106,133.113,133.106,133.11
2025-05-14 07:52:10,133.112,133.112,133.109,133.11
2025-05-14 07:52:15,133.113,133.115,133.111,133.113
2025-05-14 07:52:20,133.113,133.116,133.113,133.116
2025-05-14 07:52:25,133.117,133.121,133.116,133.12
2025-05-14 07:52:30,133.117,133.12,133.115,133.12
2025-05-14 07:52:35,133.118,133.118,133.108,133.108
2025-05-14 07:52:40,133.104,133.105,133.097,133.101
2025-05-14 07:52:45,133.101,133.101,133.094,133.099
2025-05-14 07:52:50,133.1,133.106,133.1,133.106
2025-05-14 07:52:55,133.107,133.114,133.107,133.114
2025-05-14 07:53:00,133.114,133.12,133.114,133.118
2025-05-14 07:53:05,133.118,133.123,133.118,133.123
2025-05-14 07:53:10,133.123,133.123,133.111,133.111
2025-05-14 07:53:15,133.11,133.112,133.11,133.111
2025-05-14 07:53:20,133.113,133.113,133.106,133.106
2025-05-14 07:53:25,133.1,133.1,133.096,133.096
2025-05-14 07:53:30,133.096,133.099,133.096,133.099
2025-05-14 07:53:35,133.101,133.109,133.101,133.107
2025-05-14 07:53:40,133.108,133.108,133.102,133.102
2025-05-14 07:53:45,133.104,133.108,133.1,133.106
2025-05-14 07:53:50,133.106,133.107,133.098,133.105
2025-05-14 07:53:55,133.105,133.109,133.103,133.109
2025-05-14 07:54:00,133.109,133.112,133.108,133.108
2025-05-14 07:54:05,133.108,133.108,133.104,133.104
2025-05-14 07:54:10,133.104,133.104,133.093,133.095
2025-05-14 07:54:15,133.098,133.099,133.096,133.098
2025-05-14 07:54:20,133.098,133.099,133.088,133.088
2025-05-14 07:54:25,133.089,133.091,133.083,133.084
2025-05-14 07:54:30,133.084,133.085,133.081,133.082
2025-05-14 07:54:35,133.081,133.081,133.066,133.066
2025-05-14 07:54:40,133.073,133.074,133.072,133.072
2025-05-14 07:54:45,133.069,133.08,133.069,133.08
2025-05-14 07:54:50,133.08,133.08,133.073,133.073
2025-05-14 07:54:55,133.071,133.073,133.071,133.071
2025-05-14 07:55:00,133.071,133.074,133.07,133.07
2025-05-14 07:55:05,133.068,133.075,133.068,133.072
2025-05-14 07:55:10,133.072,133.073,133.071,133.072
2025-05-14 07:55:15,133.071,133.077,133.07,133.077
2025-05-14 07:55:20,133.08,133.08,133.071,133.073
2025-05-14 07:55:25,133.073,133.083,133.073,133.083
2025-05-14 07:55:30,133.083,133.091,133.083,133.085
2025-05-14 07:55:35,133.085,133.085,133.081,133.081
2025-05-14 07:55:40,133.082,133.085,133.082,133.084
2025-05-14 07:55:45,133.084,133.092,133.084,133.092
2025-05-14 07:55:50,133.092,133.105,133.092,133.104
2025-05-14 07:55:55,133.105,133.107,133.104,133.105
2025-05-14 07:56:00,133.106,133.107,133.103,133.103
2025-05-14 07:56:05,133.103,133.106,133.1,133.1
2025-05-14 07:56:10,133.1,133.102,133.1,133.101
2025-05-14 07:56:15,133.101,133.101,133.097,133.1
2025-05-14 07:56:20,133.101,133.113,133.101,133.11
2025-05-14 07:56:25,133.11,133.114,133.109,133.114
2025-05-14 07:56:30,133.114,133.114,133.111,133.111
2025-05-14 07:56:35,133.111,133.122,133.111,133.122
2025-05-14 07:56:40,133.122,133.132,133.12,133.131
2025-05-14 07:56:45,133.131,133.14,133.131,133.14
2025-05-14 07:56:50,133.14,133.14,133.132,133.132
2025-05-14 07:56:55,133.13,133.137,133.13,133.132
2025-05-14 07:57:00,133.132,133.135,133.132,133.135
2025-05-14 07:57:05,133.135,133.14,133.133,133.133
2025-05-14 07:57:10,133.133,133.133,133.128,133.128
2025-05-14 07:57:15,133.127,133.128,133.122,133.122
2025-05-14 07:57:20,133.123,133.123,133.117,133.118
2025-05-14 07:57:25,133.118,133.121,133.118,133.121
2025-05-14 07:57:30,133.121,133.124,133.121,133.121
2025-05-14 07:57:35,133.121,133.121,133.119,133.121
2025-05-14 07:57:40,133.121,133.123,133.118,133.119
2025-05-14 07:57:45,133.12,133.126,133.118,133.124
2025-05-14 07:57:50,133.126,133.127,133.121,133.121
2025-05-14 07:57:55,133.121,133.135,133.121,133.135
2025-05-14 07:58:00,133.136,133.137,133.134,133.136
2025-05-14 07:58:05,133.136,133.141,133.136,133.138
2025-05-14 07:58:10,133.138,133.142,133.137,133.14
2025-05-14 07:58:15,133.14,133.14,133.131,133.131
2025-05-14 07:58:20,133.131,133.137,133.13,133.137
2025-05-14 07:58:25,133.137,133.141,133.135,133.14
2025-05-14 07:58:30,133.14,133.154,133.139,133.152
2025-05-14 07:58:35,133.152,133.155,133.151,133.152
2025-05-14 07:58:40,133.152,133.155,133.151,133.155
2025-05-14 07:58:45,133.154,133.156,133.152,133.156
2025-05-14 07:58:50,133.157,133.158,133.151,133.151
2025-05-14 07:58:55,133.151,133.151,133.148,133.15
2025-05-14 07:59:00,133.151,133.152,133.148,133.152
2025-05-14 07:59:05,133.152,133.154,133.148,133.154
2025-05-14 07:59:10,133.154,133.155,133.139,133.14
2025-05-14 07:59:15,133.14,133.142,133.14,133.141
2025-05-14 07:59:20,133.141,133.143,133.139,133.143
2025-05-14 07:59:25,133.143,133.15,133.14,133.15
2025-05-14 07:59:30,133.148,133.155,133.148,133.149
2025-05-14 07:59:35,133.149,133.152,133.145,133.145
2025-05-14 07:59:40,133.145,133.151,133.145,133.151
2025-05-14 07:59:45,133.151,133.153,133.15,133.15
2025-05-14 07:59:50,133.151,133.152,133.143,133.152
2025-05-14 07:59:55,133.152,133.156,133.149,133.152
2025-05-14 08:00:00,133.15,133.15,133.145,133.146
2025-05-14 08:00:05,133.147,133.155,133.147,133.152
2025-05-14 08:00:10,133.152,133.152,133.147,133.147
2025-05-14 08:00:15,133.147,133.147,133.143,133.143
2025-05-14 08:00:20,133.144,133.148,133.144,133.148
2025-05-14 08:00:25,133.148,133.148,133.145,133.148
2025-05-14 08:00:30,133.147,133.149,133.146,133.146
2025-05-14 08:00:35,133.146,133.154,133.146,133.154
2025-05-14 08:00:40,133.154,133.154,133.147,133.15
2025-05-14 08:00:45,133.147,133.148,133.146,133.147
2025-05-14 08:00:50,133.146,133.146,133.138,133.138
2025-05-14 08:00:55,133.138,133.144,133.134,133.139
2025-05-14 08:01:00,133.143,133.153,133.143,133.153
2025-05-14 08:01:05,133.153,133.153,133.147,133.148
2025-05-14 08:01:10,133.148,133.152,133.148,133.152
2025-05-14 08:01:15,133.152,133.155,133.152,133.155
2025-05-14 08:01:20,133.155,133.167,133.155,133.167
2025-05-14 08:01:25,133.167,133.167,133.163,133.163
2025-05-14 08:01:30,133.163,133.164,133.159,133.16
2025-05-14 08:01:35,133.159,133.159,133.154,133.154
2025-05-14 08:01:40,133.15,133.162,133.15,133.162
2025-05-14 08:01:45,133.162,133.162,133.155,133.155
2025-05-14 08:01:50,133.156,133.156,133.149,133.149
2025-05-14 08:01:55,133.149,133.157,133.149,133.151
2025-05-14 08:02:00,133.151,133.157,133.151,133.157
2025-05-14 08:02:05,133.157,133.166,133.157,133.166
2025-05-14 08:02:10,133.166,133.166,133.162,133.166
2025-05-14 08:02:15,133.166,133.172,133.158,133.158
2025-05-14 08:02:20,133.158,133.16,133.154,133.157
2025-05-14 08:02:25,133.157,133.16,133.157,133.16
2025-05-14 08:02:30,133.16,133.164,133.16,133.163
2025-05-14 08:02:35,133.163,133.174,133.163,133.174
2025-05-14 08:02:40,133.174,133.176,133.17,133.17
2025-05-14 08:02:45,133.17,133.171,133.165,133.165
2025-05-14 08:02:50,133.165,133.167,133.163,133.165
2025-05-14 08:02:55,133.165,133.169,133.164,133.169
2025-05-14 08:03:00,133.169,133.169,133.166,133.166
2025-05-14 08:03:05,133.166,133.167,133.15,133.15
2025-05-14 08:03:10,133.15,133.153,133.15,133.151
2025-05-14 08:03:15,133.151,133.151,133.15,133.151
2025-05-14 08:03:20,133.151,133.155,133.151,133.151
2025-05-14 08:03:25,133.152,133.152,133.15,133.152
2025-05-14 08:03:30,133.152,133.16,133.152,133.158
2025-05-14 08:03:35,133.158,133.165,133.157,133.165
2025-05-14 08:03:40,133.165,133.171,133.161,133.171
2025-05-14 08:03:45,133.174,133.182,133.174,133.18
2025-05-14 08:03:50,133.18,133.18,133.178,133.178
2025-05-14 08:03:55,133.178,133.181,133.176,133.177
2025-05-14 08:04:00,133.175,133.178,133.171,133.178
2025-05-14 08:04:05,133.178,133.18,133.176,133.176
2025-05-14 08:04:10,133.176,133.183,133.176,133.182
2025-05-14 08:04:15,133.182,133.184,133.181,133.183
2025-05-14 08:04:20,133.186,133.19,133.184,133.184
2025-05-14 08:04:25,133.186,133.187,133.184,133.187
2025-05-14 08:04:30,133.187,133.196,133.187,133.196
2025-05-14 08:04:35,133.198,133.201,133.197,133.201
2025-05-14 08:04:40,133.202,133.203,133.201,133.203
2025-05-14 08:04:45,133.205,133.225,133.205,133.223
2025-05-14 08:04:50,133.223,133.223,133.216,133.216
2025-05-14 08:04:55,133.216,133.219,133.216,133.218
2025-05-14 08:05:00,133.218,133.218,133.21,133.21
2025-05-14 08:05:05,133.211,133.221,133.211,133.221
2025-05-14 08:05:10,133.22,133.22,133.217,133.217
2025-05-14 08:05:15,133.217,133.218,133.217,133.217
2025-05-14 08:05:20,133.217,133.218,133.203,133.206
2025-05-14 08:05:25,133.204,133.204,133.198,133.2
2025-05-14 08:05:30,133.199,133.199,133.192,133.192
2025-05-14 08:05:35,133.191,133.192,133.19,133.19
2025-05-14 08:05:40,133.19,133.191,133.184,133.184
2025-05-14 08:05:45,133.184,133.19,133.182,133.19
2025-05-14 08:05:50,133.19,133.19,133.185,133.185
2025-05-14 08:05:55,133.185,133.187,133.183,133.185
2025-05-14 08:06:00,133.185,133.19,133.185,133.188
2025-05-14 08:06:05,133.196,133.196,133.186,133.186
2025-05-14 08:06:10,133.185,133.19,133.185,133.188
2025-05-14 08:06:15,133.188,133.188,133.183,133.187
2025-05-14 08:06:20,133.187,133.19,133.186,133.186
2025-05-14 08:06:25,133.183,133.184,133.183,133.184
2025-05-14 08:06:30,133.184,133.191,133.183,133.191
2025-05-14 08:06:35,133.189,133.198,133.189,133.198
2025-05-14 08:06:40,133.198,133.201,133.197,133.2
2025-05-14 08:06:45,133.199,133.199,133.195,133.195
2025-05-14 08:06:50,133.195,133.195,133.187,133.19
2025-05-14 08:06:55,133.191,133.191,133.179,133.179
2025-05-14 08:07:00,133.179,133.181,133.176,133.179
2025-05-14 08:07:05,133.179,133.184,133.176,133.184
2025-05-14 08:07:10,133.184,133.195,133.183,133.195
2025-05-14 08:07:15,133.195,133.196,133.193,133.193
2025-05-14 08:07:20,133.193,133.198,133.191,133.191
2025-05-14 08:07:25,133.191,133.191,133.181,133.189
2025-05-14 08:07:30,133.189,133.189,133.18,133.18
2025-05-14 08:07:35,133.18,133.194,133.18,133.194
2025-05-14 08:07:40,133.194,133.195,133.191,133.194
2025-05-14 08:07:45,133.194,133.194,133.187,133.187
2025-05-14 08:07:50,133.188,133.189,133.185,133.185
2025-05-14 08:07:55,133.185,133.19,133.185,133.19
2025-05-14 08:08:00,133.19,133.19,133.188,133.188
2025-05-14 08:08:05,133.19,133.19,133.189,133.189
2025-05-14 08:08:10,133.19,133.19,133.188,133.19
2025-05-14 08:08:15,133.19,133.195,133.19,133.193
2025-05-14 08:08:20,133.193,133.194,133.187,133.19
2025-05-14 08:08:25,133.19,133.192,133.185,133.185
2025-05-14 08:08:30,133.188,133.197,133.188,133.196
2025-05-14 08:08:35,133.196,133.202,133.196,133.202
2025-05-14 08:08:40,133.202,133.207,133.199,133.207
2025-05-14 08:08:45,133.207,133.21,133.206,133.21
2025-05-14 08:08:50,133.21,133.215,133.208,133.209
2025-05-14 08:08:55,133.209,133.214,133.206,133.208
2025-05-14 08:09:00,133.208,133.214,133.207,133.214
2025-05-14 08:09:05,133.214,133.214,133.207,133.214
2025-05-14 08:09:10,133.212,133.212,133.205,133.209
2025-05-14 08:09:15,133.209,133.213,133.206,133.213
2025-05-14 08:09:20,133.213,133.214,133.209,133.214
2025-05-14 08:09:25,133.214,133.215,133.213,133.215
2025-05-14 08:09:30,133.215,133.217,133.212,133.217
2025-05-14 08:09:35,133.216,133.217,133.214,133.214
2025-05-14 08:09:40,133.212,133.214,133.208,133.208
2025-05-14 08:09:45,133.208,133.21,133.205,133.205
2025-05-14 08:09:50,133.206,133.212,133.206,133.21
2025-05-14 08:09:55,133.207,133.21,133.207,133.208
2025-05-14 08:10:00,133.207,133.209,133.204,133.204
2025-05-14 08:10:05,133.202,133.208,133.202,133.208
2025-05-14 08:10:10,133.207,133.207,133.202,133.206
2025-05-14 08:10:15,133.205,133.21,133.205,133.207
2025-05-14 08:10:20,133.208,133.208,133.204,133.204
2025-05-14 08:10:25,133.207,133.214,133.206,133.211
2025-05-14 08:10:30,133.211,133.211,133.206,133.21
2025-05-14 08:10:35,133.21,133.21,133.198,133.199
2025-05-14 08:10:40,133.199,133.199,133.197,133.199
2025-05-14 08:10:45,133.199,133.199,133.191,133.191
2025-05-14 08:10:50,133.191,133.198,133.19,133.197
2025-05-14 08:10:55,133.197,133.197,133.194,133.197
2025-05-14 08:11:00,133.197,133.202,133.197,133.202
2025-05-14 08:11:05,133.203,133.203,133.201,133.202
2025-05-14 08:11:10,133.202,133.203,133.2,133.2
2025-05-14 08:11:15,133.204,133.217,133.203,133.213
2025-05-14 08:11:20,133.215,133.217,133.213,133.217
2025-05-14 08:11:25,133.217,133.221,133.217,133.217
2025-05-14 08:11:30,133.217,133.225,133.217,133.219
2025-05-14 08:11:35,133.219,133.225,133.219,133.225
2025-05-14 08:11:40,133.227,133.227,133.222,133.222
2025-05-14 08:11:45,133.222,133.226,133.222,133.222
2025-05-14 08:11:50,133.222,133.224,133.219,133.224
2025-05-14 08:11:55,133.224,133.224,133.219,133.219
2025-05-14 08:12:00,133.219,133.22,133.215,133.215
2025-05-14 08:12:05,133.215,133.221,133.215,133.22
2025-05-14 08:12:10,133.22,133.221,133.218,133.218
2025-05-14 08:12:15,133.218,133.218,133.212,133.214
2025-05-14 08:12:20,133.214,133.214,133.203,133.203
2025-05-14 08:12:25,133.203,133.206,133.2,133.2
2025-05-14 08:12:30,133.2,133.2,133.197,133.199
2025-05-14 08:12:35,133.199,133.208,133.199,133.208
2025-05-14 08:12:40,133.211,133.233,133.211,133.233
2025-05-14 08:12:45,133.233,133.233,133.228,133.228
2025-05-14 08:12:50,133.228,133.23,133.227,133.227
2025-05-14 08:12:55,133.227,133.232,133.227,133.23
2025-05-14 08:13:00,133.23,133.234,133.23,133.23
2025-05-14 08:13:05,133.23,133.23,133.225,133.226
2025-05-14 08:13:10,133.226,133.238,133.226,133.236
2025-05-14 08:13:15,133.238,133.242,133.238,133.24
2025-05-14 08:13:20,133.24,133.242,133.234,133.234
2025-05-14 08:13:25,133.234,133.239,133.234,133.235
2025-05-14 08:13:30,133.235,133.242,133.233,133.242
2025-05-14 08:13:35,133.242,133.25,133.242,133.25
2025-05-14 08:13:40,133.252,133.252,133.251,133.251
2025-05-14 08:13:45,133.251,133.253,133.237,133.237
2025-05-14 08:13:50,133.237,133.24,133.237,133.237
2025-05-14 08:13:55,133.239,133.247,133.239,133.246
2025-05-14 08:14:00,133.247,133.248,133.242,133.244
2025-05-14 08:14:05,133.244,133.247,133.243,133.247
2025-05-14 08:14:10,133.247,133.247,133.238,133.238
2025-05-14 08:14:15,133.238,133.238,133.226,133.226
2025-05-14 08:14:20,133.226,133.228,133.224,133.228
2025-05-14 08:14:25,133.228,133.229,133.224,133.228
2025-05-14 08:14:30,133.228,133.228,133.219,133.219
2025-05-14 08:14:35,133.22,133.22,133.214,133.214
2025-05-14 08:14:40,133.215,133.216,133.214,133.215
2025-05-14 08:14:45,133.215,133.215,133.206,133.207
2025-05-14 08:14:50,133.207,133.216,133.207,133.216
2025-05-14 08:14:55,133.216,133.226,133.211,133.226
2025-05-14 08:15:00,133.225,133.232,133.225,133.232
2025-05-14 08:15:05,133.233,133.234,133.23,133.234
2025-05-14 08:15:10,133.234,133.234,133.23,133.234
2025-05-14 08:15:15,133.234,133.235,133.232,133.233
2025-05-14 08:15:20,133.233,133.236,133.233,133.236
2025-05-14 08:15:25,133.237,133.237,133.235,133.235
2025-05-14 08:15:30,133.235,133.239,133.235,133.237
2025-05-14 08:15:35,133.237,133.239,133.237,133.239
2025-05-14 08:15:40,133.238,133.241,133.237,133.238
2025-05-14 08:15:45,133.239,133.239,133.235,133.236
2025-05-14 08:15:50,133.236,133.242,133.235,133.242
2025-05-14 08:15:55,133.242,133.245,133.242,133.244
2025-05-14 08:16:00,133.243,133.248,133.242,133.248
2025-05-14 08:16:05,133.246,133.246,133.244,133.244
2025-05-14 08:16:10,133.244,133.246,133.244,133.246
2025-05-14 08:16:15,133.246,133.246,133.243,133.243
2025-05-14 08:16:20,133.242,133.242,133.241,133.242
2025-05-14 08:16:25,133.245,133.25,133.245,133.25
2025-05-14 08:16:30,133.248,133.259,133.248,133.255
2025-05-14 08:16:35,133.255,133.259,133.254,133.254
2025-05-14 08:16:40,133.254,133.254,133.248,133.248
2025-05-14 08:16:45,133.248,133.248,133.244,133.244
2025-05-14 08:16:50,133.241,133.248,133.241,133.248
2025-05-14 08:16:55,133.248,133.252,133.248,133.252
2025-05-14 08:17:00,133.253,133.256,133.253,133.253
2025-05-14 08:17:05,133.253,133.253,133.247,133.248
2025-05-14 08:17:10,133.248,133.248,133.245,133.247
2025-05-14 08:17:15,133.247,133.248,133.242,133.244
2025-05-14 08:17:20,133.244,133.249,133.244,133.249
2025-05-14 08:17:25,133.248,133.248,133.247,133.247
2025-05-14 08:17:30,133.246,133.253,133.246,133.253
2025-05-14 08:17:35,133.253,133.254,133.253,133.253
2025-05-14 08:17:40,133.253,133.253,133.244,133.249
2025-05-14 08:17:45,133.25,133.25,133.246,133.246
2025-05-14 08:17:50,133.246,133.252,133.246,133.25
2025-05-14 08:17:55,133.25,133.255,133.249,133.249
2025-05-14 08:18:00,133.252,133.252,133.247,133.247
2025-05-14 08:18:05,133.247,133.247,133.24,133.24
2025-05-14 08:18:10,133.241,133.246,133.241,133.245
2025-05-14 08:18:15,133.245,133.245,133.242,133.245
2025-05-14 08:18:20,133.245,133.248,133.245,133.246
2025-05-14 08:18:25,133.244,133.259,133.244,133.254
2025-05-14 08:18:30,133.256,133.258,133.256,133.258
2025-05-14 08:18:35,133.258,133.261,133.256,133.261
2025-05-14 08:18:40,133.261,133.266,133.261,133.266
2025-05-14 08:18:45,133.265,133.265,133.259,133.26
2025-05-14 08:18:50,133.261,133.262,133.26,133.26
2025-05-14 08:18:55,133.26,133.262,133.25,133.25
2025-05-14 08:19:00,133.25,133.252,133.245,133.252
2025-05-14 08:19:05,133.254,133.254,133.25,133.25
2025-05-14 08:19:10,133.251,133.251,133.244,133.247
2025-05-14 08:19:15,133.247,133.251,133.244,133.245
2025-05-14 08:19:20,133.245,133.245,133.243,133.244
2025-05-14 08:19:25,133.245,133.246,133.242,133.246
2025-05-14 08:19:30,133.245,133.247,133.243,133.247
2025-05-14 08:19:35,133.247,133.249,133.245,133.245
2025-05-14 08:19:40,133.243,133.244,133.238,133.238
2025-05-14 08:19:45,133.237,133.237,133.224,133.225
2025-05-14 08:19:50,133.225,133.225,133.221,133.224
2025-05-14 08:19:55,133.224,133.234,133.222,133.229
2025-05-14 08:20:00,133.229,133.235,133.229,133.235
2025-05-14 08:20:05,133.233,133.233,133.227,133.228
2025-05-14 08:20:10,133.228,133.233,133.228,133.233
2025-05-14 08:20:15,133.233,133.237,133.229,133.229
2025-05-14 08:20:20,133.229,133.229,133.221,133.222
2025-05-14 08:20:25,133.222,133.227,133.221,133.227
2025-05-14 08:20:30,133.227,133.227,133.217,133.217
2025-05-14 08:20:35,133.217,133.218,133.216,133.218
2025-05-14 08:20:40,133.218,133.226,133.218,133.224
2025-05-14 08:20:45,133.224,133.224,133.217,133.217
2025-05-14 08:20:50,133.217,133.217,133.215,133.217
2025-05-14 08:20:55,133.217,133.217,133.208,133.209
2025-05-14 08:21:00,133.209,133.209,133.205,133.207
2025-05-14 08:21:05,133.207,133.211,133.207,133.211
2025-05-14 08:21:10,133.206,133.206,133.2,133.2
2025-05-14 08:21:15,133.201,133.202,133.196,133.197
2025-05-14 08:21:20,133.197,133.204,133.196,133.201
2025-05-14 08:21:25,133.203,133.214,133.203,133.214
2025-05-14 08:21:30,133.215,133.217,133.215,133.216
2025-05-14 08:21:35,133.216,133.218,133.213,133.214
2025-05-14 08:21:40,133.214,133.218,133.213,133.218
2025-05-14 08:21:45,133.218,133.22,133.209,133.21
2025-05-14 08:21:50,133.21,133.214,133.209,133.209
2025-05-14 08:21:55,133.209,133.214,133.209,133.213
2025-05-14 08:22:00,133.214,133.216,133.214,133.215
2025-05-14 08:22:05,133.216,133.226,133.216,133.225
2025-05-14 08:22:10,133.226,133.226,133.212,133.213
2025-05-14 08:22:15,133.213,133.213,133.209,133.212
2025-05-14 08:22:20,133.212,133.222,133.212,133.219
2025-05-14 08:22:25,133.218,133.221,133.212,133.221
2025-05-14 08:22:30,133.22,133.221,133.217,133.217
2025-05-14 08:22:35,133.217,133.217,133.214,133.214
2025-05-14 08:22:40,133.222,133.224,133.22,133.224
2025-05-14 08:22:45,133.224,133.224,133.22,133.22
2025-05-14 08:22:50,133.22,133.231,133.218,133.231
2025-05-14 08:22:55,133.229,133.23,133.222,133.222
2025-05-14 08:23:00,133.222,133.229,133.222,133.229
2025-05-14 08:23:05,133.227,133.23,133.223,133.23
2025-05-14 08:23:10,133.23,133.235,133.23,133.235
2025-05-14 08:23:15,133.236,133.236,133.231,133.231
2025-05-14 08:23:20,133.231,133.231,133.226,133.226
2025-05-14 08:23:25,133.226,133.227,133.223,133.226
2025-05-14 08:23:30,133.229,133.23,133.227,133.227
2025-05-14 08:23:35,133.227,133.228,133.224,133.228
2025-05-14 08:23:40,133.228,133.234,133.223,133.224
2025-05-14 08:23:45,133.225,133.23,133.225,133.23
2025-05-14 08:23:50,133.23,133.237,133.23,133.237
2025-05-14 08:23:55,133.236,133.24,133.236,133.24
2025-05-14 08:24:00,133.24,133.242,133.238,133.242
2025-05-14 08:24:05,133.241,133.241,133.234,133.234
2025-05-14 08:24:10,133.234,133.234,133.229,133.229
2025-05-14 08:24:15,133.227,133.233,133.214,133.214
2025-05-14 08:24:20,133.214,133.215,133.212,133.215
2025-05-14 08:24:25,133.215,133.215,133.212,133.213
2025-05-14 08:24:30,133.204,133.206,133.198,133.198
2025-05-14 08:24:35,133.198,133.201,133.194,133.195
2025-05-14 08:24:40,133.195,133.202,133.194,133.194
2025-05-14 08:24:45,133.194,133.194,133.189,133.191
2025-05-14 08:24:50,133.195,133.199,133.194,133.196
2025-05-14 08:24:55,133.196,133.2,133.195,133.2
2025-05-14 08:25:00,133.2,133.207,133.198,133.205
2025-05-14 08:25:05,133.205,133.206,133.196,133.196
2025-05-14 08:25:10,133.196,133.196,133.178,133.178
2025-05-14 08:25:15,133.178,133.178,133.175,133.175
2025-05-14 08:25:20,133.175,133.193,133.175,133.192
2025-05-14 08:25:25,133.192,133.197,133.189,133.195
2025-05-14 08:25:30,133.198,133.201,133.196,133.2
2025-05-14 08:25:35,133.198,133.198,133.194,133.194
2025-05-14 08:25:40,133.194,133.194,133.183,133.185
2025-05-14 08:25:45,133.185,133.193,133.185,133.186
2025-05-14 08:25:50,133.188,133.193,133.187,133.193
2025-05-14 08:25:55,133.193,133.195,133.19,133.19
2025-05-14 08:26:00,133.19,133.192,133.187,133.188
2025-05-14 08:26:05,133.188,133.197,133.187,133.194
2025-05-14 08:26:10,133.194,133.205,133.194,133.205
2025-05-14 08:26:15,133.205,133.206,133.197,133.197
2025-05-14 08:26:20,133.197,133.2,133.188,133.19
2025-05-14 08:26:25,133.19,133.192,133.188,133.188
2025-05-14 08:26:30,133.188,133.195,133.188,133.193
2025-05-14 08:26:35,133.196,133.198,133.19,133.193
2025-05-14 08:26:40,133.193,133.196,133.192,133.195
2025-05-14 08:26:45,133.195,133.199,133.192,133.198
2025-05-14 08:26:50,133.195,133.197,133.187,133.187
2025-05-14 08:26:55,133.186,133.189,133.18,133.18
2025-05-14 08:27:00,133.18,133.18,133.172,133.175
2025-05-14 08:27:05,133.175,133.175,133.172,133.172
2025-05-14 08:27:10,133.172,133.172,133.166,133.166
2025-05-14 08:27:15,133.17,133.177,133.17,133.171
2025-05-14 08:27:20,133.173,133.173,133.161,133.161
2025-05-14 08:27:25,133.163,133.164,133.16,133.16
2025-05-14 08:27:30,133.157,133.159,133.157,133.158
2025-05-14 08:27:35,133.159,133.159,133.156,133.158
2025-05-14 08:27:40,133.156,133.158,133.156,133.158
2025-05-14 08:27:45,133.158,133.159,133.157,133.158
2025-05-14 08:27:50,133.158,133.161,133.157,133.161
2025-05-14 08:27:55,133.161,133.164,133.158,133.164
2025-05-14 08:28:00,133.164,133.172,133.164,133.172
2025-05-14 08:28:05,133.172,133.172,133.169,133.171
2025-05-14 08:28:10,133.167,133.172,133.167,133.172
2025-05-14 08:28:15,133.173,133.173,133.167,133.167
2025-05-14 08:28:20,133.17,133.172,133.17,133.172
2025-05-14 08:28:25,133.174,133.174,133.172,133.173
2025-05-14 08:28:30,133.175,133.176,133.171,133.171
2025-05-14 08:28:35,133.171,133.173,133.169,133.173
2025-05-14 08:28:40,133.173,133.173,133.171,133.171
2025-05-14 08:28:45,133.171,133.171,133.164,133.166
2025-05-14 08:28:50,133.166,133.169,133.165,133.166
2025-05-14 08:28:55,133.168,133.176,133.168,133.174
2025-05-14 08:29:00,133.173,133.173,133.169,133.17
2025-05-14 08:29:05,133.17,133.173,133.168,133.173
2025-05-14 08:29:10,133.173,133.182,133.17,133.18
2025-05-14 08:29:15,133.179,133.185,133.179,133.181
2025-05-14 08:29:20,133.183,133.183,133.179,133.18
2025-05-14 08:29:25,133.18,133.181,133.179,133.181
2025-05-14 08:29:30,133.181,133.183,133.181,133.183
2025-05-14 08:29:35,133.183,133.183,133.181,133.181
2025-05-14 08:29:40,133.182,133.184,133.181,133.183
2025-05-14 08:29:45,133.183,133.183,133.172,133.172
2025-05-14 08:29:50,133.172,133.172,133.165,133.165
2025-05-14 08:29:55,133.165,133.168,133.164,133.166
2025-05-14 08:30:00,133.166,133.168,133.153,133.154
2025-05-14 08:30:05,133.154,133.159,133.154,133.157
2025-05-14 08:30:10,133.157,133.158,133.147,133.149
2025-05-14 08:30:15,133.149,133.15,133.148,133.148
2025-05-14 08:30:20,133.147,133.148,133.145,133.148
2025-05-14 08:30:25,133.148,133.148,133.138,133.138
2025-05-14 08:30:30,133.138,133.138,133.137,133.138
2025-05-14 08:30:35,133.141,133.141,133.136,133.136
2025-05-14 08:30:40,133.136,133.136,133.113,133.113
2025-05-14 08:30:45,133.113,133.113,133.104,133.104
2025-05-14 08:30:50,133.104,133.113,133.102,133.113
2025-05-14 08:30:55,133.113,133.113,133.111,133.112
2025-05-14 08:31:00,133.111,133.114,133.109,133.111
2025-05-14 08:31:05,133.111,133.113,133.109,133.113
2025-05-14 08:31:10,133.113,133.117,133.113,133.116
2025-05-14 08:31:15,133.116,133.116,133.113,133.116
2025-05-14 08:31:20,133.115,133.115,133.11,133.11
2025-05-14 08:31:25,133.11,133.113,133.108,133.113
2025-05-14 08:31:30,133.113,133.115,133.112,133.115
2025-05-14 08:31:35,133.115,133.12,133.114,133.118
2025-05-14 08:31:40,133.118,133.123,133.115,133.115
2025-05-14 08:31:45,133.115,133.115,133.113,133.115
2025-05-14 08:31:50,133.115,133.118,133.113,133.118
2025-05-14 08:31:55,133.118,133.12,133.116,133.116
2025-05-14 08:32:00,133.116,133.12,133.115,133.119
2025-05-14 08:32:05,133.119,133.123,133.119,133.123
2025-05-14 08:32:10,133.123,133.123,133.108,133.109
2025-05-14 08:32:15,133.109,133.109,133.105,133.106
2025-05-14 08:32:20,133.108,133.11,133.108,133.11
2025-05-14 08:32:25,133.11,133.11,133.104,133.105
2025-05-14 08:32:30,133.105,133.109,133.105,133.108
2025-05-14 08:32:35,133.108,133.11,133.104,133.107
2025-05-14 08:32:40,133.107,133.11,133.105,133.106
2025-05-14 08:32:45,133.106,133.109,133.106,133.108
2025-05-14 08:32:50,133.108,133.115,133.108,133.114
2025-05-14 08:32:55,133.115,133.115,133.111,133.112
2025-05-14 08:33:00,133.112,133.12,133.112,133.113
2025-05-14 08:33:05,133.113,133.116,133.112,133.115
2025-05-14 08:33:10,133.116,133.117,133.114,133.115
2025-05-14 08:33:15,133.116,133.118,133.112,133.118
2025-05-14 08:33:20,133.116,133.119,133.113,133.119
2025-05-14 08:33:25,133.117,133.117,133.115,133.116
2025-05-14 08:33:30,133.116,133.117,133.111,133.111
2025-05-14 08:33:35,133.111,133.114,133.107,133.114
2025-05-14 08:33:40,133.11,133.111,133.104,133.104
2025-05-14 08:33:45,133.104,133.104,133.094,133.095
2025-05-14 08:33:50,133.096,133.099,133.094,133.098
2025-05-14 08:33:55,133.098,133.098,133.09,133.09
2025-05-14 08:34:00,133.086,133.093,133.086,133.092
2025-05-14 08:34:05,133.092,133.11,133.092,133.11
2025-05-14 08:34:10,133.119,133.119,133.105,133.107
2025-05-14 08:34:15,133.107,133.111,133.098,133.098
2025-05-14 08:34:20,133.099,133.102,133.099,133.099
2025-05-14 08:34:25,133.098,133.1,133.097,133.097
2025-05-14 08:34:30,133.097,133.097,133.089,133.089
2025-05-14 08:34:35,133.089,133.089,133.085,133.085
2025-05-14 08:34:40,133.076,133.076,133.072,133.072
2025-05-14 08:34:45,133.074,133.085,133.074,133.081
2025-05-14 08:34:50,133.081,133.081,133.07,133.07
2025-05-14 08:34:55,133.07,133.07,133.061,133.061
2025-05-14 08:35:00,133.061,133.069,133.059,133.069
2025-05-14 08:35:05,133.067,133.069,133.067,133.067
2025-05-14 08:35:10,133.067,133.071,133.064,133.07
2025-05-14 08:35:15,133.07,133.073,133.07,133.07
2025-05-14 08:35:20,133.072,133.082,133.072,133.082
2025-05-14 08:35:25,133.081,133.081,133.07,133.07
2025-05-14 08:35:30,133.069,133.073,133.065,133.065
2025-05-14 08:35:35,133.065,133.069,133.064,133.064
2025-05-14 08:35:40,133.064,133.065,133.062,133.063
2025-05-14 08:35:45,133.068,133.07,133.067,133.07
2025-05-14 08:35:50,133.07,133.073,133.067,133.073
2025-05-14 08:35:55,133.073,133.074,133.068,133.073
2025-05-14 08:36:00,133.075,133.076,133.074,133.074
2025-05-14 08:36:05,133.074,133.077,133.073,133.073
2025-05-14 08:36:10,133.073,133.081,133.072,133.078
2025-05-14 08:36:15,133.078,133.082,133.073,133.074
2025-05-14 08:36:20,133.074,133.074,133.072,133.072
2025-05-14 08:36:25,133.07,133.072,133.06,133.06
2025-05-14 08:36:30,133.061,133.061,133.059,133.059
2025-05-14 08:36:35,133.059,133.059,133.052,133.054
2025-05-14 08:36:40,133.054,133.055,133.052,133.054
2025-05-14 08:36:45,133.054,133.057,133.048,133.057
2025-05-14 08:36:50,133.057,133.058,133.051,133.058
2025-05-14 08:36:55,133.058,133.064,133.057,133.063
2025-05-14 08:37:00,133.062,133.071,133.062,133.071
2025-05-14 08:37:05,133.072,133.076,133.071,133.076
2025-05-14 08:37:10,133.076,133.077,133.075,133.075
2025-05-14 08:37:15,133.075,133.076,133.073,133.074
2025-05-14 08:37:20,133.073,133.074,133.069,133.074
2025-05-14 08:37:25,133.074,133.076,133.073,133.073
2025-05-14 08:37:30,133.076,133.084,133.075,133.075
2025-05-14 08:37:35,133.075,133.08,133.075,133.08
2025-05-14 08:37:40,133.08,133.088,133.079,133.087
2025-05-14 08:37:45,133.086,133.094,133.086,133.093
2025-05-14 08:37:50,133.093,133.095,133.09,133.09
2025-05-14 08:37:55,133.09,133.102,133.09,133.091
2025-05-14 08:38:00,133.091,133.092,133.088,133.092
2025-05-14 08:38:05,133.092,133.094,133.088,133.088
2025-05-14 08:38:10,133.088,133.091,133.088,133.09
2025-05-14 08:38:15,133.09,133.098,133.088,133.098
2025-05-14 08:38:20,133.098,133.099,133.094,133.094
2025-05-14 08:38:25,133.094,133.096,133.094,133.096
2025-05-14 08:38:30,133.096,133.096,133.091,133.091
2025-05-14 08:38:35,133.091,133.091,133.089,133.091
2025-05-14 08:38:40,133.091,133.098,133.091,133.098
2025-05-14 08:38:45,133.096,133.096,133.092,133.093
2025-05-14 08:38:50,133.094,133.11,133.094,133.11
2025-05-14 08:38:55,133.11,133.11,133.107,133.107
2025-05-14 08:39:00,133.106,133.118,133.106,133.118
2025-05-14 08:39:05,133.114,133.115,133.112,133.113
2025-05-14 08:39:10,133.113,133.113,133.112,133.113
2025-05-14 08:39:15,133.113,133.123,133.113,133.122
2025-05-14 08:39:20,133.122,133.125,133.12,133.124
2025-05-14 08:39:25,133.123,133.128,133.123,133.128
2025-05-14 08:39:30,133.129,133.132,133.129,133.132
2025-05-14 08:39:35,133.134,133.134,133.127,133.127
2025-05-14 08:39:40,133.127,133.13,133.127,133.129
2025-05-14 08:39:45,133.133,133.134,133.132,133.134
2025-05-14 08:39:50,133.133,133.134,133.13,133.13
2025-05-14 08:39:55,133.13,133.137,133.13,133.133
2025-05-14 08:40:00,133.133,133.136,133.131,133.132
2025-05-14 08:40:05,133.132,133.14,133.13,133.139
2025-05-14 08:40:10,133.135,133.142,133.135,133.142
2025-05-14 08:40:15,133.145,133.145,133.145,133.145
2025-05-14 08:40:20,133.145,133.145,133.135,133.137
2025-05-14 08:40:25,133.136,133.14,133.136,133.137
2025-05-14 08:40:30,133.136,133.143,133.136,133.142
2025-05-14 08:40:35,133.142,133.152,133.142,133.15
2025-05-14 08:40:40,133.15,133.15,133.143,133.146
2025-05-14 08:40:45,133.146,133.158,133.146,133.158
2025-05-14 08:40:50,133.158,133.16,133.147,133.147
2025-05-14 08:40:55,133.147,133.147,133.141,133.144
2025-05-14 08:41:00,133.144,133.146,133.143,133.146
2025-05-14 08:41:05,133.144,133.145,133.142,133.144
2025-05-14 08:41:10,133.142,133.142,133.134,133.134
2025-05-14 08:41:15,133.137,133.142,133.136,133.136
2025-05-14 08:41:20,133.136,133.137,133.134,133.137
2025-05-14 08:41:25,133.136,133.136,133.132,133.132
2025-05-14 08:41:30,133.133,133.133,133.128,133.128
2025-05-14 08:41:35,133.128,133.133,133.123,133.123
2025-05-14 08:41:40,133.123,133.125,133.119,133.121
2025-05-14 08:41:45,133.121,133.123,133.12,133.123
2025-05-14 08:41:50,133.123,133.125,133.109,133.109
2025-05-14 08:41:55,133.111,133.111,133.101,133.102
2025-05-14 08:42:00,133.102,133.104,133.101,133.101
2025-05-14 08:42:05,133.1,133.103,133.1,133.102
2025-05-14 08:42:10,133.103,133.107,133.099,133.107
2025-05-14 08:42:15,133.107,133.107,133.104,133.104
2025-05-14 08:42:20,133.104,133.104,133.1,133.1
2025-05-14 08:42:25,133.1,133.1,133.087,133.087
2025-05-14 08:42:30,133.088,133.088,133.081,133.082
2025-05-14 08:42:35,133.082,133.093,133.08,133.092
2025-05-14 08:42:40,133.092,133.098,133.092,133.095
2025-05-14 08:42:45,133.095,133.097,133.095,133.097
2025-05-14 08:42:50,133.097,133.097,133.092,133.092
2025-05-14 08:42:55,133.091,133.092,133.089,133.092
2025-05-14 08:43:00,133.092,133.095,133.091,133.094
2025-05-14 08:43:05,133.094,133.094,133.092,133.092
2025-05-14 08:43:10,133.091,133.093,133.091,133.093
2025-05-14 08:43:15,133.093,133.097,133.086,133.086
2025-05-14 08:43:20,133.086,133.093,133.086,133.092
2025-05-14 08:43:25,133.092,133.097,133.092,133.097
2025-05-14 08:43:30,133.097,133.113,133.097,133.112
2025-05-14 08:43:35,133.113,133.123,133.113,133.122
2025-05-14 08:43:40,133.122,133.122,133.117,133.12
2025-05-14 08:43:45,133.12,133.12,133.115,133.115
2025-05-14 08:43:50,133.114,133.117,133.113,133.116
2025-05-14 08:43:55,133.116,133.122,133.113,133.121
2025-05-14 08:44:00,133.121,133.128,133.121,133.128
2025-05-14 08:44:05,133.128,133.129,133.126,133.128
2025-05-14 08:44:10,133.123,133.141,133.123,133.141
2025-05-14 08:44:15,133.143,133.143,133.141,133.142
2025-05-14 08:44:20,133.142,133.151,133.142,133.15
2025-05-14 08:44:25,133.15,133.15,133.139,133.139
2025-05-14 08:44:30,133.138,133.142,133.138,133.14
2025-05-14 08:44:35,133.141,133.143,133.133,133.133
2025-05-14 08:44:40,133.133,133.133,133.128,133.128
2025-05-14 08:44:45,133.128,133.13,133.126,133.13
2025-05-14 08:44:50,133.13,133.133,133.129,133.133
2025-05-14 08:44:55,133.132,133.132,133.12,133.122
2025-05-14 08:45:00,133.122,133.125,133.121,133.121
2025-05-14 08:45:05,133.122,133.122,133.116,133.116
2025-05-14 08:45:10,133.116,133.117,133.108,133.108
2025-05-14 08:45:15,133.109,133.112,133.109,133.112
2025-05-14 08:45:20,133.112,133.116,133.11,133.11
2025-05-14 08:45:25,133.11,133.114,133.11,133.114
2025-05-14 08:45:30,133.114,133.117,133.112,133.117
2025-05-14 08:45:35,133.117,133.119,133.117,133.119
2025-05-14 08:45:40,133.119,133.122,133.119,133.121
2025-05-14 08:45:45,133.117,133.117,133.109,133.111
2025-05-14 08:45:50,133.112,133.125,133.112,133.116
2025-05-14 08:45:55,133.116,133.116,133.113,133.114
2025-05-14 08:46:00,133.108,133.109,133.105,133.105
2025-05-14 08:46:05,133.105,133.106,133.099,133.106
2025-05-14 08:46:10,133.103,133.103,133.101,133.102
2025-05-14 08:46:15,133.102,133.105,133.102,133.104
2025-05-14 08:46:20,133.104,133.107,133.101,133.107
2025-05-14 08:46:25,133.109,133.113,133.109,133.113
2025-05-14 08:46:30,133.113,133.115,133.112,133.114
2025-05-14 08:46:35,133.114,133.115,133.112,133.115
2025-05-14 08:46:40,133.116,133.126,133.116,133.126
2025-05-14 08:46:45,133.126,133.126,133.117,133.117
2025-05-14 08:46:50,133.116,133.119,133.114,133.119
2025-05-14 08:46:55,133.12,133.121,133.116,133.121
2025-05-14 08:47:00,133.121,133.125,133.12,133.12
2025-05-14 08:47:05,133.121,133.121,133.119,133.119
2025-05-14 08:47:10,133.119,133.119,133.116,133.117
2025-05-14 08:47:15,133.117,133.13,133.117,133.128
2025-05-14 08:47:20,133.128,133.13,133.128,133.13
2025-05-14 08:47:25,133.131,133.136,133.13,133.135
2025-05-14 08:47:30,133.135,133.137,133.134,133.134
2025-05-14 08:47:35,133.134,133.134,133.133,133.134
2025-05-14 08:47:40,133.134,133.134,133.129,133.129
2025-05-14 08:47:45,133.129,133.132,133.129,133.132
2025-05-14 08:47:50,133.132,133.135,133.132,133.135
2025-05-14 08:47:55,133.135,133.136,133.131,133.131
2025-05-14 08:48:00,133.131,133.133,133.129,133.132
2025-05-14 08:48:05,133.132,133.134,133.128,133.128
2025-05-14 08:48:10,133.128,133.13,133.128,133.13
2025-05-14 08:48:15,133.13,133.132,133.129,133.13
2025-05-14 08:48:20,133.13,133.131,133.127,133.128
2025-05-14 08:48:25,133.129,133.129,133.126,133.128
2025-05-14 08:48:30,133.128,133.13,133.125,133.126
2025-05-14 08:48:35,133.118,133.12,133.115,133.12
2025-05-14 08:48:40,133.119,133.121,133.119,133.119
2025-05-14 08:48:45,133.12,133.123,133.119,133.123
2025-05-14 08:48:50,133.123,133.123,133.116,133.12
2025-05-14 08:48:55,133.118,133.12,133.114,133.115
2025-05-14 08:49:00,133.112,133.112,133.1,133.101
2025-05-14 08:49:05,133.101,133.109,133.101,133.109
2025-05-14 08:49:10,133.109,133.109,133.102,133.107
2025-05-14 08:49:15,133.106,133.11,133.104,133.11
2025-05-14 08:49:20,133.11,133.113,133.109,133.109
2025-05-14 08:49:25,133.109,133.112,133.105,133.105
2025-05-14 08:49:30,133.105,133.115,133.105,133.107
2025-05-14 08:49:35,133.107,133.108,133.103,133.104
2025-05-14 08:49:40,133.103,133.106,133.097,133.101
2025-05-14 08:49:45,133.101,133.101,133.098,133.101
2025-05-14 08:49:50,133.101,133.101,133.098,133.099
2025-05-14 08:49:55,133.099,133.104,133.099,133.104
2025-05-14 08:50:00,133.104,133.106,133.103,133.106
2025-05-14 08:50:05,133.106,133.109,133.106,133.107
2025-05-14 08:50:10,133.107,133.107,133.1,133.101
2025-05-14 08:50:15,133.102,133.106,133.099,133.099
2025-05-14 08:50:20,133.099,133.099,133.095,133.096
2025-05-14 08:50:25,133.096,133.1,133.095,133.1
2025-05-14 08:50:30,133.1,133.11,133.1,133.11
2025-05-14 08:50:35,133.11,133.117,133.11,133.112
2025-05-14 08:50:40,133.113,133.114,133.113,133.114
2025-05-14 08:50:45,133.114,133.115,133.111,133.111
2025-05-14 08:50:50,133.111,133.111,133.101,133.11
2025-05-14 08:50:55,133.112,133.112,133.108,133.11
2025-05-14 08:51:00,133.11,133.129,133.11,133.128
2025-05-14 08:51:05,133.128,133.133,133.128,133.131
2025-05-14 08:51:10,133.131,133.135,133.13,133.135
2025-05-14 08:51:15,133.136,133.136,133.129,133.129
2025-05-14 08:51:20,133.129,133.134,133.129,133.134
2025-05-14 08:51:25,133.135,133.136,133.133,133.136
2025-05-14 08:51:30,133.136,133.14,133.136,133.139
2025-05-14 08:51:35,133.139,133.142,133.138,133.139
2025-05-14 08:51:40,133.137,133.138,133.128,133.128
2025-05-14 08:51:45,133.128,133.131,133.127,133.127
2025-05-14 08:51:50,133.128,133.129,133.117,133.117
2025-05-14 08:51:55,133.117,133.118,133.114,133.117
2025-05-14 08:52:00,133.116,133.116,133.105,133.105
2025-05-14 08:52:05,133.104,133.105,133.102,133.102
2025-05-14 08:52:10,133.103,133.107,133.098,133.104
2025-05-14 08:52:15,133.104,133.104,133.09,133.09
2025-05-14 08:52:20,133.09,133.091,133.089,133.09
2025-05-14 08:52:25,133.088,133.088,133.085,133.086
2025-05-14 08:52:30,133.087,133.091,133.085,133.091
2025-05-14 08:52:35,133.091,133.091,133.077,133.079
2025-05-14 08:52:40,133.071,133.075,133.071,133.074
2025-05-14 08:52:45,133.074,133.075,133.066,133.066
2025-05-14 08:52:50,133.066,133.066,133.061,133.061
2025-05-14 08:52:55,133.061,133.066,133.058,133.065
2025-05-14 08:53:00,133.065,133.085,133.064,133.085
2025-05-14 08:53:05,133.088,133.088,133.081,133.082
2025-05-14 08:53:10,133.086,133.088,133.086,133.088
2025-05-14 08:53:15,133.088,133.09,133.086,133.089
2025-05-14 08:53:20,133.088,133.089,133.08,133.08
2025-05-14 08:53:25,133.08,133.08,133.073,133.074
2025-05-14 08:53:30,133.074,133.076,133.074,133.076
2025-05-14 08:53:35,133.076,133.078,133.073,133.077
2025-05-14 08:53:40,133.077,133.077,133.07,133.07
2025-05-14 08:53:45,133.07,133.072,133.068,133.072
2025-05-14 08:53:50,133.072,133.072,133.068,133.068
2025-05-14 08:53:55,133.068,133.068,133.056,133.064
2025-05-14 08:54:00,133.064,133.065,133.063,133.063
2025-05-14 08:54:05,133.064,133.07,133.064,133.066
2025-05-14 08:54:10,133.066,133.068,133.061,133.061
2025-05-14 08:54:15,133.061,133.063,133.057,133.057
2025-05-14 08:54:20,133.057,133.062,133.057,133.062
2025-05-14 08:54:25,133.063,133.073,133.063,133.073
2025-05-14 08:54:30,133.076,133.081,133.076,133.081
2025-05-14 08:54:35,133.081,133.092,133.081,133.085
2025-05-14 08:54:40,133.086,133.095,133.086,133.095
2025-05-14 08:54:45,133.094,133.095,133.085,133.086
2025-05-14 08:54:50,133.086,133.086,133.081,133.081
2025-05-14 08:54:55,133.081,133.089,133.081,133.089
2025-05-14 08:55:00,133.09,133.093,133.089,133.09
2025-05-14 08:55:05,133.09,133.095,133.09,133.095
2025-05-14 08:55:10,133.095,133.096,133.091,133.092
2025-05-14 08:55:15,133.092,133.1,133.091,133.098
2025-05-14 08:55:20,133.097,133.101,133.096,133.101
2025-05-14 08:55:25,133.102,133.102,133.1,133.1
2025-05-14 08:55:30,133.1,133.101,133.1,133.1
2025-05-14 08:55:35,133.1,133.1,133.089,133.093
2025-05-14 08:55:40,133.095,133.095,133.092,133.094
2025-05-14 08:55:45,133.094,133.094,133.086,133.086
2025-05-14 08:55:50,133.084,133.086,133.083,133.084
2025-05-14 08:55:55,133.084,133.095,133.084,133.09
2025-05-14 08:56:00,133.089,133.091,133.088,133.088
2025-05-14 08:56:05,133.088,133.088,133.078,133.078
2025-05-14 08:56:10,133.078,133.083,133.077,133.079
2025-05-14 08:56:15,133.079,133.08,133.075,133.076
2025-05-14 08:56:20,133.076,133.076,133.068,133.069
2025-05-14 08:56:25,133.069,133.069,133.057,133.063
2025-05-14 08:56:30,133.063,133.067,133.061,133.067
2025-05-14 08:56:35,133.067,133.067,133.06,133.06
2025-05-14 08:56:40,133.06,133.06,133.043,133.044
2025-05-14 08:56:45,133.044,133.044,133.041,133.043
2025-05-14 08:56:50,133.043,133.046,133.04,133.04
2025-05-14 08:56:55,133.04,133.043,133.04,133.043
2025-05-14 08:57:00,133.043,133.044,133.042,133.043
2025-05-14 08:57:05,133.045,133.045,133.039,133.041
2025-05-14 08:57:10,133.041,133.042,133.031,133.032
2025-05-14 08:57:15,133.032,133.032,133.028,133.03
2025-05-14 08:57:20,133.029,133.03,133.027,133.03
2025-05-14 08:57:25,133.033,133.033,133.025,133.025
2025-05-14 08:57:30,133.026,133.026,133.017,133.018
2025-05-14 08:57:35,133.017,133.024,133.017,133.022
2025-05-14 08:57:40,133.022,133.032,133.022,133.03
2025-05-14 08:57:45,133.03,133.033,133.03,133.031
2025-05-14 08:57:50,133.031,133.034,133.031,133.031
2025-05-14 08:57:55,133.033,133.039,133.031,133.032
2025-05-14 08:58:00,133.032,133.037,133.032,133.037
2025-05-14 08:58:05,133.039,133.039,133.036,133.036
2025-05-14 08:58:10,133.035,133.035,133.027,133.03
2025-05-14 08:58:15,133.03,133.032,133.03,133.032
2025-05-14 08:58:20,133.032,133.034,133.03,133.03
2025-05-14 08:58:25,133.03,133.038,133.03,133.038
2025-05-14 08:58:30,133.037,133.042,133.035,133.038
2025-05-14 08:58:35,133.038,133.04,133.037,133.04
2025-05-14 08:58:40,133.04,133.044,133.037,133.044
2025-05-14 08:58:45,133.044,133.047,133.041,133.043
2025-05-14 08:58:50,133.044,133.048,133.041,133.047
2025-05-14 08:58:55,133.052,133.055,133.05,133.055
2025-05-14 08:59:00,133.055,133.06,133.055,133.059
2025-05-14 08:59:05,133.056,133.058,133.055,133.058
2025-05-14 08:59:10,133.059,133.059,133.053,133.053
2025-05-14 08:59:15,133.053,133.061,133.053,133.057
2025-05-14 08:59:20,133.057,133.068,133.057,133.066
2025-05-14 08:59:25,133.064,133.064,133.06,133.062
2025-05-14 08:59:30,133.064,133.065,133.062,133.062
2025-05-14 08:59:35,133.062,133.065,133.061,133.065
2025-05-14 08:59:40,133.065,133.07,133.065,133.07
2025-05-14 08:59:45,133.072,133.073,133.069,133.069
2025-05-14 08:59:50,133.074,133.075,133.071,133.075
2025-05-14 08:59:55,133.075,133.076,133.068,133.068
2025-05-14 09:00:00,133.068,133.072,133.066,133.07
2025-05-14 09:00:05,133.07,133.07,133.058,133.06
2025-05-14 09:00:10,133.059,133.06,133.056,133.06
2025-05-14 09:00:15,133.06,133.06,133.053,133.055
2025-05-14 09:00:20,133.055,133.057,133.054,133.054
2025-05-14 09:00:25,133.053,133.057,133.052,133.056
2025-05-14 09:00:30,133.057,133.067,133.056,133.066
2025-05-14 09:00:35,133.065,133.065,133.053,133.053
2025-05-14 09:00:40,133.053,133.056,133.053,133.055
2025-05-14 09:00:45,133.055,133.055,133.045,133.048
2025-05-14 09:00:50,133.047,133.051,133.047,133.048
2025-05-14 09:00:55,133.038,133.043,133.035,133.042
2025-05-14 09:01:00,133.042,133.046,133.042,133.045
2025-05-14 09:01:05,133.045,133.049,133.045,133.045
2025-05-14 09:01:10,133.047,133.051,133.046,133.046
2025-05-14 09:01:15,133.046,133.051,133.046,133.05
2025-05-14 09:01:20,133.05,133.05,133.045,133.05
2025-05-14 09:01:25,133.05,133.063,133.048,133.06
2025-05-14 09:01:30,133.06,133.066,133.06,133.066
2025-05-14 09:01:35,133.063,133.063,133.048,133.049
2025-05-14 09:01:40,133.049,133.05,133.045,133.047
2025-05-14 09:01:45,133.047,133.047,133.038,133.042
2025-05-14 09:01:50,133.045,133.051,133.044,133.051
2025-05-14 09:01:55,133.053,133.053,133.049,133.051
2025-05-14 09:02:00,133.051,133.052,133.044,133.045
2025-05-14 09:02:05,133.045,133.046,133.044,133.046
2025-05-14 09:02:10,133.038,133.04,133.035,133.04
2025-05-14 09:02:15,133.04,133.041,133.038,133.038
2025-05-14 09:02:20,133.038,133.046,133.032,133.045
2025-05-14 09:02:25,133.045,133.049,133.045,133.049
2025-05-14 09:02:30,133.049,133.049,133.044,133.044
2025-05-14 09:02:35,133.044,133.046,133.041,133.041
2025-05-14 09:02:40,133.041,133.043,133.037,133.037
2025-05-14 09:02:45,133.038,133.039,133.036,133.038
2025-05-14 09:02:50,133.037,133.042,133.036,133.042
2025-05-14 09:02:55,133.04,133.05,133.04,133.05
2025-05-14 09:03:00,133.05,133.051,133.048,133.05
2025-05-14 09:03:05,133.051,133.051,133.044,133.045
2025-05-14 09:03:10,133.045,133.049,133.045,133.048
2025-05-14 09:03:15,133.046,133.05,133.046,133.05
2025-05-14 09:03:20,133.05,133.054,133.05,133.054
2025-05-14 09:03:25,133.051,133.053,133.045,133.048
2025-05-14 09:03:30,133.048,133.048,133.046,133.047
2025-05-14 09:03:35,133.048,133.05,133.043,133.043
2025-05-14 09:03:40,133.044,133.048,133.044,133.046
2025-05-14 09:03:45,133.044,133.046,133.04,133.04
2025-05-14 09:03:50,133.041,133.041,133.032,133.032
2025-05-14 09:03:55,133.032,133.032,133.026,133.026
2025-05-14 09:04:00,133.026,133.029,133.018,133.018
2025-05-14 09:04:05,133.017,133.02,133.016,133.02
2025-05-14 09:04:10,133.021,133.024,133.021,133.024
2025-05-14 09:04:15,133.024,133.024,133.021,133.024
2025-05-14 09:04:20,133.024,133.024,133.017,133.02
2025-05-14 09:04:25,133.02,133.023,133.019,133.021
2025-05-14 09:04:30,133.02,133.021,133.019,133.019
2025-05-14 09:04:35,133.019,133.03,133.019,133.028
2025-05-14 09:04:40,133.028,133.03,133.02,133.02
2025-05-14 09:04:45,133.019,133.019,133.009,133.012
2025-05-14 09:04:50,133.01,133.012,133.01,133.01
2025-05-14 09:04:55,133.01,133.011,133.008,133.011
2025-05-14 09:05:00,133.011,133.022,133.011,133.021
2025-05-14 09:05:05,133.021,133.023,133.021,133.021
2025-05-14 09:05:10,133.023,133.024,133.012,133.012
2025-05-14 09:05:15,133.012,133.024,133.012,133.019
2025-05-14 09:05:20,133.019,133.023,133.019,133.021
2025-05-14 09:05:25,133.02,133.028,133.02,133.028
2025-05-14 09:05:30,133.028,133.034,133.028,133.034
2025-05-14 09:05:35,133.036,133.047,133.035,133.047
2025-05-14 09:05:40,133.048,133.048,133.046,133.046
2025-05-14 09:05:45,133.046,133.048,133.045,133.045
2025-05-14 09:05:50,133.045,133.046,133.042,133.046
2025-05-14 09:05:55,133.048,133.055,133.048,133.054
2025-05-14 09:06:00,133.054,133.057,133.054,133.057
2025-05-14 09:06:05,133.057,133.061,133.057,133.061
2025-05-14 09:06:10,133.061,133.064,133.06,133.063
2025-05-14 09:06:15,133.066,133.068,133.064,133.068
2025-05-14 09:06:20,133.068,133.068,133.046,133.049
2025-05-14 09:06:25,133.049,133.058,133.049,133.058
2025-05-14 09:06:30,133.058,133.064,133.058,133.058
2025-05-14 09:06:35,133.054,133.057,133.054,133.057
2025-05-14 09:06:40,133.055,133.059,133.055,133.057
2025-05-14 09:06:45,133.057,133.058,133.047,133.048
2025-05-14 09:06:50,133.048,133.053,133.048,133.052
2025-05-14 09:06:55,133.052,133.059,133.052,133.059
2025-05-14 09:07:00,133.059,133.061,133.057,133.057
2025-05-14 09:07:05,133.057,133.061,133.056,133.061
2025-05-14 09:07:10,133.061,133.063,133.061,133.063
2025-05-14 09:07:15,133.059,133.059,133.053,133.057
2025-05-14 09:07:20,133.057,133.057,133.049,133.053
2025-05-14 09:07:25,133.053,133.055,133.052,133.052
2025-05-14 09:07:30,133.052,133.052,133.047,133.051
2025-05-14 09:07:35,133.061,133.061,133.055,133.056
2025-05-14 09:07:40,133.055,133.055,133.046,133.048
2025-05-14 09:07:45,133.048,133.05,133.047,133.047
2025-05-14 09:07:50,133.047,133.051,133.046,133.051
2025-05-14 09:07:55,133.052,133.052,133.046,133.046
2025-05-14 09:08:00,133.044,133.044,133.033,133.036
2025-05-14 09:08:05,133.036,133.036,133.028,133.032
2025-05-14 09:08:10,133.032,133.037,133.032,133.035
2025-05-14 09:08:15,133.034,133.034,133.026,133.026
2025-05-14 09:08:20,133.025,133.027,133.022,133.022
2025-05-14 09:08:25,133.022,133.036,133.022,133.036
2025-05-14 09:08:30,133.036,133.038,133.034,133.036
2025-05-14 09:08:35,133.038,133.041,133.038,133.041
2025-05-14 09:08:40,133.043,133.045,133.037,133.04
2025-05-14 09:08:45,133.04,133.04,133.037,133.037
2025-05-14 09:08:50,133.035,133.035,133.028,133.029
2025-05-14 09:08:55,133.029,133.029,133.023,133.023
2025-05-14 09:09:00,133.023,133.03,133.023,133.03
2025-05-14 09:09:05,133.025,133.027,133.025,133.025
2025-05-14 09:09:10,133.025,133.028,133.024,133.026
2025-05-14 09:09:15,133.027,133.029,133.027,133.028
2025-05-14 09:09:20,133.027,133.031,133.026,133.029
2025-05-14 09:09:25,133.029,133.035,133.029,133.029
2025-05-14 09:09:30,133.03,133.033,133.027,133.031
2025-05-14 09:09:35,133.031,133.031,133.024,133.024
2025-05-14 09:09:40,133.024,133.031,133.024,133.027
2025-05-14 09:09:45,133.028,133.028,133.025,133.026
2025-05-14 09:09:50,133.025,133.028,133.024,133.024
2025-05-14 09:09:55,133.024,133.025,133.02,133.02
2025-05-14 09:10:00,133.021,133.022,133.019,133.019
2025-05-14 09:10:05,133.02,133.022,133.018,133.018
2025-05-14 09:10:10,133.016,133.018,133.015,133.015
2025-05-14 09:10:15,133.015,133.016,133.003,133.006
2025-05-14 09:10:20,133.006,133.007,133.001,133.005
2025-05-14 09:10:25,133.005,133.005,133.004,133.005
2025-05-14 09:10:30,133.005,133.017,133.005,133.016
2025-05-14 09:10:35,133.016,133.016,133.011,133.011
2025-05-14 09:10:40,133.014,133.014,133.011,133.011
2025-05-14 09:10:45,133.01,133.012,133.006,133.006
2025-05-14 09:10:50,133.006,133.008,133.005,133.006
2025-05-14 09:10:55,133.006,133.007,133.002,133.002
2025-05-14 09:11:00,133.004,133.004,132.998,132.998
2025-05-14 09:11:05,132.999,133.003,132.994,132.994
2025-05-14 09:11:10,132.995,132.997,132.993,132.997
2025-05-14 09:11:15,132.997,132.997,132.993,132.994
2025-05-14 09:11:20,132.997,132.999,132.994,132.995
2025-05-14 09:11:25,132.995,133,132.995,133
2025-05-14 09:11:30,133,133.004,133,133.004
2025-05-14 09:11:35,133.004,133.015,133.003,133.013
2025-05-14 09:11:40,133.009,133.009,133.006,133.006
2025-05-14 09:11:45,133.007,133.009,133.007,133.008
2025-05-14 09:11:50,133.007,133.01,133.005,133.005
2025-05-14 09:11:55,133.005,133.01,133.005,133.01
2025-05-14 09:12:00,133.01,133.012,133.009,133.01
2025-05-14 09:12:05,133.011,133.022,133.011,133.022
2025-05-14 09:12:10,133.022,133.027,133.021,133.027
2025-05-14 09:12:15,133.027,133.032,133.025,133.032
2025-05-14 09:12:20,133.032,133.033,133.022,133.022
2025-05-14 09:12:25,133.024,133.024,133.024,133.024
2025-05-14 09:12:30,133.024,133.026,133.021,133.024
2025-05-14 09:12:35,133.024,133.024,133.018,133.018
2025-05-14 09:12:40,133.018,133.018,133.007,133.007
2025-05-14 09:12:45,133.005,133.006,133.003,133.005
2025-05-14 09:12:50,133.004,133.005,133.004,133.005
2025-05-14 09:12:55,133.005,133.012,133.005,133.012
2025-05-14 09:13:00,133.014,133.02,133.014,133.019
2025-05-14 09:13:05,133.019,133.019,133.011,133.011
2025-05-14 09:13:10,133.002,133.003,133.002,133.003
2025-05-14 09:13:15,133.003,133.003,132.996,132.997
2025-05-14 09:13:20,132.996,132.999,132.996,132.999
2025-05-14 09:13:25,133.001,133.003,132.998,132.998
2025-05-14 09:13:30,132.998,133.003,132.992,132.992
2025-05-14 09:13:35,132.992,132.992,132.986,132.988
2025-05-14 09:13:40,132.988,132.988,132.977,132.978
2025-05-14 09:13:45,132.978,132.979,132.971,132.975
2025-05-14 09:13:50,132.975,132.976,132.973,132.975
2025-05-14 09:13:55,132.975,132.975,132.966,132.966
2025-05-14 09:14:00,132.966,132.977,132.966,132.971
2025-05-14 09:14:05,132.971,132.98,132.971,132.977
2025-05-14 09:14:10,132.977,132.98,132.976,132.978
2025-05-14 09:14:15,132.978,132.978,132.969,132.971
2025-05-14 09:14:20,132.971,132.972,132.97,132.972
2025-05-14 09:14:25,132.974,132.979,132.971,132.978
2025-05-14 09:14:30,132.978,132.978,132.969,132.972
2025-05-14 09:14:35,132.972,132.973,132.97,132.973
2025-05-14 09:14:40,132.973,132.973,132.968,132.968
2025-05-14 09:14:45,132.968,132.972,132.967,132.972
2025-05-14 09:14:50,132.972,132.975,132.971,132.972
2025-05-14 09:14:55,132.972,132.975,132.972,132.975
2025-05-14 09:15:00,132.975,132.982,132.973,132.982
2025-05-14 09:15:05,132.983,132.985,132.981,132.981
2025-05-14 09:15:10,132.981,132.986,132.98,132.986
2025-05-14 09:15:15,132.987,132.989,132.984,132.984
2025-05-14 09:15:20,132.984,132.984,132.974,132.975
2025-05-14 09:15:25,132.976,132.979,132.969,132.97
2025-05-14 09:15:30,132.968,132.971,132.968,132.971
2025-05-14 09:15:35,132.971,132.977,132.971,132.977
2025-05-14 09:15:40,132.977,132.978,132.974,132.978
2025-05-14 09:15:45,132.977,132.977,132.974,132.976
2025-05-14 09:15:50,132.977,132.977,132.973,132.973
2025-05-14 09:15:55,132.971,132.979,132.971,132.979
2025-05-14 09:16:00,132.979,132.98,132.972,132.972
2025-05-14 09:16:05,132.972,132.978,132.972,132.975
2025-05-14 09:16:10,132.975,132.975,132.972,132.974
2025-05-14 09:16:15,132.963,132.972,132.963,132.968
2025-05-14 09:16:20,132.964,132.966,132.961,132.966
2025-05-14 09:16:25,132.969,132.969,132.967,132.969
2025-05-14 09:16:30,132.973,132.978,132.973,132.974
2025-05-14 09:16:35,132.978,132.978,132.974,132.974
2025-05-14 09:16:40,132.974,132.983,132.972,132.983
2025-05-14 09:16:45,132.979,132.987,132.979,132.987
2025-05-14 09:16:50,132.986,132.989,132.98,132.989
2025-05-14 09:16:55,132.989,132.989,132.987,132.988
2025-05-14 09:17:00,132.988,132.99,132.988,132.988
2025-05-14 09:17:05,132.988,132.988,132.987,132.987
2025-05-14 09:17:10,132.988,132.989,132.978,132.98
2025-05-14 09:17:15,132.978,132.981,132.977,132.981
2025-05-14 09:17:20,132.981,132.981,132.97,132.97
2025-05-14 09:17:25,132.968,132.972,132.967,132.97
2025-05-14 09:17:30,132.97,132.976,132.969,132.976
2025-05-14 09:17:35,132.974,132.974,132.973,132.974
2025-05-14 09:17:40,132.974,132.98,132.969,132.98
2025-05-14 09:17:45,132.982,132.993,132.982,132.993
2025-05-14 09:17:50,132.993,132.998,132.991,132.997
2025-05-14 09:17:55,132.997,132.998,132.992,132.994
2025-05-14 09:18:00,132.994,132.997,132.994,132.995
2025-05-14 09:18:05,132.997,132.999,132.996,132.998
2025-05-14 09:18:10,132.994,132.996,132.994,132.994
2025-05-14 09:18:15,132.992,132.995,132.99,132.995
2025-05-14 09:18:20,132.995,132.997,132.994,132.994
2025-05-14 09:18:25,132.993,132.994,132.991,132.994
2025-05-14 09:18:30,132.994,132.994,132.988,132.989
2025-05-14 09:18:35,132.989,132.989,132.984,132.988
2025-05-14 09:18:40,132.988,132.998,132.987,132.998
2025-05-14 09:18:45,132.998,133,132.994,132.994
2025-05-14 09:18:50,132.996,132.996,132.988,132.988
2025-05-14 09:18:55,132.988,132.989,132.988,132.989
2025-05-14 09:19:00,132.989,132.989,132.984,132.984
2025-05-14 09:19:05,132.984,132.984,132.979,132.979
2025-05-14 09:19:10,132.982,132.987,132.981,132.985
2025-05-14 09:19:15,132.985,132.987,132.985,132.985
2025-05-14 09:19:20,132.985,132.991,132.984,132.99
2025-05-14 09:19:25,132.99,132.99,132.987,132.987
2025-05-14 09:19:30,132.987,132.987,132.982,132.982
2025-05-14 09:19:35,132.983,132.983,132.978,132.978
2025-05-14 09:19:40,132.978,132.978,132.974,132.974
2025-05-14 09:19:45,132.974,132.982,132.974,132.982
2025-05-14 09:19:50,132.982,132.983,132.976,132.976
2025-05-14 09:19:55,132.977,132.979,132.977,132.979
2025-05-14 09:20:00,132.979,132.985,132.978,132.985
2025-05-14 09:20:05,132.985,132.985,132.981,132.984
2025-05-14 09:20:10,132.985,132.985,132.978,132.978
2025-05-14 09:20:15,132.978,132.981,132.975,132.979
2025-05-14 09:20:20,132.979,132.987,132.979,132.986
2025-05-14 09:20:25,132.986,132.986,132.973,132.976
2025-05-14 09:20:30,132.976,132.979,132.976,132.978
2025-05-14 09:20:35,132.978,132.985,132.978,132.983
2025-05-14 09:20:40,132.985,132.985,132.978,132.978
2025-05-14 09:20:45,132.98,132.987,132.976,132.987
2025-05-14 09:20:50,132.986,132.986,132.977,132.977
2025-05-14 09:20:55,132.978,132.98,132.978,132.979
2025-05-14 09:21:00,132.98,133.004,132.98,133.004
2025-05-14 09:21:05,133.004,133.005,133.001,133.005
2025-05-14 09:21:10,133.004,133.004,132.999,133
2025-05-14 09:21:15,133,133,132.992,132.994
2025-05-14 09:21:20,132.992,132.996,132.983,132.983
2025-05-14 09:21:25,132.985,132.992,132.985,132.992
2025-05-14 09:21:30,132.99,132.993,132.99,132.993
2025-05-14 09:21:35,132.993,132.999,132.993,132.997
2025-05-14 09:21:40,132.997,132.998,132.996,132.996
2025-05-14 09:21:45,132.995,132.995,132.988,132.989
2025-05-14 09:21:50,132.989,132.991,132.988,132.99
2025-05-14 09:21:55,132.99,132.99,132.985,132.986
2025-05-14 09:22:00,132.984,132.987,132.981,132.986
2025-05-14 09:22:05,132.986,132.989,132.985,132.987
2025-05-14 09:22:10,132.986,132.986,132.979,132.979
2025-05-14 09:22:15,132.979,132.984,132.979,132.984
2025-05-14 09:22:20,132.986,132.991,132.985,132.986
2025-05-14 09:22:25,132.986,132.988,132.983,132.983
2025-05-14 09:22:30,132.983,132.987,132.983,132.987
2025-05-14 09:22:35,132.987,132.987,132.984,132.985
2025-05-14 09:22:40,132.985,132.988,132.985,132.988
2025-05-14 09:22:45,132.988,132.992,132.986,132.988
2025-05-14 09:22:50,132.99,132.994,132.99,132.992
2025-05-14 09:22:55,132.993,132.993,132.989,132.992
2025-05-14 09:23:00,132.992,132.997,132.989,132.997
2025-05-14 09:23:05,132.997,132.998,132.996,132.996
2025-05-14 09:23:10,132.996,133,132.996,133
2025-05-14 09:23:15,132.997,132.997,132.993,132.995
2025-05-14 09:23:20,132.996,132.996,132.991,132.991
2025-05-14 09:23:25,132.991,132.992,132.987,132.987
2025-05-14 09:23:30,132.987,132.994,132.987,132.99
2025-05-14 09:23:35,132.986,132.986,132.978,132.98
2025-05-14 09:23:40,132.98,132.981,132.979,132.98
2025-05-14 09:23:45,132.98,132.98,132.976,132.979
2025-05-14 09:23:50,132.979,132.982,132.978,132.982
2025-05-14 09:23:55,132.984,132.988,132.983,132.986
2025-05-14 09:24:00,132.987,132.993,132.987,132.993
2025-05-14 09:24:05,132.993,132.996,132.989,132.995
2025-05-14 09:24:10,132.995,132.998,132.993,132.993
2025-05-14 09:24:15,132.993,132.994,132.991,132.992
2025-05-14 09:24:20,132.992,132.993,132.991,132.992
2025-05-14 09:24:25,132.992,133.002,132.991,133.001
2025-05-14 09:24:30,133.001,133.004,133.001,133.001
2025-05-14 09:24:35,133.001,133.002,132.994,132.996
2025-05-14 09:24:40,132.995,132.995,132.974,132.974
2025-05-14 09:24:45,132.974,132.979,132.972,132.978
2025-05-14 09:24:50,132.978,132.981,132.978,132.98
2025-05-14 09:24:55,132.979,132.979,132.972,132.975
2025-05-14 09:25:00,132.977,132.978,132.974,132.974
2025-05-14 09:25:05,132.974,132.977,132.971,132.974
2025-05-14 09:25:10,132.974,132.974,132.968,132.968
2025-05-14 09:25:15,132.968,132.968,132.965,132.966
2025-05-14 09:25:20,132.965,132.965,132.961,132.962
2025-05-14 09:25:25,132.962,132.97,132.962,132.969
2025-05-14 09:25:30,132.969,132.975,132.969,132.973
2025-05-14 09:25:35,132.972,132.972,132.966,132.972
2025-05-14 09:25:40,132.968,132.968,132.957,132.96
2025-05-14 09:25:45,132.96,132.962,132.96,132.962
2025-05-14 09:25:50,132.962,132.962,132.956,132.956
2025-05-14 09:25:55,132.956,132.956,132.954,132.955
2025-05-14 09:26:00,132.955,132.958,132.953,132.953
2025-05-14 09:26:05,132.953,132.958,132.951,132.958
2025-05-14 09:26:10,132.958,132.96,132.946,132.946
2025-05-14 09:26:15,132.946,132.946,132.938,132.938
2025-05-14 09:26:20,132.937,132.938,132.933,132.937
2025-05-14 09:26:25,132.939,132.953,132.939,132.948
2025-05-14 09:26:30,132.948,132.954,132.947,132.954
2025-05-14 09:26:35,132.954,132.961,132.954,132.961
2025-05-14 09:26:40,132.961,132.961,132.956,132.957
2025-05-14 09:26:45,132.958,132.958,132.949,132.951
2025-05-14 09:26:50,132.951,132.953,132.951,132.953
2025-05-14 09:26:55,132.953,132.957,132.952,132.952
2025-05-14 09:27:00,132.953,132.953,132.951,132.951
2025-05-14 09:27:05,132.953,132.954,132.951,132.952
2025-05-14 09:27:10,132.952,132.954,132.951,132.952
2025-05-14 09:27:15,132.952,132.954,132.947,132.952
2025-05-14 09:27:20,132.946,132.946,132.942,132.944
2025-05-14 09:27:25,132.941,132.95,132.941,132.95
2025-05-14 09:27:30,132.954,132.954,132.948,132.951
2025-05-14 09:27:35,132.951,132.961,132.95,132.961
2025-05-14 09:27:40,132.961,132.963,132.953,132.954
2025-05-14 09:27:45,132.954,132.962,132.954,132.962
2025-05-14 09:27:50,132.961,132.971,132.961,132.97
2025-05-14 09:27:55,132.97,132.978,132.969,132.978
2025-05-14 09:28:00,132.978,132.978,132.972,132.973
2025-05-14 09:28:05,132.973,132.977,132.973,132.977
2025-05-14 09:28:10,132.976,132.976,132.974,132.974
2025-05-14 09:28:15,132.974,132.974,132.97,132.972
2025-05-14 09:28:20,132.975,132.978,132.975,132.978
2025-05-14 09:28:25,132.977,132.977,132.971,132.971
2025-05-14 09:28:30,132.971,132.971,132.965,132.965
2025-05-14 09:28:35,132.965,132.965,132.957,132.963
2025-05-14 09:28:40,132.964,132.976,132.964,132.976
2025-05-14 09:28:45,132.974,132.974,132.97,132.971
2025-05-14 09:28:50,132.971,132.975,132.971,132.975
2025-05-14 09:28:55,132.975,132.977,132.974,132.976
2025-05-14 09:29:00,132.978,132.981,132.975,132.975
2025-05-14 09:29:05,132.973,132.977,132.973,132.974
2025-05-14 09:29:10,132.975,132.987,132.975,132.987
2025-05-14 09:29:15,132.987,132.987,132.974,132.974
2025-05-14 09:29:20,132.975,132.977,132.973,132.976
2025-05-14 09:29:25,132.976,132.977,132.976,132.976
2025-05-14 09:29:30,132.974,132.974,132.971,132.971
2025-05-14 09:29:35,132.971,132.972,132.969,132.969
2025-05-14 09:29:40,132.971,132.976,132.97,132.975
2025-05-14 09:29:45,132.975,132.976,132.97,132.974
2025-05-14 09:29:50,132.974,132.974,132.963,132.966
2025-05-14 09:29:55,132.966,132.967,132.959,132.959
2025-05-14 09:30:00,132.959,132.961,132.955,132.955
2025-05-14 09:30:05,132.957,132.957,132.953,132.955
2025-05-14 09:30:10,132.955,132.961,132.955,132.96
2025-05-14 09:30:15,132.96,132.96,132.951,132.953
2025-05-14 09:30:20,132.951,132.963,132.95,132.963
2025-05-14 09:30:25,132.962,132.964,132.961,132.963
2025-05-14 09:30:30,132.963,132.966,132.96,132.964
2025-05-14 09:30:35,132.964,132.969,132.962,132.969
2025-05-14 09:30:40,132.969,132.969,132.966,132.969
2025-05-14 09:30:45,132.967,132.968,132.962,132.962
2025-05-14 09:30:50,132.962,132.966,132.962,132.962
2025-05-14 09:30:55,132.962,132.963,132.959,132.961
2025-05-14 09:31:00,132.971,132.981,132.971,132.981
2025-05-14 09:31:05,132.981,132.987,132.981,132.987
2025-05-14 09:31:10,132.987,132.989,132.98,132.989
2025-05-14 09:31:15,132.989,132.991,132.978,132.978
2025-05-14 09:31:20,132.978,132.978,132.975,132.975
2025-05-14 09:31:25,132.975,132.975,132.972,132.974
2025-05-14 09:31:30,132.974,132.979,132.974,132.979
2025-05-14 09:31:35,132.979,132.982,132.979,132.981
2025-05-14 09:31:40,132.99,132.99,132.985,132.985
2025-05-14 09:31:45,132.98,132.984,132.977,132.984
2025-05-14 09:31:50,132.985,132.989,132.985,132.987
2025-05-14 09:31:55,132.988,132.997,132.988,132.997
2025-05-14 09:32:00,132.997,132.997,132.994,132.996
2025-05-14 09:32:05,132.995,132.998,132.993,132.997
2025-05-14 09:32:10,132.997,132.997,132.987,132.993
2025-05-14 09:32:15,132.993,132.993,132.988,132.988
2025-05-14 09:32:20,132.988,132.988,132.976,132.977
2025-05-14 09:32:25,132.973,132.974,132.971,132.974
2025-05-14 09:32:30,132.974,132.978,132.974,132.978
2025-05-14 09:32:35,132.974,132.979,132.974,132.979
2025-05-14 09:32:40,132.979,132.98,132.976,132.98
2025-05-14 09:32:45,132.982,132.992,132.982,132.99
2025-05-14 09:32:50,132.991,132.993,132.99,132.993
2025-05-14 09:32:55,132.99,132.99,132.982,132.982
2025-05-14 09:33:00,132.982,132.994,132.982,132.994
2025-05-14 09:33:05,132.992,133,132.992,133
2025-05-14 09:33:10,133,133.003,132.998,133.003
2025-05-14 09:33:15,133.002,133.002,132.995,132.998
2025-05-14 09:33:20,132.998,132.998,132.993,132.994
2025-05-14 09:33:25,132.994,132.994,132.992,132.992
2025-05-14 09:33:30,132.992,132.993,132.99,132.99
2025-05-14 09:33:35,132.989,132.989,132.983,132.986
2025-05-14 09:33:40,132.986,132.988,132.983,132.988
2025-05-14 09:33:45,132.988,132.995,132.988,132.995
2025-05-14 09:33:50,132.995,133,132.995,132.998
2025-05-14 09:33:55,132.997,132.999,132.995,132.996
2025-05-14 09:34:00,132.996,132.996,132.991,132.991
2025-05-14 09:34:05,132.99,132.991,132.973,132.973
2025-05-14 09:34:10,132.974,132.977,132.974,132.976
2025-05-14 09:34:15,132.975,132.979,132.973,132.977
2025-05-14 09:34:20,132.977,132.978,132.972,132.974
2025-05-14 09:34:25,132.974,132.98,132.974,132.979
2025-05-14 09:34:30,132.979,132.98,132.976,132.978
2025-05-14 09:34:35,132.978,132.989,132.978,132.989
2025-05-14 09:34:40,132.989,132.998,132.989,132.992
2025-05-14 09:34:45,132.993,132.996,132.993,132.996
2025-05-14 09:34:50,132.996,133.005,132.996,133.005
2025-05-14 09:34:55,133.006,133.006,132.993,132.993
2025-05-14 09:35:00,132.993,132.993,132.985,132.986
2025-05-14 09:35:05,132.986,132.993,132.986,132.989
2025-05-14 09:35:10,132.989,132.99,132.987,132.987
2025-05-14 09:35:15,132.985,132.989,132.98,132.98
2025-05-14 09:35:20,132.98,132.98,132.971,132.976
2025-05-14 09:35:25,132.981,132.983,132.979,132.982
2025-05-14 09:35:30,132.982,132.994,132.982,132.983
2025-05-14 09:35:35,132.984,132.986,132.982,132.982
2025-05-14 09:35:40,132.982,132.982,132.966,132.966
2025-05-14 09:35:45,132.966,132.966,132.961,132.964
2025-05-14 09:35:50,132.968,132.969,132.966,132.969
2025-05-14 09:35:55,132.969,132.973,132.968,132.973
2025-05-14 09:36:00,132.973,132.973,132.969,132.969
2025-05-14 09:36:05,132.969,132.979,132.969,132.979
2025-05-14 09:36:10,132.98,132.981,132.979,132.981
2025-05-14 09:36:15,132.981,132.992,132.981,132.99
2025-05-14 09:36:20,132.99,132.99,132.98,132.987
2025-05-14 09:36:25,132.987,132.987,132.985,132.986
2025-05-14 09:36:30,132.986,133.006,132.986,133.004
2025-05-14 09:36:35,133.003,133.016,133.003,133.014
2025-05-14 09:36:40,133.014,133.017,133.013,133.013
2025-05-14 09:36:45,133.013,133.019,133.013,133.014
2025-05-14 09:36:50,133.014,133.016,133.012,133.012
2025-05-14 09:36:55,133.012,133.012,133.006,133.006
2025-05-14 09:37:00,133.006,133.006,133.001,133.001
2025-05-14 09:37:05,133.001,133.003,132.998,132.998
2025-05-14 09:37:10,132.998,133.003,132.995,133.003
2025-05-14 09:37:15,133.003,133.017,133.003,133.017
2025-05-14 09:37:20,133.017,133.029,133.017,133.029
2025-05-14 09:37:25,133.029,133.031,133.027,133.028
2025-05-14 09:37:30,133.028,133.032,133.026,133.03
2025-05-14 09:37:35,133.029,133.029,133.028,133.029
2025-05-14 09:37:40,133.029,133.031,133.028,133.029
2025-05-14 09:37:45,133.029,133.03,133.028,133.028
2025-05-14 09:37:50,133.028,133.029,133.027,133.027
2025-05-14 09:37:55,133.027,133.029,133.027,133.029
2025-05-14 09:38:00,133.029,133.031,133.023,133.024
2025-05-14 09:38:05,133.023,133.028,133.021,133.026
2025-05-14 09:38:10,133.023,133.031,133.023,133.031
2025-05-14 09:38:15,133.032,133.036,133.032,133.036
2025-05-14 09:38:20,133.035,133.035,133.029,133.032
2025-05-14 09:38:25,133.034,133.036,133.025,133.027
2025-05-14 09:38:30,133.025,133.031,133.024,133.031
2025-05-14 09:38:35,133.032,133.035,133.032,133.035
2025-05-14 09:38:40,133.037,133.037,133.033,133.034
2025-05-14 09:38:45,133.035,133.036,133.034,133.034
2025-05-14 09:38:50,133.034,133.038,133.033,133.038
2025-05-14 09:38:55,133.038,133.039,133.034,133.035
2025-05-14 09:39:00,133.034,133.037,133.033,133.033
2025-05-14 09:39:05,133.033,133.037,133.032,133.037
2025-05-14 09:39:10,133.036,133.036,133.028,133.031
2025-05-14 09:39:15,133.032,133.037,133.032,133.035
2025-05-14 09:39:20,133.033,133.034,133.026,133.034
2025-05-14 09:39:25,133.033,133.033,133.032,133.033
2025-05-14 09:39:30,133.032,133.033,133.03,133.032
2025-05-14 09:39:35,133.031,133.037,133.029,133.037
2025-05-14 09:39:40,133.037,133.045,133.037,133.043
2025-05-14 09:39:45,133.044,133.044,133.035,133.035
2025-05-14 09:39:50,133.035,133.049,133.035,133.044
2025-05-14 09:39:55,133.043,133.043,133.037,133.037
2025-05-14 09:40:00,133.037,133.045,133.037,133.045
2025-05-14 09:40:05,133.045,133.047,133.039,133.039
2025-05-14 09:40:10,133.039,133.04,133.035,133.035
2025-05-14 09:40:15,133.037,133.049,133.037,133.049
2025-05-14 09:40:20,133.049,133.049,133.044,133.045
2025-05-14 09:40:25,133.046,133.046,133.042,133.043
2025-05-14 09:40:30,133.043,133.043,133.036,133.039
2025-05-14 09:40:35,133.035,133.035,133.03,133.03
2025-05-14 09:40:40,133.03,133.034,133.03,133.033
2025-05-14 09:40:45,133.033,133.041,133.031,133.041
2025-05-14 09:40:50,133.041,133.044,133.04,133.042
2025-05-14 09:40:55,133.045,133.06,133.045,133.06
2025-05-14 09:41:00,133.056,133.057,133.053,133.056
2025-05-14 09:41:05,133.056,133.062,133.054,133.062
2025-05-14 09:41:10,133.062,133.062,133.054,133.06
2025-05-14 09:41:15,133.059,133.059,133.05,133.055
2025-05-14 09:41:20,133.051,133.052,133.051,133.052
2025-05-14 09:41:25,133.052,133.055,133.048,133.055
2025-05-14 09:41:30,133.055,133.06,133.055,133.056
2025-05-14 09:41:35,133.056,133.062,133.051,133.062
2025-05-14 09:41:40,133.063,133.066,133.062,133.066
2025-05-14 09:41:45,133.066,133.083,133.065,133.083
2025-05-14 09:41:50,133.083,133.088,133.083,133.088
2025-05-14 09:41:55,133.088,133.089,133.085,133.085
2025-05-14 09:42:00,133.086,133.087,133.084,133.084
2025-05-14 09:42:05,133.084,133.09,133.084,133.09
2025-05-14 09:42:10,133.09,133.095,133.081,133.081
2025-05-14 09:42:15,133.08,133.081,133.078,133.081
2025-05-14 09:42:20,133.079,133.079,133.078,133.078
2025-05-14 09:42:25,133.078,133.079,133.075,133.075
2025-05-14 09:42:30,133.075,133.079,133.073,133.079
2025-05-14 09:42:35,133.079,133.079,133.076,133.078
2025-05-14 09:42:40,133.078,133.08,133.077,133.078
2025-05-14 09:42:45,133.078,133.087,133.078,133.087
2025-05-14 09:42:50,133.087,133.087,133.084,133.084
2025-05-14 09:42:55,133.086,133.086,133.082,133.082
2025-05-14 09:43:00,133.082,133.083,133.08,133.083
2025-05-14 09:43:05,133.082,133.085,133.081,133.085
2025-05-14 09:43:10,133.085,133.085,133.078,133.08
2025-05-14 09:43:15,133.078,133.081,133.078,133.081
2025-05-14 09:43:20,133.081,133.083,133.081,133.083
2025-05-14 09:43:25,133.083,133.088,133.081,133.088
2025-05-14 09:43:30,133.091,133.091,133.083,133.083
2025-05-14 09:43:35,133.083,133.083,133.077,133.079
2025-05-14 09:43:40,133.079,133.079,133.072,133.072
2025-05-14 09:43:45,133.071,133.071,133.064,133.066
2025-05-14 09:43:50,133.065,133.066,133.061,133.065
2025-05-14 09:43:55,133.062,133.063,133.057,133.063
2025-05-14 09:44:00,133.064,133.064,133.055,133.055
2025-05-14 09:44:05,133.055,133.058,133.055,133.058
2025-05-14 09:44:10,133.058,133.074,133.057,133.074
2025-05-14 09:44:15,133.073,133.073,133.06,133.06
2025-05-14 09:44:20,133.058,133.058,133.046,133.047
2025-05-14 09:44:25,133.047,133.048,133.044,133.048
2025-05-14 09:44:30,133.048,133.05,133.046,133.05
2025-05-14 09:44:35,133.05,133.051,133.047,133.047
2025-05-14 09:44:40,133.047,133.051,133.044,133.051
2025-05-14 09:44:45,133.051,133.058,133.05,133.058
2025-05-14 09:44:50,133.055,133.06,133.05,133.06
2025-05-14 09:44:55,133.06,133.068,133.06,133.068
2025-05-14 09:45:00,133.067,133.067,133.062,133.063
2025-05-14 09:45:05,133.063,133.066,133.063,133.065
2025-05-14 09:45:10,133.065,133.067,133.056,133.067
2025-05-14 09:45:15,133.067,133.068,133.063,133.064
2025-05-14 09:45:20,133.064,133.069,133.063,133.069
2025-05-14 09:45:25,133.068,133.073,133.068,133.07
2025-05-14 09:45:30,133.07,133.075,133.07,133.074
2025-05-14 09:45:35,133.074,133.074,133.068,133.069
2025-05-14 09:45:40,133.068,133.081,133.068,133.081
2025-05-14 09:45:45,133.082,133.082,133.078,133.078
2025-05-14 09:45:50,133.078,133.079,133.075,133.079
2025-05-14 09:45:55,133.079,133.083,133.079,133.083
2025-05-14 09:46:00,133.083,133.087,133.078,133.078
2025-05-14 09:46:05,133.076,133.079,133.074,133.074
2025-05-14 09:46:10,133.075,133.081,133.073,133.074
2025-05-14 09:46:15,133.074,133.08,133.074,133.077
2025-05-14 09:46:20,133.079,133.082,133.079,133.082
2025-05-14 09:46:25,133.081,133.081,133.077,133.077
2025-05-14 09:46:30,133.078,133.084,133.078,133.082
2025-05-14 09:46:35,133.082,133.083,133.08,133.083
2025-05-14 09:46:40,133.082,133.086,133.078,133.079
2025-05-14 09:46:45,133.08,133.08,133.078,133.078
2025-05-14 09:46:50,133.078,133.08,133.069,133.071
2025-05-14 09:46:55,133.071,133.071,133.065,133.065
2025-05-14 09:47:00,133.065,133.067,133.065,133.067
2025-05-14 09:47:05,133.066,133.066,133.059,133.061
2025-05-14 09:47:10,133.061,133.067,133.061,133.064
2025-05-14 09:47:15,133.064,133.065,133.063,133.063
2025-05-14 09:47:20,133.063,133.063,133.057,133.061
2025-05-14 09:47:25,133.063,133.067,133.063,133.066
2025-05-14 09:47:30,133.066,133.067,133.061,133.061
2025-05-14 09:47:35,133.061,133.061,133.053,133.054
2025-05-14 09:47:40,133.064,133.064,133.061,133.064
2025-05-14 09:47:45,133.062,133.067,133.062,133.064
2025-05-14 09:47:50,133.064,133.068,133.064,133.067
2025-05-14 09:47:55,133.067,133.072,133.066,133.07
2025-05-14 09:48:00,133.07,133.071,133.066,133.067
2025-05-14 09:48:05,133.073,133.077,133.072,133.072
2025-05-14 09:48:10,133.072,133.072,133.067,133.071
2025-05-14 09:48:15,133.071,133.073,133.067,133.067
2025-05-14 09:48:20,133.068,133.068,133.062,133.064
2025-05-14 09:48:25,133.065,133.065,133.062,133.064
2025-05-14 09:48:30,133.064,133.064,133.061,133.062
2025-05-14 09:48:35,133.062,133.062,133.058,133.059
2025-05-14 09:48:40,133.059,133.059,133.055,133.057
2025-05-14 09:48:45,133.057,133.059,133.049,133.049
2025-05-14 09:48:50,133.049,133.053,133.047,133.053
2025-05-14 09:48:55,133.053,133.055,133.05,133.055
2025-05-14 09:49:00,133.055,133.056,133.041,133.041
2025-05-14 09:49:05,133.041,133.046,133.04,133.045
2025-05-14 09:49:10,133.045,133.056,133.045,133.056
2025-05-14 09:49:15,133.056,133.07,133.056,133.065
2025-05-14 09:49:20,133.065,133.07,133.063,133.07
2025-05-14 09:49:25,133.069,133.069,133.053,133.057
2025-05-14 09:49:30,133.057,133.058,133.056,133.056
2025-05-14 09:49:35,133.056,133.059,133.056,133.058
2025-05-14 09:49:40,133.058,133.058,133.055,133.058
2025-05-14 09:49:45,133.063,133.065,133.058,133.058
2025-05-14 09:49:50,133.058,133.058,133.052,133.053
2025-05-14 09:49:55,133.054,133.059,133.052,133.059
2025-05-14 09:50:00,133.059,133.059,133.054,133.054
2025-05-14 09:50:05,133.053,133.053,133.045,133.045
2025-05-14 09:50:10,133.045,133.045,133.037,133.037
2025-05-14 09:50:15,133.037,133.037,133.029,133.029
2025-05-14 09:50:20,133.029,133.029,133.023,133.023
2025-05-14 09:50:25,133.023,133.026,133.023,133.026
2025-05-14 09:50:30,133.027,133.029,133.026,133.029
2025-05-14 09:50:35,133.03,133.03,133.015,133.015
2025-05-14 09:50:40,133.015,133.022,133.015,133.021
2025-05-14 09:50:45,133.022,133.022,133.021,133.022
2025-05-14 09:50:50,133.022,133.022,133.02,133.021
2025-05-14 09:50:55,133.022,133.023,133.021,133.021
2025-05-14 09:51:00,133.021,133.024,133.018,133.024
2025-05-14 09:51:05,133.023,133.024,133.02,133.024
2025-05-14 09:51:10,133.025,133.034,133.025,133.034
2025-05-14 09:51:15,133.034,133.037,133.034,133.034
2025-05-14 09:51:20,133.034,133.036,133.027,133.029
2025-05-14 09:51:25,133.029,133.029,133.028,133.029
2025-05-14 09:51:30,133.029,133.035,133.029,133.035
2025-05-14 09:51:35,133.034,133.038,133.032,133.038
2025-05-14 09:51:40,133.038,133.041,133.037,133.039
2025-05-14 09:51:45,133.039,133.042,133.039,133.04
2025-05-14 09:51:50,133.04,133.04,133.035,133.035
2025-05-14 09:51:55,133.035,133.041,133.035,133.041
2025-05-14 09:52:00,133.041,133.043,133.035,133.038
2025-05-14 09:52:05,133.039,133.039,133.035,133.038
2025-05-14 09:52:10,133.036,133.038,133.036,133.037
2025-05-14 09:52:15,133.037,133.037,133.033,133.033
2025-05-14 09:52:20,133.033,133.036,133.033,133.034
2025-05-14 09:52:25,133.034,133.04,133.034,133.039
2025-05-14 09:52:30,133.039,133.04,133.036,133.036
2025-05-14 09:52:35,133.036,133.036,133.031,133.031
2025-05-14 09:52:40,133.031,133.036,133.03,133.036
2025-05-14 09:52:45,133.037,133.037,133.032,133.032
2025-05-14 09:52:50,133.032,133.042,133.032,133.042
2025-05-14 09:52:55,133.042,133.051,133.042,133.051
2025-05-14 09:53:00,133.051,133.051,133.035,133.04
2025-05-14 09:53:05,133.04,133.04,133.037,133.038
2025-05-14 09:53:10,133.038,133.047,133.038,133.047
2025-05-14 09:53:15,133.047,133.054,133.045,133.054
2025-05-14 09:53:20,133.054,133.056,133.046,133.046
2025-05-14 09:53:25,133.044,133.046,133.042,133.043
2025-05-14 09:53:30,133.041,133.042,133.04,133.042
2025-05-14 09:53:35,133.042,133.044,133.036,133.036
2025-05-14 09:53:40,133.036,133.036,133.031,133.031
2025-05-14 09:53:45,133.031,133.033,133.026,133.027
2025-05-14 09:53:50,133.024,133.025,133.022,133.023
2025-05-14 09:53:55,133.023,133.026,133.023,133.026
2025-05-14 09:54:00,133.026,133.026,133.022,133.023
2025-05-14 09:54:05,133.023,133.036,133.023,133.028
2025-05-14 09:54:10,133.028,133.028,133.026,133.026
2025-05-14 09:54:15,133.026,133.028,133.025,133.028
2025-05-14 09:54:20,133.028,133.036,133.026,133.031
2025-05-14 09:54:25,133.031,133.034,133.03,133.03
2025-05-14 09:54:30,133.03,133.037,133.029,133.029
2025-05-14 09:54:35,133.029,133.032,133.025,133.027
2025-05-14 09:54:40,133.027,133.034,133.027,133.034
2025-05-14 09:54:45,133.039,133.041,133.039,133.04
2025-05-14 09:54:50,133.04,133.041,133.039,133.041
2025-05-14 09:54:55,133.045,133.045,133.037,133.04
2025-05-14 09:55:00,133.041,133.041,133.028,133.028
2025-05-14 09:55:05,133.028,133.03,133.025,133.026
2025-05-14 09:55:10,133.027,133.029,133.022,133.029
2025-05-14 09:55:15,133.031,133.031,133.029,133.03
2025-05-14 09:55:20,133.033,133.036,133.033,133.036
2025-05-14 09:55:25,133.036,133.037,133.033,133.035
2025-05-14 09:55:30,133.036,133.04,133.036,133.039
2025-05-14 09:55:35,133.039,133.041,133.037,133.041
2025-05-14 09:55:40,133.041,133.045,133.041,133.045
2025-05-14 09:55:45,133.045,133.046,133.041,133.042
2025-05-14 09:55:50,133.035,133.038,133.033,133.038
2025-05-14 09:55:55,133.034,133.034,133.031,133.032
2025-05-14 09:56:00,133.037,133.038,133.033,133.037
2025-05-14 09:56:05,133.037,133.037,133.031,133.031
2025-05-14 09:56:10,133.03,133.033,133.028,133.032
2025-05-14 09:56:15,133.032,133.032,133.03,133.032
2025-05-14 09:56:20,133.043,133.044,133.04,133.043
2025-05-14 09:56:25,133.043,133.043,133.037,133.041
2025-05-14 09:56:30,133.044,133.046,133.042,133.046
2025-05-14 09:56:35,133.046,133.054,133.043,133.054
2025-05-14 09:56:40,133.055,133.057,133.052,133.053
2025-05-14 09:56:45,133.053,133.053,133.051,133.052
2025-05-14 09:56:50,133.052,133.052,133.05,133.052
2025-05-14 09:56:55,133.057,133.061,133.054,133.054
2025-05-14 09:57:00,133.052,133.057,133.05,133.056
2025-05-14 09:57:05,133.056,133.056,133.043,133.046
2025-05-14 09:57:10,133.044,133.046,133.042,133.045
2025-05-14 09:57:15,133.045,133.047,133.044,133.046
2025-05-14 09:57:20,133.046,133.052,133.046,133.052
2025-05-14 09:57:25,133.052,133.055,133.048,133.048
2025-05-14 09:57:30,133.048,133.05,133.047,133.05
2025-05-14 09:57:35,133.052,133.058,133.052,133.058
2025-05-14 09:57:40,133.058,133.069,133.058,133.067
2025-05-14 09:57:45,133.067,133.071,133.067,133.068
2025-05-14 09:57:50,133.071,133.08,133.069,133.08
2025-05-14 09:57:55,133.08,133.08,133.076,133.078
2025-05-14 09:58:00,133.078,133.083,133.078,133.082
2025-05-14 09:58:05,133.082,133.085,133.08,133.084
2025-05-14 09:58:10,133.084,133.087,133.071,133.071
2025-05-14 09:58:15,133.074,133.077,133.072,133.072
2025-05-14 09:58:20,133.072,133.072,133.068,133.072
2025-05-14 09:58:25,133.072,133.072,133.065,133.065
2025-05-14 09:58:30,133.065,133.079,133.065,133.079
2025-05-14 09:58:35,133.077,133.078,133.073,133.075
2025-05-14 09:58:40,133.075,133.075,133.065,133.065
2025-05-14 09:58:45,133.065,133.067,133.062,133.063
2025-05-14 09:58:50,133.063,133.067,133.058,133.058
2025-05-14 09:58:55,133.058,133.062,133.056,133.062
2025-05-14 09:59:00,133.062,133.068,133.062,133.068
2025-05-14 09:59:05,133.068,133.068,133.061,133.061
2025-05-14 09:59:10,133.061,133.061,133.056,133.056
2025-05-14 09:59:15,133.056,133.056,133.054,133.054
2025-05-14 09:59:20,133.054,133.061,133.054,133.061
2025-05-14 09:59:25,133.061,133.064,133.061,133.064
2025-05-14 09:59:30,133.064,133.068,133.064,133.064
2025-05-14 09:59:35,133.066,133.068,133.065,133.065
2025-05-14 09:59:40,133.065,133.075,133.065,133.075
2025-05-14 09:59:45,133.075,133.077,133.072,133.072
2025-05-14 09:59:50,133.072,133.078,133.07,133.078
2025-05-14 09:59:55,133.078,133.082,133.078,133.08
2025-05-14 10:00:00,133.08,133.08,133.074,133.074
2025-05-14 10:00:05,133.074,133.076,133.074,133.076
2025-05-14 10:00:10,133.077,133.077,133.072,133.072
2025-05-14 10:00:15,133.072,133.073,133.069,133.073
2025-05-14 10:00:20,133.076,133.079,133.075,133.079
2025-05-14 10:00:25,133.079,133.086,133.074,133.086
2025-05-14 10:00:30,133.086,133.091,133.085,133.09
2025-05-14 10:00:35,133.089,133.089,133.082,133.082
2025-05-14 10:00:40,133.088,133.088,133.084,133.085
2025-05-14 10:00:45,133.087,133.09,133.087,133.09
2025-05-14 10:00:50,133.089,133.09,133.087,133.09
2025-05-14 10:00:55,133.088,133.091,133.085,133.091
2025-05-14 10:01:00,133.086,133.089,133.084,133.089
2025-05-14 10:01:05,133.092,133.093,133.089,133.093
2025-05-14 10:01:10,133.093,133.093,133.081,133.083
2025-05-14 10:01:15,133.082,133.082,133.078,133.079
2025-05-14 10:01:20,133.079,133.08,133.067,133.067
2025-05-14 10:01:25,133.065,133.079,133.065,133.079
2025-05-14 10:01:30,133.079,133.079,133.072,133.072
2025-05-14 10:01:35,133.07,133.076,133.069,133.076
2025-05-14 10:01:40,133.077,133.082,133.077,133.081
2025-05-14 10:01:45,133.082,133.092,133.082,133.09
2025-05-14 10:01:50,133.09,133.092,133.09,133.09
2025-05-14 10:01:55,133.092,133.095,133.092,133.092
2025-05-14 10:02:00,133.091,133.096,133.088,133.09
2025-05-14 10:02:05,133.092,133.095,133.09,133.09
2025-05-14 10:02:10,133.09,133.092,133.089,133.091
2025-05-14 10:02:15,133.091,133.091,133.086,133.088
2025-05-14 10:02:20,133.088,133.093,133.088,133.093
2025-05-14 10:02:25,133.093,133.093,133.089,133.089
2025-05-14 10:02:30,133.089,133.09,133.086,133.088
2025-05-14 10:02:35,133.077,133.077,133.075,133.076
2025-05-14 10:02:40,133.075,133.08,133.075,133.08
2025-05-14 10:02:45,133.079,133.08,133.078,133.08
2025-05-14 10:02:50,133.08,133.084,133.08,133.082
2025-05-14 10:02:55,133.082,133.088,133.082,133.088
2025-05-14 10:03:00,133.087,133.097,133.082,133.097
2025-05-14 10:03:05,133.097,133.098,133.097,133.098
2025-05-14 10:03:10,133.098,133.101,133.089,133.091
2025-05-14 10:03:15,133.091,133.091,133.088,133.09
2025-05-14 10:03:20,133.093,133.096,133.092,133.093
2025-05-14 10:03:25,133.092,133.095,133.09,133.095
2025-05-14 10:03:30,133.095,133.095,133.093,133.094
2025-05-14 10:03:35,133.094,133.094,133.092,133.093
2025-05-14 10:03:40,133.095,133.095,133.093,133.095
2025-05-14 10:03:45,133.095,133.1,133.092,133.092
2025-05-14 10:03:50,133.092,133.092,133.083,133.084
2025-05-14 10:03:55,133.084,133.085,133.077,133.077
2025-05-14 10:04:00,133.072,133.08,133.072,133.08
2025-05-14 10:04:05,133.08,133.081,133.078,133.078
2025-05-14 10:04:10,133.078,133.078,133.066,133.068
2025-05-14 10:04:15,133.068,133.071,133.066,133.066
2025-05-14 10:04:20,133.066,133.076,133.066,133.076
2025-05-14 10:04:25,133.078,133.082,133.078,133.079
2025-05-14 10:04:30,133.079,133.083,133.079,133.082
2025-05-14 10:04:35,133.082,133.086,133.08,133.082
2025-05-14 10:04:40,133.082,133.086,133.082,133.083
2025-05-14 10:04:45,133.084,133.089,133.084,133.088
2025-05-14 10:04:50,133.088,133.091,133.083,133.083
2025-05-14 10:04:55,133.083,133.085,133.081,133.082
2025-05-14 10:05:00,133.082,133.091,133.082,133.088
2025-05-14 10:05:05,133.088,133.089,133.086,133.089
2025-05-14 10:05:10,133.089,133.09,133.088,133.089
2025-05-14 10:05:15,133.089,133.092,133.087,133.09
2025-05-14 10:05:20,133.087,133.087,133.081,133.081
2025-05-14 10:05:25,133.081,133.085,133.081,133.084
2025-05-14 10:05:30,133.084,133.085,133.081,133.081
2025-05-14 10:05:35,133.081,133.081,133.077,133.08
2025-05-14 10:05:40,133.078,133.078,133.067,133.067
2025-05-14 10:05:45,133.067,133.074,133.065,133.074
2025-05-14 10:05:50,133.074,133.074,133.072,133.072
2025-05-14 10:05:55,133.072,133.073,133.065,133.065
2025-05-14 10:06:00,133.066,133.074,133.066,133.074
2025-05-14 10:06:05,133.069,133.073,133.069,133.073
2025-05-14 10:06:10,133.073,133.077,133.071,133.076
2025-05-14 10:06:15,133.076,133.078,133.07,133.071
2025-05-14 10:06:20,133.071,133.071,133.069,133.071
2025-05-14 10:06:25,133.067,133.067,133.063,133.064
2025-05-14 10:06:30,133.061,133.061,133.048,133.053
2025-05-14 10:06:35,133.055,133.062,133.055,133.061
2025-05-14 10:06:40,133.061,133.061,133.058,133.058
2025-05-14 10:06:45,133.058,133.059,133.058,133.059
2025-05-14 10:06:50,133.06,133.062,133.059,133.059
2025-05-14 10:06:55,133.06,133.063,133.06,133.063
2025-05-14 10:07:00,133.063,133.064,133.053,133.053
2025-05-14 10:07:05,133.054,133.058,133.054,133.057
2025-05-14 10:07:10,133.055,133.055,133.05,133.051
2025-05-14 10:07:15,133.053,133.053,133.031,133.031
2025-05-14 10:07:20,133.031,133.037,133.03,133.037
2025-05-14 10:07:25,133.035,133.035,133.024,133.024
2025-05-14 10:07:30,133.024,133.029,133.021,133.022
2025-05-14 10:07:35,133.024,133.025,133.022,133.025
2025-05-14 10:07:40,133.025,133.025,133.017,133.02
2025-05-14 10:07:45,133.02,133.027,133.02,133.027
2025-05-14 10:07:50,133.026,133.027,133.023,133.024
2025-05-14 10:07:55,133.024,133.028,133.023,133.023
2025-05-14 10:08:00,133.023,133.023,133.014,133.014
2025-05-14 10:08:05,133.008,133.011,133.007,133.008
2025-05-14 10:08:10,133.009,133.012,133.009,133.011
2025-05-14 10:08:15,133.011,133.011,133.006,133.008
2025-05-14 10:08:20,133.008,133.014,133.008,133.014
2025-05-14 10:08:25,133.013,133.013,133.007,133.007
2025-05-14 10:08:30,133.006,133.007,132.995,132.996
2025-05-14 10:08:35,132.997,132.997,132.991,132.994
2025-05-14 10:08:40,132.994,133,132.994,132.998
2025-05-14 10:08:45,132.999,133.01,132.997,133.01
2025-05-14 10:08:50,133.01,133.01,133.002,133.002
2025-05-14 10:08:55,133.002,133.005,132.999,132.999
2025-05-14 10:09:00,132.999,133.002,132.996,132.999
2025-05-14 10:09:05,133,133.003,133,133.002
2025-05-14 10:09:10,133.002,133.01,133.001,133.008
2025-05-14 10:09:15,133.008,133.008,133.005,133.007
2025-05-14 10:09:20,133.007,133.014,133.007,133.011
2025-05-14 10:09:25,133.011,133.011,133.006,133.008
2025-05-14 10:09:30,133.006,133.014,133.006,133.011
2025-05-14 10:09:35,133.013,133.013,133.007,133.007
2025-05-14 10:09:40,133.007,133.007,133.005,133.007
2025-05-14 10:09:45,133.007,133.01,133.007,133.009
2025-05-14 10:09:50,133.008,133.011,133.008,133.009
2025-05-14 10:09:55,133.009,133.011,132.998,132.998
2025-05-14 10:10:00,132.998,133.005,132.997,133.002
2025-05-14 10:10:05,133.001,133.008,132.999,133.008
2025-05-14 10:10:10,133.008,133.013,133.008,133.012
2025-05-14 10:10:15,133.013,133.02,133.007,133.018
2025-05-14 10:10:20,133.018,133.02,133.017,133.017
2025-05-14 10:10:25,133.017,133.025,133.017,133.022
2025-05-14 10:10:30,133.022,133.022,133.013,133.014
2025-05-14 10:10:35,133.014,133.016,133.013,133.015
2025-05-14 10:10:40,133.015,133.023,133.015,133.023
2025-05-14 10:10:45,133.023,133.024,133.022,133.024
2025-05-14 10:10:50,133.023,133.027,133.023,133.024
2025-05-14 10:10:55,133.024,133.038,133.022,133.037
2025-05-14 10:11:00,133.037,133.041,133.034,133.034
2025-05-14 10:11:05,133.034,133.037,133.033,133.034
2025-05-14 10:11:10,133.035,133.039,133.033,133.035
2025-05-14 10:11:15,133.035,133.038,133.031,133.038
2025-05-14 10:11:20,133.038,133.041,133.038,133.041
2025-05-14 10:11:25,133.041,133.045,133.041,133.045
2025-05-14 10:11:30,133.045,133.051,133.045,133.049
2025-05-14 10:11:35,133.053,133.054,133.044,133.044
2025-05-14 10:11:40,133.044,133.052,133.04,133.04
2025-05-14 10:11:45,133.04,133.043,133.04,133.041
2025-05-14 10:11:50,133.042,133.045,133.041,133.045
2025-05-14 10:11:55,133.045,133.054,133.044,133.05
2025-05-14 10:12:00,133.05,133.053,133.049,133.053
2025-05-14 10:12:05,133.053,133.053,133.052,133.052
2025-05-14 10:12:10,133.05,133.05,133.044,133.046
2025-05-14 10:12:15,133.044,133.044,133.04,133.042
2025-05-14 10:12:20,133.043,133.045,133.042,133.044
2025-05-14 10:12:25,133.044,133.05,133.041,133.041
2025-05-14 10:12:30,133.038,133.039,133.036,133.036
2025-05-14 10:12:35,133.036,133.037,133.036,133.036
2025-05-14 10:12:40,133.036,133.05,133.036,133.05
2025-05-14 10:12:45,133.05,133.05,133.048,133.05
2025-05-14 10:12:50,133.05,133.061,133.049,133.061
2025-05-14 10:12:55,133.06,133.066,133.06,133.066
2025-05-14 10:13:00,133.065,133.065,133.061,133.064
2025-05-14 10:13:05,133.062,133.062,133.055,133.058
2025-05-14 10:13:10,133.059,133.06,133.058,133.059
2025-05-14 10:13:15,133.059,133.064,133.058,133.064
2025-05-14 10:13:20,133.064,133.064,133.06,133.061
2025-05-14 10:13:25,133.061,133.061,133.059,133.059
2025-05-14 10:13:30,133.059,133.061,133.059,133.06
2025-05-14 10:13:35,133.058,133.067,133.058,133.067
2025-05-14 10:13:40,133.067,133.067,133.064,133.067
2025-05-14 10:13:45,133.067,133.067,133.059,133.059
2025-05-14 10:13:50,133.057,133.057,133.053,133.054
2025-05-14 10:13:55,133.054,133.061,133.053,133.061
2025-05-14 10:14:00,133.061,133.069,133.061,133.067
2025-05-14 10:14:05,133.067,133.067,133.062,133.062
2025-05-14 10:14:10,133.062,133.064,133.054,133.061
2025-05-14 10:14:15,133.061,133.062,133.057,133.057
2025-05-14 10:14:20,133.057,133.057,133.054,133.056
2025-05-14 10:14:25,133.056,133.06,133.055,133.055
2025-05-14 10:14:30,133.054,133.058,133.054,133.058
2025-05-14 10:14:35,133.057,133.057,133.046,133.046
2025-05-14 10:14:40,133.048,133.048,133.033,133.033
2025-05-14 10:14:45,133.033,133.033,133.029,133.03
2025-05-14 10:14:50,133.03,133.035,133.03,133.035
2025-05-14 10:14:55,133.036,133.038,133.034,133.036
2025-05-14 10:15:00,133.038,133.038,133.033,133.035
2025-05-14 10:15:05,133.035,133.042,133.035,133.042
2025-05-14 10:15:10,133.042,133.043,133.037,133.037
2025-05-14 10:15:15,133.036,133.038,133.034,133.036
2025-05-14 10:15:20,133.035,133.046,133.034,133.046
2025-05-14 10:15:25,133.046,133.046,133.043,133.044
2025-05-14 10:15:30,133.044,133.051,133.043,133.05
2025-05-14 10:15:35,133.052,133.052,133.044,133.044
2025-05-14 10:15:40,133.043,133.044,133.028,133.028
2025-05-14 10:15:45,133.028,133.031,133.027,133.028
2025-05-14 10:15:50,133.028,133.028,133.024,133.027
2025-05-14 10:15:55,133.025,133.025,133.014,133.015
2025-05-14 10:16:00,133.016,133.016,133.014,133.014
2025-05-14 10:16:05,133.014,133.018,133.014,133.017
2025-05-14 10:16:10,133.017,133.024,133.016,133.021
2025-05-14 10:16:15,133.021,133.024,133.02,133.02
2025-05-14 10:16:20,133.02,133.021,133.017,133.02
2025-05-14 10:16:25,133.02,133.023,133.016,133.016
2025-05-14 10:16:30,133.016,133.027,133.016,133.026
2025-05-14 10:16:35,133.026,133.027,133.024,133.025
2025-05-14 10:16:40,133.024,133.024,133.017,133.017
2025-05-14 10:16:45,133.017,133.023,133.017,133.023
2025-05-14 10:16:50,133.023,133.028,133.023,133.028
2025-05-14 10:16:55,133.028,133.028,133.024,133.024
2025-05-14 10:17:00,133.025,133.029,133.025,133.028
2025-05-14 10:17:05,133.028,133.029,133.024,133.029
2025-05-14 10:17:10,133.029,133.033,133.028,133.03
2025-05-14 10:17:15,133.03,133.03,133.026,133.027
2025-05-14 10:17:20,133.028,133.028,133.024,133.025
2025-05-14 10:17:25,133.025,133.025,133.011,133.011
2025-05-14 10:17:30,133.011,133.014,133.01,133.01
2025-05-14 10:17:35,133.01,133.012,133.008,133.008
2025-05-14 10:17:40,133.006,133.014,133.006,133.014
2025-05-14 10:17:45,133.014,133.02,133.013,133.02
2025-05-14 10:17:50,133.02,133.027,133.02,133.02
2025-05-14 10:17:55,133.02,133.021,133.016,133.016
2025-05-14 10:18:00,133.015,133.021,133.015,133.015
2025-05-14 10:18:05,133.015,133.016,133.012,133.015
2025-05-14 10:18:10,133.015,133.016,133.008,133.01
2025-05-14 10:18:15,133.009,133.016,133.009,133.016
2025-05-14 10:18:20,133.015,133.015,133.007,133.007
2025-05-14 10:18:25,133.007,133.007,133.001,133.007
2025-05-14 10:18:30,133.007,133.007,133.001,133.007
2025-05-14 10:18:35,133.008,133.01,133.006,133.01
2025-05-14 10:18:40,133.008,133.009,133.004,133.004
2025-05-14 10:18:45,133.004,133.006,133.002,133.006
2025-05-14 10:18:50,133.006,133.015,133.004,133.015
2025-05-14 10:18:55,133.015,133.015,133.001,133.001
2025-05-14 10:19:00,133,133.002,133,133.001
2025-05-14 10:19:05,133,133,132.989,132.99
2025-05-14 10:19:10,132.99,132.995,132.99,132.993
2025-05-14 10:19:15,132.993,132.995,132.991,132.991
2025-05-14 10:19:20,132.991,132.996,132.991,132.996
2025-05-14 10:19:25,132.996,132.996,132.992,132.992
2025-05-14 10:19:30,132.991,132.991,132.99,132.99
2025-05-14 10:19:35,132.99,132.994,132.99,132.992
2025-05-14 10:19:40,132.993,132.998,132.993,132.996
2025-05-14 10:19:45,132.997,133,132.995,132.998
2025-05-14 10:19:50,132.998,133,132.997,132.999
2025-05-14 10:19:55,132.999,133.001,132.988,132.988
2025-05-14 10:20:00,132.989,132.995,132.989,132.994
2025-05-14 10:20:05,132.992,132.993,132.991,132.993
2025-05-14 10:20:10,132.993,132.993,132.992,132.992
2025-05-14 10:20:15,132.992,133.003,132.992,133.003
2025-05-14 10:20:20,133.001,133.003,133,133.002
2025-05-14 10:20:25,132.999,133.001,132.997,133.001
2025-05-14 10:20:30,132.998,133.004,132.997,133.004
2025-05-14 10:20:35,133.004,133.01,133.004,133.006
2025-05-14 10:20:40,133.003,133.003,133,133
2025-05-14 10:20:45,133,133.001,132.997,132.997
2025-05-14 10:20:50,132.997,132.997,132.995,132.997
2025-05-14 10:20:55,132.997,132.998,132.995,132.996
2025-05-14 10:21:00,132.992,132.993,132.987,132.987
2025-05-14 10:21:05,132.988,132.988,132.987,132.988
2025-05-14 10:21:10,132.991,132.995,132.99,132.99
2025-05-14 10:21:15,132.99,132.992,132.986,132.992
2025-05-14 10:21:20,132.989,132.989,132.973,132.973
2025-05-14 10:21:25,132.973,132.98,132.972,132.972
2025-05-14 10:21:30,132.968,132.971,132.955,132.955
2025-05-14 10:21:35,132.955,132.959,132.955,132.957
2025-05-14 10:21:40,132.957,132.958,132.953,132.953
2025-05-14 10:21:45,132.95,132.95,132.945,132.945
2025-05-14 10:21:50,132.951,132.957,132.947,132.954
2025-05-14 10:21:55,132.954,132.954,132.949,132.949
2025-05-14 10:22:00,132.949,132.949,132.937,132.938
2025-05-14 10:22:05,132.931,132.933,132.931,132.933
2025-05-14 10:22:10,132.933,132.933,132.93,132.933
2025-05-14 10:22:15,132.933,132.934,132.931,132.932
2025-05-14 10:22:20,132.932,132.935,132.925,132.926
2025-05-14 10:22:25,132.925,132.929,132.925,132.927
2025-05-14 10:22:30,132.927,132.927,132.917,132.917
2025-05-14 10:22:35,132.917,132.928,132.916,132.928
2025-05-14 10:22:40,132.925,132.933,132.925,132.931
2025-05-14 10:22:45,132.931,132.932,132.928,132.93
2025-05-14 10:22:50,132.93,132.938,132.93,132.938
2025-05-14 10:22:55,132.938,132.948,132.938,132.948
2025-05-14 10:23:00,132.948,132.954,132.943,132.954
2025-05-14 10:23:05,132.955,132.959,132.955,132.959
2025-05-14 10:23:10,132.959,132.96,132.958,132.96
2025-05-14 10:23:15,132.96,132.962,132.96,132.962
2025-05-14 10:23:20,132.96,132.96,132.955,132.955
2025-05-14 10:23:25,132.955,132.967,132.953,132.967
2025-05-14 10:23:30,132.967,132.969,132.964,132.964
2025-05-14 10:23:35,132.964,132.965,132.963,132.964
2025-05-14 10:23:40,132.963,132.963,132.949,132.949
2025-05-14 10:23:45,132.948,132.948,132.946,132.946
2025-05-14 10:23:50,132.946,132.948,132.945,132.945
2025-05-14 10:23:55,132.945,132.947,132.943,132.944
2025-05-14 10:24:00,132.944,132.945,132.943,132.944
2025-05-14 10:24:05,132.944,132.944,132.942,132.942
2025-05-14 10:24:10,132.942,132.942,132.937,132.937
2025-05-14 10:24:15,132.94,132.94,132.938,132.939
2025-05-14 10:24:20,132.939,132.939,132.937,132.938
2025-05-14 10:24:25,132.938,132.941,132.938,132.939
2025-05-14 10:24:30,132.939,132.942,132.932,132.932
2025-05-14 10:24:35,132.93,132.93,132.928,132.928
2025-05-14 10:24:40,132.928,132.928,132.921,132.921
2025-05-14 10:24:45,132.92,132.922,132.918,132.919
2025-05-14 10:24:50,132.919,132.92,132.917,132.92
2025-05-14 10:24:55,132.92,132.921,132.918,132.921
2025-05-15 06:06:45,132.813,132.813,132.813,132.813
2025-05-15 06:06:50,132.813,132.823,132.813,132.821
2025-05-15 06:06:55,132.821,132.821,132.808,132.809
2025-05-15 06:07:00,132.808,132.811,132.803,132.803
2025-05-15 06:07:05,132.803,132.806,132.794,132.794
2025-05-15 06:07:10,132.794,132.794,132.788,132.792
2025-05-15 06:07:15,132.792,132.792,132.79,132.791
2025-05-15 06:07:20,132.791,132.792,132.788,132.789
2025-05-15 06:07:25,132.793,132.793,132.79,132.79
2025-05-15 06:07:30,132.79,132.791,132.788,132.791
2025-05-15 06:07:35,132.791,132.792,132.787,132.787
2025-05-15 06:07:40,132.787,132.79,132.785,132.785
2025-05-15 06:07:45,132.785,132.788,132.785,132.786
2025-05-15 06:07:50,132.786,132.786,132.773,132.773
2025-05-15 06:07:55,132.773,132.775,132.772,132.774
2025-05-15 06:08:00,132.777,132.778,132.775,132.776
2025-05-15 06:08:05,132.774,132.778,132.774,132.775
2025-05-15 06:08:10,132.775,132.775,132.768,132.768
2025-05-15 06:08:15,132.769,132.775,132.764,132.764
2025-05-15 06:08:20,132.765,132.77,132.765,132.77
2025-05-15 06:08:25,132.77,132.781,132.77,132.781
2025-05-15 06:08:30,132.78,132.78,132.778,132.778
2025-05-15 06:08:35,132.78,132.78,132.772,132.773
2025-05-15 06:08:40,132.773,132.775,132.771,132.771
2025-05-15 06:08:45,132.771,132.774,132.769,132.771
2025-05-15 06:08:50,132.769,132.77,132.767,132.767
2025-05-15 06:08:55,132.767,132.771,132.756,132.757
2025-05-15 06:09:00,132.756,132.761,132.756,132.756
2025-05-15 06:09:05,132.755,132.762,132.755,132.761
2025-05-15 06:09:10,132.761,132.761,132.756,132.756
2025-05-15 06:09:15,132.756,132.762,132.755,132.762
2025-05-15 06:09:20,132.763,132.764,132.76,132.761
2025-05-15 06:09:25,132.763,132.771,132.763,132.771
2025-05-15 06:09:30,132.771,132.779,132.771,132.775
2025-05-15 06:09:35,132.775,132.78,132.775,132.78
2025-05-15 06:09:40,132.779,132.78,132.775,132.78
2025-05-15 06:09:45,132.78,132.794,132.779,132.794
2025-05-15 06:09:50,132.794,132.799,132.794,132.799
2025-05-15 06:09:55,132.797,132.797,132.782,132.784
2025-05-15 06:10:00,132.787,132.789,132.785,132.789
2025-05-15 06:10:05,132.789,132.796,132.789,132.795
2025-05-15 06:10:10,132.797,132.799,132.794,132.794
2025-05-15 06:10:15,132.794,132.794,132.784,132.784
2025-05-15 06:10:20,132.784,132.784,132.78,132.783
2025-05-15 06:10:25,132.783,132.79,132.783,132.788
2025-05-15 06:10:30,132.782,132.787,132.779,132.787
2025-05-15 06:10:35,132.787,132.787,132.784,132.785
2025-05-15 06:10:40,132.785,132.785,132.781,132.781
2025-05-15 06:10:45,132.781,132.781,132.777,132.777
2025-05-15 06:10:50,132.78,132.783,132.779,132.783
2025-05-15 06:10:55,132.783,132.783,132.77,132.77
2025-05-15 06:11:00,132.77,132.77,132.759,132.759
2025-05-15 06:11:05,132.758,132.761,132.75,132.75
2025-05-15 06:11:10,132.749,132.75,132.747,132.75
2025-05-15 06:11:15,132.75,132.754,132.749,132.753
2025-05-15 06:11:20,132.753,132.755,132.753,132.754
2025-05-15 06:11:25,132.754,132.754,132.75,132.75
2025-05-15 06:11:30,132.75,132.76,132.75,132.756
2025-05-15 06:11:35,132.756,132.759,132.756,132.759
2025-05-15 06:11:40,132.759,132.764,132.759,132.763
2025-05-15 06:11:45,132.761,132.763,132.76,132.763
2025-05-15 06:11:50,132.763,132.763,132.76,132.761
2025-05-15 06:11:55,132.761,132.771,132.761,132.771
2025-05-15 06:12:00,132.771,132.777,132.771,132.777
2025-05-15 06:12:05,132.776,132.779,132.776,132.776
2025-05-15 06:12:10,132.783,132.783,132.781,132.783
2025-05-15 06:12:15,132.783,132.796,132.783,132.796
2025-05-15 06:12:20,132.796,132.804,132.796,132.803
2025-05-15 06:12:25,132.808,132.809,132.808,132.809
2025-05-15 06:12:30,132.809,132.815,132.809,132.814
2025-05-15 06:12:35,132.814,132.815,132.813,132.813
2025-05-15 06:12:40,132.813,132.815,132.811,132.813
2025-05-15 06:12:45,132.814,132.814,132.802,132.812
2025-05-15 06:12:50,132.81,132.816,132.809,132.816
2025-05-15 06:12:55,132.816,132.823,132.814,132.823
2025-05-15 06:13:00,132.823,132.823,132.813,132.813
2025-05-15 06:13:05,132.815,132.815,132.815,132.815
2025-05-15 06:13:10,132.815,132.818,132.814,132.815
2025-05-15 06:13:15,132.815,132.818,132.815,132.815
2025-05-15 06:13:20,132.815,132.823,132.815,132.82
2025-05-15 06:13:25,132.819,132.82,132.815,132.815
2025-05-15 06:13:30,132.815,132.819,132.814,132.819
2025-05-15 06:13:35,132.821,132.829,132.821,132.829
2025-05-15 06:13:40,132.829,132.832,132.828,132.829
2025-05-15 06:13:45,132.828,132.83,132.828,132.829
2025-05-15 06:13:50,132.839,132.84,132.833,132.833
2025-05-15 06:13:55,132.833,132.838,132.833,132.834
2025-05-15 06:14:00,132.834,132.836,132.832,132.834
2025-05-15 06:14:05,132.834,132.834,132.829,132.831
2025-05-15 06:14:10,132.83,132.832,132.83,132.832
2025-05-15 06:14:15,132.832,132.832,132.826,132.826
2025-05-15 06:14:20,132.824,132.832,132.821,132.832
2025-05-15 06:14:25,132.832,132.837,132.831,132.831
2025-05-15 06:14:30,132.832,132.833,132.832,132.832
2025-05-15 06:14:35,132.832,132.832,132.828,132.83
2025-05-15 06:14:40,132.832,132.834,132.828,132.828
2025-05-15 06:14:45,132.833,132.834,132.829,132.831
2025-05-15 06:14:50,132.829,132.832,132.827,132.828
2025-05-15 06:14:55,132.828,132.834,132.827,132.834
2025-05-15 06:15:00,132.832,132.834,132.83,132.833
2025-05-15 06:15:05,132.834,132.835,132.829,132.829
2025-05-15 06:15:10,132.828,132.829,132.823,132.823
2025-05-15 06:15:15,132.823,132.825,132.822,132.824
2025-05-15 06:15:20,132.825,132.83,132.824,132.824
2025-05-15 06:15:25,132.824,132.829,132.824,132.826
2025-05-15 06:15:30,132.829,132.841,132.829,132.837
2025-05-15 06:15:35,132.838,132.84,132.838,132.84
2025-05-15 06:15:40,132.843,132.845,132.84,132.845
2025-05-15 06:15:45,132.845,132.851,132.844,132.844
2025-05-15 06:15:50,132.845,132.85,132.843,132.843
2025-05-15 06:15:55,132.842,132.844,132.841,132.844
2025-05-15 06:16:00,132.844,132.844,132.836,132.836
2025-05-15 06:16:05,132.836,132.839,132.836,132.838
2025-05-15 06:16:10,132.838,132.84,132.834,132.834
2025-05-15 06:16:15,132.835,132.841,132.835,132.841
2025-05-15 06:16:20,132.841,132.844,132.841,132.843
2025-05-15 06:16:25,132.843,132.847,132.842,132.842
2025-05-15 06:16:30,132.842,132.842,132.836,132.836
2025-05-15 06:16:35,132.834,132.834,132.83,132.83
2025-05-15 06:16:40,132.83,132.832,132.826,132.826
2025-05-15 06:16:45,132.826,132.836,132.825,132.834
2025-05-15 06:16:50,132.834,132.837,132.834,132.834
2025-05-15 06:16:55,132.832,132.835,132.829,132.829
2025-05-15 06:17:00,132.829,132.831,132.825,132.831
2025-05-15 06:17:05,132.831,132.831,132.827,132.829
2025-05-15 06:17:10,132.829,132.829,132.827,132.828
2025-05-15 06:17:15,132.828,132.828,132.821,132.825
2025-05-15 06:17:20,132.825,132.83,132.825,132.827
2025-05-15 06:17:25,132.827,132.827,132.819,132.822
2025-05-15 06:17:30,132.819,132.819,132.814,132.816
2025-05-15 06:17:35,132.817,132.823,132.815,132.823
2025-05-15 06:17:40,132.823,132.823,132.821,132.822
2025-05-15 06:17:45,132.822,132.823,132.821,132.821
2025-05-15 06:17:50,132.821,132.823,132.816,132.816
2025-05-15 06:17:55,132.815,132.818,132.814,132.818
2025-05-15 06:18:00,132.818,132.822,132.815,132.815
2025-05-15 06:18:05,132.815,132.815,132.811,132.812
2025-05-15 06:18:10,132.81,132.814,132.806,132.814
2025-05-15 06:18:15,132.813,132.813,132.81,132.811
2025-05-15 06:18:20,132.811,132.82,132.804,132.82
2025-05-15 06:18:25,132.82,132.825,132.82,132.825
2025-05-15 06:18:30,132.825,132.831,132.825,132.831
2025-05-15 06:18:35,132.832,132.837,132.832,132.837
2025-05-15 06:18:40,132.837,132.838,132.835,132.835
2025-05-15 06:18:45,132.835,132.837,132.829,132.837
2025-05-15 06:18:50,132.836,132.843,132.836,132.843
2025-05-15 06:18:55,132.843,132.843,132.842,132.842
2025-05-15 06:19:00,132.842,132.843,132.838,132.839
2025-05-15 06:19:05,132.839,132.843,132.839,132.841
2025-05-15 06:19:10,132.841,132.841,132.838,132.838
2025-05-15 06:19:15,132.839,132.839,132.83,132.83
2025-05-15 06:19:20,132.83,132.85,132.83,132.85
2025-05-15 06:19:25,132.85,132.85,132.847,132.85
2025-05-15 06:19:30,132.853,132.854,132.852,132.854
2025-05-15 06:19:35,132.856,132.857,132.852,132.856
2025-05-15 06:19:40,132.854,132.858,132.854,132.858
2025-05-15 06:19:45,132.857,132.862,132.855,132.861
2025-05-15 06:19:50,132.861,132.864,132.86,132.86
2025-05-15 06:19:55,132.864,132.87,132.864,132.868
2025-05-15 06:20:00,132.868,132.871,132.868,132.871
2025-05-15 06:20:05,132.869,132.872,132.869,132.872
2025-05-15 06:20:10,132.872,132.874,132.863,132.864
2025-05-15 06:20:15,132.862,132.863,132.848,132.849
2025-05-15 06:20:20,132.849,132.852,132.848,132.849
2025-05-15 06:20:25,132.853,132.857,132.853,132.857
2025-05-15 06:20:30,132.857,132.858,132.855,132.855
2025-05-15 06:20:35,132.854,132.854,132.846,132.846
2025-05-15 06:20:40,132.843,132.845,132.841,132.841
2025-05-15 06:20:45,132.841,132.852,132.841,132.851
2025-05-15 06:20:50,132.851,132.851,132.843,132.843
2025-05-15 06:20:55,132.846,132.85,132.846,132.85
2025-05-15 06:21:00,132.855,132.856,132.848,132.849
2025-05-15 06:21:05,132.851,132.853,132.85,132.853
2025-05-15 06:21:10,132.853,132.856,132.852,132.856
2025-05-15 06:21:15,132.856,132.857,132.854,132.857
2025-05-15 06:21:20,132.859,132.859,132.852,132.853
2025-05-15 06:21:25,132.851,132.853,132.849,132.849
2025-05-15 06:21:30,132.849,132.85,132.848,132.85
2025-05-15 06:21:35,132.848,132.85,132.842,132.842
2025-05-15 06:21:40,132.841,132.843,132.841,132.841
2025-05-15 06:21:45,132.841,132.844,132.841,132.844
2025-05-15 06:21:50,132.844,132.844,132.839,132.842
2025-05-15 06:21:55,132.843,132.847,132.843,132.845
2025-05-15 06:22:00,132.839,132.839,132.839,132.839
2025-05-15 06:22:05,132.839,132.846,132.839,132.843
2025-05-15 06:22:10,132.843,132.843,132.841,132.841
2025-05-15 06:22:15,132.841,132.859,132.841,132.857
2025-05-15 06:22:20,132.857,132.857,132.853,132.853
2025-05-15 06:22:25,132.853,132.858,132.853,132.856
2025-05-15 06:22:30,132.856,132.872,132.856,132.872
2025-05-15 06:22:35,132.872,132.873,132.869,132.869
2025-05-15 06:22:40,132.869,132.871,132.864,132.864
2025-05-15 06:22:45,132.864,132.864,132.861,132.864
2025-05-15 06:22:50,132.864,132.867,132.862,132.867
2025-05-15 06:22:55,132.867,132.867,132.856,132.856
2025-05-15 06:23:00,132.856,132.856,132.853,132.856
2025-05-15 06:23:05,132.856,132.86,132.856,132.86
2025-05-15 06:23:10,132.86,132.864,132.859,132.859
2025-05-15 06:23:15,132.86,132.863,132.859,132.863
2025-05-15 06:23:20,132.863,132.863,132.854,132.854
2025-05-15 06:23:25,132.854,132.861,132.854,132.856
2025-05-15 06:23:30,132.856,132.858,132.854,132.858
2025-05-15 06:23:35,132.858,132.86,132.856,132.86
2025-05-15 06:23:40,132.859,132.861,132.858,132.858
2025-05-15 06:23:45,132.858,132.864,132.856,132.857
2025-05-15 06:23:50,132.857,132.867,132.857,132.867
2025-05-15 06:23:55,132.865,132.865,132.863,132.865
2025-05-15 06:24:00,132.866,132.875,132.866,132.874
2025-05-15 06:24:05,132.874,132.877,132.874,132.877
2025-05-15 06:24:10,132.877,132.879,132.877,132.879
2025-05-15 06:24:15,132.879,132.879,132.874,132.874
2025-05-15 06:24:20,132.874,132.877,132.867,132.867
2025-05-15 06:24:25,132.867,132.87,132.867,132.87
2025-05-15 06:24:30,132.87,132.874,132.869,132.873
2025-05-15 06:24:35,132.864,132.866,132.862,132.864
2025-05-15 06:24:40,132.864,132.864,132.861,132.861
2025-05-15 06:24:45,132.861,132.864,132.859,132.859
2025-05-15 06:24:50,132.859,132.86,132.858,132.86
2025-05-15 06:24:55,132.86,132.861,132.855,132.855
2025-05-15 06:25:00,132.859,132.863,132.857,132.863
2025-05-15 06:25:05,132.863,132.865,132.862,132.865
2025-05-15 06:25:10,132.865,132.865,132.858,132.865
2025-05-15 06:25:15,132.865,132.868,132.865,132.868
2025-05-15 06:25:20,132.867,132.867,132.864,132.864
2025-05-15 06:25:25,132.863,132.865,132.86,132.86
2025-05-15 06:25:30,132.859,132.868,132.859,132.867
2025-05-15 06:25:35,132.867,132.867,132.862,132.864
2025-05-15 06:25:40,132.866,132.866,132.852,132.852
2025-05-15 06:25:45,132.852,132.854,132.846,132.846
2025-05-15 06:25:50,132.846,132.847,132.842,132.847
2025-05-15 06:25:55,132.847,132.849,132.845,132.846
2025-05-15 06:26:00,132.846,132.847,132.843,132.847
2025-05-15 06:26:05,132.847,132.851,132.846,132.851
2025-05-15 06:26:10,132.855,132.865,132.855,132.86
2025-05-15 06:26:15,132.86,132.86,132.853,132.854
2025-05-15 06:26:20,132.854,132.856,132.853,132.856
2025-05-15 06:26:25,132.856,132.858,132.854,132.858
2025-05-15 06:26:30,132.858,132.866,132.857,132.864
2025-05-15 06:26:35,132.864,132.866,132.863,132.866
2025-05-15 06:26:40,132.866,132.866,132.855,132.857
2025-05-15 06:26:45,132.857,132.859,132.855,132.859
2025-05-15 06:26:50,132.859,132.865,132.859,132.863
2025-05-15 06:26:55,132.863,132.877,132.862,132.877
2025-05-15 06:27:00,132.877,132.879,132.875,132.877
2025-05-15 06:27:05,132.877,132.877,132.876,132.877
2025-05-15 06:27:10,132.878,132.878,132.875,132.875
2025-05-15 06:27:15,132.875,132.882,132.875,132.88
2025-05-15 06:27:20,132.88,132.882,132.874,132.876
2025-05-15 06:27:25,132.876,132.879,132.873,132.873
2025-05-15 06:27:30,132.873,132.877,132.868,132.868
2025-05-15 06:27:35,132.868,132.879,132.868,132.878
2025-05-15 06:27:40,132.878,132.878,132.875,132.875
2025-05-15 06:27:45,132.875,132.876,132.874,132.874
2025-05-15 06:27:50,132.878,132.883,132.878,132.883
2025-05-15 06:27:55,132.883,132.886,132.876,132.883
2025-05-15 06:28:00,132.881,132.881,132.879,132.881
2025-05-15 06:28:05,132.882,132.884,132.882,132.882
2025-05-15 06:28:10,132.884,132.884,132.866,132.866
2025-05-15 06:28:15,132.866,132.872,132.866,132.871
2025-05-15 06:28:20,132.869,132.869,132.864,132.864
2025-05-15 06:28:25,132.862,132.864,132.856,132.856
2025-05-15 06:28:30,132.856,132.867,132.856,132.867
2025-05-15 06:28:35,132.867,132.869,132.866,132.866
2025-05-15 06:28:40,132.866,132.866,132.863,132.866
2025-05-15 06:28:45,132.87,132.877,132.869,132.877
2025-05-15 06:28:50,132.881,132.881,132.878,132.879
2025-05-15 06:28:55,132.879,132.885,132.879,132.882
2025-05-15 06:29:00,132.884,132.886,132.88,132.88
2025-05-15 06:29:05,132.88,132.894,132.879,132.894
2025-05-15 06:29:10,132.892,132.897,132.892,132.896
2025-05-15 06:29:15,132.896,132.896,132.888,132.89
2025-05-15 06:29:20,132.892,132.91,132.892,132.907
2025-05-15 06:29:25,132.906,132.906,132.9,132.901
2025-05-15 06:29:30,132.901,132.907,132.901,132.905
2025-05-15 06:29:35,132.905,132.913,132.905,132.91
2025-05-15 06:29:40,132.911,132.916,132.909,132.916
2025-05-15 06:29:45,132.918,132.925,132.918,132.924
2025-05-15 06:29:50,132.923,132.924,132.923,132.924
2025-05-15 06:29:55,132.924,132.926,132.92,132.92
2025-05-15 06:30:00,132.92,132.922,132.917,132.922
2025-05-15 06:30:05,132.914,132.915,132.908,132.908
2025-05-15 06:30:10,132.908,132.911,132.907,132.909
2025-05-15 06:30:15,132.909,132.913,132.909,132.913
2025-05-15 06:30:20,132.913,132.919,132.913,132.918
2025-05-15 06:30:25,132.918,132.921,132.918,132.921
2025-05-15 06:30:30,132.921,132.922,132.918,132.921
2025-05-15 06:30:35,132.921,132.923,132.919,132.919
2025-05-15 06:30:40,132.919,132.923,132.917,132.917
2025-05-15 06:30:45,132.917,132.919,132.914,132.914
2025-05-15 06:30:50,132.914,132.915,132.913,132.913
2025-05-15 06:30:55,132.911,132.912,132.906,132.906
2025-05-15 06:31:00,132.905,132.905,132.902,132.903
2025-05-15 06:31:05,132.904,132.905,132.897,132.897
2025-05-15 06:31:10,132.897,132.915,132.897,132.915
2025-05-15 06:31:15,132.913,132.918,132.911,132.917
2025-05-15 06:31:20,132.916,132.919,132.916,132.917
2025-05-15 06:31:25,132.914,132.928,132.914,132.928
2025-05-15 06:31:30,132.929,132.929,132.919,132.919
2025-05-15 06:31:35,132.919,132.926,132.913,132.926
2025-05-15 06:31:40,132.927,132.943,132.927,132.937
2025-05-15 06:31:45,132.938,132.949,132.938,132.948
2025-05-15 06:31:50,132.948,132.948,132.936,132.936
2025-05-15 06:31:55,132.936,132.936,132.926,132.926
2025-05-15 06:32:00,132.926,132.926,132.907,132.909
2025-05-15 06:32:05,132.911,132.916,132.911,132.914
2025-05-15 06:32:10,132.916,132.916,132.912,132.914
2025-05-15 06:32:15,132.914,132.914,132.912,132.913
2025-05-15 06:32:20,132.913,132.915,132.913,132.913
2025-05-15 06:32:25,132.913,132.921,132.912,132.921
2025-05-15 06:32:30,132.924,132.927,132.922,132.927
2025-05-15 06:32:35,132.929,132.931,132.92,132.92
2025-05-15 06:32:40,132.92,132.922,132.92,132.921
2025-05-15 06:32:45,132.92,132.923,132.92,132.923
2025-05-15 06:32:50,132.92,132.924,132.919,132.923
2025-05-15 06:32:55,132.923,132.924,132.919,132.919
2025-05-15 06:33:00,132.919,132.922,132.918,132.921
2025-05-15 06:33:05,132.922,132.922,132.919,132.919
2025-05-15 06:33:10,132.916,132.916,132.911,132.913
2025-05-15 06:33:15,132.91,132.91,132.909,132.909
2025-05-15 06:33:20,132.909,132.909,132.906,132.907
2025-05-15 06:33:25,132.907,132.907,132.903,132.905
2025-05-15 06:33:30,132.906,132.912,132.906,132.912
2025-05-15 06:33:35,132.916,132.918,132.916,132.916
2025-05-15 06:33:40,132.916,132.916,132.912,132.912
2025-05-15 06:33:45,132.911,132.915,132.911,132.913
2025-05-15 06:33:50,132.913,132.918,132.913,132.918
2025-05-15 06:33:55,132.918,132.923,132.918,132.922
2025-05-15 06:34:00,132.922,132.933,132.922,132.933
2025-05-15 06:34:05,132.933,132.937,132.932,132.937
2025-05-15 06:34:10,132.937,132.939,132.935,132.938
2025-05-15 06:34:15,132.938,132.941,132.938,132.94
2025-05-15 06:34:20,132.94,132.943,132.938,132.939
2025-05-15 06:34:25,132.939,132.939,132.937,132.937
2025-05-15 06:34:30,132.941,132.941,132.936,132.941
2025-05-15 06:34:35,132.943,132.953,132.943,132.953
2025-05-15 06:34:40,132.953,132.953,132.934,132.937
2025-05-15 06:34:45,132.937,132.938,132.933,132.933
2025-05-15 06:34:50,132.932,132.932,132.93,132.932
2025-05-15 06:34:55,132.933,132.937,132.93,132.937
2025-05-15 06:35:00,132.937,132.946,132.937,132.944
2025-05-15 06:35:05,132.944,132.95,132.943,132.943
2025-05-15 06:35:10,132.944,132.949,132.944,132.949
2025-05-15 06:35:15,132.952,132.952,132.944,132.944
2025-05-15 06:35:20,132.944,132.949,132.944,132.948
2025-05-15 06:35:25,132.948,132.954,132.948,132.954
2025-05-15 06:35:30,132.952,132.957,132.952,132.957
2025-05-15 06:35:35,132.957,132.957,132.954,132.955
2025-05-15 06:35:40,132.955,132.962,132.955,132.961
2025-05-15 06:35:45,132.961,132.961,132.956,132.958
2025-05-15 06:35:50,132.958,132.958,132.956,132.957
2025-05-15 06:35:55,132.955,132.955,132.944,132.944
2025-05-15 06:36:00,132.944,132.949,132.944,132.947
2025-05-15 06:36:05,132.947,132.954,132.947,132.954
2025-05-15 06:36:10,132.954,132.956,132.949,132.956
2025-05-15 06:36:15,132.957,132.957,132.948,132.949
2025-05-15 06:36:20,132.949,132.949,132.944,132.944
2025-05-15 06:36:25,132.944,132.944,132.931,132.932
2025-05-15 06:36:30,132.932,132.933,132.926,132.926
2025-05-15 06:36:35,132.929,132.932,132.928,132.928
2025-05-15 06:36:40,132.928,132.928,132.924,132.926
2025-05-15 06:36:45,132.924,132.924,132.922,132.922
2025-05-15 06:36:50,132.921,132.928,132.921,132.925
2025-05-15 06:36:55,132.924,132.927,132.922,132.926
2025-05-15 06:37:00,132.926,132.926,132.921,132.924
2025-05-15 06:37:05,132.923,132.925,132.918,132.925
2025-05-15 06:37:10,132.927,132.931,132.926,132.931
2025-05-15 06:37:15,132.931,132.931,132.917,132.917
2025-05-15 06:37:20,132.919,132.919,132.916,132.919
2025-05-15 06:37:25,132.919,132.92,132.915,132.916
2025-05-15 06:37:30,132.905,132.907,132.905,132.906
2025-05-15 06:37:35,132.906,132.908,132.904,132.908
2025-05-15 06:37:40,132.908,132.909,132.908,132.908
2025-05-15 06:37:45,132.908,132.91,132.905,132.908
2025-05-15 06:37:50,132.909,132.909,132.904,132.908
2025-05-15 06:37:55,132.908,132.909,132.905,132.905
2025-05-15 06:38:00,132.904,132.909,132.904,132.909
2025-05-15 06:38:05,132.91,132.911,132.908,132.91
2025-05-15 06:38:10,132.91,132.915,132.908,132.915
2025-05-15 06:38:15,132.914,132.921,132.914,132.92
2025-05-15 06:38:20,132.929,132.929,132.912,132.912
2025-05-15 06:38:25,132.913,132.913,132.912,132.912
2025-05-15 06:38:30,132.912,132.916,132.909,132.911
2025-05-15 06:38:35,132.912,132.915,132.912,132.914
2025-05-15 06:38:40,132.913,132.916,132.911,132.916
2025-05-15 06:38:45,132.916,132.916,132.912,132.913
2025-05-15 06:38:50,132.913,132.942,132.913,132.942
2025-05-15 06:38:55,132.942,132.942,132.938,132.938
2025-05-15 06:39:00,132.938,132.938,132.938,132.938
2025-05-15 06:39:05,132.939,132.94,132.935,132.938
2025-05-15 06:39:10,132.938,132.943,132.938,132.94
2025-05-15 06:39:15,132.941,132.942,132.938,132.941
2025-05-15 06:39:20,132.94,132.947,132.94,132.945
2025-05-15 06:39:25,132.945,132.949,132.943,132.947
2025-05-15 06:39:30,132.947,132.947,132.942,132.943
2025-05-15 06:39:35,132.942,132.945,132.938,132.945
2025-05-15 06:39:40,132.945,132.945,132.943,132.943
2025-05-15 06:39:45,132.943,132.946,132.942,132.946
2025-05-15 06:39:50,132.946,132.957,132.945,132.957
2025-05-15 06:39:55,132.959,132.964,132.959,132.963
2025-05-15 06:40:00,132.964,132.964,132.956,132.959
2025-05-15 06:40:05,132.959,132.962,132.959,132.959
2025-05-15 06:40:10,132.959,132.964,132.958,132.964
2025-05-15 06:40:15,132.964,132.969,132.964,132.969
2025-05-15 06:40:20,132.97,132.972,132.967,132.967
2025-05-15 06:40:25,132.967,132.97,132.963,132.964
2025-05-15 06:40:30,132.964,132.968,132.964,132.968
2025-05-15 06:40:35,132.968,132.968,132.957,132.957
2025-05-15 06:40:40,132.957,132.957,132.955,132.957
2025-05-15 06:40:45,132.957,132.962,132.957,132.962
2025-05-15 06:40:50,132.962,132.976,132.962,132.976
2025-05-15 06:40:55,132.973,132.977,132.973,132.975
2025-05-15 06:41:00,132.976,132.977,132.974,132.976
2025-05-15 06:41:05,132.976,132.979,132.975,132.977
2025-05-15 06:41:10,132.977,132.978,132.976,132.976
2025-05-15 06:41:15,132.976,132.993,132.976,132.992
2025-05-15 06:41:20,132.992,133,132.99,133
2025-05-15 06:41:25,133,133,132.998,132.999
2025-05-15 06:41:30,132.999,133.002,132.997,132.997
2025-05-15 06:41:35,132.997,132.998,132.994,132.994
2025-05-15 06:41:40,132.994,132.994,132.991,132.992
2025-05-15 06:41:45,132.993,132.995,132.987,132.987
2025-05-15 06:41:50,132.987,132.987,132.984,132.984
2025-05-15 06:41:55,132.986,132.986,132.982,132.984
2025-05-15 06:42:00,132.986,132.987,132.985,132.987
2025-05-15 06:42:05,132.989,132.994,132.987,132.994
2025-05-15 06:42:10,132.994,132.999,132.994,132.999
2025-05-15 06:42:15,132.998,133.003,132.991,132.991
2025-05-15 06:42:20,132.991,132.991,132.983,132.984
2025-05-15 06:42:25,132.984,132.989,132.983,132.989
2025-05-15 06:42:30,132.978,132.98,132.976,132.976
2025-05-15 06:42:35,132.978,132.979,132.976,132.979
2025-05-15 06:42:40,132.978,132.978,132.976,132.977
2025-05-15 06:42:45,132.977,132.979,132.969,132.972
2025-05-15 06:42:50,132.972,132.972,132.965,132.965
2025-05-15 06:42:55,132.965,132.966,132.96,132.965
2025-05-15 06:43:00,132.965,132.967,132.963,132.966
2025-05-15 06:43:05,132.964,132.973,132.964,132.973
2025-05-15 06:43:10,132.971,132.972,132.969,132.972
2025-05-15 06:43:15,132.972,132.975,132.967,132.972
2025-05-15 06:43:20,132.972,132.972,132.96,132.96
2025-05-15 06:43:25,132.96,132.965,132.958,132.96
2025-05-15 06:43:30,132.96,132.96,132.955,132.956
2025-05-15 06:43:35,132.956,132.967,132.955,132.967
2025-05-15 06:43:40,132.969,132.97,132.969,132.969
2025-05-15 06:43:45,132.971,132.977,132.971,132.973
2025-05-15 06:43:50,132.971,132.975,132.97,132.975
2025-05-15 06:43:55,132.975,132.975,132.973,132.973
2025-05-15 06:44:00,132.973,132.973,132.971,132.973
2025-05-15 06:44:05,132.972,132.972,132.969,132.969
2025-05-15 06:44:10,132.968,132.973,132.967,132.973
2025-05-15 06:44:15,132.973,132.978,132.972,132.978
2025-05-15 06:44:20,132.978,132.979,132.977,132.977
2025-05-15 06:44:25,132.976,132.976,132.972,132.976
2025-05-15 06:44:30,132.974,132.977,132.974,132.977
2025-05-15 06:44:35,132.977,132.981,132.976,132.977
2025-05-15 06:44:40,132.977,132.982,132.975,132.982
2025-05-15 06:44:45,132.98,132.988,132.98,132.986
2025-05-15 06:44:50,132.987,132.992,132.987,132.992
2025-05-15 06:44:55,132.992,132.992,132.99,132.992
2025-05-15 06:45:00,132.992,132.992,132.991,132.992
2025-05-15 06:45:05,132.993,132.995,132.99,132.995
2025-05-15 06:45:10,132.995,132.998,132.992,132.998
2025-05-15 06:45:15,132.998,133.002,132.998,133.002
2025-05-15 06:45:20,133.002,133.002,132.999,133.001
2025-05-15 06:45:25,133.001,133.01,133.001,133.01
2025-05-15 06:45:30,133.01,133.011,133.007,133.01
2025-05-15 06:45:35,133.01,133.017,133.008,133.017
2025-05-15 06:45:40,133.018,133.018,133.013,133.014
2025-05-15 06:45:45,133.016,133.019,133.013,133.019
2025-05-15 06:45:50,133.019,133.021,133.017,133.021
2025-05-15 06:45:55,133.021,133.036,133.02,133.036
2025-05-15 06:46:00,133.037,133.041,133.037,133.039
2025-05-15 06:46:05,133.037,133.048,133.037,133.048
2025-05-15 06:46:10,133.048,133.055,133.048,133.055
2025-05-15 06:46:15,133.055,133.058,133.055,133.057
2025-05-15 06:46:20,133.057,133.057,133.05,133.051
2025-05-15 06:46:25,133.05,133.052,133.05,133.05
2025-05-15 06:46:30,133.05,133.05,133.044,133.044
2025-05-15 06:46:35,133.044,133.044,133.039,133.043
2025-05-15 06:46:40,133.045,133.045,133.045,133.045
2025-05-15 06:46:45,133.044,133.048,133.042,133.048
2025-05-15 06:46:50,133.048,133.049,133.042,133.042
2025-05-15 06:46:55,133.042,133.045,133.037,133.045
2025-05-15 06:47:00,133.046,133.05,133.046,133.05
2025-05-15 06:47:05,133.05,133.05,133.042,133.047
2025-05-15 06:47:10,133.047,133.051,133.047,133.049
2025-05-15 06:47:15,133.049,133.049,133.042,133.042
2025-05-15 06:47:20,133.042,133.043,133.032,133.032
2025-05-15 06:47:25,133.032,133.036,133.03,133.036
2025-05-15 06:47:30,133.036,133.041,133.036,133.039
2025-05-15 06:47:35,133.039,133.039,133.035,133.036
2025-05-15 06:47:40,133.036,133.039,133.033,133.039
2025-05-15 06:47:45,133.037,133.04,133.034,133.039
2025-05-15 06:47:50,133.039,133.042,133.039,133.042
2025-05-15 06:47:55,133.042,133.05,133.041,133.05
2025-05-15 06:48:00,133.05,133.064,133.05,133.064
2025-05-15 06:48:05,133.064,133.068,133.061,133.062
2025-05-15 06:48:10,133.062,133.064,133.062,133.064
2025-05-15 06:48:15,133.064,133.064,133.06,133.061
2025-05-15 06:48:20,133.061,133.066,133.061,133.066
2025-05-15 06:48:25,133.065,133.065,133.057,133.057
2025-05-15 06:48:30,133.054,133.054,133.048,133.048
2025-05-15 06:48:35,133.048,133.049,133.04,133.04
2025-05-15 06:48:40,133.04,133.042,133.038,133.042
2025-05-15 06:48:45,133.04,133.042,133.038,133.042
2025-05-15 06:48:50,133.041,133.041,133.035,133.035
2025-05-15 06:48:55,133.035,133.036,133.03,133.036
2025-05-15 06:49:00,133.036,133.037,133.036,133.037
2025-05-15 06:49:05,133.037,133.041,133.037,133.039
2025-05-15 06:49:10,133.041,133.041,133.038,133.038
2025-05-15 06:49:15,133.04,133.042,133.036,133.041
2025-05-15 06:49:20,133.039,133.039,133.031,133.031
2025-05-15 06:49:25,133.032,133.032,133.03,133.03
2025-05-15 06:49:30,133.033,133.036,133.032,133.032
2025-05-15 06:49:35,133.034,133.042,133.034,133.036
2025-05-15 06:49:40,133.036,133.039,133.035,133.038
2025-05-15 06:49:45,133.036,133.036,133.034,133.035
2025-05-15 06:49:50,133.037,133.039,133.031,133.038
2025-05-15 06:49:55,133.039,133.047,133.039,133.047
2025-05-15 06:50:00,133.047,133.068,133.047,133.068
2025-05-15 06:50:05,133.069,133.069,133.06,133.062
2025-05-15 06:50:10,133.062,133.066,133.062,133.065
2025-05-15 06:50:15,133.065,133.065,133.056,133.057
2025-05-15 06:50:20,133.057,133.057,133.054,133.056
2025-05-15 06:50:25,133.056,133.06,133.056,133.06
2025-05-15 06:50:30,133.061,133.067,133.061,133.067
2025-05-15 06:50:35,133.067,133.067,133.064,133.065
2025-05-15 06:50:40,133.065,133.068,133.064,133.068
2025-05-15 06:50:45,133.067,133.067,133.062,133.062
2025-05-15 06:50:50,133.062,133.07,133.062,133.065
2025-05-15 06:50:55,133.066,133.066,133.062,133.062
2025-05-15 06:51:00,133.062,133.077,133.062,133.077
2025-05-15 06:51:05,133.076,133.076,133.069,133.074
2025-05-15 06:51:10,133.075,133.077,133.074,133.077
2025-05-15 06:51:15,133.079,133.08,133.078,133.078
2025-05-15 06:51:20,133.078,133.078,133.07,133.07
2025-05-15 06:51:25,133.07,133.07,133.069,133.07
2025-05-15 06:51:30,133.069,133.071,133.065,133.065
2025-05-15 06:51:35,133.065,133.069,133.065,133.068
2025-05-15 06:51:40,133.068,133.068,133.056,133.057
2025-05-15 06:51:45,133.057,133.059,133.053,133.054
2025-05-15 06:51:50,133.051,133.056,133.05,133.051
2025-05-15 06:51:55,133.053,133.056,133.053,133.055
2025-05-15 06:52:00,133.055,133.057,133.054,133.057
2025-05-15 06:52:05,133.057,133.057,133.055,133.055
2025-05-15 06:52:10,133.054,133.057,133.052,133.052
2025-05-15 06:52:15,133.052,133.053,133.047,133.049
2025-05-15 06:52:20,133.049,133.051,133.045,133.047
2025-05-15 06:52:25,133.047,133.048,133.04,133.04
2025-05-15 06:52:30,133.039,133.039,133.032,133.032
2025-05-15 06:52:35,133.032,133.032,133.023,133.029
2025-05-15 06:52:40,133.029,133.029,133.027,133.027
2025-05-15 06:52:45,133.027,133.028,133.025,133.026
2025-05-15 06:52:50,133.026,133.026,133.023,133.023
2025-05-15 06:52:55,133.023,133.027,133.018,133.024
2025-05-15 06:53:00,133.024,133.025,133.019,133.019
2025-05-15 06:53:05,133.019,133.021,133.019,133.019
2025-05-15 06:53:10,133.018,133.029,133.017,133.029
2025-05-15 06:53:15,133.029,133.032,133.029,133.032
2025-05-15 06:53:20,133.032,133.037,133.032,133.034
2025-05-15 06:53:25,133.034,133.039,133.034,133.036
2025-05-15 06:53:30,133.036,133.049,133.036,133.049
2025-05-15 06:53:35,133.049,133.054,133.045,133.046
2025-05-15 06:53:40,133.046,133.046,133.044,133.044
2025-05-15 06:53:45,133.044,133.047,133.044,133.046
2025-05-15 06:53:50,133.046,133.046,133.044,133.045
2025-05-15 06:53:55,133.045,133.052,133.045,133.052
2025-05-15 06:54:00,133.052,133.059,133.051,133.056
2025-05-15 06:54:05,133.056,133.056,133.052,133.056
2025-05-15 06:54:10,133.055,133.057,133.055,133.056
2025-05-15 06:54:15,133.058,133.059,133.058,133.059
2025-05-15 06:54:20,133.059,133.066,133.058,133.064
2025-05-15 06:54:25,133.064,133.07,133.064,133.07
2025-05-15 06:54:30,133.067,133.067,133.063,133.063
2025-05-15 06:54:35,133.063,133.071,133.062,133.071
2025-05-15 06:54:40,133.069,133.074,133.069,133.074
2025-05-15 06:54:45,133.074,133.075,133.068,133.068
2025-05-15 06:54:50,133.068,133.068,133.063,133.063
2025-05-15 06:54:55,133.063,133.067,133.062,133.067
2025-05-15 06:55:00,133.067,133.07,133.067,133.068
2025-05-15 06:55:05,133.066,133.069,133.061,133.064
2025-05-15 06:55:10,133.066,133.07,133.066,133.07
2025-05-15 06:55:15,133.071,133.071,133.065,133.065
2025-05-15 06:55:20,133.063,133.07,133.063,133.07
2025-05-15 06:55:25,133.071,133.079,133.071,133.077
2025-05-15 06:55:30,133.078,133.078,133.072,133.072
2025-05-15 06:55:35,133.072,133.081,133.072,133.081
2025-05-15 06:55:40,133.082,133.082,133.08,133.08
2025-05-15 06:55:45,133.081,133.082,133.081,133.081
2025-05-15 06:55:50,133.081,133.085,133.078,133.085
2025-05-15 06:55:55,133.083,133.09,133.083,133.09
2025-05-15 06:56:00,133.09,133.092,133.088,133.092
2025-05-15 06:56:05,133.092,133.092,133.089,133.09
2025-05-15 06:56:10,133.092,133.104,133.092,133.104
2025-05-15 06:56:15,133.105,133.108,133.104,133.106
2025-05-15 06:56:20,133.106,133.113,133.106,133.111
2025-05-15 06:56:25,133.111,133.115,133.111,133.111
2025-05-15 06:56:30,133.111,133.117,133.111,133.117
2025-05-15 06:56:35,133.117,133.117,133.108,133.11
2025-05-15 06:56:40,133.11,133.11,133.105,133.105
2025-05-15 06:56:45,133.105,133.107,133.105,133.107
2025-05-15 06:56:50,133.107,133.109,133.106,133.108
2025-05-15 06:56:55,133.108,133.108,133.1,133.101
2025-05-15 06:57:00,133.101,133.109,133.101,133.109
2025-05-15 06:57:05,133.109,133.114,133.109,133.114
2025-05-15 06:57:10,133.114,133.119,133.114,133.117
2025-05-15 06:57:15,133.12,133.12,133.113,133.115
2025-05-15 06:57:20,133.115,133.115,133.112,133.114
2025-05-15 06:57:25,133.114,133.117,133.113,133.113
2025-05-15 06:57:30,133.113,133.115,133.11,133.112
2025-05-15 06:57:35,133.111,133.113,133.111,133.111
2025-05-15 06:57:40,133.11,133.11,133.107,133.108
2025-05-15 06:57:45,133.108,133.117,133.108,133.117
2025-05-15 06:57:50,133.117,133.117,133.109,133.109
2025-05-15 06:57:55,133.109,133.114,133.109,133.113
2025-05-15 06:58:00,133.113,133.117,133.111,133.112
2025-05-15 06:58:05,133.112,133.12,133.112,133.116
2025-05-15 06:58:10,133.116,133.118,133.113,133.118
2025-05-15 06:58:15,133.118,133.12,133.116,133.12
2025-05-15 06:58:20,133.12,133.124,133.12,133.123
2025-05-15 06:58:25,133.123,133.124,133.122,133.124
2025-05-15 06:58:30,133.124,133.124,133.118,133.119
2025-05-15 06:58:35,133.121,133.134,133.118,133.134
2025-05-15 06:58:40,133.133,133.134,133.128,133.133
2025-05-15 06:58:45,133.134,133.137,133.13,133.13
2025-05-15 06:58:50,133.13,133.13,133.126,133.127
2025-05-15 06:58:55,133.131,133.135,133.131,133.135
2025-05-15 06:59:00,133.139,133.146,133.138,133.146
2025-05-15 06:59:05,133.146,133.154,133.146,133.151
2025-05-15 06:59:10,133.151,133.157,133.151,133.154
2025-05-15 06:59:15,133.154,133.165,133.154,133.163
2025-05-15 06:59:20,133.163,133.17,133.163,133.17
2025-05-15 06:59:25,133.17,133.176,133.169,133.174
2025-05-15 06:59:30,133.174,133.175,133.172,133.173
2025-05-15 06:59:35,133.174,133.178,133.174,133.176
2025-05-15 06:59:40,133.176,133.177,133.167,133.172
2025-05-15 06:59:45,133.172,133.186,133.172,133.186
2025-05-15 06:59:50,133.186,133.186,133.181,133.183
2025-05-15 06:59:55,133.183,133.183,133.172,133.172
2025-05-15 07:00:00,133.167,133.168,133.165,133.165
2025-05-15 07:00:05,133.165,133.166,133.163,133.164
2025-05-15 07:00:10,133.164,133.167,133.163,133.167
2025-05-15 07:00:15,133.167,133.168,133.164,133.168
2025-05-15 07:00:20,133.169,133.172,133.167,133.17
2025-05-15 07:00:25,133.17,133.173,133.169,133.173
2025-05-15 07:00:30,133.171,133.174,133.171,133.174
2025-05-15 07:00:35,133.174,133.175,133.171,133.171
2025-05-15 07:00:40,133.171,133.173,133.164,133.164
2025-05-15 07:00:45,133.162,133.162,133.155,133.155
2025-05-15 07:00:50,133.155,133.166,133.155,133.166
2025-05-15 07:00:55,133.166,133.173,133.166,133.172
2025-05-15 07:01:00,133.171,133.171,133.166,133.168
2025-05-15 07:01:05,133.168,133.169,133.167,133.168
2025-05-15 07:01:10,133.168,133.173,133.168,133.172
2025-05-15 07:01:15,133.172,133.18,133.172,133.18
2025-05-15 07:01:20,133.18,133.189,133.18,133.188
2025-05-15 07:01:25,133.19,133.194,133.189,133.194
2025-05-15 07:01:30,133.194,133.194,133.191,133.191
2025-05-15 07:01:35,133.191,133.191,133.189,133.19
2025-05-15 07:01:40,133.191,133.193,133.189,133.191
2025-05-15 07:01:45,133.191,133.198,133.191,133.198
2025-05-15 07:01:50,133.198,133.204,133.195,133.201
2025-05-15 07:01:55,133.201,133.204,133.201,133.204
2025-05-15 07:02:00,133.202,133.206,133.201,133.206
2025-05-15 07:02:05,133.206,133.206,133.199,133.202
2025-05-15 07:02:10,133.202,133.211,133.202,133.208
2025-05-15 07:02:15,133.208,133.212,133.208,133.212
2025-05-15 07:02:20,133.215,133.221,133.215,133.22
2025-05-15 07:02:25,133.222,133.224,133.22,133.222
2025-05-15 07:02:30,133.224,133.225,133.222,133.225
2025-05-15 07:02:35,133.225,133.23,133.224,133.228
2025-05-15 07:02:40,133.23,133.243,133.23,133.243
2025-05-15 07:02:45,133.244,133.244,133.225,133.225
2025-05-15 07:02:50,133.225,133.225,133.221,133.222
2025-05-15 07:02:55,133.222,133.227,133.222,133.224
2025-05-15 07:03:00,133.224,133.224,133.222,133.223
2025-05-15 07:03:05,133.223,133.225,133.218,133.225
2025-05-15 07:03:10,133.225,133.225,133.213,133.213
2025-05-15 07:03:15,133.213,133.219,133.212,133.219
2025-05-15 07:03:20,133.218,133.218,133.208,133.209
2025-05-15 07:03:25,133.209,133.212,133.208,133.212
2025-05-15 07:03:30,133.212,133.214,133.209,133.212
2025-05-15 07:03:35,133.212,133.215,133.212,133.215
2025-05-15 07:03:40,133.216,133.216,133.209,133.209
2025-05-15 07:03:45,133.21,133.211,133.207,133.208
2025-05-15 07:03:50,133.21,133.21,133.2,133.201
2025-05-15 07:03:55,133.201,133.202,133.199,133.202
2025-05-15 07:04:00,133.202,133.209,133.202,133.209
2025-05-15 07:04:05,133.211,133.211,133.207,133.207
2025-05-15 07:04:10,133.207,133.214,133.207,133.214
2025-05-15 07:04:15,133.214,133.219,133.213,133.217
2025-05-15 07:04:20,133.216,133.221,133.215,133.221
2025-05-15 07:04:25,133.221,133.223,133.221,133.222
2025-05-15 07:04:30,133.222,133.228,133.22,133.228
2025-05-15 07:04:35,133.228,133.228,133.226,133.227
2025-05-15 07:04:40,133.226,133.229,133.226,133.229
2025-05-15 07:04:45,133.229,133.237,133.229,133.237
2025-05-15 07:04:50,133.237,133.237,133.23,133.23
2025-05-15 07:04:55,133.23,133.23,133.225,133.225
2025-05-15 07:05:00,133.225,133.226,133.223,133.226
2025-05-15 07:05:05,133.22,133.223,133.218,133.218
2025-05-15 07:05:10,133.218,133.218,133.213,133.213
2025-05-15 07:05:15,133.213,133.214,133.212,133.213
2025-05-15 07:05:20,133.213,133.213,133.211,133.212
2025-05-15 07:05:25,133.213,133.213,133.21,133.21
2025-05-15 07:05:30,133.21,133.21,133.208,133.209
2025-05-15 07:05:35,133.209,133.211,133.208,133.209
2025-05-15 07:05:40,133.212,133.212,133.2,133.203
2025-05-15 07:05:45,133.202,133.206,133.2,133.2
2025-05-15 07:05:50,133.2,133.2,133.196,133.196
2025-05-15 07:05:55,133.196,133.2,133.196,133.199
2025-05-15 07:06:00,133.198,133.2,133.195,133.2
2025-05-15 07:06:05,133.202,133.202,133.2,133.201
2025-05-15 07:06:10,133.201,133.201,133.195,133.195
2025-05-15 07:06:15,133.196,133.207,133.196,133.207
2025-05-15 07:06:20,133.207,133.214,133.204,133.214
2025-05-15 07:06:25,133.214,133.214,133.211,133.211
2025-05-15 07:06:30,133.213,133.213,133.203,133.208
2025-05-15 07:06:35,133.207,133.208,133.206,133.206
2025-05-15 07:06:40,133.206,133.217,133.206,133.215
2025-05-15 07:06:45,133.214,133.215,133.207,133.207
2025-05-15 07:06:50,133.207,133.21,133.206,133.206
2025-05-15 07:06:55,133.208,133.211,133.207,133.207
2025-05-15 07:07:00,133.207,133.208,133.198,133.199
2025-05-15 07:07:05,133.199,133.202,133.199,133.202
2025-05-15 07:07:10,133.202,133.206,133.202,133.202
2025-05-15 07:07:15,133.201,133.201,133.197,133.197
2025-05-15 07:07:20,133.197,133.198,133.196,133.197
2025-05-15 07:07:25,133.197,133.203,133.197,133.203
2025-05-15 07:07:30,133.202,133.204,133.197,133.198
2025-05-15 07:07:35,133.198,133.208,133.196,133.208
2025-05-15 07:07:40,133.208,133.211,133.206,133.206
2025-05-15 07:07:45,133.206,133.209,133.204,133.205
2025-05-15 07:07:50,133.202,133.213,133.201,133.213
2025-05-15 07:07:55,133.212,133.217,133.212,133.216
2025-05-15 07:08:00,133.216,133.218,133.208,133.208
2025-05-15 07:08:05,133.209,133.211,133.199,133.199
2025-05-15 07:08:10,133.199,133.199,133.189,133.192
2025-05-15 07:08:15,133.192,133.195,133.191,133.191
2025-05-15 07:08:20,133.191,133.193,133.186,133.19
2025-05-15 07:08:25,133.19,133.19,133.189,133.19
2025-05-15 07:08:30,133.194,133.194,133.185,133.189
2025-05-15 07:08:35,133.189,133.191,133.184,133.184
2025-05-15 07:08:40,133.184,133.184,133.178,133.179
2025-05-15 07:08:45,133.186,133.196,133.184,133.195
2025-05-15 07:08:50,133.195,133.197,133.193,133.196
2025-05-15 07:08:55,133.197,133.197,133.187,133.187
2025-05-15 07:09:00,133.187,133.189,133.183,133.189
2025-05-15 07:09:05,133.189,133.201,133.189,133.201
2025-05-15 07:09:10,133.199,133.199,133.196,133.198
2025-05-15 07:09:15,133.2,133.202,133.2,133.201
2025-05-15 07:09:20,133.201,133.205,133.2,133.2
2025-05-15 07:09:25,133.2,133.201,133.192,133.197
2025-05-15 07:09:30,133.197,133.197,133.19,133.194
2025-05-15 07:09:35,133.196,133.198,133.195,133.198
2025-05-15 07:09:40,133.198,133.209,133.198,133.206
2025-05-15 07:09:45,133.206,133.208,133.2,133.203
2025-05-15 07:09:50,133.203,133.21,133.202,133.21
2025-05-15 07:09:55,133.21,133.217,133.21,133.213
2025-05-15 07:10:00,133.213,133.222,133.213,133.222
2025-05-15 07:10:05,133.222,133.223,133.211,133.213
2025-05-15 07:10:10,133.213,133.22,133.213,133.22
2025-05-15 07:10:15,133.222,133.228,133.222,133.228
2025-05-15 07:10:20,133.228,133.228,133.225,133.225
2025-05-15 07:10:25,133.225,133.226,133.22,133.221
2025-05-15 07:10:30,133.228,133.228,133.225,133.225
2025-05-15 07:10:35,133.226,133.233,133.226,133.229
2025-05-15 07:10:40,133.229,133.231,133.226,133.227
2025-05-15 07:10:45,133.227,133.234,133.227,133.232
2025-05-15 07:10:50,133.233,133.241,133.231,133.24
2025-05-15 07:10:55,133.237,133.247,133.237,133.247
2025-05-15 07:11:00,133.247,133.249,133.246,133.249
2025-05-15 07:11:05,133.249,133.258,133.248,133.256
2025-05-15 07:11:10,133.256,133.256,133.24,133.24
2025-05-15 07:11:15,133.24,133.247,133.24,133.247
2025-05-15 07:11:20,133.247,133.247,133.242,133.244
2025-05-15 07:11:25,133.244,133.245,133.244,133.244
2025-05-15 07:11:30,133.244,133.248,133.243,133.243
2025-05-15 07:11:35,133.243,133.249,133.243,133.247
2025-05-15 07:11:40,133.252,133.255,133.248,133.255
2025-05-15 07:11:45,133.253,133.253,133.248,133.248
2025-05-15 07:11:50,133.249,133.249,133.23,133.23
2025-05-15 07:11:55,133.23,133.234,133.23,133.234
2025-05-15 07:12:00,133.234,133.237,133.228,133.228
2025-05-15 07:12:05,133.228,133.23,133.222,133.223
2025-05-15 07:12:10,133.224,133.239,133.224,133.238
2025-05-15 07:12:15,133.238,133.238,133.237,133.237
2025-05-15 07:12:20,133.237,133.238,133.235,133.238
2025-05-15 07:12:25,133.237,133.237,133.233,133.234
2025-05-15 07:12:30,133.235,133.236,133.231,133.236
2025-05-15 07:12:35,133.241,133.243,133.241,133.242
2025-05-15 07:12:40,133.242,133.242,133.235,133.237
2025-05-15 07:12:45,133.238,133.25,133.238,133.25
2025-05-15 07:12:50,133.252,133.254,133.25,133.251
2025-05-15 07:12:55,133.252,133.252,133.242,133.243
2025-05-15 07:13:00,133.243,133.243,133.242,133.242
2025-05-15 07:13:05,133.241,133.244,133.239,133.244
2025-05-15 07:13:10,133.244,133.245,133.241,133.241
2025-05-15 07:13:15,133.241,133.249,133.241,133.248
2025-05-15 07:13:20,133.248,133.248,133.241,133.242
2025-05-15 07:13:25,133.242,133.243,133.241,133.243
2025-05-15 07:13:30,133.243,133.243,133.238,133.238
2025-05-15 07:13:35,133.242,133.242,133.237,133.237
2025-05-15 07:13:40,133.238,133.238,133.23,133.232
2025-05-15 07:13:45,133.232,133.232,133.229,133.229
2025-05-15 07:13:50,133.23,133.235,133.23,133.235
2025-05-15 07:13:55,133.235,133.238,133.234,133.236
2025-05-15 07:14:00,133.236,133.244,133.234,133.242
2025-05-15 07:14:05,133.242,133.248,133.242,133.247
2025-05-15 07:14:10,133.247,133.255,133.247,133.254
2025-05-15 07:14:15,133.254,133.254,133.244,133.245
2025-05-15 07:14:20,133.244,133.25,133.244,133.248
2025-05-15 07:14:25,133.248,133.253,133.244,133.246
2025-05-15 07:14:30,133.246,133.247,133.246,133.247
2025-05-15 07:14:35,133.246,133.246,133.24,133.241
2025-05-15 07:14:40,133.241,133.242,133.236,133.239
2025-05-15 07:14:45,133.239,133.239,133.235,133.235
2025-05-15 07:14:50,133.235,133.235,133.232,133.232
2025-05-15 07:14:55,133.232,133.232,133.228,133.228
2025-05-15 07:15:00,133.228,133.228,133.221,133.228
2025-05-15 07:15:05,133.228,133.238,133.227,133.237
2025-05-15 07:15:10,133.237,133.24,133.235,133.24
2025-05-15 07:15:15,133.239,133.241,133.236,133.236
2025-05-15 07:15:20,133.239,133.239,133.234,133.235
2025-05-15 07:15:25,133.235,133.241,133.235,133.241
2025-05-15 07:15:30,133.241,133.246,133.241,133.246
2025-05-15 07:15:35,133.246,133.248,133.244,133.248
2025-05-15 07:15:40,133.248,133.249,133.244,133.245
2025-05-15 07:15:45,133.245,133.249,133.245,133.249
2025-05-15 07:15:50,133.249,133.253,133.245,133.245
2025-05-15 07:15:55,133.244,133.245,133.243,133.244
2025-05-15 07:16:00,133.245,133.245,133.231,133.234
2025-05-15 07:16:05,133.234,133.243,133.234,133.243
2025-05-15 07:16:10,133.243,133.247,133.241,133.246
2025-05-15 07:16:15,133.247,133.247,133.241,133.242
2025-05-15 07:16:20,133.242,133.245,133.242,133.244
2025-05-15 07:16:25,133.244,133.254,133.244,133.252
2025-05-15 07:16:30,133.252,133.253,133.245,133.248
2025-05-15 07:16:35,133.247,133.248,133.237,133.238
2025-05-15 07:16:40,133.242,133.242,133.237,133.237
2025-05-15 07:16:45,133.237,133.238,133.233,133.237
2025-05-15 07:16:50,133.237,133.237,133.235,133.235
2025-05-15 07:16:55,133.233,133.233,133.229,133.229
2025-05-15 07:17:00,133.227,133.23,133.224,133.23
2025-05-15 07:17:05,133.234,133.236,133.234,133.234
2025-05-15 07:17:10,133.234,133.238,133.232,133.238
2025-05-15 07:17:15,133.237,133.244,133.237,133.244
2025-05-15 07:17:20,133.245,133.25,133.245,133.25
2025-05-15 07:17:25,133.248,133.25,133.248,133.25
2025-05-15 07:17:30,133.25,133.25,133.243,133.243
2025-05-15 07:17:35,133.247,133.25,133.247,133.247
2025-05-15 07:17:40,133.247,133.248,133.244,133.248
2025-05-15 07:17:45,133.248,133.259,133.247,133.259
2025-05-15 07:17:50,133.259,133.266,133.259,133.26
2025-05-15 07:17:55,133.26,133.263,133.26,133.262
2025-05-15 07:18:00,133.262,133.262,133.258,133.259
2025-05-15 07:18:05,133.259,133.259,133.252,133.252
2025-05-15 07:18:10,133.268,133.271,133.268,133.271
2025-05-15 07:18:15,133.271,133.272,133.266,133.266
2025-05-15 07:18:20,133.266,133.277,133.264,133.277
2025-05-15 07:18:25,133.278,133.28,133.275,133.28
2025-05-15 07:18:30,133.277,133.277,133.272,133.272
2025-05-15 07:18:35,133.272,133.272,133.263,133.263
2025-05-15 07:18:40,133.262,133.269,133.262,133.263
2025-05-15 07:18:45,133.262,133.271,133.262,133.27
2025-05-15 07:18:50,133.27,133.27,133.26,133.26
2025-05-15 07:18:55,133.26,133.262,133.258,133.26
2025-05-15 07:19:00,133.26,133.263,133.26,133.263
2025-05-15 07:19:05,133.263,133.263,133.252,133.252
2025-05-15 07:19:10,133.255,133.257,133.252,133.252
2025-05-15 07:19:15,133.252,133.252,133.245,133.249
2025-05-15 07:19:20,133.25,133.25,133.243,133.244
2025-05-15 07:19:25,133.244,133.25,133.244,133.25
2025-05-15 07:19:30,133.25,133.253,133.25,133.253
2025-05-15 07:19:35,133.253,133.256,133.246,133.251
2025-05-15 07:19:40,133.25,133.251,133.248,133.248
2025-05-15 07:19:45,133.248,133.248,133.242,133.242
2025-05-15 07:19:50,133.241,133.254,133.241,133.253
2025-05-15 07:19:55,133.253,133.253,133.244,133.244
2025-05-15 07:20:00,133.247,133.247,133.234,133.235
2025-05-15 07:20:05,133.232,133.232,133.222,133.222
2025-05-15 07:20:10,133.224,133.228,133.223,133.224
2025-05-15 07:20:15,133.224,133.225,133.222,133.224
2025-05-15 07:20:20,133.222,133.225,133.222,133.225
2025-05-15 07:20:25,133.226,133.229,133.224,133.229
2025-05-15 07:20:30,133.226,133.226,133.225,133.225
2025-05-15 07:20:35,133.225,133.23,133.225,133.225
2025-05-15 07:20:40,133.226,133.226,133.218,133.218
2025-05-15 07:20:45,133.218,133.218,133.212,133.214
2025-05-15 07:20:50,133.214,133.215,133.213,133.215
2025-05-15 07:20:55,133.215,133.217,133.215,133.217
2025-05-15 07:21:00,133.217,133.219,133.216,133.219
2025-05-15 07:21:05,133.219,133.22,133.217,133.22
2025-05-15 07:21:10,133.228,133.23,133.227,133.228
2025-05-15 07:21:15,133.228,133.234,133.228,133.229
2025-05-15 07:21:20,133.23,133.238,133.23,133.238
2025-05-15 07:21:25,133.235,133.244,133.235,133.239
2025-05-15 07:21:30,133.239,133.239,133.225,133.225
2025-05-15 07:21:35,133.225,133.233,133.225,133.229
2025-05-15 07:21:40,133.229,133.235,133.229,133.232
2025-05-15 07:21:45,133.232,133.234,133.23,133.23
2025-05-15 07:21:50,133.225,133.229,133.225,133.229
2025-05-15 07:21:55,133.229,133.234,133.229,133.231
2025-05-15 07:22:00,133.231,133.233,133.228,133.228
2025-05-15 07:22:05,133.228,133.228,133.226,133.226
2025-05-15 07:22:10,133.226,133.227,133.225,133.227
2025-05-15 07:22:15,133.227,133.227,133.222,133.222
2025-05-15 07:22:20,133.222,133.223,133.221,133.221
2025-05-15 07:22:25,133.22,133.22,133.214,133.219
2025-05-15 07:22:30,133.217,133.217,133.213,133.217
2025-05-15 07:22:35,133.217,133.218,133.214,133.214
2025-05-15 07:22:40,133.214,133.216,133.214,133.214
2025-05-15 07:22:45,133.214,133.214,133.205,133.207
2025-05-15 07:22:50,133.207,133.214,133.207,133.214
2025-05-15 07:22:55,133.214,133.219,133.214,133.217
2025-05-15 07:23:00,133.217,133.225,133.217,133.221
2025-05-15 07:23:05,133.222,133.223,133.218,133.218
2025-05-15 07:23:10,133.218,133.218,133.213,133.215
2025-05-15 07:23:15,133.215,133.219,133.214,133.219
2025-05-15 07:23:20,133.219,133.224,133.218,133.224
2025-05-15 07:23:25,133.225,133.225,133.221,133.221
2025-05-15 07:23:30,133.219,133.222,133.219,133.221
2025-05-15 07:23:35,133.221,133.222,133.219,133.222
2025-05-15 07:23:40,133.222,133.223,133.221,133.223
2025-05-15 07:23:45,133.229,133.232,133.228,133.232
2025-05-15 07:23:50,133.233,133.237,133.231,133.237
2025-05-15 07:23:55,133.237,133.237,133.234,133.236
2025-05-15 07:24:00,133.236,133.236,133.223,133.223
2025-05-15 07:24:05,133.225,133.225,133.222,133.222
2025-05-15 07:24:10,133.222,133.226,133.214,133.214
2025-05-15 07:24:15,133.212,133.214,133.208,133.211
2025-05-15 07:24:20,133.211,133.213,133.208,133.208
2025-05-15 07:24:25,133.209,133.212,133.209,133.211
2025-05-15 07:24:30,133.209,133.218,133.209,133.218
2025-05-15 07:24:35,133.217,133.217,133.213,133.215
2025-05-15 07:24:40,133.215,133.215,133.21,133.214
2025-05-15 07:24:45,133.213,133.219,133.213,133.219
2025-05-15 07:24:50,133.219,133.219,133.214,133.214
2025-05-15 07:24:55,133.213,133.213,133.207,133.207
2025-05-15 07:25:00,133.209,133.209,133.201,133.201
2025-05-15 07:25:05,133.201,133.206,133.201,133.206
2025-05-15 07:25:10,133.206,133.207,133.204,133.206
2025-05-15 07:25:15,133.204,133.21,133.204,133.208
2025-05-15 07:25:20,133.208,133.208,133.202,133.204
2025-05-15 07:25:25,133.206,133.206,133.2,133.2
2025-05-15 07:25:30,133.203,133.203,133.2,133.2
2025-05-15 07:25:35,133.201,133.203,133.198,133.198
2025-05-15 07:25:40,133.198,133.204,133.197,133.203
2025-05-15 07:25:45,133.207,133.207,133.197,133.199
2025-05-15 07:25:50,133.2,133.202,133.199,133.202
2025-05-15 07:25:55,133.204,133.206,133.196,133.196
2025-05-15 07:26:00,133.196,133.196,133.191,133.192
2025-05-15 07:26:05,133.19,133.194,133.186,133.194
2025-05-15 07:26:10,133.194,133.196,133.19,133.19
2025-05-15 07:26:15,133.189,133.189,133.185,133.185
2025-05-15 07:26:20,133.185,133.187,133.184,133.187
2025-05-15 07:26:25,133.187,133.187,133.182,133.187
2025-05-15 07:26:30,133.185,133.189,133.182,133.189
2025-05-15 07:26:35,133.19,133.193,133.185,133.193
2025-05-15 07:26:40,133.193,133.195,133.193,133.194
2025-05-15 07:26:45,133.196,133.199,133.194,133.194
2025-05-15 07:26:50,133.194,133.194,133.187,133.19
2025-05-15 07:26:55,133.196,133.199,133.194,133.198
2025-05-15 07:27:00,133.198,133.202,133.198,133.199
2025-05-15 07:27:05,133.199,133.206,133.199,133.206
2025-05-15 07:27:10,133.205,133.206,133.195,133.196
2025-05-15 07:27:15,133.197,133.197,133.195,133.195
2025-05-15 07:27:20,133.195,133.195,133.185,133.185
2025-05-15 07:27:25,133.185,133.186,133.185,133.185
2025-05-15 07:27:30,133.186,133.186,133.179,133.179
2025-05-15 07:27:35,133.179,133.18,133.177,133.177
2025-05-15 07:27:40,133.177,133.186,133.177,133.185
2025-05-15 07:27:45,133.185,133.185,133.167,133.168
2025-05-15 07:27:50,133.165,133.179,133.165,133.179
2025-05-15 07:27:55,133.179,133.182,133.179,133.181
2025-05-15 07:28:00,133.181,133.182,133.18,133.182
2025-05-15 07:28:05,133.182,133.185,133.178,133.185
2025-05-15 07:28:10,133.185,133.191,133.185,133.191
2025-05-15 07:28:15,133.191,133.195,133.191,133.193
2025-05-15 07:28:20,133.193,133.195,133.193,133.194
2025-05-15 07:28:25,133.194,133.194,133.186,133.188
2025-05-15 07:28:30,133.19,133.193,133.19,133.193
2025-05-15 07:28:35,133.191,133.192,133.185,133.185
2025-05-15 07:28:40,133.185,133.187,133.183,133.184
2025-05-15 07:28:45,133.184,133.19,133.182,133.19
2025-05-15 07:28:50,133.19,133.19,133.186,133.187
2025-05-15 07:28:55,133.187,133.188,133.184,133.184
2025-05-15 07:29:00,133.184,133.19,133.184,133.19
2025-05-15 07:29:05,133.19,133.19,133.185,133.186
2025-05-15 07:29:10,133.185,133.185,133.182,133.182
2025-05-15 07:29:15,133.182,133.184,133.182,133.184
2025-05-15 07:29:20,133.185,133.185,133.185,133.185
2025-05-15 07:29:25,133.185,133.185,133.171,133.171
2025-05-15 07:29:30,133.17,133.176,133.17,133.173
2025-05-15 07:29:35,133.175,133.177,133.175,133.177
2025-05-15 07:29:40,133.177,133.179,133.17,133.17
2025-05-15 07:29:45,133.171,133.172,133.17,133.17
2025-05-15 07:29:50,133.17,133.171,133.165,133.165
2025-05-15 07:29:55,133.164,133.172,133.164,133.168
2025-05-15 07:30:00,133.169,133.169,133.164,133.168
2025-05-15 07:30:05,133.168,133.176,133.168,133.176
2025-05-15 07:30:10,133.174,133.183,133.174,133.183
2025-05-15 07:30:15,133.182,133.185,133.18,133.18
2025-05-15 07:30:20,133.182,133.184,133.181,133.184
2025-05-15 07:30:25,133.182,133.182,133.181,133.182
2025-05-15 07:30:30,133.181,133.186,133.18,133.186
2025-05-15 07:30:35,133.188,133.193,133.188,133.191
2025-05-15 07:30:40,133.19,133.198,133.19,133.198
2025-05-15 07:30:45,133.198,133.198,133.196,133.198
2025-05-15 07:30:50,133.198,133.203,133.196,133.201
2025-05-15 07:30:55,133.202,133.202,133.2,133.2
2025-05-15 07:31:00,133.198,133.2,133.198,133.198
2025-05-15 07:31:05,133.196,133.198,133.196,133.197
2025-05-15 07:31:10,133.197,133.202,133.196,133.202
2025-05-15 07:31:15,133.203,133.204,133.193,133.196
2025-05-15 07:31:20,133.196,133.196,133.185,133.185
2025-05-15 07:31:25,133.185,133.188,133.184,133.184
2025-05-15 07:31:30,133.184,133.186,133.184,133.185
2025-05-15 07:31:35,133.185,133.191,133.181,133.191
2025-05-15 07:31:40,133.191,133.195,133.189,133.189
2025-05-15 07:31:45,133.19,133.194,133.19,133.194
2025-05-15 07:31:50,133.194,133.196,133.192,133.192
2025-05-15 07:31:55,133.19,133.19,133.186,133.188
2025-05-15 07:32:00,133.188,133.188,133.184,133.184
2025-05-15 07:32:05,133.184,133.184,133.173,133.174
2025-05-15 07:32:10,133.174,133.175,133.171,133.175
2025-05-15 07:32:15,133.175,133.176,133.164,133.164
2025-05-15 07:32:20,133.163,133.163,133.161,133.162
2025-05-15 07:32:25,133.162,133.171,133.162,133.171
2025-05-15 07:32:30,133.171,133.177,133.171,133.176
2025-05-15 07:32:35,133.176,133.181,133.176,133.181
2025-05-15 07:32:40,133.181,133.181,133.175,133.177
2025-05-15 07:32:45,133.177,133.183,133.17,133.17
2025-05-15 07:32:50,133.17,133.177,133.168,133.175
2025-05-15 07:32:55,133.175,133.178,133.174,133.177
2025-05-15 07:33:00,133.175,133.177,133.168,133.168
2025-05-15 07:33:05,133.168,133.171,133.167,133.17
2025-05-15 07:33:10,133.17,133.174,133.17,133.17
2025-05-15 07:33:15,133.169,133.178,133.168,133.178
2025-05-15 07:33:20,133.181,133.181,133.177,133.177
2025-05-15 07:33:25,133.177,133.179,133.173,133.173
2025-05-15 07:33:30,133.173,133.175,133.17,133.174
2025-05-15 07:33:35,133.185,133.188,133.184,133.188
2025-05-15 07:33:40,133.188,133.189,133.172,133.172
2025-05-15 07:33:45,133.172,133.175,133.168,133.168
2025-05-15 07:33:50,133.168,133.177,133.168,133.177
2025-05-15 07:33:55,133.177,133.189,133.177,133.189
2025-05-15 07:34:00,133.189,133.189,133.182,133.182
2025-05-15 07:34:05,133.182,133.183,133.18,133.18
2025-05-15 07:34:10,133.18,133.182,133.178,133.18
2025-05-15 07:34:15,133.18,133.18,133.177,133.177
2025-05-15 07:34:20,133.177,133.177,133.172,133.175
2025-05-15 07:34:25,133.175,133.183,133.174,133.183
2025-05-15 07:34:30,133.183,133.199,133.182,133.196
2025-05-15 07:34:35,133.195,133.195,133.188,133.19
2025-05-15 07:34:40,133.19,133.192,133.181,133.181
2025-05-15 07:34:45,133.181,133.181,133.164,133.166
2025-05-15 07:34:50,133.166,133.167,133.16,133.16
2025-05-15 07:34:55,133.172,133.173,133.164,133.164
2025-05-15 07:35:00,133.164,133.171,133.164,133.17
2025-05-15 07:35:05,133.17,133.17,133.167,133.168
2025-05-15 07:35:10,133.168,133.168,133.163,133.163
2025-05-15 07:35:15,133.163,133.165,133.16,133.165
2025-05-15 07:35:20,133.163,133.169,133.163,133.165
2025-05-15 07:35:25,133.164,133.164,133.16,133.16
2025-05-15 07:35:30,133.16,133.165,133.16,133.165
2025-05-15 07:35:35,133.165,133.165,133.161,133.162
2025-05-15 07:35:40,133.163,133.166,133.163,133.166
2025-05-15 07:35:45,133.165,133.166,133.16,133.161
2025-05-15 07:35:50,133.162,133.162,133.16,133.162
2025-05-15 07:35:55,133.162,133.163,133.16,133.16
2025-05-15 07:36:00,133.161,133.165,133.161,133.164
2025-05-15 07:36:05,133.165,133.167,133.155,133.156
2025-05-15 07:36:10,133.157,133.162,133.151,133.152
2025-05-15 07:36:15,133.152,133.152,133.145,133.145
2025-05-15 07:36:20,133.145,133.147,133.144,133.146
2025-05-15 07:36:25,133.146,133.163,133.146,133.163
2025-05-15 07:36:30,133.163,133.168,133.16,133.16
2025-05-15 07:36:35,133.16,133.16,133.154,133.154
2025-05-15 07:36:40,133.154,133.156,133.148,133.148
2025-05-15 07:36:45,133.147,133.15,133.147,133.15
2025-05-15 07:36:50,133.149,133.149,133.147,133.149
2025-05-15 07:36:55,133.149,133.149,133.133,133.135
2025-05-15 07:37:00,133.143,133.15,133.14,133.148
2025-05-15 07:37:05,133.148,133.148,133.143,133.145
2025-05-15 07:37:10,133.145,133.145,133.136,133.136
2025-05-15 07:37:15,133.136,133.138,133.131,133.131
2025-05-15 07:37:20,133.132,133.136,133.132,133.134
2025-05-15 07:37:25,133.131,133.132,133.13,133.13
2025-05-15 07:37:30,133.131,133.131,133.128,133.13
2025-05-15 07:37:35,133.13,133.131,133.118,133.118
2025-05-15 07:37:40,133.119,133.12,133.117,133.117
2025-05-15 07:37:45,133.116,133.117,133.114,133.116
2025-05-15 07:37:50,133.116,133.116,133.106,133.107
2025-05-15 07:37:55,133.107,133.111,133.104,133.104
2025-05-15 07:38:00,133.104,133.109,133.104,133.109
2025-05-15 07:38:05,133.108,133.122,133.107,133.121
2025-05-15 07:38:10,133.123,133.124,133.122,133.122
2025-05-15 07:38:15,133.122,133.124,133.116,133.117
2025-05-15 07:38:20,133.118,133.118,133.117,133.118
2025-05-15 07:38:25,133.12,133.124,133.119,133.123
2025-05-15 07:38:30,133.125,133.126,133.125,133.126
2025-05-15 07:38:35,133.126,133.126,133.123,133.124
2025-05-15 07:38:40,133.124,133.125,133.122,133.124
2025-05-15 07:38:45,133.122,133.137,133.122,133.137
2025-05-15 07:38:50,133.137,133.139,133.132,133.133
2025-05-15 07:38:55,133.133,133.133,133.125,133.125
2025-05-15 07:39:00,133.125,133.128,133.125,133.125
2025-05-15 07:39:05,133.125,133.125,133.118,133.118
2025-05-15 07:39:10,133.118,133.118,133.115,133.117
2025-05-15 07:39:15,133.117,133.122,133.117,133.12
2025-05-15 07:39:20,133.121,133.121,133.114,133.116
2025-05-15 07:39:25,133.116,133.121,133.116,133.119
2025-05-15 07:39:30,133.119,133.119,133.109,133.109
2025-05-15 07:39:35,133.109,133.115,133.109,133.115
2025-05-15 07:39:40,133.115,133.116,133.109,133.116
2025-05-15 07:39:45,133.115,133.117,133.109,133.109
2025-05-15 07:39:50,133.109,133.113,133.108,133.111
2025-05-15 07:39:55,133.111,133.117,133.109,133.117
2025-05-15 07:40:00,133.117,133.118,133.114,133.115
2025-05-15 07:40:05,133.115,133.117,133.113,133.113
2025-05-15 07:40:10,133.113,133.114,133.103,133.103
2025-05-15 07:40:15,133.103,133.113,133.098,133.098
2025-05-15 07:40:20,133.098,133.098,133.095,133.097
2025-05-15 07:40:25,133.099,133.099,133.094,133.094
2025-05-15 07:40:30,133.094,133.096,133.088,133.092
2025-05-15 07:40:35,133.092,133.094,133.089,133.089
2025-05-15 07:40:40,133.091,133.094,133.09,133.09
2025-05-15 07:40:45,133.091,133.093,133.087,133.087
2025-05-15 07:40:50,133.084,133.084,133.081,133.083
2025-05-15 07:40:55,133.085,133.089,133.085,133.086
2025-05-15 07:41:00,133.086,133.09,133.08,133.088
2025-05-15 07:41:05,133.087,133.092,133.087,133.092
2025-05-15 07:41:10,133.092,133.102,133.092,133.094
2025-05-15 07:41:15,133.086,133.087,133.084,133.084
2025-05-15 07:41:20,133.082,133.083,133.079,133.08
2025-05-15 07:41:25,133.081,133.087,133.079,133.087
2025-05-15 07:41:30,133.087,133.097,133.086,133.096
2025-05-15 07:41:35,133.096,133.096,133.095,133.096
2025-05-15 07:41:40,133.101,133.102,133.094,133.094
2025-05-15 07:41:45,133.094,133.099,133.092,133.099
2025-05-15 07:41:50,133.1,133.1,133.098,133.1
2025-05-15 07:41:55,133.099,133.099,133.085,133.085
2025-05-15 07:42:00,133.095,133.1,133.094,133.1
2025-05-15 07:42:05,133.096,133.1,133.096,133.1
2025-05-15 07:42:10,133.1,133.103,133.1,133.102
2025-05-15 07:42:15,133.103,133.105,133.101,133.101
2025-05-15 07:42:20,133.101,133.103,133.101,133.103
2025-05-15 07:42:25,133.1,133.101,133.1,133.1
2025-05-15 07:42:30,133.103,133.109,133.103,133.106
2025-05-15 08:10:00,133.011,133.011,133.011,133.011
2025-05-15 08:10:05,133.011,133.011,133.001,133.001
2025-05-15 08:10:10,133.003,133.005,133.003,133.004
2025-05-15 08:10:15,133.002,133.016,133.001,133.01
2025-05-15 08:10:20,133.01,133.012,133.01,133.012
2025-05-15 08:10:25,133.007,133.011,133.007,133.011
2025-05-15 08:10:30,133.012,133.013,133.011,133.011
2025-05-15 08:10:35,133.011,133.012,133.004,133.005
2025-05-15 08:10:40,133.003,133.007,133.003,133.004
2025-05-15 08:10:45,133.004,133.008,133.004,133.007
2025-05-15 08:10:50,133.007,133.007,133.002,133.004
2025-05-15 08:10:55,133.006,133.008,133.006,133.006
2025-05-15 08:11:00,133.008,133.01,133.008,133.009
2025-05-15 08:11:05,133.009,133.015,133.009,133.015
2025-05-15 08:11:10,133.015,133.015,133.006,133.008
2025-05-15 08:11:15,133.011,133.011,133.002,133.002
2025-05-15 08:11:20,133.002,133.002,132.995,132.995
2025-05-15 08:11:25,132.995,132.996,132.986,132.986
2025-05-15 08:11:30,132.986,132.991,132.986,132.989
2025-05-15 08:11:35,132.988,132.988,132.986,132.986
2025-05-15 08:11:40,132.985,132.985,132.976,132.981
2025-05-15 08:11:45,132.981,132.99,132.981,132.988
2025-05-15 08:11:50,132.988,132.994,132.988,132.993
2025-05-15 08:11:55,132.993,132.996,132.993,132.994
2025-05-15 08:12:00,132.996,132.996,132.994,132.994
2025-05-15 08:12:05,132.994,132.995,132.992,132.994
2025-05-15 08:12:10,132.994,133.001,132.992,133.001
2025-05-15 08:12:15,133.001,133.001,132.998,132.998
2025-05-15 08:12:20,132.999,133.009,132.999,133.007
2025-05-15 08:12:25,133.009,133.013,133.009,133.013
2025-05-15 08:12:30,133.013,133.018,133.013,133.013
2025-05-15 08:12:35,133.013,133.013,133.004,133.008
2025-05-15 08:12:40,133.01,133.032,133.01,133.031
2025-05-15 08:12:45,133.032,133.032,133.028,133.031
2025-05-15 08:12:50,133.031,133.032,133.027,133.028
2025-05-15 08:12:55,133.028,133.028,133.025,133.025
2025-05-15 08:13:00,133.023,133.023,133.021,133.022
2025-05-15 08:13:05,133.028,133.03,133.018,133.018
2025-05-15 08:13:10,133.018,133.021,133.018,133.021
2025-05-15 08:13:15,133.021,133.021,133.015,133.015
2025-05-15 08:13:20,133.016,133.021,133.014,133.021
2025-05-15 08:13:25,133.021,133.021,133.014,133.018
2025-05-15 08:13:30,133.018,133.02,133.016,133.018
2025-05-15 08:13:35,133.018,133.018,133.009,133.011
2025-05-15 08:13:40,133.011,133.019,133.011,133.019
2025-05-15 08:13:45,133.018,133.026,133.018,133.026
2025-05-15 08:13:50,133.026,133.031,133.025,133.031
2025-05-15 08:13:55,133.031,133.04,133.031,133.04
2025-05-15 08:14:00,133.04,133.042,133.039,133.042
2025-05-15 08:14:05,133.043,133.061,133.043,133.061
2025-05-15 08:14:10,133.061,133.069,133.061,133.066
2025-05-15 08:14:15,133.066,133.067,133.062,133.064
2025-05-15 08:14:20,133.062,133.062,133.061,133.062
2025-05-15 08:14:25,133.062,133.062,133.056,133.058
2025-05-15 08:14:30,133.058,133.061,133.057,133.057
2025-05-15 08:14:35,133.057,133.057,133.052,133.052
2025-05-15 08:14:40,133.052,133.053,133.049,133.05
2025-05-15 08:14:45,133.051,133.053,133.051,133.052
2025-05-15 08:14:50,133.052,133.058,133.052,133.058
2025-05-15 08:14:55,133.058,133.062,133.058,133.062
2025-05-15 08:15:00,133.06,133.06,133.053,133.054
2025-05-15 08:15:05,133.053,133.057,133.053,133.056
2025-05-15 08:15:10,133.056,133.059,133.053,133.053
2025-05-15 08:15:15,133.051,133.051,133.046,133.05
2025-05-15 08:15:20,133.052,133.052,133.05,133.051
2025-05-15 08:15:25,133.051,133.059,133.051,133.059
2025-05-15 08:15:30,133.059,133.063,133.058,133.062
2025-05-15 08:15:35,133.062,133.065,133.058,133.063
2025-05-15 08:15:40,133.063,133.067,133.063,133.065
2025-05-15 08:15:45,133.065,133.071,133.065,133.071
2025-05-15 08:15:50,133.072,133.072,133.06,133.062
2025-05-15 08:15:55,133.062,133.063,133.06,133.061
2025-05-15 08:16:00,133.061,133.067,133.061,133.067
2025-05-15 08:16:05,133.067,133.068,133.065,133.068
2025-05-15 08:16:10,133.069,133.069,133.045,133.045
2025-05-15 08:16:15,133.045,133.045,133.043,133.043
2025-05-15 08:16:20,133.044,133.048,133.044,133.047
2025-05-15 08:16:25,133.045,133.053,133.045,133.05
2025-05-15 08:16:30,133.051,133.051,133.045,133.051
2025-05-15 08:16:35,133.051,133.052,133.048,133.048
2025-05-15 08:16:40,133.048,133.055,133.048,133.052
2025-05-15 08:16:45,133.052,133.052,133.04,133.04
2025-05-15 08:16:50,133.041,133.041,133.035,133.035
2025-05-15 08:16:55,133.035,133.037,133.034,133.034
2025-05-15 08:17:00,133.034,133.036,133.031,133.031
2025-05-15 08:17:05,133.031,133.031,133.028,133.03
2025-05-15 08:17:10,133.03,133.03,133.023,133.027
2025-05-15 08:17:15,133.027,133.027,133.024,133.024
2025-05-15 08:17:20,133.024,133.025,133.024,133.025
2025-05-15 08:17:25,133.025,133.025,133.005,133.013
2025-05-15 08:17:30,133.013,133.013,133.009,133.009
2025-05-15 08:17:35,133.009,133.011,133.005,133.011
2025-05-15 08:17:40,133.011,133.014,133.007,133.007
2025-05-15 08:17:45,133.005,133.006,133.001,133.005
2025-05-15 08:17:50,133.005,133.005,133.003,133.004
2025-05-15 08:17:55,133.004,133.005,133.004,133.005
2025-05-15 08:18:00,133.005,133.014,133.005,133.01
2025-05-15 08:18:05,133.01,133.012,133.006,133.008
2025-05-15 08:18:10,133.008,133.017,133.008,133.015
2025-05-15 08:18:15,133.015,133.02,133.015,133.018
2025-05-15 08:18:20,133.018,133.021,133.018,133.021
2025-05-15 08:18:25,133.022,133.023,133.019,133.022
2025-05-15 08:18:30,133.022,133.029,133.021,133.029
2025-05-15 08:18:35,133.029,133.036,133.029,133.036
2025-05-15 08:18:40,133.036,133.038,133.034,133.034
2025-05-15 08:18:45,133.033,133.035,133.033,133.034
2025-05-15 08:18:50,133.034,133.038,133.032,133.038
2025-05-15 08:18:55,133.038,133.051,133.038,133.051
2025-05-15 08:19:00,133.051,133.056,133.051,133.056
2025-05-15 08:19:05,133.056,133.056,133.052,133.052
2025-05-15 08:19:10,133.054,133.069,133.054,133.068
2025-05-15 08:19:15,133.068,133.076,133.068,133.074
2025-05-15 08:19:20,133.074,133.076,133.073,133.076
2025-05-15 08:19:25,133.075,133.076,133.064,133.064
2025-05-15 08:19:30,133.064,133.071,133.064,133.071
2025-05-15 08:19:35,133.071,133.073,133.07,133.073
2025-05-15 08:19:40,133.073,133.079,133.072,133.074
2025-05-15 08:19:45,133.074,133.074,133.068,133.072
2025-05-15 08:19:50,133.073,133.076,133.072,133.072
2025-05-15 08:19:55,133.072,133.082,133.072,133.075
2025-05-15 08:20:00,133.076,133.077,133.069,133.069
2025-05-15 08:20:05,133.07,133.07,133.065,133.065
2025-05-15 08:20:10,133.064,133.067,133.061,133.062
2025-05-15 08:20:15,133.063,133.063,133.058,133.058
2025-05-15 08:20:20,133.058,133.062,133.058,133.059
2025-05-15 08:20:25,133.058,133.063,133.057,133.06
2025-05-15 08:20:30,133.057,133.059,133.055,133.058
2025-05-15 08:20:35,133.058,133.062,133.055,133.055
2025-05-15 08:20:40,133.053,133.054,133.053,133.053
2025-05-15 08:20:45,133.051,133.053,133.045,133.047
2025-05-15 08:20:50,133.046,133.046,133.038,133.038
2025-05-15 08:20:55,133.038,133.042,133.038,133.041
2025-05-15 08:21:00,133.041,133.046,133.039,133.045
2025-05-15 08:21:05,133.047,133.047,133.039,133.039
2025-05-15 08:21:10,133.038,133.041,133.036,133.038
2025-05-15 08:21:15,133.038,133.042,133.038,133.042
2025-05-15 08:21:20,133.049,133.05,133.048,133.048
2025-05-15 08:21:25,133.048,133.048,133.035,133.039
2025-05-15 08:21:30,133.039,133.039,133.035,133.035
2025-05-15 08:21:35,133.034,133.037,133.033,133.035
2025-05-15 08:21:40,133.035,133.04,133.034,133.04
2025-05-15 08:21:45,133.04,133.043,133.04,133.042
2025-05-15 08:21:50,133.042,133.047,133.042,133.046
2025-05-15 08:21:55,133.045,133.048,133.038,133.038
2025-05-15 08:22:00,133.038,133.038,133.025,133.025
2025-05-15 08:22:05,133.025,133.031,133.024,133.031
2025-05-15 08:22:10,133.031,133.041,133.03,133.041
2025-05-15 08:22:15,133.041,133.05,133.041,133.047
2025-05-15 08:22:20,133.046,133.047,133.046,133.046
2025-05-15 08:22:25,133.046,133.064,133.046,133.062
2025-05-15 08:22:30,133.063,133.064,133.059,133.059
2025-05-15 08:22:35,133.056,133.06,133.055,133.057
2025-05-15 08:22:40,133.056,133.058,133.051,133.051
2025-05-15 08:22:45,133.051,133.055,133.051,133.053
2025-05-15 08:22:50,133.053,133.056,133.052,133.054
2025-05-15 08:22:55,133.057,133.06,133.057,133.06
2025-05-15 08:23:00,133.06,133.062,133.059,133.059
2025-05-15 08:23:05,133.059,133.061,133.057,133.057
2025-05-15 08:23:10,133.054,133.057,133.054,133.054
2025-05-15 08:23:15,133.054,133.054,133.048,133.05
2025-05-15 08:23:20,133.047,133.048,133.047,133.048
2025-05-15 08:23:25,133.048,133.051,133.043,133.051
2025-05-15 08:23:30,133.052,133.052,133.05,133.05
2025-05-15 08:23:35,133.048,133.052,133.046,133.05
2025-05-15 08:23:40,133.048,133.048,133.043,133.044
2025-05-15 08:23:45,133.044,133.047,133.043,133.047
2025-05-15 08:23:50,133.047,133.047,133.04,133.04
2025-05-15 08:23:55,133.04,133.043,133.04,133.042
2025-05-15 08:24:00,133.043,133.044,133.034,133.034
2025-05-15 08:24:05,133.034,133.035,133.027,133.033
2025-05-15 08:24:10,133.031,133.032,133.026,133.026
2025-05-15 08:24:15,133.027,133.027,133.012,133.012
2025-05-15 08:24:20,133.012,133.016,133.012,133.016
2025-05-15 08:24:25,133.016,133.022,133.016,133.022
2025-05-15 08:24:30,133.021,133.021,133.013,133.013
2025-05-15 08:24:35,133.013,133.014,133.007,133.009
2025-05-15 08:24:40,133.01,133.012,133.009,133.01
2025-05-15 08:24:45,133.01,133.011,133.009,133.01
2025-05-15 08:24:50,133.01,133.01,133.004,133.006
2025-05-15 08:24:55,133.007,133.009,133.005,133.005
2025-05-15 08:25:00,133.005,133.009,133.002,133.002
2025-05-15 08:25:05,133.002,133.003,132.999,133.001
2025-05-15 08:25:10,133,133,132.993,132.993
2025-05-15 08:25:15,132.993,132.995,132.988,132.988
2025-05-15 08:25:20,132.988,132.994,132.988,132.994
2025-05-15 08:25:25,132.994,132.997,132.989,132.989
2025-05-15 08:25:30,132.989,132.99,132.986,132.986
2025-05-15 08:25:35,132.983,132.986,132.983,132.986
2025-05-15 08:25:40,132.986,132.986,132.98,132.982
2025-05-15 08:25:45,132.982,132.986,132.978,132.978
2025-05-15 08:25:50,132.978,132.981,132.973,132.974
2025-05-15 08:25:55,132.975,132.975,132.968,132.969
2025-05-15 08:26:00,132.969,132.971,132.967,132.967
2025-05-15 08:26:05,132.967,132.967,132.962,132.964
2025-05-15 08:26:10,132.964,132.966,132.964,132.966
2025-05-15 08:26:15,132.966,132.972,132.966,132.971
2025-05-15 08:26:20,132.971,132.973,132.969,132.972
2025-05-15 08:26:25,132.972,132.975,132.969,132.975
2025-05-15 08:26:30,132.975,132.976,132.972,132.972
2025-05-15 08:26:35,132.972,132.978,132.972,132.978
2025-05-15 08:26:40,132.978,132.98,132.969,132.972
2025-05-15 08:26:45,132.972,132.972,132.97,132.971
2025-05-15 08:26:50,132.971,132.971,132.968,132.968
2025-05-15 08:26:55,132.968,132.968,132.965,132.965
2025-05-15 08:27:00,132.965,132.966,132.965,132.965
2025-05-15 08:27:05,132.965,132.977,132.965,132.977
2025-05-15 08:27:10,132.981,132.983,132.978,132.978
2025-05-15 08:27:15,132.977,132.977,132.973,132.974
2025-05-15 08:27:20,132.969,132.969,132.965,132.965
2025-05-15 08:27:25,132.966,132.966,132.961,132.963
2025-05-15 08:27:30,132.963,132.966,132.96,132.964
2025-05-15 08:27:35,132.963,132.963,132.95,132.95
2025-05-15 08:27:40,132.95,132.959,132.95,132.959
2025-05-15 08:27:45,132.959,132.961,132.956,132.961
2025-05-15 08:27:50,132.96,132.963,132.958,132.962
2025-05-15 08:27:55,132.962,132.965,132.957,132.957
2025-05-15 08:28:00,132.959,132.962,132.957,132.961
2025-05-15 08:28:05,132.961,132.971,132.961,132.971
2025-05-15 08:28:10,132.971,132.975,132.971,132.974
2025-05-15 08:28:15,132.974,132.974,132.966,132.966
2025-05-15 08:28:20,132.966,132.966,132.96,132.96
2025-05-15 08:28:25,132.96,132.964,132.96,132.96
2025-05-15 08:28:30,132.96,132.961,132.956,132.956
2025-05-15 08:28:35,132.957,132.958,132.955,132.955
2025-05-15 08:28:40,132.955,132.955,132.95,132.951
2025-05-15 08:28:45,132.951,132.959,132.951,132.958
2025-05-15 08:28:50,132.958,132.959,132.951,132.951
2025-05-15 08:28:55,132.951,132.951,132.945,132.949
2025-05-15 08:29:00,132.949,132.95,132.936,132.939
2025-05-15 08:29:05,132.943,132.943,132.919,132.922
2025-05-15 08:29:10,132.922,132.924,132.92,132.921
2025-05-15 08:29:15,132.921,132.924,132.92,132.922
2025-05-15 08:29:20,132.921,132.926,132.921,132.922
2025-05-15 08:29:25,132.922,132.926,132.922,132.924
2025-05-15 08:29:30,132.92,132.921,132.918,132.918
2025-05-15 08:29:35,132.918,132.926,132.918,132.925
2025-05-15 08:29:40,132.925,132.931,132.925,132.931
2025-05-15 08:29:45,132.931,132.931,132.921,132.923
2025-05-15 08:29:50,132.923,132.929,132.922,132.926
2025-05-15 08:29:55,132.926,132.926,132.913,132.913
2025-05-15 08:30:00,132.913,132.917,132.913,132.917
2025-05-15 08:30:05,132.917,132.918,132.916,132.918
2025-05-15 08:30:10,132.918,132.927,132.918,132.925
2025-05-15 08:30:15,132.925,132.937,132.923,132.937
2025-05-15 08:30:20,132.937,132.937,132.926,132.926
2025-05-15 08:30:25,132.925,132.938,132.925,132.938
2025-05-15 08:30:30,132.938,132.939,132.934,132.934
2025-05-15 08:30:35,132.934,132.943,132.934,132.943
2025-05-15 08:30:40,132.943,132.943,132.931,132.932
2025-05-15 08:30:45,132.93,132.937,132.93,132.937
2025-05-15 08:30:50,132.937,132.939,132.934,132.939
2025-05-15 08:30:55,132.939,132.939,132.934,132.938
2025-05-15 08:31:00,132.936,132.937,132.934,132.935
2025-05-15 08:31:05,132.935,132.943,132.934,132.943
2025-05-15 08:31:10,132.943,132.945,132.941,132.945
2025-05-15 08:31:15,132.945,132.95,132.945,132.947
2025-05-15 08:31:20,132.947,132.947,132.94,132.941
2025-05-15 08:31:25,132.941,132.948,132.941,132.947
2025-05-15 08:31:30,132.947,132.95,132.945,132.946
2025-05-15 08:31:35,132.946,132.947,132.941,132.943
2025-05-15 08:31:40,132.943,132.943,132.938,132.939
2025-05-15 08:31:45,132.936,132.949,132.936,132.949
2025-05-15 08:31:50,132.949,132.949,132.947,132.947
2025-05-15 08:31:55,132.947,132.95,132.944,132.948
2025-05-15 08:32:00,132.948,132.948,132.941,132.942
2025-05-15 08:32:05,132.94,132.945,132.94,132.94
2025-05-15 08:32:10,132.94,132.944,132.94,132.943
2025-05-15 08:32:15,132.942,132.948,132.942,132.943
2025-05-15 08:32:20,132.943,132.946,132.943,132.945
2025-05-15 08:32:25,132.945,132.947,132.938,132.939
2025-05-15 08:32:30,132.939,132.954,132.939,132.953
2025-05-15 08:32:35,132.956,132.956,132.949,132.95
2025-05-15 08:32:40,132.949,132.949,132.946,132.947
2025-05-15 08:32:45,132.947,132.95,132.945,132.95
2025-05-15 08:32:50,132.951,132.962,132.951,132.961
2025-05-15 08:32:55,132.961,132.967,132.958,132.958
2025-05-15 08:33:00,132.957,132.959,132.953,132.955
2025-05-15 08:33:05,132.955,132.959,132.955,132.958
2025-05-15 08:33:10,132.958,132.967,132.958,132.967
2025-05-15 08:33:15,132.964,132.969,132.964,132.969
2025-05-15 08:33:20,132.968,132.97,132.959,132.963
2025-05-15 08:33:25,132.962,132.963,132.96,132.962
2025-05-15 08:33:30,132.963,132.966,132.96,132.966
2025-05-15 08:33:35,132.969,132.973,132.966,132.966
2025-05-15 08:33:40,132.968,132.975,132.966,132.975
2025-05-15 08:33:45,132.975,132.987,132.975,132.984
2025-05-15 08:33:50,132.986,132.988,132.983,132.988
2025-05-15 08:33:55,132.987,132.987,132.983,132.986
2025-05-15 08:34:00,132.986,132.987,132.973,132.973
2025-05-15 08:34:05,132.975,132.976,132.974,132.975
2025-05-15 08:34:10,132.973,132.974,132.97,132.97
2025-05-15 08:34:15,132.97,132.976,132.97,132.973
2025-05-15 08:34:20,132.973,132.973,132.966,132.967
2025-05-15 08:34:25,132.965,132.968,132.963,132.963
2025-05-15 08:34:30,132.963,132.963,132.96,132.96
2025-05-15 08:34:35,132.959,132.959,132.957,132.958
2025-05-15 08:34:40,132.958,132.958,132.953,132.957
2025-05-15 08:34:45,132.959,132.959,132.953,132.954
2025-05-15 08:34:50,132.954,132.954,132.951,132.953
2025-05-15 08:34:55,132.953,132.955,132.949,132.949
2025-05-15 08:35:00,132.949,132.95,132.945,132.95
2025-05-15 08:35:05,132.951,132.953,132.948,132.948
2025-05-15 08:35:10,132.949,132.949,132.944,132.948
2025-05-15 08:35:15,132.95,132.964,132.95,132.964
2025-05-15 08:35:20,132.964,132.965,132.963,132.965
2025-05-15 08:35:25,132.964,132.969,132.964,132.968
2025-05-15 08:35:30,132.967,132.968,132.964,132.965
2025-05-15 08:35:35,132.967,132.967,132.959,132.959
2025-05-15 08:35:40,132.959,132.959,132.954,132.956
2025-05-15 08:35:45,132.958,132.958,132.952,132.955
2025-05-15 08:35:50,132.956,132.96,132.956,132.96
2025-05-15 08:35:55,132.961,132.966,132.961,132.966
2025-05-15 08:36:00,132.966,132.968,132.963,132.968
2025-05-15 08:36:05,132.966,132.967,132.948,132.948
2025-05-15 08:36:10,132.949,132.953,132.949,132.953
2025-05-15 08:36:15,132.955,132.955,132.946,132.953
2025-05-15 08:36:20,132.953,132.953,132.95,132.951
2025-05-15 08:36:25,132.945,132.947,132.943,132.944
2025-05-15 08:36:30,132.948,132.95,132.947,132.949
2025-05-15 08:36:35,132.951,132.956,132.951,132.953
2025-05-15 08:36:40,132.953,132.953,132.949,132.949
2025-05-15 08:36:45,132.949,132.96,132.947,132.959
2025-05-15 08:36:50,132.959,132.959,132.955,132.955
2025-05-15 08:36:55,132.955,132.956,132.954,132.954
2025-05-15 08:37:00,132.954,132.959,132.954,132.959
2025-05-15 08:37:05,132.952,132.961,132.952,132.958
2025-05-15 08:37:10,132.958,132.958,132.956,132.957
2025-05-15 08:37:15,132.957,132.962,132.955,132.962
2025-05-15 08:37:20,132.962,132.965,132.962,132.964
2025-05-15 08:37:25,132.965,132.97,132.965,132.97
2025-05-15 08:37:30,132.969,132.973,132.969,132.973
2025-05-15 08:37:35,132.973,132.976,132.973,132.976
2025-05-15 08:37:40,132.976,132.976,132.97,132.973
2025-05-15 08:37:45,132.974,132.979,132.974,132.978
2025-05-15 08:37:50,132.979,132.979,132.971,132.971
2025-05-15 08:37:55,132.971,132.978,132.971,132.978
2025-05-15 08:38:00,132.978,132.981,132.973,132.981
2025-05-15 08:38:05,132.981,132.99,132.981,132.989
2025-05-15 08:38:10,132.987,132.99,132.986,132.986
2025-05-15 08:38:15,132.986,132.994,132.985,132.994
2025-05-15 08:38:20,132.994,132.998,132.992,132.998
2025-05-15 08:38:25,132.998,132.998,132.994,132.994
2025-05-15 08:38:30,132.993,132.993,132.984,132.987
2025-05-15 08:38:35,132.988,132.992,132.988,132.991
2025-05-15 08:38:40,132.992,132.993,132.99,132.991
2025-05-15 08:38:45,132.989,132.989,132.987,132.988
2025-05-15 08:38:50,132.99,132.997,132.99,132.997
2025-05-15 08:38:55,132.997,133.001,132.989,132.989
2025-05-15 08:39:00,132.989,132.994,132.989,132.994
2025-05-15 08:39:05,132.994,132.994,132.983,132.983
2025-05-15 08:39:10,132.983,132.985,132.978,132.979
2025-05-15 08:39:15,132.979,132.979,132.973,132.974
2025-05-15 08:39:20,132.974,132.985,132.974,132.985
2025-05-15 08:39:25,132.985,132.986,132.983,132.986
2025-05-15 08:39:30,132.987,132.994,132.987,132.992
2025-05-15 08:39:35,132.992,133.003,132.991,133.003
2025-05-15 08:39:40,133.003,133.005,132.999,132.999
2025-05-15 08:39:45,132.999,133.002,132.998,133.001
2025-05-15 08:39:50,133.012,133.013,133.01,133.012
2025-05-15 08:39:55,133.012,133.021,133.012,133.016
2025-05-15 08:40:00,133.016,133.02,133.015,133.02
2025-05-15 08:40:05,133.02,133.022,133.017,133.018
2025-05-15 08:40:10,133.019,133.024,133.018,133.024
2025-05-15 08:40:15,133.025,133.031,133.016,133.016
2025-05-15 08:40:20,133.017,133.017,133.008,133.01
2025-05-15 08:40:25,133.01,133.018,133.01,133.014
2025-05-15 08:40:30,133.009,133.02,133.009,133.018
2025-05-15 08:40:35,133.022,133.031,133.022,133.026
2025-05-15 08:40:40,133.025,133.025,133.014,133.015
2025-05-15 08:40:45,133.015,133.015,133.01,133.013
2025-05-15 08:40:50,133.014,133.019,133.01,133.018
2025-05-15 08:40:55,133.019,133.021,133.016,133.016
2025-05-15 08:41:00,133.015,133.017,133.005,133.005
2025-05-15 08:41:05,133.005,133.005,132.99,132.993
2025-05-15 08:41:10,132.994,132.997,132.992,132.993
2025-05-15 08:41:15,132.995,132.995,132.992,132.994
2025-05-15 08:41:20,132.993,132.993,132.987,132.987
2025-05-15 08:41:25,132.987,132.989,132.981,132.981
2025-05-15 08:41:30,132.981,132.983,132.981,132.983
2025-05-15 08:41:35,132.985,132.985,132.981,132.981
2025-05-15 08:41:40,132.981,132.991,132.981,132.99
2025-05-15 08:41:45,132.99,132.999,132.988,132.999
2025-05-15 08:41:50,132.998,132.998,132.993,132.997
2025-05-15 08:41:55,132.997,133.001,132.997,132.999
2025-05-15 08:42:00,133.004,133.004,133.003,133.003
2025-05-15 08:42:05,133.003,133.006,133.003,133.004
2025-05-15 08:42:10,133.004,133.008,133.001,133.001
2025-05-15 08:42:15,133.001,133.004,133.001,133.002
2025-05-15 08:42:20,133.001,133.001,132.991,132.991
2025-05-15 08:42:25,132.991,132.992,132.986,132.99
2025-05-15 08:42:30,132.994,132.995,132.992,132.993
2025-05-15 08:42:35,132.993,132.998,132.992,132.998
2025-05-15 08:42:40,132.998,133.002,132.997,133.002
2025-05-15 08:42:45,133.002,133.009,132.998,132.998
2025-05-15 08:42:50,132.997,132.997,132.988,132.993
2025-05-15 08:42:55,132.993,133,132.99,133
2025-05-15 08:43:00,133,133.011,132.999,133.011
2025-05-15 08:43:05,133.011,133.018,133.011,133.017
2025-05-15 08:43:10,133.016,133.016,133.01,133.011
2025-05-15 08:43:15,133.016,133.019,133.014,133.019
2025-05-15 08:43:20,133.019,133.019,133.009,133.012
2025-05-15 08:43:25,133.012,133.015,133.012,133.013
2025-05-15 08:43:30,133.013,133.015,133.013,133.014
2025-05-15 08:43:35,133.016,133.017,133.016,133.016
2025-05-15 08:43:40,133.016,133.026,133.016,133.018
2025-05-15 08:43:45,133.018,133.018,133.006,133.006
2025-05-15 08:43:50,133.006,133.008,133.005,133.005
2025-05-15 08:43:55,133.004,133.011,133.004,133.011
2025-05-15 08:44:00,133.009,133.009,133.002,133.002
2025-05-15 08:44:05,133.002,133.007,132.999,133.006
2025-05-15 08:44:10,133.006,133.008,133.005,133.008
2025-05-15 08:44:15,133.009,133.015,133.009,133.015
2025-05-15 08:44:20,133.014,133.017,133.011,133.017
2025-05-15 08:44:25,133.017,133.031,133.017,133.031
2025-05-15 08:44:30,133.03,133.031,133.028,133.028
2025-05-15 08:44:35,133.024,133.024,133.021,133.021
2025-05-15 08:44:40,133.021,133.028,133.021,133.028
2025-05-15 08:44:45,133.028,133.028,133.025,133.026
2025-05-15 08:44:50,133.026,133.037,133.026,133.031
2025-05-15 08:44:55,133.031,133.031,133.028,133.029
2025-05-15 08:45:00,133.028,133.028,133.026,133.027
2025-05-15 08:45:05,133.028,133.041,133.028,133.041
2025-05-15 08:45:10,133.041,133.043,133.037,133.037
2025-05-15 08:45:15,133.037,133.037,133.033,133.036
2025-05-15 08:45:20,133.036,133.039,133.036,133.036
2025-05-15 08:45:25,133.041,133.044,133.041,133.043
2025-05-15 08:45:30,133.043,133.043,133.041,133.043
2025-05-15 08:45:35,133.044,133.05,133.042,133.042
2025-05-15 08:45:40,133.042,133.047,133.042,133.046
2025-05-15 08:45:45,133.047,133.048,133.043,133.043
2025-05-15 08:45:50,133.043,133.044,133.042,133.044
2025-05-15 08:45:55,133.046,133.047,133.044,133.045
2025-05-15 08:46:00,133.045,133.045,133.03,133.039
2025-05-15 08:46:05,133.04,133.044,133.039,133.044
2025-05-15 08:46:10,133.044,133.045,133.042,133.044
2025-05-15 08:46:15,133.046,133.05,133.046,133.05
2025-05-15 08:46:20,133.05,133.063,133.05,133.063
2025-05-15 08:46:25,133.063,133.068,133.063,133.068
2025-05-15 08:46:30,133.068,133.068,133.063,133.063
2025-05-15 08:46:35,133.065,133.067,133.065,133.065
2025-05-15 08:46:40,133.067,133.073,133.065,133.073
2025-05-15 08:46:45,133.072,133.078,133.072,133.078
2025-05-15 08:46:50,133.078,133.078,133.075,133.076
2025-05-15 08:46:55,133.076,133.076,133.074,133.075
2025-05-15 08:47:00,133.075,133.081,133.075,133.078
2025-05-15 08:47:05,133.078,133.079,133.076,133.079
2025-05-15 08:47:10,133.079,133.08,133.076,133.078
2025-05-15 08:47:15,133.078,133.079,133.076,133.079
2025-05-15 08:47:20,133.079,133.089,133.078,133.089
2025-05-15 08:47:25,133.09,133.09,133.086,133.086
2025-05-15 08:47:30,133.086,133.087,133.086,133.086
2025-05-15 08:47:35,133.086,133.09,133.086,133.088
2025-05-15 08:47:40,133.087,133.087,133.079,133.083
2025-05-15 08:47:45,133.083,133.09,133.083,133.09
2025-05-15 08:47:50,133.09,133.092,133.087,133.087
2025-05-15 08:47:55,133.087,133.115,133.087,133.115
2025-05-15 08:48:00,133.115,133.115,133.109,133.109
2025-05-15 08:48:05,133.109,133.119,133.109,133.119
2025-05-15 08:48:10,133.119,133.119,133.115,133.115
2025-05-15 08:48:15,133.115,133.115,133.109,133.111
2025-05-15 08:48:20,133.112,133.112,133.111,133.112
2025-05-15 08:48:25,133.113,133.118,133.113,133.117
2025-05-15 08:48:30,133.117,133.123,133.117,133.122
2025-05-15 08:48:35,133.122,133.127,133.122,133.127
2025-05-15 08:48:40,133.127,133.133,133.127,133.133
2025-05-15 08:48:45,133.133,133.134,133.129,133.13
2025-05-15 08:48:50,133.13,133.13,133.126,133.128
2025-05-15 08:48:55,133.128,133.129,133.127,133.128
2025-05-15 08:49:00,133.128,133.13,133.124,133.124
2025-05-15 08:49:05,133.124,133.129,133.124,133.124
2025-05-15 08:49:10,133.124,133.128,133.124,133.126
2025-05-15 08:49:15,133.126,133.131,133.126,133.13
2025-05-15 08:49:20,133.13,133.131,133.128,133.131
2025-05-15 08:49:25,133.131,133.132,133.129,133.131
2025-05-15 08:49:30,133.131,133.135,133.131,133.133
2025-05-15 08:49:35,133.133,133.137,133.128,133.137
2025-05-15 08:49:40,133.138,133.146,133.138,133.146
2025-05-15 08:49:45,133.148,133.148,133.138,133.141
2025-05-15 08:49:50,133.141,133.146,133.138,133.143
2025-05-15 08:49:55,133.143,133.146,133.142,133.142
2025-05-15 08:50:00,133.142,133.147,133.142,133.142
2025-05-15 08:50:05,133.142,133.144,133.135,133.136
2025-05-15 08:50:10,133.136,133.136,133.11,133.111
2025-05-15 08:50:15,133.111,133.122,133.111,133.122
2025-05-15 08:50:20,133.122,133.137,133.121,133.137
2025-05-15 08:50:25,133.14,133.145,133.14,133.144
2025-05-15 08:50:30,133.144,133.146,133.139,133.139
2025-05-15 08:50:35,133.139,133.141,133.137,133.137
2025-05-15 08:50:40,133.137,133.141,133.137,133.139
2025-05-15 08:50:45,133.138,133.144,133.132,133.144
2025-05-15 08:50:50,133.144,133.144,133.137,133.139
2025-05-15 08:50:55,133.139,133.145,133.139,133.143
2025-05-15 08:51:00,133.143,133.143,133.138,133.139
2025-05-15 08:51:05,133.142,133.144,133.139,133.141
2025-05-15 08:51:10,133.14,133.14,133.139,133.139
2025-05-15 08:51:15,133.139,133.141,133.136,133.136
2025-05-15 08:51:20,133.136,133.136,133.13,133.132
2025-05-15 08:51:25,133.133,133.133,133.13,133.13
2025-05-15 08:51:30,133.13,133.13,133.114,133.117
2025-05-15 08:51:35,133.117,133.119,133.112,133.114
2025-05-15 08:51:40,133.114,133.115,133.112,133.114
2025-05-15 08:51:45,133.113,133.127,133.113,133.126
2025-05-15 08:51:50,133.124,133.124,133.118,133.12
2025-05-15 08:51:55,133.12,133.126,133.119,133.126
2025-05-15 08:52:00,133.126,133.126,133.122,133.125
2025-05-15 08:52:05,133.131,133.143,133.131,133.143
2025-05-15 08:52:10,133.143,133.143,133.14,133.141
2025-05-15 08:52:15,133.142,133.143,133.136,133.136
2025-05-15 08:52:20,133.136,133.138,133.135,133.138
2025-05-15 08:52:25,133.135,133.143,133.135,133.143
2025-05-15 08:52:30,133.143,133.145,133.143,133.144
2025-05-15 08:52:35,133.138,133.139,133.137,133.139
2025-05-15 08:52:40,133.139,133.147,133.139,133.147
2025-05-15 08:52:45,133.148,133.148,133.139,133.139
2025-05-15 08:52:50,133.138,133.138,133.135,133.135
2025-05-15 08:52:55,133.136,133.138,133.135,133.138
2025-05-15 08:53:00,133.138,133.146,133.138,133.146
2025-05-15 08:53:05,133.146,133.146,133.134,133.136
2025-05-15 08:53:10,133.139,133.139,133.135,133.135
2025-05-15 08:53:15,133.131,133.132,133.129,133.132
2025-05-15 08:53:20,133.132,133.136,133.13,133.136
2025-05-15 08:53:25,133.136,133.14,133.135,133.137
2025-05-15 08:53:30,133.137,133.141,133.135,133.141
2025-05-15 08:53:35,133.142,133.144,133.136,133.136
2025-05-15 08:53:40,133.136,133.147,133.136,133.147
2025-05-15 08:53:45,133.147,133.147,133.144,133.145
2025-05-15 08:53:50,133.146,133.146,133.142,133.146
2025-05-15 08:53:55,133.146,133.152,133.145,133.151
2025-05-15 08:54:00,133.151,133.152,133.145,133.145
2025-05-15 08:54:05,133.146,133.146,133.137,133.137
2025-05-15 08:54:10,133.139,133.139,133.136,133.137
2025-05-15 08:54:15,133.138,133.138,133.116,133.118
2025-05-15 08:54:20,133.118,133.121,133.118,133.119
2025-05-15 08:54:25,133.118,133.121,133.117,133.121
2025-05-15 08:54:30,133.12,133.13,133.119,133.13
2025-05-15 08:54:35,133.13,133.133,133.13,133.133
2025-05-15 08:54:40,133.133,133.139,133.132,133.139
2025-05-15 08:54:45,133.139,133.15,133.135,133.143
2025-05-15 08:54:50,133.143,133.144,133.14,133.14
2025-05-15 08:54:55,133.14,133.14,133.133,133.135
2025-05-15 08:55:00,133.135,133.141,133.133,133.141
2025-05-15 08:55:05,133.142,133.147,133.14,133.14
2025-05-15 08:55:10,133.141,133.146,133.141,133.144
2025-05-15 08:55:15,133.144,133.147,133.143,133.144
2025-05-15 08:55:20,133.144,133.144,133.139,133.139
2025-05-15 08:55:25,133.139,133.139,133.136,133.138
2025-05-15 08:55:30,133.137,133.14,133.137,133.138
2025-05-15 08:55:35,133.138,133.143,133.138,133.141
2025-05-15 08:55:40,133.141,133.148,133.139,133.148
2025-05-15 08:55:45,133.148,133.15,133.138,133.15
2025-05-15 08:55:50,133.149,133.149,133.146,133.146
2025-05-15 08:55:55,133.147,133.147,133.138,133.139
2025-05-15 08:56:00,133.139,133.139,133.13,133.13
2025-05-15 08:56:05,133.13,133.141,133.13,133.135
2025-05-15 08:56:10,133.134,133.135,133.132,133.135
2025-05-15 08:56:15,133.135,133.139,133.135,133.139
2025-05-15 08:56:20,133.139,133.139,133.132,133.138
2025-05-15 08:56:25,133.138,133.148,133.138,133.148
2025-05-15 08:56:30,133.147,133.148,133.145,133.147
2025-05-15 08:56:35,133.147,133.147,133.139,133.139
2025-05-15 08:56:40,133.139,133.147,133.139,133.145
2025-05-15 08:56:45,133.145,133.146,133.142,133.142
2025-05-15 08:56:50,133.145,133.15,133.145,133.147
2025-05-15 08:56:55,133.147,133.147,133.144,133.146
2025-05-15 08:57:00,133.14,133.147,133.14,133.141
2025-05-15 08:57:05,133.141,133.141,133.137,133.141
2025-05-15 08:57:10,133.141,133.145,133.141,133.144
2025-05-15 08:57:15,133.144,133.145,133.136,133.145
2025-05-15 08:57:20,133.147,133.148,133.144,133.146
2025-05-15 08:57:25,133.146,133.147,133.144,133.147
2025-05-15 08:57:30,133.151,133.153,133.15,133.153
2025-05-15 08:57:35,133.153,133.156,133.153,133.154
2025-05-15 08:57:40,133.154,133.158,133.152,133.158
2025-05-15 08:57:45,133.158,133.168,133.154,133.162
2025-05-15 08:57:50,133.162,133.166,133.162,133.166
2025-05-15 08:57:55,133.165,133.172,133.159,133.16
2025-05-15 08:58:00,133.161,133.167,133.161,133.165
2025-05-15 08:58:05,133.165,133.165,133.156,133.156
2025-05-15 08:58:10,133.155,133.158,133.154,133.158
2025-05-15 08:58:15,133.161,133.162,133.156,133.161
2025-05-15 08:58:20,133.159,133.159,133.156,133.158
2025-05-15 08:58:25,133.158,133.162,133.156,133.162
2025-05-15 08:58:30,133.16,133.163,133.159,133.161
2025-05-15 08:58:35,133.161,133.161,133.158,133.158
2025-05-15 08:58:40,133.156,133.16,133.156,133.157
2025-05-15 08:58:45,133.157,133.159,133.155,133.155
2025-05-15 08:58:50,133.155,133.156,133.152,133.156
2025-05-15 08:58:55,133.155,133.157,133.153,133.155
2025-05-15 08:59:00,133.153,133.154,133.141,133.145
2025-05-15 08:59:05,133.145,133.148,133.136,133.136
2025-05-15 08:59:10,133.137,133.14,133.133,133.14
2025-05-15 08:59:15,133.139,133.139,133.133,133.139
2025-05-15 08:59:20,133.138,133.142,133.137,133.142
2025-05-15 08:59:25,133.142,133.144,133.137,133.144
2025-05-15 08:59:30,133.143,133.152,133.143,133.148
2025-05-15 08:59:35,133.146,133.147,133.145,133.146
2025-05-15 08:59:40,133.146,133.147,133.141,133.142
2025-05-15 08:59:45,133.142,133.152,133.142,133.152
2025-05-15 08:59:50,133.152,133.157,133.152,133.156
2025-05-15 08:59:55,133.159,133.171,133.159,133.161
2025-05-15 09:00:00,133.163,133.165,133.157,133.165
2025-05-15 09:00:05,133.165,133.169,133.165,133.167
2025-05-15 09:00:10,133.167,133.172,133.166,133.172
2025-05-15 09:00:15,133.172,133.173,133.168,133.172
2025-05-15 09:00:20,133.173,133.176,133.173,133.175
2025-05-15 09:00:25,133.175,133.176,133.172,133.172
2025-05-15 09:00:30,133.172,133.172,133.168,133.172
2025-05-15 09:00:35,133.172,133.172,133.164,133.164
2025-05-15 09:00:40,133.168,133.176,133.168,133.174
2025-05-15 09:00:45,133.174,133.178,133.174,133.178
2025-05-15 09:00:50,133.178,133.183,133.178,133.183
2025-05-15 09:00:55,133.185,133.192,133.185,133.188
2025-05-15 09:01:00,133.188,133.193,133.188,133.193
2025-05-15 09:01:05,133.193,133.193,133.189,133.19
2025-05-15 09:01:10,133.19,133.19,133.178,133.178
2025-05-15 09:01:15,133.177,133.179,133.177,133.179
2025-05-15 09:01:20,133.18,133.183,133.179,133.18
2025-05-15 09:01:25,133.18,133.181,133.178,133.179
2025-05-15 09:01:30,133.179,133.179,133.173,133.174
2025-05-15 09:01:35,133.172,133.174,133.17,133.173
2025-05-15 09:01:40,133.172,133.18,133.169,133.179
2025-05-15 09:01:45,133.179,133.181,133.179,133.18
2025-05-15 09:01:50,133.18,133.181,133.179,133.179
2025-05-15 09:01:55,133.186,133.186,133.179,133.181
2025-05-15 09:02:00,133.185,133.19,133.185,133.186
2025-05-15 09:02:05,133.186,133.189,133.183,133.189
2025-05-15 09:02:10,133.189,133.189,133.186,133.186
2025-05-15 09:02:15,133.186,133.189,133.186,133.188
2025-05-15 09:02:20,133.187,133.187,133.184,133.184
2025-05-15 09:02:25,133.184,133.186,133.174,133.174
2025-05-15 09:02:30,133.174,133.181,133.174,133.178
2025-05-15 09:02:35,133.182,133.186,133.181,133.185
2025-05-15 09:02:40,133.187,133.187,133.175,133.177
2025-05-15 09:02:45,133.177,133.18,133.176,133.18
2025-05-15 09:02:50,133.18,133.19,133.178,133.19
2025-05-15 09:02:55,133.19,133.193,133.19,133.191
2025-05-15 09:03:00,133.191,133.191,133.187,133.189
2025-05-15 09:03:05,133.19,133.196,133.19,133.196
2025-05-15 09:03:10,133.196,133.196,133.193,133.194
2025-05-15 09:03:15,133.191,133.196,133.19,133.19
2025-05-15 09:03:20,133.189,133.189,133.182,133.185
2025-05-15 09:03:25,133.186,133.187,133.185,133.186
2025-05-15 09:03:30,133.196,133.196,133.188,133.189
2025-05-15 09:03:35,133.188,133.189,133.184,133.184
2025-05-15 09:03:40,133.186,133.186,133.183,133.186
2025-05-15 09:03:45,133.186,133.19,133.186,133.19
2025-05-15 09:03:50,133.19,133.201,133.19,133.2
2025-05-15 09:03:55,133.197,133.2,133.189,133.199
2025-05-15 09:04:00,133.198,133.201,133.198,133.199
2025-05-15 09:04:05,133.2,133.201,133.195,133.201
2025-05-15 09:04:10,133.201,133.209,133.201,133.209
2025-05-15 09:04:15,133.206,133.215,133.206,133.215
2025-05-15 09:04:20,133.215,133.215,133.212,133.212
2025-05-15 09:04:25,133.212,133.212,133.207,133.207
2025-05-15 09:04:30,133.207,133.209,133.201,133.207
2025-05-15 09:04:35,133.206,133.212,133.206,133.208
2025-05-15 09:04:40,133.207,133.21,133.203,133.208
2025-05-15 09:04:45,133.208,133.219,133.207,133.219
2025-05-15 09:04:50,133.22,133.225,133.219,133.225
2025-05-15 09:04:55,133.225,133.228,133.225,133.228
2025-05-15 09:05:00,133.228,133.233,133.228,133.231
2025-05-15 09:05:05,133.233,133.238,133.226,133.228
2025-05-15 09:05:10,133.228,133.228,133.225,133.226
2025-05-15 09:05:15,133.226,133.234,133.226,133.234
2025-05-15 09:05:20,133.233,133.235,133.23,133.232
2025-05-15 09:05:25,133.233,133.234,133.229,133.229
2025-05-15 09:05:30,133.229,133.229,133.223,133.228
2025-05-15 09:05:35,133.228,133.229,133.226,133.226
2025-05-15 09:05:40,133.225,133.229,133.225,133.228
2025-05-15 09:05:45,133.228,133.231,133.226,133.228
2025-05-15 09:05:50,133.228,133.228,133.219,133.219
2025-05-15 09:05:55,133.219,133.224,133.216,133.222
2025-05-15 09:06:00,133.222,133.231,133.222,133.231
2025-05-15 09:06:05,133.231,133.242,133.229,133.242
2025-05-15 09:06:10,133.242,133.242,133.233,133.233
2025-05-15 09:06:15,133.233,133.234,133.228,133.228
2025-05-15 09:06:20,133.226,133.226,133.221,133.221
2025-05-15 09:06:25,133.221,133.222,133.219,133.222
2025-05-15 09:06:30,133.222,133.222,133.213,133.213
2025-05-15 09:06:35,133.213,133.221,133.213,133.221
2025-05-15 09:06:40,133.219,133.222,133.217,133.217
2025-05-15 09:06:45,133.215,133.218,133.211,133.218
2025-05-15 09:06:50,133.218,133.218,133.212,133.214
2025-05-15 09:06:55,133.214,133.214,133.212,133.214
2025-05-15 09:07:00,133.214,133.214,133.209,133.211
2025-05-15 09:07:05,133.209,133.211,133.206,133.206
2025-05-15 09:07:10,133.206,133.213,133.206,133.211
2025-05-15 09:07:15,133.211,133.218,133.211,133.216
2025-05-15 09:07:20,133.216,133.217,133.211,133.212
2025-05-15 09:07:25,133.211,133.218,133.211,133.218
2025-05-15 09:07:30,133.218,133.223,133.216,133.217
2025-05-15 09:07:35,133.217,133.222,133.216,133.221
2025-05-15 09:07:40,133.218,133.218,133.213,133.218
2025-05-15 09:07:45,133.216,133.217,133.213,133.217
2025-05-15 09:07:50,133.217,133.218,133.213,133.216
2025-05-15 09:07:55,133.216,133.218,133.215,133.215
2025-05-15 09:08:00,133.215,133.225,133.214,133.225
2025-05-15 09:08:05,133.224,133.229,133.224,133.228
2025-05-15 09:08:10,133.228,133.228,133.222,133.222
2025-05-15 09:08:15,133.224,133.225,133.222,133.225
2025-05-15 09:08:20,133.227,133.227,133.217,133.22
2025-05-15 09:08:25,133.221,133.227,133.221,133.225
2025-05-15 09:08:30,133.227,133.227,133.22,133.221
2025-05-15 09:08:35,133.221,133.229,133.221,133.229
2025-05-15 09:08:40,133.229,133.229,133.226,133.227
2025-05-15 09:08:45,133.226,133.23,133.226,133.23
2025-05-15 09:08:50,133.23,133.239,133.23,133.237
2025-05-15 09:08:55,133.233,133.242,133.233,133.238
2025-05-15 09:09:00,133.238,133.241,133.238,133.239
2025-05-15 09:09:05,133.241,133.243,133.24,133.243
2025-05-15 09:09:10,133.243,133.25,133.241,133.248
2025-05-15 09:09:15,133.248,133.249,133.239,133.239
2025-05-15 09:09:20,133.239,133.244,133.239,133.24
2025-05-15 09:09:25,133.24,133.243,133.23,133.232
2025-05-15 09:09:30,133.23,133.231,133.229,133.231
2025-05-15 09:09:35,133.229,133.238,133.229,133.235
2025-05-15 09:09:40,133.235,133.239,133.233,133.239
2025-05-15 09:09:45,133.232,133.232,133.22,133.221
2025-05-15 09:09:50,133.22,133.224,133.22,133.22
2025-05-15 09:09:55,133.218,133.219,133.214,133.214
2025-05-15 09:10:00,133.214,133.214,133.208,133.208
2025-05-15 09:10:05,133.211,133.211,133.205,133.205
2025-05-15 09:10:10,133.205,133.205,133.186,133.186
2025-05-15 09:10:15,133.186,133.195,133.186,133.195
2025-05-15 09:10:20,133.195,133.197,133.193,133.197
2025-05-15 09:10:25,133.198,133.201,133.197,133.201
2025-05-15 09:10:30,133.197,133.198,133.196,133.198
2025-05-15 09:10:35,133.199,133.212,133.198,133.212
2025-05-15 09:10:40,133.212,133.22,133.212,133.215
2025-05-15 09:10:45,133.215,133.215,133.201,133.201
2025-05-15 09:10:50,133.201,133.201,133.198,133.198
2025-05-15 09:10:55,133.196,133.206,133.196,133.202
2025-05-15 09:11:00,133.202,133.207,133.202,133.206
2025-05-15 09:11:05,133.206,133.211,133.203,133.211
2025-05-15 09:11:10,133.212,133.215,133.212,133.213
2025-05-15 09:11:15,133.211,133.215,133.211,133.215
2025-05-15 09:11:20,133.215,133.221,133.213,133.221
2025-05-15 09:11:25,133.221,133.242,133.22,133.242
2025-05-15 09:11:30,133.242,133.245,133.24,133.245
2025-05-15 09:11:35,133.247,133.247,133.242,133.242
2025-05-15 09:11:40,133.242,133.247,133.24,133.246
2025-05-15 09:11:45,133.245,133.245,133.243,133.243
2025-05-15 09:11:50,133.243,133.245,133.24,133.24
2025-05-15 09:11:55,133.239,133.239,133.236,133.237
2025-05-15 09:12:00,133.237,133.237,133.232,133.232
2025-05-15 09:12:05,133.228,133.228,133.222,133.224
2025-05-15 09:12:10,133.224,133.238,133.224,133.238
2025-05-15 09:12:15,133.236,133.243,133.236,133.238
2025-05-15 09:12:20,133.238,133.24,133.236,133.238
2025-05-15 09:12:25,133.238,133.25,133.238,133.25
2025-05-15 09:12:30,133.25,133.253,133.25,133.251
2025-05-15 09:12:35,133.251,133.254,133.251,133.251
2025-05-15 09:12:40,133.251,133.252,133.246,133.246
2025-05-15 09:12:45,133.247,133.248,133.246,133.246
2025-05-15 09:12:50,133.248,133.249,133.246,133.249
2025-05-15 09:12:55,133.259,133.266,133.258,133.265
2025-05-15 09:13:00,133.265,133.272,133.264,133.272
2025-05-15 09:13:05,133.273,133.273,133.271,133.271
2025-05-15 09:13:10,133.271,133.273,133.27,133.27
2025-05-15 09:13:15,133.27,133.272,133.266,133.272
2025-05-15 09:13:20,133.272,133.28,133.269,133.28
2025-05-15 09:13:25,133.28,133.281,133.274,133.281
2025-05-15 09:13:30,133.281,133.294,133.281,133.294
2025-05-15 09:13:35,133.294,133.294,133.291,133.293
2025-05-15 09:13:40,133.293,133.293,133.29,133.291
2025-05-15 09:13:45,133.291,133.292,133.288,133.288
2025-05-15 09:13:50,133.288,133.292,133.282,133.283
2025-05-15 09:13:55,133.283,133.296,133.281,133.294
2025-05-15 09:14:00,133.296,133.303,133.296,133.303
2025-05-15 09:14:05,133.305,133.305,133.298,133.298
2025-05-15 09:14:10,133.299,133.304,133.298,133.304
2025-05-15 09:14:15,133.303,133.303,133.297,133.3
2025-05-15 09:14:20,133.303,133.303,133.298,133.3
2025-05-15 09:14:25,133.302,133.302,133.296,133.296
2025-05-15 09:14:30,133.296,133.296,133.29,133.292
2025-05-15 09:14:35,133.292,133.292,133.287,133.287
2025-05-15 09:14:40,133.286,133.286,133.282,133.282
2025-05-15 09:14:45,133.283,133.29,133.283,133.29
2025-05-15 09:14:50,133.29,133.292,133.276,133.276
2025-05-15 09:14:55,133.279,133.279,133.272,133.273
2025-05-15 09:15:00,133.273,133.275,133.271,133.275
2025-05-15 09:15:05,133.275,133.28,133.275,133.28
2025-05-15 09:15:10,133.279,133.289,133.279,133.289
2025-05-15 09:15:15,133.289,133.292,133.287,133.292
2025-05-15 09:15:20,133.292,133.292,133.286,133.287
2025-05-15 09:15:25,133.287,133.29,133.286,133.29
2025-05-15 09:15:30,133.286,133.289,133.286,133.287
2025-05-15 09:15:35,133.289,133.289,133.287,133.289
2025-05-15 09:15:40,133.284,133.284,133.281,133.284
2025-05-15 09:15:45,133.284,133.289,133.282,133.285
2025-05-15 09:15:50,133.286,133.289,133.286,133.288
2025-05-15 09:15:55,133.288,133.29,133.288,133.29
2025-05-15 09:16:00,133.29,133.293,133.29,133.293
2025-05-15 09:16:05,133.293,133.293,133.285,133.286
2025-05-15 09:16:10,133.286,133.286,133.283,133.285
2025-05-15 09:16:15,133.285,133.292,133.285,133.292
2025-05-15 09:16:20,133.29,133.292,133.288,133.29
2025-05-15 09:16:25,133.29,133.294,133.286,133.286
2025-05-15 09:16:30,133.288,133.289,133.288,133.289
2025-05-15 09:16:35,133.289,133.292,133.287,133.292
2025-05-15 09:16:40,133.293,133.293,133.287,133.287
2025-05-15 09:16:45,133.287,133.293,133.287,133.293
2025-05-15 09:16:50,133.296,133.296,133.294,133.295
2025-05-15 09:16:55,133.295,133.295,133.293,133.293
2025-05-15 09:17:00,133.294,133.294,133.287,133.287
2025-05-15 09:17:05,133.287,133.292,133.285,133.292
2025-05-15 09:17:10,133.292,133.3,133.292,133.3
2025-05-15 09:17:15,133.3,133.3,133.289,133.289
2025-05-15 09:17:20,133.288,133.299,133.288,133.296
2025-05-15 09:17:25,133.296,133.297,133.293,133.294
2025-05-15 09:17:30,133.294,133.299,133.294,133.299
2025-05-15 09:17:35,133.299,133.302,133.298,133.302
2025-05-15 09:17:40,133.301,133.309,133.301,133.309
2025-05-15 09:17:45,133.309,133.31,133.296,133.296
2025-05-15 09:17:50,133.296,133.305,133.296,133.302
2025-05-15 09:17:55,133.301,133.305,133.301,133.305
2025-05-15 09:18:00,133.307,133.309,133.303,133.304
2025-05-15 09:18:05,133.304,133.304,133.295,133.297
2025-05-15 09:18:10,133.297,133.312,133.297,133.312
2025-05-15 09:18:15,133.312,133.322,133.312,133.316
2025-05-15 09:18:20,133.317,133.33,133.316,133.329
2025-05-15 09:18:25,133.329,133.329,133.315,133.316
2025-05-15 09:18:30,133.316,133.317,133.314,133.314
2025-05-15 09:18:35,133.314,133.314,133.312,133.313
2025-05-15 09:18:40,133.316,133.316,133.308,133.308
2025-05-15 09:18:45,133.308,133.311,133.305,133.305
2025-05-15 09:18:50,133.305,133.308,133.298,133.298
2025-05-15 09:18:55,133.298,133.3,133.293,133.293
2025-05-15 09:19:00,133.294,133.298,133.292,133.295
2025-05-15 09:19:05,133.295,133.303,133.292,133.303
2025-05-15 09:19:10,133.303,133.311,133.303,133.31
2025-05-15 09:19:15,133.311,133.315,133.311,133.315
2025-05-15 09:19:20,133.315,133.315,133.307,133.313
2025-05-15 09:19:25,133.313,133.315,133.311,133.315
2025-05-15 09:19:30,133.315,133.315,133.308,133.31
2025-05-15 09:19:35,133.309,133.313,133.305,133.313
2025-05-15 09:19:40,133.311,133.311,133.309,133.311
2025-05-15 09:19:45,133.31,133.312,133.308,133.312
2025-05-15 09:19:50,133.312,133.312,133.308,133.308
2025-05-15 09:19:55,133.311,133.311,133.306,133.306
2025-05-15 09:20:00,133.308,133.315,133.308,133.315
2025-05-15 09:20:05,133.312,133.314,133.311,133.313
2025-05-15 09:20:10,133.317,133.318,133.315,133.316
2025-05-15 09:20:15,133.317,133.322,133.315,133.322
2025-05-15 09:20:20,133.322,133.322,133.317,133.318
2025-05-15 09:20:25,133.318,133.321,133.318,133.318
2025-05-15 09:20:30,133.32,133.322,133.32,133.32
2025-05-15 09:20:35,133.32,133.32,133.316,133.316
2025-05-15 09:20:40,133.314,133.325,133.312,133.325
2025-05-15 09:20:45,133.325,133.335,133.325,133.335
2025-05-15 09:20:50,133.336,133.336,133.331,133.334
2025-05-15 09:20:55,133.333,133.343,133.333,133.335
2025-05-15 09:21:00,133.334,133.334,133.331,133.333
2025-05-15 09:21:05,133.333,133.333,133.327,133.327
2025-05-15 09:21:10,133.327,133.328,133.326,133.328
2025-05-15 09:21:15,133.328,133.331,133.328,133.329
2025-05-15 09:21:20,133.328,133.328,133.326,133.328
2025-05-15 09:21:25,133.329,133.329,133.327,133.327
2025-05-15 09:21:30,133.321,133.321,133.318,133.319
2025-05-15 09:21:35,133.32,133.327,133.319,133.327
2025-05-15 09:21:40,133.327,133.335,133.327,133.333
2025-05-15 09:21:45,133.332,133.334,133.33,133.334
2025-05-15 09:21:50,133.334,133.336,133.334,133.336
2025-05-15 09:21:55,133.335,133.335,133.326,133.327
2025-05-15 09:22:00,133.328,133.328,133.318,133.318
2025-05-15 09:22:05,133.319,133.32,133.312,133.313
2025-05-15 09:22:10,133.314,133.315,133.313,133.315
2025-05-15 09:22:15,133.315,133.317,133.315,133.316
2025-05-15 09:22:20,133.318,133.32,133.316,133.317
2025-05-15 09:22:25,133.314,133.314,133.3,133.3
2025-05-15 09:22:30,133.301,133.309,133.301,133.309
2025-05-15 09:22:35,133.309,133.309,133.304,133.306
2025-05-15 09:22:40,133.309,133.31,133.306,133.306
2025-05-15 09:22:45,133.314,133.314,133.307,133.31
2025-05-15 09:22:50,133.31,133.31,133.295,133.295
2025-05-15 09:22:55,133.295,133.3,133.295,133.3
2025-05-15 09:23:00,133.295,133.295,133.292,133.293
2025-05-15 09:23:05,133.295,133.298,133.295,133.296
2025-05-15 09:23:10,133.296,133.301,133.293,133.301
2025-05-15 09:23:15,133.301,133.304,133.297,133.301
2025-05-15 09:23:20,133.3,133.305,133.296,133.305
2025-05-15 09:23:25,133.301,133.301,133.298,133.301
2025-05-15 09:23:30,133.301,133.301,133.295,133.295
2025-05-15 09:23:35,133.295,133.299,133.294,133.299
2025-05-15 09:23:40,133.3,133.306,133.299,133.306
2025-05-15 09:23:45,133.306,133.306,133.303,133.304
2025-05-15 09:23:50,133.304,133.306,133.299,133.299
2025-05-15 09:23:55,133.299,133.299,133.296,133.299
2025-05-15 09:24:00,133.299,133.306,133.299,133.306
2025-05-15 09:24:05,133.307,133.31,133.306,133.31
2025-05-15 09:24:10,133.31,133.311,133.303,133.304
2025-05-15 09:24:15,133.304,133.307,133.302,133.306
2025-05-15 09:24:20,133.306,133.31,133.306,133.308
2025-05-15 09:24:25,133.309,133.311,133.306,133.307
2025-05-15 09:24:30,133.307,133.313,133.306,133.311
2025-05-15 09:24:35,133.311,133.314,133.309,133.314
2025-05-15 09:24:40,133.317,133.325,133.317,133.317
2025-05-15 09:24:45,133.317,133.319,133.316,133.316
2025-05-15 09:24:50,133.316,133.316,133.309,133.314
2025-05-15 09:24:55,133.314,133.317,133.311,133.314
2025-05-15 09:25:00,133.313,133.317,133.313,133.317
2025-05-15 09:25:05,133.319,133.323,133.311,133.311
2025-05-15 09:25:10,133.311,133.313,133.309,133.312
2025-05-15 09:25:15,133.312,133.316,133.312,133.316
2025-05-15 09:25:20,133.316,133.323,133.316,133.319
2025-05-15 09:25:25,133.319,133.334,133.319,133.334
2025-05-15 09:25:30,133.334,133.334,133.325,133.325
2025-05-15 09:25:35,133.325,133.326,133.321,133.322
2025-05-15 09:25:40,133.322,133.323,133.32,133.323
2025-05-15 09:25:45,133.322,133.337,133.32,133.337
2025-05-15 09:25:50,133.337,133.344,133.337,133.343
2025-05-15 09:25:55,133.343,133.345,133.341,133.343
2025-05-15 09:26:00,133.343,133.343,133.339,133.343
2025-05-15 09:26:05,133.34,133.351,133.34,133.35
2025-05-15 09:26:10,133.35,133.361,133.35,133.355
2025-05-15 09:26:15,133.355,133.367,133.355,133.367
2025-05-15 09:26:20,133.366,133.374,133.366,133.374
2025-05-15 09:26:25,133.378,133.378,133.375,133.378
2025-05-15 09:26:30,133.375,133.379,133.375,133.376
2025-05-15 09:26:35,133.371,133.371,133.355,133.355
2025-05-15 09:26:40,133.355,133.357,133.354,133.355
2025-05-15 09:26:45,133.357,133.36,133.357,133.36
2025-05-15 09:26:50,133.36,133.361,133.352,133.352
2025-05-15 09:26:55,133.352,133.359,133.351,133.357
2025-05-15 09:27:00,133.357,133.357,133.353,133.356
2025-05-15 09:27:05,133.355,133.366,133.355,133.363
2025-05-15 09:27:10,133.363,133.363,133.357,133.359
2025-05-15 09:27:15,133.364,133.364,133.354,133.354
2025-05-15 09:27:20,133.354,133.355,133.351,133.351
2025-05-15 09:27:25,133.351,133.351,133.351,133.351
2025-05-15 09:27:30,133.351,133.355,133.344,133.344
2025-05-15 09:27:35,133.343,133.345,133.342,133.342
2025-05-15 09:27:40,133.342,133.357,133.342,133.357
2025-05-15 09:27:45,133.357,133.358,133.354,133.354
2025-05-15 09:27:50,133.356,133.36,133.356,133.357
2025-05-15 09:27:55,133.355,133.358,133.355,133.357
2025-05-15 09:28:00,133.357,133.357,133.348,133.351
2025-05-15 09:28:05,133.35,133.35,133.341,133.342
2025-05-15 09:28:10,133.34,133.34,133.333,133.333
2025-05-15 09:28:15,133.329,133.329,133.321,133.321
2025-05-15 09:28:20,133.321,133.323,133.318,133.32
2025-05-15 09:28:25,133.321,133.326,133.32,133.326
2025-05-15 09:28:30,133.326,133.329,133.326,133.329
2025-05-15 09:28:35,133.329,133.332,133.328,133.329
2025-05-15 09:28:40,133.329,133.337,133.328,133.337
2025-05-15 09:28:45,133.335,133.341,133.334,133.339
2025-05-15 09:28:50,133.337,133.337,133.332,133.332
2025-05-15 09:28:55,133.334,133.335,133.334,133.334
2025-05-15 09:29:00,133.334,133.344,133.332,133.344
2025-05-15 09:29:05,133.344,133.345,133.342,133.342
2025-05-15 09:29:10,133.341,133.342,133.335,133.342
2025-05-15 09:29:15,133.342,133.348,133.339,133.339
2025-05-15 09:29:20,133.339,133.341,133.338,133.338
2025-05-15 09:29:25,133.339,133.342,133.336,133.342
2025-05-15 09:29:30,133.343,133.344,133.341,133.341
2025-05-15 09:29:35,133.341,133.345,133.341,133.345
2025-05-15 09:29:40,133.345,133.355,133.344,133.353
2025-05-15 09:29:45,133.356,133.356,133.352,133.352
2025-05-15 09:29:50,133.351,133.351,133.348,133.35
2025-05-15 09:29:55,133.35,133.358,133.35,133.358
2025-05-15 09:30:00,133.358,133.358,133.352,133.355
2025-05-15 09:30:05,133.357,133.362,133.357,133.359
2025-05-15 09:30:10,133.36,133.36,133.356,133.358
2025-05-15 09:30:15,133.358,133.358,133.356,133.357
2025-05-15 09:30:20,133.357,133.362,133.35,133.35
2025-05-15 09:30:25,133.348,133.355,133.348,133.352
2025-05-15 09:30:30,133.356,133.36,133.356,133.359
2025-05-15 09:30:35,133.359,133.364,133.359,133.363
2025-05-15 09:30:40,133.363,133.364,133.361,133.361
2025-05-15 09:30:45,133.361,133.361,133.354,133.354
2025-05-15 09:30:50,133.354,133.355,133.343,133.343
2025-05-15 09:30:55,133.343,133.343,133.333,133.337
2025-05-15 09:31:00,133.337,133.338,133.335,133.335
2025-05-15 09:31:05,133.335,133.343,133.335,133.343
2025-05-15 09:31:10,133.344,133.344,133.339,133.339
2025-05-15 09:31:15,133.337,133.338,133.323,133.323
2025-05-15 09:31:20,133.323,133.328,133.323,133.325
2025-05-15 09:31:25,133.327,133.327,133.32,133.32
2025-05-15 09:31:30,133.32,133.321,133.312,133.316
2025-05-15 09:31:35,133.316,133.324,133.316,133.322
2025-05-15 09:31:40,133.322,133.326,133.321,133.325
2025-05-15 09:31:45,133.326,133.326,133.32,133.32
2025-05-15 09:31:50,133.325,133.332,133.325,133.325
2025-05-15 09:31:55,133.325,133.327,133.319,133.319
2025-05-15 09:32:00,133.319,133.327,133.319,133.327
2025-05-15 09:32:05,133.327,133.33,133.326,133.33
2025-05-15 09:32:10,133.325,133.331,133.325,133.326
2025-05-15 09:32:15,133.315,133.315,133.305,133.307
2025-05-15 09:32:20,133.307,133.308,133.298,133.299
2025-05-15 09:32:25,133.299,133.302,133.299,133.3
2025-05-15 09:32:30,133.3,133.301,133.3,133.3
2025-05-15 09:32:35,133.3,133.301,133.299,133.299
2025-05-15 09:32:40,133.299,133.299,133.285,133.285
2025-05-15 09:32:45,133.285,133.287,133.284,133.286
2025-05-15 09:32:50,133.285,133.287,133.284,133.284
2025-05-15 09:32:55,133.284,133.284,133.283,133.283
2025-05-15 09:33:00,133.284,133.285,133.282,133.282
2025-05-15 09:33:05,133.282,133.285,133.278,133.278
2025-05-15 09:33:10,133.279,133.28,133.275,133.277
2025-05-15 09:33:15,133.276,133.281,133.276,133.281
2025-05-15 09:33:20,133.279,133.279,133.266,133.267
2025-05-15 09:33:25,133.267,133.272,133.263,133.27
2025-05-15 09:33:30,133.272,133.278,133.27,133.278
2025-05-15 09:33:35,133.278,133.278,133.275,133.277
2025-05-15 09:33:40,133.276,133.277,133.27,133.277
2025-05-15 09:33:45,133.277,133.278,133.268,133.268
2025-05-15 09:33:50,133.266,133.267,133.262,133.263
2025-05-15 09:33:55,133.263,133.263,133.26,133.263
2025-05-15 09:34:00,133.263,133.263,133.26,133.26
2025-05-15 09:34:05,133.26,133.26,133.257,133.257
2025-05-15 09:34:10,133.253,133.253,133.247,133.247
2025-05-15 09:34:15,133.247,133.251,133.247,133.251
2025-05-15 09:34:20,133.252,133.253,133.246,133.246
2025-05-15 09:34:25,133.246,133.249,133.245,133.249
2025-05-15 09:34:30,133.249,133.249,133.244,133.245
2025-05-15 09:34:35,133.247,133.26,133.246,133.246
2025-05-15 09:34:40,133.247,133.256,133.247,133.256
2025-05-15 09:34:45,133.256,133.257,133.253,133.256
2025-05-15 09:34:50,133.256,133.258,133.247,133.248
2025-05-15 09:34:55,133.248,133.252,133.248,133.252
2025-05-15 09:35:00,133.25,133.251,133.247,133.251
2025-05-15 09:35:05,133.251,133.257,133.248,133.254
2025-05-15 09:35:10,133.256,133.259,133.255,133.256
2025-05-15 09:35:15,133.256,133.256,133.251,133.254
2025-05-15 09:35:20,133.254,133.26,133.253,133.258
2025-05-15 09:35:25,133.258,133.26,133.257,133.259
2025-05-15 09:35:30,133.259,133.266,133.259,133.266
2025-05-15 09:35:35,133.266,133.269,133.266,133.269
2025-05-15 09:35:40,133.269,133.278,133.267,133.267
2025-05-15 09:35:45,133.267,133.273,133.267,133.273
2025-05-15 09:35:50,133.273,133.273,133.271,133.272
2025-05-15 09:35:55,133.274,133.278,133.274,133.275
2025-05-15 09:36:00,133.275,133.279,133.272,133.279
2025-05-15 09:36:05,133.279,133.282,133.278,133.282
2025-05-15 09:36:10,133.282,133.282,133.278,133.278
2025-05-15 09:36:15,133.28,133.28,133.277,133.277
2025-05-15 09:36:20,133.277,133.281,133.274,133.281
2025-05-15 09:36:25,133.281,133.288,133.281,133.282
2025-05-15 09:36:30,133.282,133.289,133.282,133.288
2025-05-15 09:36:35,133.288,133.299,133.288,133.294
2025-05-15 09:36:40,133.294,133.303,133.294,133.302
2025-05-15 09:36:45,133.302,133.302,133.284,133.284
2025-05-15 09:36:50,133.284,133.287,133.281,133.281
2025-05-15 09:36:55,133.284,133.292,133.284,133.292
2025-05-15 09:37:00,133.292,133.295,133.291,133.295
2025-05-15 09:37:05,133.295,133.297,133.292,133.293
2025-05-15 09:37:10,133.293,133.293,133.288,133.289
2025-05-15 09:37:15,133.285,133.285,133.281,133.283
2025-05-15 09:37:20,133.283,133.284,133.282,133.284
2025-05-15 09:37:25,133.285,133.285,133.277,133.278
2025-05-15 09:37:30,133.278,133.283,133.274,133.282
2025-05-15 09:37:35,133.284,133.288,133.284,133.287
2025-05-15 09:37:40,133.288,133.288,133.278,133.278
2025-05-15 09:37:45,133.278,133.278,133.27,133.27
2025-05-15 09:37:50,133.27,133.27,133.263,133.263
2025-05-15 09:37:55,133.264,133.264,133.253,133.254
2025-05-15 09:38:00,133.255,133.263,133.254,133.259
2025-05-15 09:38:05,133.259,133.262,133.257,133.262
2025-05-15 09:38:10,133.263,133.274,133.261,133.274
2025-05-15 09:38:15,133.274,133.274,133.266,133.267
2025-05-15 09:38:20,133.262,133.263,133.257,133.257
2025-05-15 09:38:25,133.258,133.26,133.255,133.255
2025-05-15 09:38:30,133.256,133.258,133.256,133.256
2025-05-15 09:38:35,133.259,133.259,133.253,133.255
2025-05-15 09:38:40,133.256,133.256,133.251,133.251
2025-05-15 09:38:45,133.251,133.261,133.251,133.261
2025-05-15 09:38:50,133.261,133.269,133.259,133.269
2025-05-15 09:38:55,133.269,133.269,133.263,133.264
2025-05-15 09:39:00,133.264,133.265,133.254,133.265
2025-05-15 09:39:05,133.265,133.272,133.265,133.27
2025-05-15 09:39:10,133.27,133.281,133.27,133.279
2025-05-15 09:39:15,133.278,133.282,133.277,133.277
2025-05-15 09:39:20,133.274,133.277,133.27,133.27
2025-05-15 09:39:25,133.27,133.283,133.27,133.279
2025-05-15 09:39:30,133.279,133.282,133.279,133.281
2025-05-15 09:39:35,133.282,133.286,133.282,133.283
2025-05-15 09:39:40,133.282,133.283,133.272,133.272
2025-05-15 09:39:45,133.275,133.275,133.269,133.269
2025-05-15 09:39:50,133.269,133.27,133.263,133.263
2025-05-15 09:39:55,133.263,133.265,133.258,133.258
2025-05-15 09:40:00,133.255,133.255,133.251,133.251
2025-05-15 09:40:05,133.251,133.255,133.248,133.248
2025-05-15 09:40:10,133.248,133.257,133.248,133.254
2025-05-15 09:40:15,133.254,133.254,133.248,133.249
2025-05-15 09:40:20,133.248,133.248,133.244,133.246
2025-05-15 09:40:25,133.248,133.248,133.243,133.243
2025-05-15 09:40:30,133.243,133.253,133.241,133.25
2025-05-15 09:40:35,133.25,133.257,133.246,133.246
2025-05-15 09:40:40,133.243,133.244,133.239,133.239
2025-05-15 09:40:45,133.239,133.241,133.235,133.235
2025-05-15 09:40:50,133.235,133.241,133.229,133.241
2025-05-15 09:40:55,133.241,133.245,133.241,133.242
2025-05-15 09:41:00,133.23,133.23,133.218,133.218
2025-05-15 09:41:05,133.223,133.23,133.223,133.23
2025-05-15 09:41:10,133.23,133.244,133.23,133.244
2025-05-15 09:41:15,133.244,133.244,133.237,133.239
2025-05-15 09:41:20,133.239,133.241,133.233,133.233
2025-05-15 09:41:25,133.233,133.239,133.23,133.235
2025-05-15 09:41:30,133.235,133.235,133.223,133.223
2025-05-15 09:41:35,133.223,133.223,133.22,133.22
2025-05-15 09:41:40,133.22,133.223,133.219,133.219
2025-05-15 09:41:45,133.222,133.23,133.222,133.23
2025-05-15 09:41:50,133.23,133.23,133.226,133.226
2025-05-15 09:41:55,133.226,133.236,133.226,133.234
2025-05-15 09:42:00,133.234,133.238,133.234,133.238
2025-05-15 09:42:05,133.239,133.241,133.238,133.239
2025-05-15 09:42:10,133.239,133.245,133.239,133.244
2025-05-15 09:42:15,133.244,133.249,133.244,133.249
2025-05-15 09:42:20,133.25,133.256,133.25,133.256
2025-05-15 09:42:25,133.256,133.256,133.247,133.247
2025-05-15 09:42:30,133.247,133.251,133.242,133.242
2025-05-15 09:42:35,133.242,133.254,133.242,133.254
2025-05-15 09:42:40,133.256,133.256,133.253,133.253
2025-05-15 09:42:45,133.253,133.261,133.252,133.261
2025-05-15 09:42:50,133.261,133.264,133.26,133.26
2025-05-15 09:42:55,133.26,133.26,133.25,133.25
2025-05-15 09:43:00,133.251,133.255,133.251,133.253
2025-05-15 09:43:05,133.249,133.25,133.246,133.247
2025-05-15 09:43:10,133.247,133.247,133.24,133.242
2025-05-15 09:43:15,133.24,133.245,133.24,133.243
2025-05-15 09:43:20,133.245,133.245,133.238,133.238
2025-05-15 09:43:25,133.239,133.239,133.229,133.229
2025-05-15 09:43:30,133.229,133.231,133.225,133.225
2025-05-15 09:43:35,133.226,133.236,133.226,133.233
2025-05-15 09:43:40,133.235,133.237,133.231,133.235
2025-05-15 09:43:45,133.237,133.24,133.236,133.24
2025-05-15 09:43:50,133.237,133.242,133.237,133.242
2025-05-15 09:43:55,133.237,133.237,133.233,133.234
2025-05-15 09:44:00,133.233,133.233,133.228,133.229
2025-05-15 09:44:05,133.229,133.232,133.226,133.228
2025-05-15 09:44:10,133.23,133.232,133.229,133.229
2025-05-15 09:44:15,133.225,133.225,133.22,133.222
2025-05-15 09:44:20,133.221,133.222,133.219,133.219
2025-05-15 09:44:25,133.219,133.222,133.216,133.218
2025-05-15 09:44:30,133.216,133.216,133.208,133.212
2025-05-15 09:44:35,133.214,133.222,133.214,133.222
2025-05-15 09:44:40,133.222,133.227,133.22,133.227
2025-05-15 09:44:45,133.227,133.227,133.224,133.224
2025-05-15 09:44:50,133.223,133.224,133.218,133.218
2025-05-15 09:44:55,133.219,133.225,133.219,133.225
2025-05-15 09:45:00,133.225,133.229,133.224,133.228
2025-05-15 09:45:05,133.225,133.232,133.219,133.232
2025-05-15 09:45:10,133.231,133.237,133.231,133.236
2025-05-15 09:45:15,133.237,133.239,133.237,133.239
2025-05-15 09:45:20,133.239,133.243,133.237,133.243
2025-05-15 09:45:25,133.244,133.245,133.241,133.241
2025-05-15 09:45:30,133.242,133.251,133.241,133.251
2025-05-15 09:45:35,133.251,133.255,133.249,133.25
2025-05-15 09:45:40,133.243,133.243,133.239,133.241
2025-05-15 09:45:45,133.241,133.245,133.241,133.242
2025-05-15 09:45:50,133.247,133.247,133.24,133.24
2025-05-15 09:45:55,133.24,133.248,133.238,133.248
2025-05-15 09:46:00,133.248,133.248,133.238,133.241
2025-05-15 09:46:05,133.242,133.243,133.241,133.241
2025-05-15 09:46:10,133.241,133.245,133.24,133.245
2025-05-15 09:46:15,133.244,133.247,133.244,133.246
2025-05-15 09:46:20,133.246,133.247,133.237,133.237
2025-05-15 09:46:25,133.237,133.238,133.232,133.232
2025-05-15 09:46:30,133.232,133.232,133.225,133.225
2025-05-15 09:46:35,133.225,133.225,133.22,133.221
2025-05-15 09:46:40,133.221,133.223,133.216,133.216
2025-05-15 09:46:45,133.217,133.219,133.217,133.219
2025-05-15 09:46:50,133.219,133.219,133.215,133.216
2025-05-15 09:46:55,133.216,133.219,133.211,133.218
2025-05-15 09:47:00,133.218,133.218,133.205,133.205
2025-05-15 09:47:05,133.205,133.206,133.204,133.204
2025-05-15 09:47:10,133.204,133.211,133.204,133.208
2025-05-15 09:47:15,133.208,133.216,133.206,133.216
2025-05-15 09:47:20,133.216,133.219,133.215,133.219
2025-05-15 09:47:25,133.221,133.224,133.218,133.218
2025-05-15 09:47:30,133.215,133.232,133.215,133.232
2025-05-15 09:47:35,133.232,133.238,133.226,133.238
2025-05-15 09:47:40,133.238,133.244,133.238,133.244
2025-05-15 09:47:45,133.247,133.256,133.246,133.256
2025-05-15 09:47:50,133.256,133.257,133.254,133.256
2025-05-15 09:47:55,133.256,133.26,133.254,133.254
2025-05-15 09:48:00,133.254,133.257,133.249,133.249
2025-05-15 09:48:05,133.248,133.25,133.247,133.247
2025-05-15 09:48:10,133.249,133.249,133.24,133.243
2025-05-15 09:48:15,133.243,133.254,133.243,133.254
2025-05-15 09:48:20,133.254,133.254,133.244,133.249
2025-05-15 09:48:25,133.249,133.25,133.246,133.246
2025-05-15 09:48:30,133.244,133.244,133.235,133.237
2025-05-15 09:48:35,133.237,133.239,133.237,133.239
2025-05-15 09:48:40,133.238,133.242,133.237,133.241
2025-05-15 09:48:45,133.239,133.239,133.233,133.235
2025-05-15 09:48:50,133.234,133.234,133.224,133.224
2025-05-15 09:48:55,133.224,133.24,133.222,133.24
2025-05-15 09:49:00,133.24,133.254,133.24,133.254
2025-05-15 09:49:05,133.255,133.258,133.252,133.252
2025-05-15 09:49:10,133.252,133.264,133.252,133.261
2025-05-15 09:49:15,133.271,133.271,133.268,133.27
2025-05-15 09:49:20,133.27,133.27,133.267,133.267
2025-05-15 09:49:25,133.267,133.285,133.267,133.285
2025-05-15 09:49:30,133.286,133.291,133.286,133.29
2025-05-15 09:49:35,133.29,133.292,133.289,133.291
2025-05-15 09:49:40,133.291,133.293,133.278,133.29
2025-05-15 09:49:45,133.29,133.29,133.285,133.286
2025-05-15 09:49:50,133.286,133.286,133.278,133.278
2025-05-15 09:49:55,133.278,133.28,133.278,133.279
2025-05-15 09:50:00,133.279,133.279,133.275,133.278
2025-05-15 09:50:05,133.278,133.284,133.278,133.281
2025-05-15 09:50:10,133.281,133.282,133.278,133.282
2025-05-15 09:50:15,133.282,133.293,133.281,133.293
2025-05-15 09:50:20,133.293,133.293,133.291,133.293
2025-05-15 09:50:25,133.293,133.295,133.292,133.294
2025-05-15 09:50:30,133.295,133.296,133.291,133.291
2025-05-15 09:50:35,133.291,133.296,133.29,133.296
2025-05-15 09:50:40,133.297,133.297,133.286,133.286
2025-05-15 09:50:45,133.286,133.291,133.286,133.291
2025-05-15 09:50:50,133.289,133.292,133.289,133.292
2025-05-15 09:50:55,133.293,133.297,133.292,133.297
2025-05-15 09:51:00,133.297,133.298,133.293,133.293
2025-05-15 09:51:05,133.293,133.293,133.285,133.288
2025-05-15 09:51:10,133.288,133.291,133.285,133.291
2025-05-15 09:51:15,133.291,133.298,133.291,133.298
2025-05-15 09:51:20,133.294,133.3,133.294,133.3
2025-05-15 09:51:25,133.3,133.303,133.295,133.295
2025-05-15 09:51:30,133.296,133.298,133.295,133.296
2025-05-15 09:51:35,133.295,133.305,133.295,133.305
2025-05-15 09:51:40,133.305,133.305,133.3,133.302
2025-05-15 09:51:45,133.302,133.305,133.301,133.304
2025-05-15 09:51:50,133.308,133.309,133.306,133.308
2025-05-15 09:51:55,133.308,133.31,133.306,133.309
2025-05-15 09:52:00,133.309,133.309,133.305,133.305
2025-05-15 09:52:05,133.305,133.308,133.295,133.295
2025-05-15 09:52:10,133.295,133.296,133.292,133.292
2025-05-15 09:52:15,133.294,133.307,133.289,133.304
2025-05-15 09:52:20,133.303,133.31,133.299,133.31
2025-05-15 09:52:25,133.31,133.317,133.308,133.317
2025-05-15 09:52:30,133.317,133.319,133.313,133.314
2025-05-15 09:52:35,133.314,133.314,133.302,133.306
2025-05-15 09:52:40,133.309,133.312,133.309,133.312
2025-05-15 09:52:45,133.312,133.315,133.31,133.315
2025-05-15 09:52:50,133.315,133.315,133.305,133.305
2025-05-15 09:52:55,133.305,133.31,133.304,133.31
2025-05-15 09:53:00,133.31,133.311,133.298,133.298
2025-05-15 09:53:05,133.298,133.306,133.298,133.306
2025-05-15 09:53:10,133.306,133.306,133.292,133.293
2025-05-15 09:53:15,133.292,133.295,133.292,133.293
2025-05-15 09:53:20,133.293,133.3,133.288,133.3
2025-05-15 09:53:25,133.3,133.302,133.297,133.3
2025-05-15 09:53:30,133.3,133.304,133.293,133.297
2025-05-15 09:53:35,133.3,133.3,133.29,133.29
2025-05-15 09:53:40,133.29,133.291,133.287,133.287
2025-05-15 09:53:45,133.287,133.29,133.287,133.29
2025-05-15 09:53:50,133.29,133.297,133.29,133.297
2025-05-15 09:53:55,133.297,133.304,133.295,133.304
2025-05-15 09:54:00,133.304,133.307,133.301,133.302
2025-05-15 09:54:05,133.302,133.302,133.297,133.299
2025-05-15 09:54:10,133.299,133.302,133.295,133.298
2025-05-15 09:54:15,133.295,133.295,133.291,133.293
2025-05-15 09:54:20,133.293,133.294,133.284,133.284
2025-05-15 09:54:25,133.284,133.292,133.284,133.292
2025-05-15 09:54:30,133.292,133.293,133.285,133.285
2025-05-15 09:54:35,133.288,133.289,133.287,133.288
2025-05-15 09:54:40,133.288,133.288,133.276,133.276
2025-05-15 09:54:45,133.274,133.274,133.27,133.271
2025-05-15 09:54:50,133.273,133.274,133.271,133.271
2025-05-15 09:54:55,133.272,133.278,133.272,133.273
2025-05-15 09:55:00,133.275,133.278,133.27,133.272
2025-05-15 09:55:05,133.272,133.272,133.267,133.269
2025-05-15 09:55:10,133.272,133.272,133.269,133.27
2025-05-15 09:55:15,133.268,133.268,133.259,133.26
2025-05-15 09:55:20,133.261,133.268,133.258,133.268
2025-05-15 09:55:25,133.267,133.271,133.266,133.269
2025-05-15 09:55:30,133.269,133.27,133.268,133.27
2025-05-15 09:55:35,133.269,133.269,133.26,133.264
2025-05-15 09:55:40,133.266,133.269,133.266,133.267
2025-05-15 09:55:45,133.265,133.265,133.257,133.259
2025-05-15 09:55:50,133.259,133.26,133.256,133.258
2025-05-15 09:55:55,133.255,133.255,133.243,133.245
2025-05-15 09:56:00,133.244,133.245,133.242,133.245
2025-05-15 09:56:05,133.243,133.246,133.241,133.246
2025-05-15 09:56:10,133.246,133.246,133.237,133.241
2025-05-15 09:56:15,133.242,133.242,133.238,133.239
2025-05-15 09:56:20,133.238,133.242,133.238,133.24
2025-05-15 09:56:25,133.241,133.243,133.24,133.243
2025-05-15 09:56:30,133.243,133.25,133.243,133.243
2025-05-15 09:56:35,133.242,133.242,133.239,133.24
2025-05-15 09:56:40,133.241,133.242,133.24,133.24
2025-05-15 09:56:45,133.24,133.246,133.239,133.246
2025-05-15 09:56:50,133.246,133.255,133.245,133.255
2025-05-15 09:56:55,133.248,133.248,133.242,133.244
2025-05-15 09:57:00,133.241,133.245,133.241,133.245
2025-05-15 09:57:05,133.246,133.254,133.243,133.254
2025-05-15 09:57:10,133.254,133.265,133.254,133.258
2025-05-15 09:57:15,133.252,133.254,133.251,133.254
2025-05-15 09:57:20,133.254,133.258,133.254,133.258
2025-05-15 09:57:25,133.258,133.259,133.252,133.252
2025-05-15 09:57:30,133.252,133.253,133.25,133.251
2025-05-15 09:57:35,133.253,133.254,133.25,133.253
2025-05-15 09:57:40,133.247,133.252,133.243,133.243
2025-05-15 09:57:45,133.242,133.245,133.242,133.244
2025-05-15 09:57:50,133.244,133.245,133.243,133.244
2025-05-15 09:57:55,133.242,133.242,133.237,133.237
2025-05-15 09:58:00,133.236,133.236,133.229,133.229
2025-05-15 09:58:05,133.229,133.23,133.228,133.228
2025-05-15 09:58:10,133.228,133.228,133.226,133.228
2025-05-15 09:58:15,133.228,133.229,133.224,133.224
2025-05-15 09:58:20,133.225,133.23,133.225,133.23
2025-05-15 09:58:25,133.232,133.235,133.231,133.232
2025-05-15 09:58:30,133.232,133.232,133.226,133.226
2025-05-15 09:58:35,133.221,133.222,133.221,133.222
2025-05-15 09:58:40,133.222,133.227,133.222,133.223
2025-05-15 09:58:45,133.222,133.224,133.221,133.221
2025-05-15 09:58:50,133.221,133.222,133.217,133.217
2025-05-15 09:58:55,133.217,133.222,133.215,133.222
2025-05-15 09:59:00,133.223,133.224,133.214,133.216
2025-05-15 09:59:05,133.216,133.216,133.213,133.215
2025-05-15 09:59:10,133.215,133.221,133.21,133.221
2025-05-15 09:59:15,133.221,133.225,133.217,133.217
2025-05-15 09:59:20,133.216,133.221,133.216,133.219
2025-05-15 09:59:25,133.219,133.226,133.218,133.226
2025-05-15 09:59:30,133.226,133.231,133.226,133.226
2025-05-15 09:59:35,133.226,133.233,133.223,133.233
2025-05-15 09:59:40,133.23,133.233,133.229,133.23
2025-05-15 09:59:45,133.23,133.233,133.224,133.224
2025-05-15 09:59:50,133.224,133.231,133.22,133.222
2025-05-15 09:59:55,133.222,133.224,133.22,133.221
2025-05-15 10:00:00,133.22,133.226,133.22,133.225
2025-05-15 10:00:05,133.225,133.226,133.219,133.221
2025-05-15 10:00:10,133.221,133.221,133.218,133.22
2025-05-15 10:00:15,133.218,133.222,133.218,133.222
2025-05-15 10:00:20,133.221,133.222,133.214,133.214
2025-05-15 10:00:25,133.216,133.218,133.21,133.212
2025-05-15 10:00:30,133.211,133.216,133.209,133.215
2025-05-15 10:00:35,133.215,133.223,133.215,133.217
2025-05-15 10:00:40,133.218,133.22,133.217,133.217
2025-05-15 10:00:45,133.214,133.219,133.214,133.215
2025-05-15 10:00:50,133.217,133.225,133.217,133.225
2025-05-15 10:00:55,133.224,133.229,133.224,133.229
2025-05-15 10:01:00,133.229,133.234,133.226,133.231
2025-05-15 10:01:05,133.231,133.238,133.228,133.238
2025-05-15 10:01:10,133.238,133.243,133.236,133.243
2025-05-15 10:01:15,133.243,133.245,133.241,133.243
2025-05-15 10:01:20,133.243,133.243,133.235,133.238
2025-05-15 10:01:25,133.237,133.25,133.236,133.247
2025-05-15 10:01:30,133.247,133.258,133.245,133.258
2025-05-15 10:01:35,133.258,133.259,133.255,133.258
2025-05-15 10:01:40,133.257,133.257,133.253,133.253
2025-05-15 10:01:45,133.253,133.253,133.243,133.243
2025-05-15 10:01:50,133.243,133.251,133.242,133.251
2025-05-15 10:01:55,133.251,133.253,133.243,133.246
2025-05-15 10:02:00,133.244,133.246,133.24,133.246
2025-05-15 10:02:05,133.247,133.248,133.243,133.248
2025-05-15 10:02:10,133.245,133.245,133.244,133.244
2025-05-15 10:02:15,133.244,133.244,133.231,133.231
2025-05-15 10:02:20,133.23,133.231,133.223,133.227
2025-05-15 10:02:25,133.226,133.238,133.226,133.238
2025-05-15 10:02:30,133.238,133.238,133.233,133.233
2025-05-15 10:02:35,133.233,133.236,133.228,133.23
2025-05-15 10:02:40,133.23,133.23,133.221,133.221
2025-05-15 10:02:45,133.218,133.218,133.206,133.208
2025-05-15 10:02:50,133.208,133.209,133.2,133.208
2025-05-15 10:02:55,133.208,133.211,133.204,133.206
2025-05-15 10:03:00,133.206,133.212,133.206,133.21
2025-05-15 10:03:05,133.217,133.219,133.215,133.217
2025-05-15 10:03:10,133.217,133.223,133.215,133.223
2025-05-15 10:03:15,133.223,133.236,133.223,133.236
2025-05-15 10:03:20,133.236,133.238,133.232,133.237
2025-05-15 10:03:25,133.232,133.232,133.227,133.23
2025-05-15 10:03:30,133.234,133.236,133.231,133.231
2025-05-15 10:03:35,133.231,133.232,133.226,133.228
2025-05-15 10:03:40,133.228,133.231,133.228,133.231
2025-05-15 10:03:45,133.229,133.229,133.221,133.221
2025-05-15 10:03:50,133.22,133.221,133.213,133.213
2025-05-15 10:03:55,133.213,133.213,133.2,133.2
2025-05-15 10:04:00,133.2,133.2,133.199,133.199
2025-05-15 10:04:05,133.198,133.208,133.198,133.207
2025-05-15 10:04:10,133.208,133.215,133.205,133.212
2025-05-15 10:04:15,133.212,133.214,133.21,133.214
2025-05-15 10:04:20,133.214,133.221,133.212,133.221
2025-05-15 10:04:25,133.221,133.225,133.221,133.225
2025-05-15 10:04:30,133.225,133.227,133.221,133.221
2025-05-15 10:04:35,133.221,133.225,133.22,133.225
2025-05-15 10:04:40,133.225,133.225,133.22,133.224
2025-05-15 10:04:45,133.224,133.227,133.22,133.226
2025-05-15 10:04:50,133.226,133.226,133.223,133.223
2025-05-15 10:04:55,133.223,133.23,133.223,133.228
2025-05-15 10:05:00,133.228,133.228,133.224,133.224
2025-05-15 10:05:05,133.232,133.234,133.228,133.228
2025-05-15 10:05:10,133.228,133.238,133.228,133.238
2025-05-15 10:05:15,133.238,133.238,133.232,133.232
2025-05-15 10:05:20,133.232,133.233,133.229,133.229
2025-05-15 10:05:25,133.229,133.229,133.216,133.216
2025-05-15 10:05:30,133.214,133.214,133.208,133.213
2025-05-15 10:05:35,133.213,133.213,133.205,133.206
2025-05-15 10:05:40,133.206,133.207,133.201,133.204
2025-05-15 10:05:45,133.204,133.207,133.203,133.206
2025-05-15 10:05:50,133.205,133.214,133.205,133.214
2025-05-15 10:05:55,133.214,133.224,133.214,133.224
2025-05-15 10:06:00,133.224,133.224,133.218,133.218
2025-05-15 10:06:05,133.216,133.217,133.21,133.217
2025-05-15 10:06:10,133.217,133.222,133.217,133.222
2025-05-15 10:06:15,133.224,133.228,133.224,133.224
2025-05-15 10:06:20,133.224,133.226,133.222,133.222
2025-05-15 10:06:25,133.223,133.229,133.223,133.227
2025-05-15 10:06:30,133.226,133.226,133.22,133.22
2025-05-15 10:06:35,133.22,133.229,133.22,133.229
2025-05-15 10:06:40,133.229,133.233,133.222,133.222
2025-05-15 10:06:45,133.22,133.239,133.218,133.239
2025-05-15 10:06:50,133.241,133.241,133.232,133.233
2025-05-15 10:06:55,133.233,133.239,133.233,133.239
2025-05-15 10:07:00,133.239,133.242,133.235,133.235
2025-05-15 10:07:05,133.235,133.241,133.234,133.24
2025-05-15 10:07:10,133.238,133.241,133.235,133.241
2025-05-15 10:07:15,133.241,133.242,133.239,133.242
2025-05-15 10:07:20,133.243,133.248,133.242,133.246
2025-05-15 10:07:25,133.246,133.248,133.242,133.243
2025-05-15 10:07:30,133.242,133.248,133.237,133.248
2025-05-15 10:07:35,133.25,133.254,133.249,133.253
2025-05-15 10:07:40,133.253,133.259,133.253,133.259
2025-05-15 10:07:45,133.259,133.26,133.253,133.253
2025-05-15 10:07:50,133.257,133.26,133.257,133.26
2025-05-15 10:07:55,133.258,133.261,133.255,133.255
2025-05-15 10:08:00,133.257,133.261,133.256,133.261
2025-05-15 10:08:05,133.261,133.268,133.261,133.267
2025-05-15 10:08:10,133.265,133.265,133.261,133.261
2025-05-15 10:08:15,133.266,133.27,133.264,133.268
2025-05-15 10:08:20,133.27,133.276,133.27,133.276
