time,open,high,low,close,bbwidth,adx,candle_size,upper_wick,lower_wick,atr,macd_line,signal_line,macd_histogram
09:39:35,137.346,137.346,137.332,137.332,0.06393285951935468,37.354183049364295,0.014000000000010004,0.014000000000010004,0.0,0.008153275253640797,0.005140308742483057,0.0015275230911369355,0.003612785651346122
09:39:40,137.332,137.339,137.332,137.336,0.06570620414515815,37.81635537187401,0.007000000000005002,0.002999999999985903,0.004000000000019099,0.007999505219822692,0.0053436212738233735,0.002290742727674223,0.0030528785461491504
09:39:45,137.335,137.335,137.332,137.332,0.06418525818622811,37.96150058820261,0.0030000000000143245,0.0030000000000143245,0.0,0.007466237857182213,0.0051229274305626404,0.0028571796682519066,0.002265747762310734
09:39:50,137.332,137.332,137.318,137.319,0.06098524411697781,38.643017004032785,0.013999999999981583,0.01300000000000523,0.0009999999999763531,0.008337406142888795,0.0038546011724065465,0.0030566639690828346,0.0007979372033237119
09:39:55,137.319,137.321,137.312,137.312,0.0563877552964982,40.92751211543996,0.00899999999998613,0.00899999999998613,0.0,0.008425751990501773,0.002258566626267111,0.00289704450051969,-0.0006384778742525789
09:40:00,137.312,137.32,137.312,137.319,0.053475424754196865,42.52699060205119,0.007999999999981355,0.0010000000000047748,0.0069999999999765805,0.008368985058432385,0.0015407781171745683,0.0026257912238506656,-0.0010850131066760973
09:40:05,137.319,137.319,137.315,137.315,0.0517723762964124,43.30722254261535,0.003999999999990678,0.003999999999990678,0.0,0.007786453717306824,0.0006417611585902705,0.0022289852107985867,-0.0015872240522083162
09:40:10,137.315,137.316,137.311,137.311,0.0517723762964124,43.29424202439213,0.0049999999999954525,0.0049999999999954525,0.0,0.007414926554998641,-0.0003889986939498158,0.0017053884298489062,-0.0020943871237987218
09:40:15,137.311,137.311,137.302,137.302,0.05344352651468398,44.24075759258563,0.009000000000014552,0.009000000000014552,0.0,0.0076262696810007625,-0.0019100897613952839,0.0009822927916000683,-0.0028923825529953524
09:40:20,137.302,137.309,137.302,137.307,0.05344352651468398,44.02617418897337,0.007000000000005002,0.0020000000000095497,0.0049999999999954525,0.007542767056867995,-0.002681199973665116,0.0002495942385470314,-0.0029307942122121476
09:40:25,137.304,137.305,137.302,137.302,0.055036447253883125,43.14601334633791,0.0030000000000143245,0.0030000000000143245,0.0,0.00720373144928499,-0.0036536515647469514,-0.0005310549221117652,-0.0031225966426351864
09:40:30,137.299,137.299,137.292,137.293,0.059677731013835,42.87908248256987,0.007000000000005002,0.006000000000000227,0.0010000000000047748,0.0075765672560457785,-0.005091855500069187,-0.0014432150377032497,-0.003648640462365937
09:40:35,137.293,137.293,137.286,137.289,0.06588634552264239,45.14552506534947,0.007000000000005002,0.004000000000019099,0.002999999999985903,0.007499691621907008,-0.006479714930890168,-0.0024505150163406336,-0.004029199914549534
09:40:40,137.289,137.289,137.283,137.286,0.07256039226967914,47.10623873108716,0.006000000000000227,0.002999999999985903,0.0030000000000143245,0.007299732738986105,-0.007732542519903518,-0.0035069205170532108,-0.004225622002850307
09:40:45,137.287,137.289,137.285,137.288,0.07746075406981845,51.63062084336529,0.003999999999990678,0.0009999999999763531,0.0030000000000143245,0.006859768373786715,-0.008466438294533418,-0.004498824072549252,-0.003967614221984166
09:40:50,137.29,137.292,137.288,137.292,0.07986804907579881,54.7397500523562,0.003999999999990678,0.0,0.003999999999990678,0.0064784659239472435,-0.0086258559151986,-0.005324230441079122,-0.003301625474119477
09:40:55,137.292,137.294,137.292,137.294,0.0786368067029457,56.9550511127312,0.0020000000000095497,0.0,0.0020000000000095497,0.0058813371340888845,-0.008492911248595192,-0.005957966602582337,-0.002534944646012855
09:41:00,137.294,137.295,137.289,137.29,0.07676731760756184,59.072190521634425,0.006000000000000227,0.0049999999999954525,0.0010000000000047748,0.00589715884954373,-0.008611055327492068,-0.006488584347564283,-0.0021224709799277843
09:41:05,137.291,137.295,137.29,137.295,0.07216355692037268,60.3797111228393,0.0049999999999954525,0.0,0.0049999999999954525,0.00577753766960396,-0.008206626268730588,-0.006832192731797544,-0.0013744335369330436
09:41:10,137.298,137.304,137.298,137.301,0.06282976163731746,58.13947502748631,0.006000000000000227,0.0030000000000143245,0.002999999999985903,0.006207199313658706,-0.0073176106099879235,-0.006929276307435621,-0.0003883343025523024
09:41:15,137.301,137.303,137.295,137.295,0.05836942242069654,56.31142910299069,0.008000000000009777,0.008000000000009777,0.0,0.006446239405172182,-0.007016329274932787,-0.0069466869009350545,-6.964237399773206e-05
09:41:20,137.295,137.296,137.29,137.295,0.05035076960729157,54.958993679545344,0.006000000000000227,0.0010000000000047748,0.0049999999999954525,0.006386740817815921,-0.006700324476526021,-0.006897414416053248,0.00019708993952722784
09:41:25,137.295,137.296,137.272,137.272,0.04866685892835676,54.74778060236027,0.02400000000000091,0.02400000000000091,0.0,0.008735175375440586,-0.008211143230198559,-0.007160160178882311,-0.0010509830513162474
09:41:30,137.271,137.275,137.262,137.263,0.05456005865153202,55.15121742592243,0.01300000000000523,0.012000000000000455,0.0010000000000047748,0.009303818658715872,-0.010019207573037647,-0.0077319696577133785,-0.0022872379153242688
09:41:35,137.264,137.264,137.26,137.261,0.06072543904684835,55.66116079472603,0.004000000000019099,0.0030000000000143245,0.0010000000000047748,0.008596642837556302,-0.011481147356477095,-0.008481805197466122,-0.002999342159010973
09:41:40,137.261,137.261,137.255,137.256,0.06447553595677391,55.59694522209994,0.006000000000000227,0.0049999999999954525,0.0010000000000047748,0.008250423792548825,-0.012894562886458516,-0.0093643567352646,-0.003530206151193916
09:41:45,137.254,137.261,137.254,137.261,0.06517700595560427,55.256586663937675,0.007000000000005002,0.0,0.007000000000005002,0.008083700620209648,-0.01345613274170887,-0.010182711936553455,-0.0032734208051554154
09:41:50,137.261,137.268,137.261,137.268,0.06353117759334737,52.57366557142269,0.007000000000005002,0.0,0.007000000000005002,0.007939207204182362,-0.013184358323542256,-0.010783041213951215,-0.002401317109591041
09:41:55,137.267,137.271,137.266,137.271,0.06279758627675847,49.0672108305532,0.0049999999999954525,0.0,0.0049999999999954525,0.007547312910290775,-0.012581864311329127,-0.011142805833426798,-0.0014390584779023288
09:42:00,137.27,137.275,137.27,137.275,0.05933349103145247,45.93961582662486,0.0049999999999954525,0.0,0.0049999999999954525,0.007207671188918066,-0.011647353454890208,-0.011243715357719482,-0.0004036380971707259
09:42:05,137.275,137.275,137.269,137.269,0.05744159505269408,43.888580637517045,0.006000000000000227,0.006000000000000227,0.0,0.007046648363729022,-0.011261085935416304,-0.011247189473258846,-1.389646215745749e-05
09:42:10,137.271,137.278,137.271,137.277,0.056328360624263496,40.57544839031671,0.007000000000005002,0.0010000000000047748,0.006000000000000227,0.007307095248563303,-0.010191946586132872,-0.011036140895833652,0.0008441943097007801
09:42:15,137.276,137.279,137.275,137.278,0.05568747378839589,36.986238856492385,0.003999999999990678,0.0010000000000047748,0.002999999999985903,0.006866149215420287,-0.009158382177588464,-0.010660589152184614,0.0015022069745961493
09:42:20,137.282,137.284,137.279,137.283,0.055449929999383585,37.61845958213109,0.0049999999999954525,0.0010000000000047748,0.003999999999990678,0.006750662653364279,-0.007845380066328289,-0.01009754733501335,0.0022521672686850614
09:42:25,137.283,137.284,137.276,137.276,0.05488207453583982,36.64260973967862,0.007999999999981355,0.007999999999981355,0.0,0.006917240966246556,-0.007285673226277822,-0.009535172513266245,0.002249499286988423
09:42:30,137.274,137.274,137.269,137.269,0.05400155943260643,35.991090693225736,0.0049999999999954525,0.0049999999999954525,0.0,0.006928275504081016,-0.00732253341450928,-0.009092644693514852,0.0017701112790055717
09:42:35,137.269,137.27,137.258,137.258,0.05430944475483557,34.85869391417533,0.012000000000000455,0.012000000000000455,0.0,0.0076045054368702744,-0.008145457682616097,-0.008903207291335102,0.0007577496087190043
09:42:40,137.258,137.26,137.257,137.259,0.0544894002256342,33.22928195615137,0.002999999999985903,0.0010000000000047748,0.001999999999981128,0.006990571378619025,-0.008617601109989437,-0.008846086055065969,0.00022848494507653194
09:42:45,137.259,137.275,137.259,137.268,0.05100877117666869,28.511049897671917,0.016000000000019554,0.007000000000005002,0.009000000000014552,0.008191828528139097,-0.008171359053250171,-0.00871114065470281,0.000539781601452639
09:42:50,137.269,137.274,137.269,137.271,0.043526156686596096,23.351975110660682,0.0049999999999954525,0.0030000000000143245,0.001999999999981128,0.007899584724387248,-0.0074893020679951405,-0.008466772937361276,0.0009774708693661358
09:42:55,137.272,137.276,137.271,137.271,0.037354066925956886,18.549738988294994,0.005000000000023874,0.005000000000023874,0.0,0.007512973427805465,-0.006869578765389406,-0.008147334102966901,0.0012777553375774957
09:43:00,137.271,137.272,137.266,137.266,0.02914645415137329,16.08326069474339,0.006000000000000227,0.006000000000000227,0.0,0.0073112436374314325,-0.006704615166313488,-0.00785879031563622,0.0011541751493227316
09:43:05,137.266,137.271,137.266,137.268,0.028972582322637663,14.440316049546285,0.0049999999999954525,0.002999999999985903,0.0020000000000095497,0.007003077819106636,-0.006339420150908381,-0.007554916282690652,0.0012154961317822708
09:43:10,137.266,137.266,137.262,137.265,0.02871273328605639,14.695152496381146,0.003999999999990678,0.0010000000000047748,0.002999999999985903,0.006869334109892449,-0.006220370835109179,-0.0072880071931743584,0.0010676363580651793
09:43:15,137.264,137.266,137.264,137.265,0.028048079024529216,14.767257277011408,0.001999999999981128,0.0010000000000047748,0.0009999999999763531,0.006220089561904273,-0.006056211162217551,-0.007041647986982997,0.0009854368247654462
09:43:20,137.263,137.263,137.258,137.258,0.027333418915247876,16.845354135641525,0.0049999999999954525,0.0049999999999954525,0.0,0.006324077620313914,-0.006416983940852106,-0.006916715177756819,0.0004997312369047135
09:43:25,137.258,137.258,137.248,137.25,0.03143916431389471,20.484048997280244,0.010000000000019327,0.008000000000009777,0.0020000000000095497,0.006814200604274636,-0.007264689292327375,-0.006986310000670931,-0.00027837929165644426
09:43:30,137.25,137.253,137.249,137.253,0.03427443423652221,23.339655173392856,0.003999999999990678,0.0,0.003999999999990678,0.0064389738570367755,-0.007606741185441024,-0.00711039623762495,-0.000496344947816074
09:43:35,137.255,137.256,137.252,137.255,0.035849979815338884,25.894910840758747,0.003999999999990678,0.0010000000000047748,0.002999999999985903,0.006113777342763963,-0.007628499891609408,-0.007214016968421842,-0.0004144829231875662
09:43:40,137.255,137.263,137.255,137.262,0.035195095353913075,24.894653537931898,0.008000000000009777,0.0010000000000047748,0.007000000000005002,0.006365273697063405,-0.007000208280885545,-0.007171255230914582,0.00017104695002903743
09:43:45,137.262,137.262,137.25,137.25,0.037856237755136135,23.300854876357935,0.012000000000000455,0.012000000000000455,0.0,0.007116570537455011,-0.007385447522835875,-0.0072140936892988415,-0.00017135383353703362
09:43:50,137.243,137.249,137.243,137.249,0.038718416672224976,22.71147993375985,0.006000000000000227,0.0,0.006000000000000227,0.007101027799128343,-0.007682880575373474,-0.007307851066513768,-0.0003750295088597059
09:43:55,137.248,137.248,137.245,137.245,0.03969303266620727,25.437400202191668,0.002999999999985903,0.002999999999985903,0.0,0.006687557425909988,-0.008147446293776284,-0.007475770111966271,-0.0006716761818100127
09:44:00,137.243,137.244,137.24,137.244,0.03763313210083652,29.029623948769135,0.003999999999990678,0.0,0.003999999999990678,0.0064625497691213835,-0.008498345972896004,-0.007680285284152218,-0.0008180606887437866
09:44:05,137.244,137.245,137.243,137.243,0.0374666167215878,31.819774092372054,0.0020000000000095497,0.0020000000000095497,0.0,0.005867543133239806,-0.008756192206135438,-0.007895466668548862,-0.0008607255375865756
09:44:10,137.241,137.246,137.241,137.246,0.03765997456656578,34.77672665888533,0.0049999999999954525,0.0,0.0049999999999954525,0.005751870715473893,-0.00861910658025522,-0.008040194650890134,-0.0005789119293650863
09:44:15,137.247,137.247,137.245,137.247,0.03875700276466887,37.27442578109401,0.0020000000000095497,0.0,0.0020000000000095497,0.005251621286745314,-0.008333707795543432,-0.008098897279820794,-0.00023481051572263843
09:44:20,137.247,137.25,137.247,137.25,0.03915098977216758,37.585836938677765,0.002999999999985903,0.0,0.002999999999985903,0.004951405115177393,-0.007775817490738746,-0.008034281322004384,0.00025846383126563836
09:44:25,137.25,137.252,137.248,137.251,0.037802255573694765,37.090066826803294,0.004000000000019099,0.0010000000000047748,0.0030000000000143245,0.0048245510998229536,-0.007170338562616507,-0.007861492770126809,0.0006911542075103017
09:44:30,137.251,137.253,137.249,137.249,0.03521423157485515,35.00962458172594,0.003999999999990678,0.003999999999990678,0.0,0.004714610953178651,-0.006773791384574679,-0.007643952493016383,0.0008701611084417039
09:44:35,137.25,137.251,137.244,137.244,0.03265126740728874,33.105918154036786,0.007000000000005002,0.007000000000005002,0.0,0.005019329492755497,-0.006784772468620304,-0.007472116488137167,0.0006873440195168633
09:44:40,137.245,137.245,137.239,137.239,0.03252917718856452,32.354896532015424,0.006000000000000227,0.006000000000000227,0.0,0.005150085560388129,-0.00711491693652988,-0.00740067657781571,0.00028575964128583
09:44:45,137.239,137.239,137.225,137.225,0.036786725296508394,34.379523647219706,0.014000000000010004,0.014000000000010004,0.0,0.0063300741523377125,-0.008409304574513499,-0.007602402177155268,-0.0008069023973582305
09:44:50,137.225,137.225,137.22,137.22,0.04240903578175903,38.92257969108154,0.0049999999999954525,0.0049999999999954525,0.0,0.006152730932025412,-0.00972645381139614,-0.008027212504003442,-0.0016992413073926987
09:44:55,137.22,137.226,137.22,137.226,0.043005018068811296,42.056096270504945,0.006000000000000227,0.0,0.006000000000000227,0.006132366807755387,-0.010168933084628407,-0.008455556620128436,-0.0017133764644999706
09:45:00,137.222,137.224,137.22,137.224,0.04524366777610567,44.06755440917881,0.003999999999990678,0.0,0.003999999999990678,0.0061147179000547,-0.010559263762104365,-0.008876298048523622,-0.001682965713580743
09:45:05,137.224,137.232,137.223,137.231,0.04616264153872862,42.784853834051596,0.00899999999998613,0.0010000000000047748,0.007999999999981355,0.006499422180045557,-0.010186340346876932,-0.009138306508194284,-0.001048033838682648
09:45:10,137.231,137.231,137.226,137.226,0.04736598824320026,41.15050380771009,0.0049999999999954525,0.0049999999999954525,0.0,0.006299499222705543,-0.010176940630145737,-0.009346033332584575,-0.000830907297561162
09:45:15,137.227,137.227,137.224,137.226,0.04740464112455811,40.31842256027428,0.0030000000000143245,0.0010000000000047748,0.0020000000000095497,0.005859565993013381,-0.010053599648330191,-0.009487546595733698,-0.0005660530525964935
09:45:20,137.226,137.226,137.218,137.219,0.046068141750708946,40.20407713091858,0.008000000000009777,0.007000000000005002,0.0010000000000047748,0.006144957193946234,-0.01040079859819798,-0.009670196996226555,-0.000730601601971425
09:45:25,137.219,137.221,137.213,137.213,0.04950746886919433,41.18442855089761,0.008000000000009777,0.008000000000009777,0.0,0.006392296234754706,-0.011032925426746942,-0.009942742682330634,-0.0010901827444163084
09:45:30,137.213,137.216,137.213,137.216,0.05090507161315827,43.489680009815665,0.0030000000000143245,0.0,0.0030000000000143245,0.005939990070122655,-0.011163133905824907,-0.010186820927029489,-0.000976312978795418
09:45:35,137.218,137.219,137.212,137.218,0.051801645982209266,45.243904229621556,0.007000000000005002,0.0010000000000047748,0.006000000000000227,0.0060813247274403015,-0.010978389735186056,-0.010345134688660803,-0.0006332550465252534
09:45:40,137.218,137.221,137.214,137.214,0.05329204542340449,46.56043030620897,0.007000000000005002,0.007000000000005002,0.0,0.006203814763782262,-0.011027625615923853,-0.010481632874113413,-0.0005459927418104398
09:45:45,137.214,137.217,137.212,137.212,0.054777636621452075,46.88540889712872,0.005000000000023874,0.005000000000023874,0.0,0.006043306128614477,-0.011100073948540512,-0.010605321088998833,-0.0004947528595416785
09:45:50,137.212,137.213,137.209,137.209,0.055554240921424025,46.8081701251424,0.003999999999990678,0.003999999999990678,0.0,0.005770865311464637,-0.011269655132792877,-0.010738187897757642,-0.0005314672350352351
09:45:55,137.218,137.218,137.214,137.217,0.05332679784652328,43.03638650774529,0.003999999999990678,0.0009999999999763531,0.0030000000000143245,0.006201416603267503,-0.010635912127497704,-0.010717732743705657,8.182061620795253e-05
09:46:00,137.217,137.223,137.214,137.223,0.0485390781269075,38.617945595482134,0.009000000000014552,0.0,0.009000000000014552,0.00657456105616711,-0.009539550375421868,-0.0104820962700489,0.0009425458946270317
09:46:05,137.223,137.23,137.223,137.229,0.04223243951651057,36.12213879492261,0.0069999999999765805,0.0009999999999763531,0.006000000000000227,0.006631286248675039,-0.00809323218933855,-0.010004323453906831,0.0019110912645682807
09:46:10,137.229,137.232,137.229,137.232,0.036041496553707475,33.98606466890296,0.002999999999985903,0.0,0.002999999999985903,0.006147114748849821,-0.006628530109765052,-0.009329164785078475,0.0027006346753134236
09:46:15,137.231,137.231,137.228,137.231,0.031267942219983524,34.42485961107022,0.002999999999985903,0.0,0.002999999999985903,0.005860832782335269,-0.0054852047755105104,-0.008560372783164884,0.0030751680076543733
09:46:20,137.231,137.233,137.227,137.233,0.028978394858370393,34.954932024188324,0.006000000000000227,0.0,0.006000000000000227,0.0058793884113572635,-0.004367383447799966,-0.0077217749160919,0.003354391468291934
09:46:25,137.232,137.233,137.229,137.229,0.02951966338667944,35.07688083874648,0.003999999999990678,0.003999999999990678,0.0,0.005628803289841719,-0.0037609150748494358,-0.006929602947843408,0.003168687872993972
09:46:30,137.227,137.227,137.218,137.219,0.02960156468373043,32.774293145617435,0.009000000000014552,0.008000000000009777,0.0010000000000047748,0.0063449628511993705,-0.00404062315786291,-0.006351806989847309,0.0023111838319843985
09:46:35,137.218,137.219,137.212,137.214,0.030293303066400767,30.998117234589532,0.007000000000005002,0.0049999999999954525,0.0020000000000095497,0.006432301137706788,-0.004612581078646372,-0.006003961807607122,0.0013913807289607505
09:46:40,137.21,137.211,137.208,137.21,0.03195984322701406,29.848888047406195,0.0030000000000143245,0.0010000000000047748,0.0020000000000095497,0.00637466098601258,-0.005327219551304552,-0.005868613356346608,0.0005413938050420567
09:46:45,137.211,137.215,137.21,137.211,0.031721817166726396,28.74469300865209,0.0049999999999954525,0.003999999999990678,0.0010000000000047748,0.00619137285454363,-0.005746640354061583,-0.0058442187558896035,9.757840182802058e-05
09:46:50,137.21,137.216,137.21,137.216,0.03140164260099709,28.163231787832053,0.006000000000000227,0.0,0.006000000000000227,0.006165856473937843,-0.00561089721830399,-0.005797554448372481,0.00018665723006849183
09:46:55,137.215,137.219,137.213,137.213,0.03130562418181171,26.17070926979334,0.006000000000000227,0.006000000000000227,0.0,0.006143742277412828,-0.005679920149361806,-0.005774027588570346,9.410743920854059e-05
09:47:00,137.213,137.214,137.212,137.213,0.031746363242064035,23.815483146025993,0.0020000000000095497,0.0010000000000047748,0.0010000000000047748,0.005591243307092391,-0.005669269509610331,-0.005753075972778344,8.380646316801313e-05
09:47:05,137.214,137.215,137.212,137.215,0.031498705071783206,23.186412635402707,0.0030000000000143245,0.0,0.0030000000000143245,0.005245744199481982,-0.0054367737717768705,-0.00568981553257805,0.0002530417608011797
09:47:10,137.215,137.217,137.215,137.216,0.031498705071783206,22.976356018731902,0.0020000000000095497,0.0010000000000047748,0.0010000000000047748,0.004812978306218992,-0.0051128893757947935,-0.0055744303012213985,0.000461540925426605
09:47:15,137.214,137.214,137.198,137.198,0.03654787775741397,24.040957747559105,0.015999999999991132,0.015999999999991132,0.0,0.0065712478653898836,-0.006236764685212393,-0.005706897178019597,-0.0005298675071927954
09:47:20,137.199,137.203,137.196,137.203,0.03874396387811885,24.98609204412205,0.007000000000005002,0.0,0.007000000000005002,0.006628414816671899,-0.006647359133495456,-0.00589498956911477,-0.0007523695643806864
09:47:25,137.203,137.205,137.2,137.203,0.040545750639068956,25.616701111947414,0.005000000000023874,0.0020000000000095497,0.0030000000000143245,0.00641129284111883,-0.006893296560093631,-0.0060946509673105425,-0.0007986455927830888
09:47:30,137.203,137.203,137.199,137.2,0.042725562422958774,25.98491763327738,0.003999999999990678,0.0030000000000143245,0.0009999999999763531,0.00608978712896841,-0.007246742731240374,-0.006325069320096509,-0.0009216734111438651
09:47:35,137.204,137.204,137.195,137.195,0.04674274500575848,26.964436496615097,0.009000000000014552,0.009000000000014552,0.0,0.0064778155117745624,-0.007839935683222166,-0.0066280425927216415,-0.001211893090500524
09:47:40,137.196,137.202,137.196,137.202,0.04753990014097553,29.19235945017487,0.006000000000000227,0.0,0.006000000000000227,0.0065474401102052875,-0.007656939441233135,-0.00683382196242394,-0.0008231174788091945
09:47:45,137.202,137.206,137.202,137.205,0.04602790915521382,28.495078448389922,0.003999999999990678,0.0009999999999763531,0.0030000000000143245,0.00620778142884334,-0.0071869915087177105,-0.006904455871682694,-0.0002825356370350163
09:47:50,137.205,137.208,137.205,137.205,0.04281613075443147,26.39869740771777,0.002999999999985903,0.002999999999985903,0.0,0.005780077238329015,-0.006736895646980656,-0.006870943826742287,0.0001340481797616304
09:47:55,137.203,137.203,137.199,137.199,0.04005207137214484,27.088628972024626,0.003999999999990678,0.003999999999990678,0.0,0.00580940027321851,-0.0067861151781016815,-0.006853978097014166,6.786291891248443e-05
09:48:00,137.198,137.201,137.198,137.201,0.034367058893451485,28.303804812538964,0.002999999999985903,0.0,0.002999999999985903,0.005434813570120829,-0.006587798683398205,-0.006800742214290974,0.00021294353089276914
09:48:05,137.208,137.214,137.205,137.206,0.028361575194480793,29.204932005809233,0.00899999999998613,0.008000000000009777,0.0009999999999763531,0.006443505094105416,-0.005958487484576835,-0.006632291268348146,0.0006738037837713106
09:48:10,137.206,137.208,137.204,137.208,0.026126010433983993,29.544709815322427,0.003999999999990678,0.0,0.003999999999990678,0.006117704414890118,-0.005237990249213453,-0.006353431064521208,0.001115440815307755
09:48:15,137.206,137.206,137.205,137.205,0.025218205623730228,30.565249895030572,0.0009999999999763531,0.0009999999999763531,0.0,0.00570201049290289,-0.004853122155992651,-0.006053369282815498,0.0012002471268228471
09:48:20,137.201,137.201,137.196,137.196,0.026517124559063632,31.34041137432956,0.0049999999999954525,0.0049999999999954525,0.0,0.0061417424271844444,-0.005214229807648962,-0.005885541387782191,0.0006713115801332287
09:48:25,137.198,137.199,137.196,137.196,0.02728022225829818,29.301520519532975,0.0030000000000143245,0.0030000000000143245,0.0,0.005722843436895096,-0.005437727485656296,-0.005795978607357013,0.00035825112170071675
09:48:30,137.196,137.196,137.182,137.182,0.032012497561822784,29.28411845913407,0.014000000000010004,0.014000000000010004,0.0,0.006826464311977084,-0.006667673216441017,-0.0059703175291738134,-0.0006973556872672034
09:48:35,137.18,137.18,137.178,137.178,0.03765997456662262,30.378656081148957,0.0020000000000095497,0.0020000000000095497,0.0,0.00644960240371223,-0.007874409350648648,-0.006351135893468781,-0.0015232734571798672
09:48:40,137.181,137.182,137.174,137.174,0.04320380100409693,31.686028368409172,0.007999999999981355,0.007999999999981355,0.0,0.00665632208321478,-0.009049209349228704,-0.006890750584620766,-0.002158458764607938
09:48:45,137.175,137.178,137.173,137.173,0.046591166998211975,32.47458294178167,0.0049999999999954525,0.0049999999999954525,0.0,0.006435479138785537,-0.00994628388542651,-0.007501857244781916,-0.002444426640644594
09:48:50,137.173,137.173,137.163,137.163,0.05238561474044445,34.1765715701334,0.009999999999990905,0.009999999999990905,0.0,0.006910748586946252,-0.011333492893754737,-0.00826818437457648,-0.003065308519178257
09:48:55,137.164,137.168,137.163,137.168,0.05737998917783216,37.641908966698566,0.0049999999999954525,0.0,0.0049999999999954525,0.006655982108686146,-0.011892320545342727,-0.00899301160872973,-0.002899308936612997
09:49:00,137.169,137.169,137.166,137.168,0.06073618534850311,41.45792805186404,0.0030000000000143245,0.0010000000000047748,0.0020000000000095497,0.006168517827529904,-0.012194623457048692,-0.009633333978393523,-0.002561289478655169
09:49:05,137.168,137.168,137.159,137.159,0.06613892874020166,44.34191460021533,0.009000000000014552,0.009000000000014552,0.0,0.00654604878386119,-0.013010449117700773,-0.010308757006254974,-0.002701692111445799
09:49:10,137.159,137.161,137.157,137.159,0.0704977789882264,47.14836771280725,0.003999999999990678,0.0020000000000095497,0.001999999999981128,0.0062065756126784555,-0.013501361539965728,-0.010947277912997124,-0.002554083626968604
09:49:15,137.157,137.159,137.153,137.159,0.0743488222407791,51.45297218160879,0.006000000000000227,0.0,0.006000000000000227,0.006179032197654692,-0.013732117864634574,-0.011504245903324615,-0.0022278719613099598
09:49:20,137.161,137.164,137.159,137.163,0.07515065570441948,53.98215952576502,0.0049999999999954525,0.0009999999999763531,0.004000000000019099,0.006021827904633461,-0.013437330166141237,-0.01189086275588794,-0.0015464674102532976
09:49:25,137.163,137.169,137.163,137.167,0.07360177343520036,54.50572819506794,0.006000000000000227,0.0020000000000095497,0.003999999999990678,0.00601891751734903,-0.012734150856317683,-0.012059520375973888,-0.000674630480343795
09:49:30,137.167,137.167,137.159,137.163,0.07185101545019279,55.83063995558331,0.008000000000009777,0.003999999999990678,0.004000000000019099,0.006283061848370464,-0.012357196686423322,-0.012119055638063776,-0.00023814104835954628
09:49:35,137.163,137.169,137.163,137.164,0.07059923959758407,56.49728451988104,0.006000000000000227,0.005000000000023874,0.0009999999999763531,0.006245320268587765,-0.011841267388774668,-0.012063497988205954,0.0002222305994312862
09:49:40,137.163,137.165,137.163,137.165,0.06784005958422767,54.9021750475055,0.001999999999981128,0.0,0.001999999999981128,0.005679277566106881,-0.011222333980242638,-0.011895265186613291,0.0006729312063706531
09:49:45,137.165,137.17,137.165,137.165,0.06214245095509341,51.23205187032121,0.0049999999999954525,0.0049999999999954525,0.0,0.005588707223958691,-0.010609524797104086,-0.011638117108711451,0.001028592311607365
09:49:50,137.165,137.166,137.161,137.164,0.053594579460536806,48.202669923107734,0.0049999999999954525,0.0020000000000095497,0.002999999999985903,0.00551021292743026,-0.010088269456502985,-0.011328147578269759,0.0012398781217667736
09:49:55,137.164,137.17,137.16,137.17,0.04336576384508817,43.87868748437431,0.009999999999990905,0.0,0.009999999999990905,0.006108851203771679,-0.009086280007835512,-0.010879774064182909,0.0017934940563473969
09:50:00,137.171,137.173,137.17,137.17,0.03569461112471117,39.58985206318486,0.0030000000000143245,0.0030000000000143245,0.0,0.005694337709937366,-0.008197698189007951,-0.010343358889147917,0.0021456607001399657
09:50:05,137.169,137.177,137.169,137.176,0.025841622895484306,36.22629246342329,0.007999999999981355,0.0010000000000047748,0.0069999999999765805,0.006001759348609898,-0.0069294623116604726,-0.009660579573650428,0.0027311172619899557
09:50:10,137.176,137.176,137.173,137.174,0.022882767595262976,33.046178591018,0.002999999999985903,0.001999999999981128,0.0010000000000047748,0.005601524768793365,-0.006016406142123287,-0.008931744887345001,0.002915338745221714
09:50:15,137.174,137.182,137.174,137.178,0.022882767595262976,30.64440906178861,0.007999999999981355,0.003999999999990678,0.003999999999990678,0.005921321466285097,-0.004913397392272145,-0.00812807538833043,0.0032146779960582853
09:50:20,137.178,137.178,137.172,137.173,0.02264508777170704,27.29502575313827,0.006000000000000227,0.0049999999999954525,0.0010000000000047748,0.005931811937447115,-0.004392084014000375,-0.007380877113464419,0.0029887930994640446
09:50:25,137.172,137.173,137.172,137.173,0.02264508777170704,23.702891984635908,0.0010000000000047748,0.0,0.0010000000000047748,0.005274237012454803,-0.003933595367044518,-0.006691420764180439,0.0027578253971359216
09:50:30,137.173,137.175,137.173,137.175,0.023369796075485283,22.678538250150588,0.0020000000000095497,0.0,0.0020000000000095497,0.004837672077462103,-0.0033700091579476066,-0.006027138442933873,0.0026571292849862666
09:50:35,137.175,137.181,137.174,137.181,0.026249010009962603,24.516094315634923,0.007000000000005002,0.0,0.007000000000005002,0.00512598246713449,-0.002411415869858047,-0.005303993928318708,0.0028925780584606615
09:50:40,137.18,137.18,137.176,137.176,0.02713242379957137,25.502066070237635,0.004000000000019099,0.004000000000019099,0.0,0.005109184804853075,-0.0020317611185305395,-0.004649547366361075,0.002617786247830535
09:50:45,137.176,137.176,137.169,137.172,0.025670790285289513,24.02169042655422,0.0069999999999765805,0.003999999999990678,0.002999999999985903,0.005361293497536209,-0.0020302451610234584,-0.004125686925293552,0.0020954417642700934
09:50:50,137.172,137.172,137.164,137.164,0.024327588847540937,23.262673057794892,0.008000000000009777,0.008000000000009777,0.0,0.005713121031199352,-0.0026440973862236206,-0.0038293690174795655,0.001185271631255945
09:50:55,137.164,137.164,137.159,137.162,0.02335537806152388,25.27823696028849,0.0049999999999954525,0.001999999999981128,0.0030000000000143245,0.005618038227038833,-0.003254447734917676,-0.003714384760967188,0.00045993702604951205
09:51:00,137.162,137.167,137.162,137.167,0.022645087771650196,25.225482133935248,0.0049999999999954525,0.0,0.0049999999999954525,0.005535633130099716,-0.003296694330202854,-0.0036308466748143217,0.0003341523446114677
09:51:05,137.167,137.174,137.165,137.174,0.022742494428257487,26.00684391399014,0.009000000000014552,0.0,0.009000000000014552,0.005997548712755027,-0.0027338197899950956,-0.0034514412978504765,0.0007176215078553809
09:51:10,137.174,137.175,137.168,137.168,0.021811633790434826,26.232158075432498,0.007000000000005002,0.007000000000005002,0.0,0.006131208884388357,-0.0027402990557447993,-0.003309212849429341,0.0005689137936845416
09:51:15,137.168,137.173,137.165,137.172,0.02094504086960569,24.60646245793104,0.008000000000009777,0.0010000000000047748,0.007000000000005002,0.0063803810331378805,-0.0023950586052023937,-0.0031263820005839518,0.0007313233953815581
09:51:20,137.174,137.177,137.174,137.177,0.02082407514035367,24.266722401277452,0.002999999999985903,0.0,0.002999999999985903,0.006196330228718891,-0.0016984165587246025,-0.0028407889122120823,0.0011423723534874797
09:51:25,137.177,137.182,137.176,137.182,0.021847317074332295,23.667233172167503,0.006000000000000227,0.0,0.006000000000000227,0.006170152864889736,-0.0007343988121988332,-0.0024195108922094324,0.0016851120800105992
09:51:30,137.182,137.184,137.167,137.167,0.021025298049778485,21.99364689280505,0.016999999999995907,0.016999999999995907,0.0,0.007614132482903893,-0.0011673262323199651,-0.002169073960231539,0.0010017477279115738
09:51:35,137.167,137.171,137.167,137.171,0.020942025242106865,20.320060613442596,0.003999999999990678,0.0,0.003999999999990678,0.007132248151848798,-0.0011741231998598778,-0.0019700838081572066,0.0007959606082973288
09:51:40,137.172,137.174,137.172,137.174,0.020829129404944524,18.315330855634127,0.0020000000000095497,0.0,0.0020000000000095497,0.006581281731604202,-0.0009267518986746381,-0.0017614174262606931,0.000834665527586055
09:51:45,137.175,137.178,137.175,137.178,0.021162031545600257,16.062350546893175,0.002999999999985903,0.0,0.002999999999985903,0.006237110834055733,-0.0004032928803781033,-0.0014897925170841754,0.001086499636706072
09:51:50,137.178,137.178,137.171,137.172,0.0211500902120747,12.792100296966911,0.007000000000005002,0.006000000000000227,0.0010000000000047748,0.006338829389515636,-0.0004672119642634698,-0.0012852764065200343,0.0008180644422565646
09:51:55,137.175,137.177,137.175,137.175,0.020694265673569134,12.484945508232995,0.001999999999981128,0.001999999999981128,0.0,0.006160318804246279,-0.00027265042638191517,-0.0010827512104924107,0.0008101007841104955
09:52:00,137.175,137.175,137.168,137.168,0.021102257304505656,13.248356229367042,0.007000000000005002,0.007000000000005002,0.0,0.006272276297014108,-0.0006755136041078913,-0.0010013036892155068,0.00032579008510761546
09:52:05,137.17,137.17,137.163,137.164,0.022383264429095107,13.813681185727187,0.0069999999999765805,0.006000000000000227,0.0009999999999763531,0.00636930612407577,-0.0013025373062873769,-0.0010615504126298809,-0.00024098689365749599
09:52:10,137.164,137.169,137.164,137.169,0.022338072295326583,15.43294992636733,0.005000000000023874,0.0,0.005000000000023874,0.006186731974202185,-0.0013800910637371544,-0.0011252585428513356,-0.00025483252088581883
09:52:15,137.169,137.18,137.169,137.18,0.02200095692120385,15.210997270677998,0.01099999999999568,0.0,0.01099999999999568,0.006828501044307984,-0.0005476321436219678,-0.001009733263005462,0.00046210111938349433
09:52:20,137.18,137.181,137.179,137.181,0.023261443141564087,14.977880712043174,0.0020000000000095497,0.0,0.0020000000000095497,0.006184700905068194,0.0001905921629088425,-0.0007696681778226012,0.0009602603407314437
09:52:25,137.18,137.18,137.168,137.168,0.02351348997308378,16.49393758386013,0.012000000000000455,0.012000000000000455,0.0,0.007093407451059798,-0.00027023599761832884,-0.0006697817417817469,0.000399545744163418
09:52:30,137.172,137.18,137.172,137.178,0.023006635202591497,16.962064793915307,0.008000000000009777,0.0020000000000095497,0.006000000000000227,0.007747619790918553,0.0001695167084676541,-0.0005019220517318666,0.0006714387601995207
09:52:35,137.178,137.18,137.172,137.18,0.021788456629508346,16.37049112522723,0.008000000000009777,0.0,0.008000000000009777,0.007781270485464049,0.0006716646496158774,-0.0002672047114623178,0.0009388693610781952
09:52:40,137.181,137.193,137.181,137.193,0.027236971780496333,17.552243279239324,0.012000000000000455,0.0,0.012000000000000455,0.008477101087402874,0.002094468140256822,0.00020512985888151015,0.001889338281375312
09:52:45,137.195,137.195,137.191,137.191,0.030940350084563306,19.06813559964913,0.003999999999990678,0.003999999999990678,0.0,0.007880154275747914,0.003025787477497488,0.0007692613826047058,0.002256526094892782
09:52:50,137.193,137.194,137.19,137.19,0.03271568109749978,20.110192550345342,0.003999999999990678,0.003999999999990678,0.0,0.007362800372313617,0.0036411996365757204,0.0013436490333989088,0.0022975506031768116
09:52:55,137.186,137.187,137.182,137.182,0.032779968212139465,19.184115115993528,0.005000000000023874,0.005000000000023874,0.0,0.007447760322673105,0.003443688369316078,0.0017636569005823428,0.0016800314687337352
09:53:00,137.184,137.187,137.183,137.187,0.03397832126506728,19.453855917817542,0.004000000000019099,0.0,0.004000000000019099,0.0071213922796532075,0.0036485591614336954,0.0021406373527526135,0.001507921808681082
09:53:05,137.187,137.192,137.187,137.192,0.0361982843471651,20.13577563954676,0.0049999999999954525,0.0,0.0049999999999954525,0.0068385399756988405,0.004166351842854965,0.002545780250773084,0.0016205715920818813
09:53:10,137.192,137.194,137.191,137.193,0.037005831691146795,19.47227179184708,0.002999999999985903,0.0009999999999763531,0.0020000000000095497,0.006326734645603783,0.004604322156325225,0.002957488631883512,0.0016468335244417126
09:53:15,137.193,137.196,137.193,137.193,0.03806697698860262,18.339688946793423,0.002999999999985903,0.002999999999985903,0.0,0.005883170026188066,0.004894990383036202,0.00334498898211405,0.0015500014009221519
09:53:20,137.192,137.194,137.188,137.194,0.03941466465266785,15.653499719369163,0.006000000000000227,0.0,0.006000000000000227,0.005898747356029688,0.005146710613274763,0.003705333308346193,0.00144137730492857
09:53:25,137.192,137.199,137.192,137.198,0.041940308462130815,16.373697758975826,0.007000000000005002,0.0010000000000047748,0.006000000000000227,0.006045581041893063,0.005604363664161838,0.004085139379509322,0.0015192242846525155
09:53:30,137.198,137.2,137.196,137.196,0.04241945929089752,17.0906719335361,0.003999999999990678,0.003999999999990678,0.0,0.005772836902972746,0.0057395121950207795,0.004416013942611614,0.0013234982524091658
09:53:35,137.196,137.197,137.193,137.195,0.04277530030293519,15.987439356246414,0.003999999999990678,0.0020000000000095497,0.001999999999981128,0.005536458649241804,0.005700218169948812,0.004672854788079054,0.001027363381869758
09:53:40,137.196,137.196,137.192,137.192,0.04024346956117597,14.559449315954016,0.003999999999990678,0.003999999999990678,0.0,0.005331597496008321,0.005365156262342907,0.004811315082931825,0.0005538411794110826
09:53:45,137.192,137.198,137.192,137.197,0.035764728290530456,13.75303917482921,0.006000000000000227,0.0010000000000047748,0.0049999999999954525,0.005420717829873908,0.005440362388753783,0.004937124544096217,0.0005032378446575662
09:53:50,137.197,137.199,137.196,137.199,0.03266351578417925,13.375435378786865,0.0030000000000143245,0.0,0.0030000000000143245,0.005097955452559297,0.005596830295303334,0.0050690656943376405,0.0005277646009656939
09:53:55,137.199,137.203,137.199,137.199,0.032700233384275634,13.775678433669734,0.003999999999990678,0.003999999999990678,0.0,0.004951561392216815,0.005655637569134342,0.0051863800692969805,0.00046925749983736144
09:54:00,137.198,137.2,137.196,137.197,0.032160125690666064,13.18283125699008,0.003999999999990678,0.002999999999985903,0.0010000000000047748,0.004824686539919997,0.0054777157743615135,0.005244647210309887,0.00023306856405162606
09:54:05,137.197,137.2,137.197,137.198,0.02464399147908125,13.621780121293941,0.002999999999985903,0.001999999999981128,0.0010000000000047748,0.004581395001262117,0.005355666325158381,0.005266851033279587,8.881529187879447e-05
09:54:10,137.196,137.206,137.196,137.203,0.022570591024191344,15.72537225355625,0.009999999999990905,0.002999999999985903,0.007000000000005002,0.005303875667759289,0.005597870701734564,0.005333054966970583,0.00026481573476398127
09:54:15,137.203,137.207,137.203,137.207,0.02193195218285382,17.801104038149195,0.003999999999990678,0.0,0.003999999999990678,0.005130025578723475,0.006042926886209443,0.0054750293508183554,0.0005678975353910877
09:54:20,137.207,137.207,137.205,137.205,0.023660760325583396,19.430335607378993,0.001999999999981128,0.001999999999981128,0.0,0.004712688834891163,0.0061632082058338256,0.00561266512182145,0.0005505430840123757
09:54:25,137.205,137.206,137.201,137.204,0.02446823935389375,18.5526845850551,0.0049999999999954525,0.001999999999981128,0.0030000000000143245,0.004750996990238402,0.00610743763624555,0.0057116196247062705,0.0003958180115392791
09:54:30,137.204,137.204,137.197,137.197,0.023802697773419368,19.235096286594718,0.007000000000005002,0.007000000000005002,0.0,0.005050864058207281,0.005435737758233472,0.0056564432514117115,-0.00022070549317823943
09:54:35,137.197,137.2,137.196,137.197,0.019564737350890482,19.056429851238818,0.003999999999990678,0.002999999999985903,0.0010000000000047748,0.004910748850445068,0.004847531440589137,0.005494660889247197,-0.0006471294486580601
09:54:40,137.197,137.198,137.195,137.198,0.01707444998663732,19.003281767201134,0.0030000000000143245,0.0,0.0030000000000143245,0.004655982337054302,0.004411215591289874,0.005277971829655732,-0.0008667562383658581
09:54:45,137.2,137.2,137.196,137.196,0.016307570093260892,18.9433560853289,0.003999999999990678,0.003999999999990678,0.0,0.00456851802544582,0.0038595582666971495,0.0049942891170640154,-0.001134730850366866
09:54:50,137.198,137.201,137.196,137.196,0.01576004275403875,18.799312686451803,0.0049999999999954525,0.0049999999999954525,0.0,0.004626048955385771,0.0033833645421168512,0.004672104202074583,-0.0012887396599577314
09:54:55,137.196,137.196,137.188,137.193,0.01576004275403875,20.60663283653728,0.008000000000009777,0.002999999999985903,0.005000000000023874,0.005075909094668972,0.0027324051904713542,0.004284164399753937,-0.0015517592092825824
09:55:00,137.193,137.196,137.186,137.186,0.01881880359275101,22.538787773204394,0.009999999999990905,0.009999999999990905,0.0,0.005732454548711897,0.0016328512233485526,0.00375390176447286,-0.0021210505411243074
09:55:05,137.186,137.186,137.179,137.181,0.023985960811046425,24.504414306721767,0.007000000000005002,0.0049999999999954525,0.0020000000000095497,0.005901460608884312,0.0003539089274511298,0.003073903197068514,-0.0027199942696173843
09:55:10,137.185,137.186,137.184,137.184,0.02658373068408082,27.75874767993445,0.0020000000000095497,0.0020000000000095497,0.0,0.005781265861032465,-0.00041282830071054377,0.0023765568975127028,-0.0027893851982232465
09:55:15,137.184,137.189,137.179,137.179,0.03072184205393569,31.633221628637973,0.009999999999990905,0.009999999999990905,0.0,0.006343763746226924,-0.0014077041540758728,0.0016197046871949878,-0.003027408841270861
09:55:20,137.179,137.184,137.178,137.184,0.032262084642866284,33.9508931379675,0.006000000000000227,0.0,0.006000000000000227,0.006297928580063365,-0.0017722626813281295,0.0009413112134903643,-0.002713573894818494
09:55:25,137.184,137.19,137.184,137.189,0.03263578920575583,33.122850671696064,0.006000000000000227,0.0010000000000047748,0.0049999999999954525,0.00625820476938828,-0.0016388283345065702,0.0004252833038909774,-0.0020641116383975475
09:55:30,137.191,137.195,137.191,137.195,0.032376729788836656,30.567934153885002,0.003999999999990678,0.0,0.003999999999990678,0.006223777466803207,-0.0010369771700879937,0.0001328312090951832,-0.0011698083791831769
09:55:35,137.195,137.195,137.183,137.183,0.03360200495632171,31.854932317876624,0.012000000000000455,0.012000000000000455,0.0,0.0069939404712295065,-0.0015108889111274948,-0.00019591281494935243,-0.0013149760961781423
09:55:40,137.183,137.187,137.183,137.185,0.03428671678085493,33.13547414037533,0.004000000000019099,0.0020000000000095497,0.0020000000000095497,0.0065947484084014525,-0.0017054250169508123,-0.0004978152553496444,-0.0012076097616011679
09:55:45,137.186,137.193,137.186,137.193,0.03396282798075845,32.19381650610211,0.007000000000005002,0.0,0.007000000000005002,0.006782115287282562,-0.0012002276637588238,-0.0006382977370314802,-0.0005619299267273436
09:55:50,137.193,137.196,137.191,137.196,0.03273883900186547,31.359978893690254,0.0049999999999954525,0.0,0.0049999999999954525,0.006544499915644281,-0.0005514237242039144,-0.0006209229344659672,6.949921026205277e-05
09:55:55,137.196,137.2,137.196,137.2,0.03064156104704807,32.444298576717415,0.003999999999990678,0.0,0.003999999999990678,0.006205233260223801,0.00028227080079545885,-0.000440284187413682,0.0007225549882091409
09:56:00,137.2,137.2,137.192,137.196,0.028414970113601612,32.73097646507082,0.007999999999981355,0.003999999999990678,0.003999999999990678,0.006444535492191475,0.0006131451916076003,-0.0002295983116094256,0.0008427435032170258
09:56:05,137.196,137.208,137.196,137.207,0.02961862856608377,32.102597630593785,0.012000000000000455,0.0010000000000047748,0.01099999999999568,0.007185264093232672,0.0017428827320600249,0.00016489789712446454,0.0015779848349355603
09:56:10,137.207,137.21,137.206,137.207,0.03233704084738065,31.377066042082383,0.004000000000019099,0.0030000000000143245,0.0010000000000047748,0.006760562214137529,0.002608142825209825,0.0006535468827415366,0.0019545959424682883
09:56:15,137.207,137.207,137.203,137.203,0.03350349550072451,28.542520886662853,0.003999999999990678,0.003999999999990678,0.0,0.006392487252251283,0.0029372424101552497,0.0011102859882242792,0.0018269564219309704
09:56:20,137.205,137.216,137.205,137.216,0.03933071653807474,27.216770357408762,0.01099999999999568,0.0,0.01099999999999568,0.007273488951951809,0.004198648154357443,0.001727958421450912,0.0024706897329065305
09:56:25,137.217,137.219,137.215,137.219,0.045484988850887476,25.660832008031807,0.003999999999990678,0.0,0.003999999999990678,0.006837023758356992,0.005378397405195301,0.00245804621819979,0.002920351186995511
09:56:30,137.213,137.222,137.213,137.221,0.051262379765205424,24.36709600912038,0.009000000000014552,0.0010000000000047748,0.008000000000009777,0.007125420590578,0.006400954255241231,0.003246627825608078,0.003154326429633153
09:56:35,137.222,137.222,137.218,137.219,0.05517093056300837,25.996274546885484,0.004000000000019099,0.0030000000000143245,0.0010000000000047748,0.006708697845170147,0.006969613277277631,0.003991224915941989,0.002978388361335642
09:56:40,137.219,137.238,137.219,137.238,0.06504249623156966,30.77134011481621,0.019000000000005457,0.0,0.019000000000005457,0.008347538132481522,0.008851387573429292,0.00496325744743945,0.0038881301259898427
09:56:45,137.238,137.247,137.238,137.243,0.07312886966991528,34.2035428538511,0.009000000000014552,0.004000000000019099,0.0049999999999954525,0.008434533048152592,0.010623702049656458,0.006095346367882851,0.004528355681773608
09:56:50,137.244,137.249,137.244,137.248,0.08119605901924842,37.719818057588945,0.0049999999999954525,0.0010000000000047748,0.003999999999990678,0.008109928641732277,0.012290060091686428,0.007334289112643566,0.0049557709790428615
09:56:55,137.247,137.247,137.233,137.234,0.08066669566642304,40.03902701142955,0.014000000000010004,0.01300000000000523,0.0010000000000047748,0.009028604822832822,0.012338744482548236,0.008335180186624502,0.0040035642959237346
09:57:00,137.234,137.239,137.234,137.239,0.08142390700430724,42.155437021543726,0.0049999999999954525,0.0,0.0049999999999954525,0.008491457513121173,0.01263513544995476,0.009195171239290553,0.0034399642106642068
09:57:05,137.243,137.252,137.243,137.252,0.08609517377669818,44.59948208046135,0.009000000000014552,0.0,0.009000000000014552,0.00909259651137238,0.013760397484816167,0.010108216488395676,0.003652180996420491
09:57:10,137.255,137.255,137.249,137.249,0.08918248589128552,48.47113054821231,0.006000000000000227,0.006000000000000227,0.0,0.008680250309856093,0.01424588315333608,0.010935749821383758,0.003310133331952323
09:57:15,137.25,137.254,137.25,137.254,0.08872880028650343,50.684892290663534,0.003999999999990678,0.0,0.003999999999990678,0.00818955026854134,0.014862763569936988,0.011721152571094403,0.0031416109988425846
09:57:20,137.254,137.256,137.254,137.255,0.0869165358882924,52.73227910277335,0.0020000000000095497,0.0010000000000047748,0.0010000000000047748,0.007364276899403769,0.015256470294389146,0.012428216115753352,0.002828254178635794
09:57:25,137.255,137.255,137.248,137.249,0.08424400650420694,53.81119011093819,0.007000000000005002,0.006000000000000227,0.0010000000000047748,0.0073157066461506,0.014912434590826251,0.012925059810767933,0.0019873747800583184
09:57:30,137.25,137.257,137.25,137.257,0.08284519488842079,53.666960899468776,0.007000000000005002,0.0,0.007000000000005002,0.007406945759998491,0.015111125312074591,0.013362272911029266,0.0017488524010453258
09:57:35,137.259,137.267,137.259,137.267,0.08387735407501395,54.27954297888094,0.008000000000009777,0.0,0.008000000000009777,0.007752686325330813,0.015892308922019538,0.01386828011322732,0.002024028808792218
09:57:40,137.267,137.268,137.264,137.264,0.08014171658481928,54.617254579968794,0.003999999999990678,0.003999999999990678,0.0,0.007252328148618795,0.016083922189977784,0.014311408528577414,0.00177251366140037
09:57:45,137.262,137.262,137.257,137.257,0.07676046131558678,52.84528237726516,0.0049999999999954525,0.0049999999999954525,0.0,0.00721868439547029,0.015492349426239116,0.014547596708109754,0.0009447527181293616
09:57:50,137.254,137.255,137.253,137.255,0.07144198971946025,48.65301719710056,0.0020000000000095497,0.0,0.0020000000000095497,0.006789526476076798,0.014692771341515254,0.014576631634790855,0.00011613970672439897
09:57:55,137.255,137.259,137.255,137.258,0.0625776149680064,44.74141121549027,0.003999999999990678,0.0009999999999763531,0.0030000000000143245,0.006417589612598649,0.01413819852481879,0.014488945012796444,-0.0003507464879776538
09:58:00,137.258,137.261,137.258,137.261,0.0579724072326826,41.089392120677374,0.002999999999985903,0.0,0.002999999999985903,0.005961910997583617,0.01378190132055579,0.014347536274348314,-0.0005656349537925248
09:58:05,137.261,137.263,137.257,137.257,0.05222260047486316,40.86794236863672,0.006000000000000227,0.006000000000000227,0.0,0.005966989531239166,0.013026604065714764,0.014083349832621606,-0.0010567457669068414
09:58:10,137.257,137.257,137.252,137.254,0.045282737507250204,38.88437928443245,0.0049999999999954525,0.0030000000000143245,0.001999999999981128,0.005838057593740005,0.012047079389503779,0.013676095743998041,-0.0016290163544942626
09:58:15,137.254,137.264,137.254,137.264,0.03582119337909262,36.976933445348216,0.010000000000019327,0.0,0.010000000000019327,0.0063929832479105815,0.011940077670118399,0.013328892129222114,-0.0013888144591037155
09:58:20,137.261,137.266,137.261,137.266,0.0348536791133256,35.17149150737932,0.0049999999999954525,0.0,0.0049999999999954525,0.006207252148188565,0.011879719312503312,0.013039057565878354,-0.0011593382533750425
09:58:25,137.266,137.271,137.266,137.271,0.03627903556360934,34.10341009630792,0.0049999999999954525,0.0,0.0049999999999954525,0.00604628519509615,0.012095908983184245,0.012850427849339534,-0.000754518866155289
09:58:30,137.271,137.274,137.27,137.272,0.03836390848255178,33.2529227882738,0.003999999999990678,0.0020000000000095497,0.001999999999981128,0.005773447169082088,0.012207215317971531,0.012721785343065934,-0.0005145700250944029
09:58:35,137.272,137.272,137.268,137.268,0.0330734430012285,33.59480593316969,0.003999999999990678,0.003999999999990678,0.0,0.005536987546536567,0.011836219251847524,0.012544672124822253,-0.000708452872974729
09:58:40,137.268,137.269,137.265,137.265,0.027981196700693545,32.587455118055296,0.004000000000019099,0.004000000000019099,0.0,0.005332055873667572,0.011171350889469522,0.012270007877751708,-0.0010986569882821852
09:58:45,137.266,137.27,137.266,137.267,0.027697615332726855,30.64847937442916,0.004000000000019099,0.0030000000000143245,0.0010000000000047748,0.005287781757181746,0.010682677945851538,0.011952541891371675,-0.0012698639455201374
09:58:50,137.268,137.268,137.263,137.264,0.025624823498560545,27.52070102055952,0.0049999999999954525,0.003999999999990678,0.0010000000000047748,0.005249410856223574,0.009938758369571588,0.011549785187011658,-0.0016110268174400703
09:58:55,137.266,137.28,137.259,137.279,0.029178218270487832,28.758637348520672,0.021000000000015007,0.0010000000000047748,0.020000000000010232,0.007349489408729098,0.010439234389622243,0.011327675027533776,-0.0008884406379115334
09:59:00,137.279,137.279,137.272,137.277,0.030994736401567025,30.853526887141765,0.007000000000005002,0.0020000000000095497,0.0049999999999954525,0.0073028908208992195,0.010552835437948715,0.011172707109616764,-0.0006198716716680486
09:59:05,137.277,137.279,137.276,137.276,0.029664084262435608,32.2320786976612,0.002999999999985903,0.002999999999985903,0.0,0.006729172044777444,0.010441806795597586,0.01102652704681293,-0.000584720251215344
09:59:10,137.271,137.271,137.267,137.267,0.02874131448436401,30.393950800531407,0.003999999999990678,0.003999999999990678,0.0,0.007031949105475725,0.009517874875854204,0.010724796612621186,-0.0012069217367669822
09:59:15,137.268,137.273,137.268,137.27,0.029001633354653222,28.57865748793154,0.0049999999999954525,0.002999999999985903,0.0020000000000095497,0.0068943558914123255,0.008924847019926574,0.010364806694082265,-0.0014399596741556907
09:59:20,137.27,137.272,137.27,137.271,0.02935015467323865,27.987047306957457,0.001999999999981128,0.0010000000000047748,0.0009999999999763531,0.006241775105888166,0.008438288477321976,0.009979503050730207,-0.0015412145734082314
09:59:25,137.271,137.28,137.269,137.278,0.029961378655286808,28.05755319251836,0.01099999999999568,0.0020000000000095497,0.00899999999998613,0.006876205091769168,0.008519323368687992,0.009687467114321764,-0.0011681437456337717
09:59:30,137.278,137.281,137.278,137.281,0.030216064050705427,28.001620451930854,0.0030000000000143245,0.0,0.0030000000000143245,0.006359377746201856,0.008725042176820352,0.009494982126821483,-0.0007699399500011306
09:59:35,137.281,137.283,137.281,137.282,0.030943071673846134,27.60808782247983,0.001999999999981128,0.0009999999999763531,0.0010000000000047748,0.005778127380039092,0.008866559280875208,0.009369297557632229,-0.0005027382767570209
09:59:40,137.282,137.288,137.279,137.288,0.03397274449946508,27.677947566969547,0.009000000000014552,0.0,0.009000000000014552,0.00620771039603582,0.009355023572879873,0.009366442760681758,-1.1419187801885514e-05
09:59:45,137.288,137.288,137.283,137.288,0.03463858512350271,28.487467615209166,0.005000000000023874,0.0,0.005000000000023874,0.006046682343234228,0.009631113561511029,0.009419376920847614,0.00021173664066341524
09:59:50,137.292,137.296,137.292,137.294,0.03521722067387145,31.398566569408192,0.003999999999990678,0.001999999999981128,0.0020000000000095497,0.006307124697467178,0.010216299580406485,0.009578761452759387,0.0006375381276470977
09:59:55,137.294,137.3,137.294,137.298,0.039617114860789115,34.45757351795138,0.006000000000000227,0.0020000000000095497,0.003999999999990678,0.006266174737804917,0.010877441907666707,0.00983849754374085,0.0010389443639258564
10:00:00,137.298,137.304,137.296,137.304,0.045588548890009406,38.91766114631425,0.008000000000009777,0.0,0.008000000000009777,0.006497351439432232,0.011750103937202994,0.010220818822433279,0.0015292851147697146
10:00:05,137.304,137.307,137.304,137.307,0.05187190701400368,41.32480977143854,0.002999999999985903,0.0,0.002999999999985903,0.006031037914172722,0.01253922542545638,0.010684500143037899,0.0018547252824184807
10:00:10,137.309,137.309,137.305,137.307,0.056664850335835126,44.004525146458185,0.003999999999990678,0.0020000000000095497,0.001999999999981128,0.00576023285894845,0.013014585845866122,0.011150517283603546,0.0018640685622625768
10:00:15,137.307,137.307,137.303,137.305,0.05883643697762864,45.63150708969884,0.003999999999990678,0.001999999999981128,0.0020000000000095497,0.005525535144420748,0.013079160695525616,0.01153624596598796,0.0015429147295376554
10:00:20,137.305,137.318,137.305,137.318,0.0637689909827941,51.01471912535843,0.01300000000000523,0.0,0.01300000000000523,0.006522130458498679,0.014017740299152592,0.012032544832620886,0.001985195466531706
10:00:25,137.318,137.324,137.317,137.322,0.06871573787731222,56.32775043595295,0.007000000000005002,0.0020000000000095497,0.0049999999999954525,0.00658584639736619,0.014912436680361907,0.01260852320216909,0.0023039134781928164
10:00:30,137.324,137.327,137.323,137.327,0.07256474423377313,62.056980732985764,0.003999999999990678,0.0,0.003999999999990678,0.006374400211050092,0.015842327729103545,0.013255284107555982,0.0025870436215475624
10:00:35,137.327,137.328,137.323,137.328,0.07821589554714592,65.84920714238159,0.0049999999999954525,0.0,0.0049999999999954525,0.006191146849576141,0.016470107579493742,0.013898248801943534,0.002571858777550208
10:00:40,137.328,137.329,137.322,137.324,0.0806695664288668,69.44478184265849,0.007000000000005002,0.0049999999999954525,0.0020000000000095497,0.00629899393629999,0.016455176036885177,0.014409634248931864,0.0020455417879533134
10:00:45,137.324,137.328,137.324,137.328,0.0827859637253141,72.58201803815112,0.003999999999990678,0.0,0.003999999999990678,0.005992461411458749,0.01657504248026953,0.014842715895199398,0.0017323265850701323
10:00:50,137.329,137.335,137.328,137.334,0.08242738431289354,75.2233206978992,0.007000000000005002,0.0010000000000047748,0.006000000000000227,0.006126799889931584,0.016958698041548814,0.015265912324469283,0.0016927857170795316
10:00:55,137.336,137.336,137.331,137.332,0.0803424250543685,77.90510461302397,0.005000000000023874,0.004000000000019099,0.0010000000000047748,0.005976559904610556,0.016906477207328408,0.015594025301041108,0.0013124519062872996
10:01:00,137.332,137.338,137.332,137.338,0.07822531559833124,79.62992609103252,0.006000000000000227,0.0,0.006000000000000227,0.005979685250662512,0.01715152952004928,0.015905526144842745,0.001246003375206535
10:01:05,137.338,137.341,137.33,137.33,0.07452728218538596,81.10142688308487,0.01099999999999568,0.01099999999999568,0.0,0.006649060550573601,0.01650988640869855,0.016026398197613905,0.0004834882110846435
10:01:10,137.33,137.334,137.329,137.334,0.07111029239626987,81.58019317497329,0.0049999999999954525,0.0,0.0049999999999954525,0.006429185810496515,0.016138116034767336,0.016048741765044592,8.937426972274384e-05
10:01:15,137.334,137.337,137.334,137.336,0.0666541742717186,82.0594688635217,0.002999999999985903,0.0009999999999763531,0.0020000000000095497,0.005971961035761767,0.015822476955065667,0.016003488803048808,-0.00018101184798314032
10:01:20,137.336,137.338,137.333,137.335,0.06250187365998272,82.41050459034979,0.0049999999999954525,0.002999999999985903,0.0020000000000095497,0.005842366230992926,0.015315096172315634,0.015865810276902172,-0.0005507141045865381
10:01:25,137.335,137.336,137.331,137.331,0.055749817091566456,82.28641641955207,0.005000000000023874,0.005000000000023874,0.0,0.005730050733530386,0.014423956286435669,0.015577439478808873,-0.0011534831923732045
10:01:30,137.331,137.336,137.329,137.332,0.04996841107890759,79.90604636496235,0.007000000000005002,0.004000000000019099,0.002999999999985903,0.005899377302393668,0.01364116627573253,0.015190184838193605,-0.0015490185624610752
10:01:35,137.334,137.334,137.332,137.333,0.04442616583742165,76.58149693908169,0.0020000000000095497,0.0010000000000047748,0.0010000000000047748,0.0053794603287424525,0.012952186452224623,0.01474258516099981,-0.0017903987087751864
10:01:40,137.333,137.333,137.327,137.327,0.039670219513880056,71.26840467130496,0.006000000000000227,0.006000000000000227,0.0,0.005462198951576822,0.011786151702182224,0.014151298469236294,-0.00236514676705407
10:01:45,137.327,137.327,137.321,137.321,0.0356804531547823,67.90117476197501,0.006000000000000227,0.006000000000000227,0.0,0.005533905758033277,0.010259644115080846,0.013372967598405205,-0.003113323483324359
10:01:50,137.321,137.329,137.321,137.329,0.03025783935771642,63.5220463785685,0.008000000000009777,0.0,0.008000000000009777,0.005862718323630145,0.00958492000418687,0.012615358079561538,-0.003030438075374668
10:01:55,137.329,137.329,137.325,137.328,0.020977180595934897,59.20149586191225,0.004000000000019099,0.0010000000000047748,0.0030000000000143245,0.005614355880482006,0.008867288065431467,0.011865744076735525,-0.0029984560113040584
10:02:00,137.328,137.33,137.319,137.319,0.02053597614633418,56.16898408922645,0.011000000000024102,0.011000000000024102,0.0,0.0063324417630876186,0.007486040386169179,0.010989803338622256,-0.003503762952453077
10:02:05,137.319,137.319,137.315,137.318,0.022008610766249603,53.824511737729075,0.003999999999990678,0.0009999999999763531,0.0030000000000143245,0.006021449528008027,0.006238783197147768,0.010039599310327359,-0.003800816113179591
10:02:10,137.318,137.329,137.318,137.329,0.02191274564137302,47.556117324274,0.01099999999999568,0.0,0.01099999999999568,0.00668525625760638,0.006067983026866841,0.009245276053635256,-0.003177293026768415
10:02:15,137.33,137.339,137.33,137.339,0.02351348997956393,43.08589640557215,0.00899999999998613,0.0,0.00899999999998613,0.007127222089924317,0.006662735223642358,0.008728767887636678,-0.0020660326639943202
10:02:20,137.334,137.334,137.33,137.33,0.022859755500576284,39.30095921673232,0.003999999999990678,0.003999999999990678,0.0,0.0073769258112658925,0.006334831842480071,0.008249980678605356,-0.0019151488361252855
10:02:25,137.332,137.334,137.323,137.325,0.023251485531943672,33.3905936748295,0.01099999999999568,0.009000000000014552,0.001999999999981128,0.007860002369763197,0.0056068752693079205,0.00772135959674587,-0.00211448432743795
10:02:30,137.323,137.328,137.323,137.325,0.02334095114798629,27.480228132926694,0.0049999999999954525,0.0030000000000143245,0.001999999999981128,0.0074786687204608316,0.004972642908342095,0.007171616259065115,-0.00219897335072302
10:02:35,137.324,137.33,137.322,137.33,0.023232463685872062,23.622424556567527,0.008000000000009777,0.0,0.008000000000009777,0.007548179557734024,0.004817929316033087,0.00670087887045871,-0.0018829495544256227
10:02:40,137.33,137.332,137.327,137.33,0.021811633797426566,21.654066989206964,0.0049999999999954525,0.001999999999981128,0.0030000000000143245,0.007208422283368882,0.004641809785709938,0.006289065053508956,-0.0016472552677990176
10:02:45,137.332,137.336,137.332,137.335,0.02244431707390504,21.258670273613717,0.004000000000019099,0.0010000000000047748,0.0030000000000143245,0.007047299312253062,0.0048497866803245415,0.006001209378872073,-0.0011514226985475315
10:02:50,137.335,137.335,137.327,137.329,0.022003827429443845,21.055847249053304,0.008000000000009777,0.006000000000000227,0.0020000000000095497,0.007174326070620624,0.004478830837854275,0.005696733670668514,-0.0012179028328142385
10:02:55,137.329,137.331,137.328,137.328,0.021017286130302182,19.19225830487204,0.002999999999985903,0.002999999999985903,0.0,0.006617749261202662,0.004057383031522477,0.005368863542839306,-0.0013114805113168294
10:03:00,137.326,137.33,137.325,137.329,0.020158320744315006,17.977985859053412,0.005000000000023874,0.0010000000000047748,0.004000000000019099,0.0064020493597121576,0.003760722977773412,0.0050472354298261276,-0.0012865124520527156
10:03:05,137.328,137.328,137.324,137.324,0.020354748585191373,17.091522641158868,0.003999999999990678,0.003999999999990678,0.0,0.006215109445083264,0.0030865793689542897,0.00465510421765176,-0.00156852484869747
10:03:10,137.322,137.322,137.307,137.31,0.025559836925367563,17.707824015387327,0.01500000000001478,0.012000000000000455,0.0030000000000143245,0.00765309485240874,0.0014064203664077013,0.004005367447402948,-0.002598947080995247
10:03:15,137.31,137.311,137.307,137.311,0.028539169767554995,17.59560471305064,0.004000000000019099,0.0,0.004000000000019099,0.007166015538756789,0.0001538009727539702,0.003235054152473153,-0.0030812531797191826
10:03:20,137.311,137.317,137.311,137.317,0.02956811939753834,19.291061844534536,0.006000000000000227,0.0,0.006000000000000227,0.007010546800255915,-0.0003507162270750541,0.0025179000765635116,-0.0028686163036385657
10:03:25,137.318,137.324,137.315,137.322,0.029458981303548626,17.313760103760504,0.009000000000014552,0.0020000000000095497,0.007000000000005002,0.007275807226890399,-0.00034313607054059503,0.0019456928471426906,-0.002288828917683286
10:03:30,137.33,137.333,137.33,137.333,0.030086891715939146,16.969185428147057,0.002999999999985903,0.0,0.002999999999985903,0.007772366263304437,0.000544206058606278,0.0016653954894354083,-0.0011211894308291303
10:03:35,137.333,137.333,137.33,137.33,0.030276619439860042,18.546437834135922,0.002999999999985903,0.002999999999985903,0.0,0.007136050761528632,0.0009938991106821504,0.001531096213684757,-0.0005371971030026066
10:03:40,137.33,137.335,137.324,137.333,0.030276619439860042,18.640247834352742,0.01099999999999568,0.0020000000000095497,0.00899999999998613,0.007651243993324239,0.0015742124807331948,0.0015397194670944447,3.449301363875009e-05
10:03:45,137.333,137.333,137.324,137.326,0.029246682231473642,18.209353198430712,0.00899999999998613,0.007000000000005002,0.001999999999981128,0.007831078127545825,0.001452529651231771,0.0015222815039219102,-6.975185269013926e-05
10:03:50,137.328,137.332,137.326,137.326,0.029175332054592218,17.21593942526848,0.006000000000000227,0.006000000000000227,0.0,0.007586934377206412,0.0013406410565721671,0.0014859534144519616,-0.00014531235787979446
10:03:55,137.33,137.335,137.33,137.332,0.027280222264664644,15.929565125481844,0.0049999999999954525,0.0030000000000143245,0.001999999999981128,0.007775343126914164,0.0017163335700729476,0.001532029445576159,0.00018430412449678868
10:04:00,137.332,137.332,137.33,137.331,0.027410332290685346,16.310068021276642,0.001999999999981128,0.0010000000000047748,0.0009999999999763531,0.007005297376656426,0.0019113481197337023,0.0016078931804076675,0.0003034549393260348
10:04:05,137.331,137.331,137.327,137.327,0.02738881831908202,15.941838970950059,0.003999999999990678,0.003999999999990678,0.0,0.00660459105976766,0.001723267232790704,0.001630967990884275,9.229924190642903e-05
10:04:10,137.327,137.33,137.326,137.33,0.027538298698971175,16.276122831772707,0.004000000000019099,0.0,0.004000000000019099,0.006257312251801186,0.0017955882788385225,0.0016638920484751247,0.00013169623036339779
10:04:15,137.327,137.327,137.324,137.324,0.02744640711739521,16.9509775174972,0.002999999999985903,0.002999999999985903,0.0,0.006223003951561059,0.0013531550439438433,0.0016017446475688685,-0.0002485896036250252
10:04:20,137.331,137.334,137.331,137.333,0.027909628605868875,14.299386453588099,0.0030000000000143245,0.0010000000000047748,0.0020000000000095497,0.006726603424685038,0.0017090474662211363,0.0016232052112993222,8.584225492181416e-05
10:04:25,137.333,137.337,137.329,137.336,0.02817912628859176,12.407972724391973,0.007999999999981355,0.0009999999999763531,0.007000000000005002,0.006896389634724547,0.002207720475496444,0.0017401082641387467,0.00046761221135769747
10:04:30,137.336,137.337,137.327,137.329,0.02817912628859176,11.745216804083077,0.009999999999990905,0.007999999999981355,0.0020000000000095497,0.007310204350093395,0.0020148549360499146,0.0017950575985209802,0.00021979733752893436
10:04:35,137.33,137.33,137.325,137.327,0.02814997430061794,12.07848461551711,0.005000000000023874,0.0030000000000143245,0.0020000000000095497,0.0070021771034174595,0.0016812439870932394,0.0017722948762354323,-9.105088914219289e-05
10:04:40,137.327,137.327,137.321,137.321,0.02845938935746517,11.417393278219432,0.006000000000000227,0.006000000000000227,0.0,0.006868553489628495,0.0009220759332038142,0.0016022510876291087,-0.0006801751544252945
10:04:45,137.321,137.322,137.312,137.312,0.031105931072090698,12.695547415075916,0.009999999999990905,0.009999999999990905,0.0,0.00728607969101015,-0.0004011705584048286,0.0012015667584223213,-0.00160273731682715
10:04:50,137.312,137.315,137.311,137.312,0.03030789371678111,15.620907243994177,0.003999999999990678,0.002999999999985903,0.0010000000000047748,0.0068479357322075544,-0.0014333303958835586,0.0006745873275611453,-0.002107917723444704
10:04:55,137.313,137.315,137.313,137.314,0.02918903904713943,18.546267072912435,0.0020000000000095497,0.0010000000000047748,0.0010000000000047748,0.006334877634578001,-0.002066124224171517,0.00012644501721461286,-0.00219256924138613
10:05:00,137.314,137.314,137.311,137.312,0.03075197897732096,21.89768031765044,0.002999999999985903,0.001999999999981128,0.0010000000000047748,0.005890227283299055,-0.0026979014488972552,-0.0004384242760077608,-0.0022594771728894946
10:05:05,137.312,137.328,137.312,137.328,0.030644996165221983,22.251535706825965,0.015999999999991132,0.0,0.015999999999991132,0.007238196978857999,-0.0018857850130302722,-0.0007278964234122632,-0.001157888589618009
10:05:10,137.328,137.33,137.328,137.329,0.030056788364845488,23.005657077114115,0.0020000000000095497,0.0010000000000047748,0.0010000000000047748,0.006539770715011539,-0.001148248944872421,-0.0008119669277042948,-0.0003362820171681261
10:05:15,137.329,137.331,137.327,137.331,0.030193062996772824,23.86157890330363,0.003999999999990678,0.0,0.003999999999990678,0.006201134619675424,-0.0003977776784438447,-0.0007291290778522048,0.00033135139940836014
10:05:20,137.331,137.341,137.331,137.339,0.03185427345482594,26.154268433735897,0.010000000000019327,0.0020000000000095497,0.008000000000009777,0.0067076500037212775,0.0008329081021258844,-0.000416721641856587,0.0012496297439824715
10:05:25,137.339,137.339,137.331,137.331,0.032173215412342415,27.778577911342232,0.008000000000009777,0.008000000000009777,0.0,0.006879963336559745,0.0011494521398844881,-0.00010348688550837194,0.0012529390253928601
10:05:30,137.331,137.331,137.316,137.316,0.03344374696439445,27.43035932732563,0.014999999999986358,0.014999999999986358,0.0,0.007962634891683293,0.00018777636159938993,-4.523423608681957e-05,0.0002330105976862095
10:05:35,137.315,137.326,137.315,137.318,0.0335669009978119,26.49870741650405,0.01099999999999568,0.007999999999981355,0.0030000000000143245,0.008367616906124944,-0.00040826906422353204,-0.00011784120171416207,-0.00029042786250936997
10:05:40,137.318,137.318,137.314,137.318,0.03362392632556066,26.5656653832445,0.004000000000019099,0.0,0.004000000000019099,0.007785267985310831,-0.0008706035823422553,-0.00026839367783978074,-0.0006022099045024746
10:05:45,137.318,137.318,137.313,137.313,0.03499834583260508,27.60869150951715,0.005000000000023874,0.005000000000023874,0.0,0.007413898920605904,-0.001621770471643913,-0.0005390690366006072,-0.0010827014350433058
10:05:50,137.313,137.318,137.313,137.317,0.034943563528486266,28.013349719360924,0.005000000000023874,0.0010000000000047748,0.004000000000019099,0.007092045731194967,-0.0018727215048954804,-0.000805799530259582,-0.0010669219746358984
10:05:55,137.315,137.324,137.315,137.323,0.03493090925735487,25.55972482294764,0.009000000000014552,0.0010000000000047748,0.008000000000009777,0.007346439633704245,-0.001569361528055424,-0.0009585119298187504,-0.0006108495982366736
10:06:00,137.322,137.327,137.318,137.327,0.033873448699637265,23.685906829977906,0.00899999999998613,0.0,0.00899999999998613,0.007566914349208496,-0.000994713551563109,-0.0009657522541676221,-2.89612973954868e-05
10:06:05,137.327,137.331,137.327,137.329,0.03208147523298521,22.67991948349214,0.003999999999990678,0.001999999999981128,0.0020000000000095497,0.007091325769312788,-0.0003736108514829084,-0.0008473239736306794,0.000473713122147771
10:06:10,137.329,137.329,137.327,137.329,0.03208147523298521,21.29402399695014,0.0020000000000095497,0.0,0.0020000000000095497,0.00641248233340569,0.00011726574663839529,-0.0006544060295768646,0.0007716717762152599
10:06:15,137.329,137.331,137.328,137.331,0.03276712088387512,22.719241285485005,0.002999999999985903,0.0,0.002999999999985903,0.005957484688949718,0.0006600634716846798,-0.00039151212932455573,0.0010515756010092356
10:06:20,137.331,137.331,137.326,137.326,0.03287936483678777,22.84596477612423,0.0049999999999954525,0.0049999999999954525,0.0,0.005829820063755817,0.0006789498548869233,-0.00017741973248225994,0.0008563695873691832
10:06:25,137.326,137.328,137.321,137.323,0.03128409719545289,21.885629861959096,0.007000000000005002,0.0049999999999954525,0.0020000000000095497,0.005985844055255709,0.0004466933191622502,-5.25971221533579e-05,0.0004992904413156081
10:06:30,137.323,137.328,137.32,137.32,0.02962502499161701,19.470294690685225,0.008000000000009777,0.008000000000009777,0.0,0.006254398181222918,2.0319186404549328e-05,-3.801386044177646e-05,5.833304684632579e-05
10:06:35,137.324,137.332,137.324,137.328,0.0283853186750207,17.321736126406634,0.007999999999981355,0.003999999999990678,0.003999999999990678,0.0070204784237265895,0.00032421045918340496,3.443100348325983e-05,0.00028977945570014515
10:06:40,137.327,137.331,137.327,137.329,0.02611311427875762,16.9844305012628,0.003999999999990678,0.001999999999981128,0.0020000000000095497,0.0066177479672284685,0.0006383792859026016,0.0001552206599671282,0.0004831586259354734
10:06:45,137.328,137.334,137.328,137.334,0.02717506598003183,17.515978868826714,0.006000000000000227,0.0,0.006000000000000227,0.006535381571598036,0.0012761083747818702,0.00037939820293007663,0.0008967101718517936
10:06:50,137.334,137.336,137.333,137.336,0.028606955364580244,18.460712233160248,0.0030000000000143245,0.0,0.0030000000000143245,0.0060639973620535415,0.001920755286334952,0.0006876696196110517,0.0012330856667239001
10:06:55,137.337,137.341,137.336,137.336,0.02968678601081365,20.387178607090572,0.0049999999999954525,0.0049999999999954525,0.0,0.005922131047112464,0.002403931581255847,0.0010309220119400107,0.0013730095693158363
10:07:00,137.336,137.337,137.322,137.323,0.027199845209850082,20.2213098750143,0.014999999999986358,0.013999999999981583,0.0010000000000047748,0.007132513574162317,0.0017180562387579812,0.0011683488573036049,0.0005497073814543763
10:07:05,137.321,137.321,137.309,137.309,0.03029330307208511,22.852971512313417,0.012000000000000455,0.012000000000000455,0.0,0.008048178430942009,4.430141214584182e-05,0.0009435393682720523,-0.0008992379561262104
10:07:10,137.312,137.316,137.312,137.314,0.030800546824764297,24.368011417441977,0.003999999999990678,0.0020000000000095497,0.001999999999981128,0.007908421306817076,-0.0008686894225036212,0.0005810936101169176,-0.0014497830326205387
10:07:15,137.312,137.316,137.312,137.316,0.0311863667998864,25.015220676086564,0.003999999999990678,0.0,0.003999999999990678,0.00738729846590689,-0.0014145518778718724,0.0001819645125191596,-0.001596516390391032
10:07:20,137.316,137.325,137.315,137.321,0.030809431236605178,23.005514029013934,0.009999999999990905,0.003999999999990678,0.006000000000000227,0.007735658670451426,-0.001427241244613242,-0.00013987663890732075,-0.0012873646057059212
10:07:25,137.323,137.333,137.323,137.332,0.029658406112332614,21.969519091755053,0.009999999999990905,0.0010000000000047748,0.00899999999998613,0.008304237514391296,-0.0005434253211831219,-0.000220586375362481,-0.0003228389458206409
10:07:30,137.33,137.339,137.326,137.339,0.031061907632249586,22.72304756136655,0.01300000000000523,0.0,0.01300000000000523,0.00893033917913982,0.00071362049143886,-3.374500200221283e-05,0.0007473654934410728
10:07:35,137.342,137.344,137.339,137.342,0.033906372642263705,25.508781439841282,0.0049999999999954525,0.001999999999981128,0.0030000000000143245,0.008406293955253904,0.0019296692564125806,0.0003589378496807459,0.0015707314067318348
10:07:40,137.341,137.342,137.339,137.342,0.03639491000370754,27.9728169357467,0.0030000000000143245,0.0,0.0030000000000143245,0.007685454761221961,0.00286042348244564,0.0008592349762337247,0.0020011885062119154
10:07:45,137.342,137.346,137.34,137.346,0.03982276524891404,30.67844824707073,0.006000000000000227,0.0,0.006000000000000227,0.00746072745972573,0.0038761377794003238,0.0014626155368670448,0.002413522242533279
10:07:50,137.346,137.346,137.342,137.342,0.041538314595584325,33.724036762976695,0.003999999999990678,0.003999999999990678,0.0,0.006999297131761057,0.004308664504605986,0.002031825330414833,0.0022768391741911525
10:07:55,137.344,137.344,137.34,137.34,0.04258786583386609,34.91714868935288,0.003999999999990678,0.003999999999990678,0.0,0.006599390847525007,0.0044388929701426605,0.002513238858360399,0.0019256541117822616
10:08:00,137.34,137.346,137.34,137.342,0.043742788885026584,35.86092782297071,0.006000000000000227,0.003999999999990678,0.0020000000000095497,0.006519472067855036,0.004649882303908726,0.0029405675474700643,0.0017093147564386612
10:08:05,137.34,137.34,137.333,137.335,0.043278291634578636,33.115169266850394,0.007000000000005002,0.0049999999999954525,0.0020000000000095497,0.006850209125476305,0.004203792667340167,0.0031932125714440847,0.0010105800958960824
10:08:10,137.336,137.336,137.332,137.334,0.04199248053572546,32.16258832994286,0.004000000000019099,0.0020000000000095497,0.0020000000000095497,0.006470181242082012,0.0037266136909295255,0.003299892795341173,0.0004267208955883524
10:08:15,137.335,137.335,137.328,137.329,0.04192173158924106,29.92196334715254,0.007000000000005002,0.006000000000000227,0.0010000000000047748,0.006540823743138411,0.0029114265875591627,0.0032221995537847713,-0.0003107729662256086
10:08:20,137.329,137.334,137.329,137.334,0.04185388116906097,28.05438990679951,0.0049999999999954525,0.0,0.0049999999999954525,0.006335380577386017,0.0026384289813563555,0.0031054454392990885,-0.000467016457942733
10:08:25,137.337,137.337,137.333,137.333,0.04182922675613554,25.52445079866168,0.003999999999990678,0.003999999999990678,0.0,0.0060239965003999725,0.0023147023214562523,0.0029472968157305216,-0.0006325944942742693
10:08:30,137.33,137.333,137.33,137.333,0.041688569687607924,26.22815342144179,0.002999999999985903,0.0,0.002999999999985903,0.00562079696701143,0.0020346919489213633,0.00276477584236869,-0.0007300838934473268
10:08:35,137.333,137.334,137.33,137.331,0.041534259802403994,25.12654009928491,0.003999999999990678,0.0030000000000143245,0.0009999999999763531,0.005404690704741997,0.0016325790707298893,0.00253833648804093,-0.0009057574173110408
10:08:40,137.332,137.332,137.328,137.33,0.040742580861149236,23.810618267992588,0.003999999999990678,0.001999999999981128,0.0020000000000095497,0.005217398610775154,0.001219156398974519,0.002274500470227648,-0.001055344071253129
10:08:45,137.331,137.334,137.328,137.334,0.034396450252359045,21.016655002009706,0.006000000000000227,0.0,0.006000000000000227,0.005321745462671831,0.0012004445462139302,0.0020596892854249046,-0.0008592447392109744
10:08:50,137.335,137.342,137.334,137.342,0.029884690684866655,20.172582740796038,0.008000000000009777,0.0,0.008000000000009777,0.0056788460676502235,0.0018102806211572897,0.0020098075525713816,-0.0001995269314140919
10:08:55,137.342,137.348,137.339,137.348,0.026388992929923916,19.909138016557247,0.009000000000014552,0.0,0.009000000000014552,0.0061216665919654675,0.0027460749178089827,0.002157061025618902,0.0005890138921900807
10:09:00,137.346,137.35,137.346,137.347,0.023677659923066585,19.947495647028887,0.003999999999990678,0.002999999999985903,0.0010000000000047748,0.005838777713035496,0.003368180706701196,0.002399284961835361,0.0009688957448658348
10:09:05,137.344,137.349,137.343,137.349,0.02504396135765319,19.525527661417275,0.006000000000000227,0.0,0.006000000000000227,0.005860274017964127,0.003976745860910569,0.002714777141650403,0.0012619687192601658
10:09:10,137.349,137.354,137.349,137.354,0.028588551268683204,19.648010356234142,0.005000000000023874,0.0,0.005000000000023874,0.0057455708155720936,0.004807083279587232,0.003133238369237769,0.0016738449103494632
10:09:15,137.354,137.356,137.352,137.354,0.031401642606340374,22.582833889634003,0.003999999999990678,0.001999999999981128,0.0020000000000095497,0.005512828040161239,0.005402850963406536,0.0035871608880715224,0.0018156900753350134
10:09:20,137.354,137.354,137.348,137.348,0.03218041248726422,24.177818783072677,0.006000000000000227,0.006000000000000227,0.0,0.005577784301473104,0.005329417086471722,0.003935612127751563,0.001393804958720159
10:09:25,137.352,137.354,137.35,137.351,0.03322649545890499,25.18235498512163,0.004000000000019099,0.0030000000000143245,0.0010000000000047748,0.005634079727943388,0.005450465563654916,0.004238582814932234,0.001211882748722682
10:09:30,137.352,137.352,137.346,137.348,0.03388152734481764,24.65485543306901,0.006000000000000227,0.003999999999990678,0.0020000000000095497,0.005682869097550967,0.005243874307183205,0.004439641113382429,0.0008042331938007763
10:09:35,137.348,137.353,137.348,137.352,0.03531273812893687,25.108393828029442,0.0049999999999954525,0.0010000000000047748,0.003999999999990678,0.005591819884543566,0.005341344128368064,0.004619981716379556,0.0007213624119885081
10:09:40,137.35,137.352,137.348,137.352,0.03656630603876465,24.985206397789142,0.003999999999990678,0.0,0.003999999999990678,0.005379577233269848,0.005356839354362819,0.004767353243976209,0.0005894861103866098
10:09:45,137.352,137.356,137.351,137.356,0.038024368923856855,26.539263955964312,0.0049999999999954525,0.0,0.0049999999999954525,0.005328966935499929,0.00562702120541303,0.004939286836263573,0.0006877343691494564
10:09:50,137.356,137.357,137.354,137.354,0.038267204599264915,27.6991369178016,0.002999999999985903,0.002999999999985903,0.0,0.005018438010764726,0.005615032385520635,0.005074435946114986,0.000540596439405649
10:09:55,137.354,137.354,137.342,137.344,0.0355906551964722,29.281691968591225,0.012000000000000455,0.010000000000019327,0.001999999999981128,0.005949312942662824,0.0047439296646984985,0.005008334689831689,-0.00026440502513319034
10:10:00,137.345,137.354,137.344,137.353,0.03482950957607045,28.914356014611638,0.010000000000019327,0.0010000000000047748,0.009000000000014552,0.006489404550310357,0.004725328619457514,0.004951733475756854,-0.00022640485629933996
10:10:05,137.353,137.356,137.349,137.349,0.032817838545270206,26.679824369416128,0.007000000000005002,0.007000000000005002,0.0,0.006557483943602976,0.004337816933059457,0.004828950167217375,-0.0004911332341579174
10:10:10,137.349,137.349,137.346,137.349,0.03032108872577055,24.94502520223578,0.002999999999985903,0.0,0.002999999999985903,0.0060831527511207,0.00398477709975964,0.0046601155537258285,-0.0006753384539661886
10:10:15,137.349,137.353,137.349,137.352,0.026408929917920432,22.974568477009406,0.004000000000019099,0.0010000000000047748,0.0030000000000143245,0.00580539905097382,0.003902084613827128,0.004508509365746089,-0.0006064247519189606
10:10:20,137.352,137.361,137.352,137.359,0.02182707156464403,21.547320218333514,0.00899999999998613,0.001999999999981128,0.007000000000005002,0.006231345844175461,0.00435123341131316,0.004477054174859503,-0.00012582076354634292
10:10:25,137.359,137.361,137.359,137.36,0.0180979789633966,19.80830286131984,0.001999999999981128,0.0009999999999763531,0.0010000000000047748,0.005667166398282884,0.004733315991558129,0.004528306538199228,0.0002050094533589007
10:10:30,137.36,137.361,137.353,137.353,0.01602103881344874,18.12333069135269,0.007999999999981355,0.007999999999981355,0.0,0.005978210878509346,0.004420322959077794,0.004506709822374942,-8.63868632971481e-05
10:10:35,137.353,137.353,137.345,137.345,0.016794736030874446,18.18684273805062,0.008000000000009777,0.008000000000009777,0.0,0.00624778276137607,0.0034865498087413016,0.004302677819648214,-0.0008161280109069127
10:10:40,137.345,137.345,137.341,137.343,0.018023376645828648,20.442333219140828,0.003999999999990678,0.0020000000000095497,0.001999999999981128,0.005948078393191352,0.0025556842372793653,0.003953279103174445,-0.0013975948658950799
10:10:45,137.345,137.348,137.343,137.348,0.018150250119504108,21.419185391279957,0.005000000000023874,0.0,0.005000000000023874,0.005821667940769022,0.0021961093965501277,0.0036018451618495817,-0.001405735765299454
10:10:50,137.348,137.35,137.343,137.345,0.01875605166708283,21.777419174058593,0.007000000000005002,0.0049999999999954525,0.0020000000000095497,0.005978778882000485,0.0016500480894592329,0.0032114857473715124,-0.0015614376579122795
10:10:55,137.345,137.345,137.343,137.344,0.01941784313549988,20.840590357796618,0.0020000000000095497,0.0010000000000047748,0.0010000000000047748,0.005448275031068361,0.0011236462324575314,0.0027939178443887164,-0.001670271611931185
10:11:00,137.341,137.342,137.336,137.337,0.022705436409864888,21.13888453811495,0.006000000000000227,0.005000000000023874,0.0009999999999763531,0.005788505026923427,0.00014001348142755887,0.002263136971796485,-0.0021231234903689262
10:11:05,137.337,137.341,137.337,137.337,0.025331486553000104,21.66943805575904,0.004000000000019099,0.004000000000019099,0.0,0.005550037690002851,-0.0006322345540468177,0.0016840626666278246,-0.0023162972206746423
10:11:10,137.337,137.337,137.331,137.331,0.030025252537427605,23.294655863992983,0.006000000000000227,0.006000000000000227,0.0,0.005610032664669168,-0.0017086997151238847,0.0010055101902774828,-0.0027142099054013676
10:11:15,137.331,137.34,137.331,137.34,0.030641561050629207,24.472592409741594,0.009000000000014552,0.0,0.009000000000014552,0.006062028309381885,-0.001814663021235674,0.00044147554797485146,-0.0022561385692105255
10:11:20,137.339,137.349,137.339,137.344,0.030498317476258308,23.12838401230334,0.009999999999990905,0.0049999999999954525,0.0049999999999954525,0.006587091201463088,-0.0015579144659341182,4.159754519305752e-05,-0.0015995120111271758
10:11:25,137.345,137.346,137.34,137.344,0.029436103869045382,23.577571667276647,0.006000000000000227,0.0020000000000095497,0.003999999999990678,0.0065088123746013735,-0.0013390041794139051,-0.00023452279972833502,-0.0011044813796855701
10:11:30,137.344,137.352,137.342,137.35,0.028794005232100517,23.914401673424397,0.009999999999990905,0.0020000000000095497,0.007999999999981355,0.006974304057986645,-0.0006736014856585371,-0.0003223385369143754,-0.00035126294874416166
10:11:35,137.35,137.351,137.336,137.336,0.03019864061843691,22.456685512901725,0.014999999999986358,0.014999999999986358,0.0,0.008044396850253273,-0.001261407335448439,-0.0005101522966211882,-0.0007512550388272508
10:11:40,137.34,137.343,137.334,137.337,0.030443044325977553,22.491847745104252,0.00899999999998613,0.006000000000000227,0.002999999999985903,0.008171810603550987,-0.0016277918919911372,-0.000733680215695178,-0.0008941116762959592
10:11:45,137.338,137.338,137.334,137.335,0.03150872895668044,20.778525760641703,0.003999999999990678,0.002999999999985903,0.0010000000000047748,0.007615569189742946,-0.002055839144048832,-0.000998112001365909,-0.0010577271426829233
10:11:50,137.335,137.342,137.335,137.339,0.03156213588334822,19.128311301518153,0.007000000000005002,0.0030000000000143245,0.003999999999990678,0.007533493297777888,-0.0020486871148364116,-0.0012082270240600095,-0.0008404600907764021
10:11:55,137.339,137.342,137.338,137.342,0.0306690311902571,18.438062872117438,0.004000000000019099,0.0,0.004000000000019099,0.007062360858076717,-0.0017804205721176913,-0.001322665733671546,-0.0004577548384461453
10:12:00,137.342,137.351,137.341,137.351,0.02796915595217797,20.34448930444538,0.009999999999990905,0.0,0.009999999999990905,0.007454046076998609,-0.0008320018212941704,-0.001224532951196071,0.00039253112990190065
10:12:05,137.352,137.353,137.352,137.352,0.024598673486764255,22.57037450353129,0.0010000000000047748,0.0010000000000047748,0.0,0.006726839933400067,3.148845735267969e-07,-0.0009795633840421517,0.0009798782686156785
10:12:10,137.354,137.354,137.351,137.353,0.024598673486764255,23.278334221422845,0.0030000000000143245,0.0010000000000047748,0.0020000000000095497,0.006229927942281968,0.0007321833591618088,-0.0006372140354013597,0.0013693973945631684
10:12:15,137.355,137.355,137.341,137.341,0.024536975330306632,21.187856895335813,0.013999999999981583,0.013999999999981583,0.0,0.00726593754997525,0.00033997565850540923,-0.0004417760966200059,0.0007817517551254151
10:12:20,137.341,137.341,137.335,137.336,0.025194819861155793,19.301263661926324,0.006000000000000227,0.0049999999999954525,0.0010000000000047748,0.007097145876645247,-0.00037004434238951944,-0.0004274297457739086,5.738540338438917e-05
10:12:25,137.336,137.336,137.331,137.331,0.02640175433651848,19.348658562902237,0.005000000000023874,0.005000000000023874,0.0,0.006817526426429065,-0.0013209711881927433,-0.0006061380342576757,-0.0007148331539350676
10:12:30,137.331,137.333,137.328,137.33,0.027969908650959496,21.599494144971477,0.0049999999999954525,0.002999999999985903,0.0020000000000095497,0.00657518956957125,-0.0021307176207869816,-0.0009110539515635369,-0.0012196636692234446
10:12:35,137.33,137.331,137.326,137.326,0.030584481796950058,23.870984917747762,0.0049999999999954525,0.0049999999999954525,0.0,0.006365164293627811,-0.0030599409783178544,-0.0013408313569144006,-0.0017191096214034538
10:12:40,137.328,137.334,137.326,137.326,0.03286911845242457,23.704005442264677,0.008000000000009777,0.008000000000009777,0.0,0.0065831423878120725,-0.003753093854072631,-0.0018232838563460468,-0.0019298099977265843
10:12:45,137.326,137.33,137.322,137.328,0.034296539651279545,26.078328473769975,0.008000000000009777,0.0020000000000095497,0.006000000000000227,0.006772056736105101,-0.00409384788662237,-0.002277396662401312,-0.0018164512242210586
10:12:50,137.328,137.337,137.327,137.334,0.03383862633222634,26.340269018675713,0.009999999999990905,0.002999999999985903,0.007000000000005002,0.007202449171289874,-0.0038355344034357586,-0.0025890242106082016,-0.001246510192827557
10:12:55,137.335,137.335,137.334,137.335,0.03397832126904632,27.210878398744217,0.0010000000000047748,0.0,0.0010000000000047748,0.006375455948451862,-0.0035096701712689082,-0.002773153402740343,-0.0007365167685285654
10:13:00,137.335,137.335,137.329,137.329,0.03457714487700514,28.493484386156435,0.006000000000000227,0.006000000000000227,0.0,0.006325395155324978,-0.0036929996740298066,-0.0029571226569982357,-0.0007358770170315708
10:13:05,137.329,137.344,137.329,137.344,0.03457714487700514,27.961200238831278,0.014999999999986358,0.0,0.014999999999986358,0.007482009134613162,-0.0025979672368805495,-0.002885291572974699,0.0002873243360941493
10:13:10,137.344,137.346,137.342,137.342,0.03288960802848351,25.902419115493505,0.003999999999990678,0.003999999999990678,0.0,0.0070177412499968315,-0.0018699735355767189,-0.002682227965495103,0.000812254429918384
10:13:15,137.343,137.343,137.34,137.341,0.03302056776033169,22.95022123526857,0.002999999999985903,0.001999999999981128,0.0010000000000047748,0.006482042416662041,-0.001358069940124551,-0.0024173963604209926,0.0010593264202964415
10:13:20,137.341,137.345,137.34,137.345,0.03366710092490166,20.522753982529938,0.0049999999999954525,0.0,0.0049999999999954525,0.006284436761106496,-0.0006224409700337219,-0.0020584052823435384,0.0014359643123098165
10:13:25,137.345,137.347,137.343,137.343,0.03382680345606559,21.60385508424964,0.004000000000019099,0.004000000000019099,0.0,0.005979845192961511,-0.0001985443014973498,-0.0016864330861743008,0.001487888784676951
10:13:30,137.346,137.347,137.336,137.336,0.03388836161735753,20.834586978710234,0.01099999999999568,0.01099999999999568,0.0,0.0066491991672327335,-0.0004225734722638208,-0.0014336611633922049,0.001011087691128384
10:13:35,137.335,137.336,137.328,137.336,0.03375390816285062,20.921528166309024,0.008000000000009777,0.0,0.008000000000009777,0.00682930594493634,-0.0005932792502676421,-0.0012655847807672923,0.0006723055304996503
10:13:40,137.336,137.342,137.336,137.342,0.03172248082904616,18.86561432686076,0.006000000000000227,0.0,0.006000000000000227,0.0067187318189448585,-0.00024162959766727,-0.001060793744147288,0.000819164146480018
10:13:45,137.342,137.344,137.34,137.34,0.02878303594781073,16.005139901624826,0.003999999999990678,0.003999999999990678,0.0,0.0063562342430843015,-0.00012291115649532003,-0.0008732172266168944,0.0007503060701215744
10:13:50,137.341,137.342,137.331,137.331,0.024882037496013254,15.971007877459588,0.011000000000024102,0.011000000000024102,0.0,0.006975403010676275,-0.0007464461538120304,-0.0008478630120559217,0.00010141685824389133
10:13:55,137.331,137.331,137.322,137.325,0.026149368523306293,16.352822528264646,0.00899999999998613,0.006000000000000227,0.002999999999985903,0.007245349275917589,-0.0017050966941383194,-0.0010193097484724014,-0.000685786945665918
10:14:00,137.325,137.329,137.325,137.329,0.026668333290331248,19.554084215346233,0.004000000000019099,0.0,0.004000000000019099,0.006812636039131124,-0.0021176565568339356,-0.0012389791101447083,-0.0008786774466892273
10:14:05,137.329,137.33,137.327,137.328,0.02714483571043047,21.783130804796226,0.0030000000000143245,0.0020000000000095497,0.0010000000000047748,0.006304284567248884,-0.002496526459992765,-0.0014904885801143197,-0.0010060378798784453
10:14:10,137.33,137.337,137.329,137.337,0.026888463588818468,20.64522771472926,0.007999999999981355,0.0,0.007999999999981355,0.00666371329161385,-0.002046962692276111,-0.0016017834025466781,-0.0004451792897294327
10:14:15,137.337,137.341,137.337,137.338,0.025677350257979015,20.307582755151625,0.004000000000019099,0.0030000000000143245,0.0010000000000047748,0.006308551519401217,-0.0015916410771978917,-0.001599754937476921,8.11386027902935e-06
10:14:20,137.338,137.35,137.338,137.35,0.02716886764113724,21.13557580507726,0.012000000000000455,0.0,0.012000000000000455,0.007067411316814449,-0.0002595043009705478,-0.0013317048101756466,0.0010722005092050988
10:14:25,137.35,137.359,137.35,137.357,0.031439833943124995,23.73164308740108,0.009000000000014552,0.0020000000000095497,0.007000000000005002,0.007325089807907796,0.001345554475847166,-0.0007962529529710841,0.00214180742881825
10:14:30,137.357,137.361,137.356,137.361,0.03721855791275175,26.029494935558553,0.0049999999999954525,0.0,0.0049999999999954525,0.007015077833519484,0.0029068335234967435,-5.5635657677518624e-05,0.002962469181174262
10:14:35,137.361,137.361,137.352,137.352,0.03858769916422489,26.694962636969247,0.00899999999998613,0.00899999999998613,0.0,0.007279734122381703,0.0033789828226815644,0.000631288038394298,0.0027476947842872664
10:14:40,137.352,137.353,137.349,137.35,0.03797561545115968,27.12436492276228,0.004000000000019099,0.0030000000000143245,0.0010000000000047748,0.006842436239400024,0.0035508492784401824,0.001215200286403475,0.002335648992036707
10:14:45,137.349,137.353,137.349,137.352,0.039103102588512684,25.989046775344207,0.004000000000019099,0.0010000000000047748,0.0030000000000143245,0.0064634447408159,0.0038045811252231942,0.001733076454167419,0.0020715046710557752
10:14:50,137.354,137.355,137.351,137.353,0.040379254710728674,26.93684214936634,0.003999999999990678,0.001999999999981128,0.0020000000000095497,0.006134985442039205,0.004039788912621134,0.002194418945858162,0.0018453699667629721
10:14:55,137.355,137.355,137.349,137.349,0.04079422044264902,27.713081867646867,0.006000000000000227,0.006000000000000227,0.0,0.006116987383100675,0.0038589427185229397,0.0025273237003911177,0.001331619018131822
10:15:00,137.349,137.35,137.348,137.349,0.041139557099768354,26.430600301674236,0.001999999999981128,0.0010000000000047748,0.0009999999999763531,0.005568055732018069,0.0036732775497512193,0.002756514470263138,0.0009167630794880812
10:15:05,137.349,137.349,137.342,137.342,0.04114723243804974,24.499711616195032,0.0069999999999765805,0.0069999999999765805,0.0,0.005758981634412537,0.0029275481149682037,0.0027907211992041514,0.0001368269157640523
10:15:10,137.342,137.343,137.339,137.34,0.04073999716359822,22.644708306994865,0.003999999999990678,0.002999999999985903,0.0010000000000047748,0.0055244507498229565,0.0021503806305531725,0.0026626530854739557,-0.0005122724549207831
10:15:15,137.34,137.34,137.336,137.338,0.040487034967611635,21.776228940165076,0.003999999999990678,0.0020000000000095497,0.001999999999981128,0.00532119064984532,0.0013574388050869857,0.002401610229396562,-0.0010441714243095762
10:15:20,137.338,137.34,137.336,137.338,0.04073999716359822,23.139652439878805,0.003999999999990678,0.0020000000000095497,0.001999999999981128,0.005145031896531368,0.0007207186990285663,0.0020654319233229627,-0.0013447132242943964
10:15:25,137.337,137.342,137.337,137.341,0.04068880617364812,24.615406524729273,0.005000000000023874,0.0010000000000047748,0.004000000000019099,0.005125694310330369,0.0004529668358941308,0.0017429389058371964,-0.0012899720699430656
10:15:30,137.344,137.346,137.343,137.345,0.03910794777812043,22.940411608759234,0.0030000000000143245,0.0010000000000047748,0.0020000000000095497,0.0051089350689523805,0.0005571160390331897,0.0015057743324763952,-0.0009486582934432055
10:15:35,137.345,137.348,137.342,137.342,0.03500315775897889,20.737249129350772,0.006000000000000227,0.006000000000000227,0.0,0.005227743726425427,0.00039304927750549723,0.0012832293214822157,-0.0008901800439767185
10:15:40,137.342,137.343,137.337,137.341,0.032033535067000685,18.617746284253876,0.006000000000000227,0.001999999999981128,0.004000000000019099,0.005330711229568734,0.0001802556691643531,0.0010626345910186433,-0.0008823789218542902
10:15:45,137.34,137.34,137.327,137.33,0.03117016117755611,19.640840009243455,0.01300000000000523,0.009999999999990905,0.0030000000000143245,0.006486616398960904,-0.000866010043012011,0.0006769056642125125,-0.0015429157072245235
10:15:50,137.328,137.328,137.32,137.32,0.037934014738141286,22.319122264236675,0.008000000000009777,0.008000000000009777,0.0,0.006955067545768694,-0.0024735856289908043,4.680740557184916e-05,-0.002520393034562653
10:15:55,137.32,137.321,137.31,137.311,0.04809595672298883,25.83687834314839,0.01099999999999568,0.009999999999990905,0.0010000000000047748,0.007494391872998959,-0.0044228418786360635,-0.0008471224512697335,-0.00357571942736633
10:16:00,137.311,137.311,137.3,137.302,0.05995471976018507,29.486717392946158,0.01099999999999568,0.009000000000014552,0.001999999999981128,0.007961806289931855,-0.006617582907495034,-0.002001214542514794,-0.0046163683649802405
10:16:05,137.302,137.302,137.296,137.299,0.06847358307715012,33.98025694588737,0.006000000000000227,0.002999999999985903,0.0030000000000143245,0.007700232117940971,-0.008501011543700088,-0.0033011739427518524,-0.005199837600948235
10:16:10,137.299,137.309,137.299,137.305,0.07074312315808129,36.77847036849196,0.009999999999990905,0.003999999999990678,0.006000000000000227,0.008006867835547628,-0.009401122167020048,-0.004521163587605492,-0.0048799585794145565
10:16:15,137.305,137.305,137.297,137.297,0.07645404536788192,39.25100643606835,0.008000000000009777,0.008000000000009777,0.0,0.008005952124142582,-0.010637378385666807,-0.005744406547217755,-0.004892971838449052
10:16:20,137.297,137.3,137.295,137.296,0.08098862818462749,41.22789834061165,0.005000000000023874,0.004000000000019099,0.0010000000000047748,0.007605158507593421,-0.01156450358962502,-0.006908425955699208,-0.004656077633925811
10:16:25,137.296,137.308,137.296,137.308,0.08025328326107228,40.36212449330252,0.012000000000000455,0.0,0.012000000000000455,0.008191137373247693,-0.01120182956321969,-0.007767106677203305,-0.0034347228860163847
10:16:30,137.309,137.31,137.302,137.304,0.0789966021952182,39.014180101614976,0.008000000000009777,0.006000000000000227,0.0020000000000095497,0.008165652390149304,-0.011109115387938573,-0.00843550841935036,-0.0026736069685882134
10:16:35,137.304,137.307,137.301,137.302,0.07807688518698797,38.75545385607102,0.006000000000000227,0.0049999999999954525,0.0010000000000047748,0.007876898738129428,-0.011069420630803961,-0.008962290861641081,-0.00210712976916288
10:16:40,137.302,137.302,137.294,137.296,0.07731575723158812,41.20102648933568,0.007999999999981355,0.006000000000000227,0.001999999999981128,0.007893312239709686,-0.011390805984859753,-0.009447993886284815,-0.0019428120985749385
10:16:45,137.296,137.301,137.296,137.3,0.07630272120746895,43.307443454165764,0.0049999999999954525,0.0009999999999763531,0.004000000000019099,0.0075075372744144555,-0.011193705553012023,-0.009797136219630256,-0.001396569333381767
10:16:50,137.3,137.3,137.293,137.295,0.0758669194985373,45.5636923718992,0.007000000000005002,0.005000000000023874,0.001999999999981128,0.007439865637826528,-0.011310578940566529,-0.010099824763817511,-0.0012107541767490178
10:16:55,137.294,137.296,137.283,137.283,0.07804856787851122,46.9219268772411,0.01300000000000523,0.01300000000000523,0.0,0.008181216886117022,-0.012230515880219173,-0.010525962987097844,-0.0017045528931213284
10:17:00,137.283,137.289,137.283,137.289,0.07699733420196253,47.412859092188754,0.006000000000000227,0.0,0.006000000000000227,0.007890387967968116,-0.012333252617793278,-0.01088742091323693,-0.0014458317045563471
10:17:05,137.289,137.289,137.286,137.286,0.0741943394102691,47.0643174832179,0.002999999999985903,0.002999999999985903,0.0,0.007238336238903821,-0.012512510715680492,-0.011212438873725644,-0.0013000718419548477
10:17:10,137.286,137.288,137.286,137.288,0.0671475986207497,46.16060383833577,0.0020000000000095497,0.0,0.0020000000000095497,0.006539891407051252,-0.012350818220113524,-0.01144011474300322,-0.0009107034771103049
10:17:15,137.287,137.287,137.279,137.283,0.059892886850377636,45.810062874955804,0.008000000000009777,0.004000000000019099,0.003999999999990678,0.0068679058861130255,-0.01248224639914497,-0.01164854107423157,-0.0008337053249133988
10:17:20,137.283,137.287,137.283,137.286,0.04869669826172185,47.494484497513405,0.004000000000019099,0.0010000000000047748,0.0030000000000143245,0.006485518434633836,-0.012203653133155967,-0.01175956348601645,-0.00044408964713951726
10:17:25,137.286,137.286,137.282,137.285,0.04052030031215281,49.087904490847045,0.003999999999990678,0.0010000000000047748,0.002999999999985903,0.006154115976681415,-0.011926081165370306,-0.011792867021887221,-0.00013321414348308434
10:17:30,137.287,137.293,137.287,137.289,0.03459479730469184,47.05198055985677,0.006000000000000227,0.004000000000019099,0.001999999999981128,0.00640023384645853,-0.011253612174499494,-0.011685016052409677,0.0004314038779101824
10:17:35,137.289,137.29,137.287,137.29,0.031476641306255715,47.2357447008174,0.002999999999985903,0.0,0.002999999999985903,0.005946869333595514,-0.010518730632668394,-0.011451758968461422,0.0009330283357930277
10:17:40,137.289,137.294,137.288,137.29,0.03077866657844197,46.345676148837754,0.006000000000000227,0.004000000000019099,0.001999999999981128,0.005953953422449476,-0.009823097166758998,-0.011126026608120938,0.0013029294413619396
10:17:45,137.29,137.292,137.283,137.284,0.03145857761916204,46.66506500886538,0.009000000000014552,0.008000000000009777,0.0010000000000047748,0.006360092966124819,-0.009644773543413976,-0.010829775995179546,0.0011850024517655704
10:17:50,137.283,137.286,137.283,137.286,0.029800035332584685,45.813706485046104,0.0030000000000143245,0.0,0.0030000000000143245,0.005912080570643421,-0.009235605194135132,-0.010510941834970665,0.0012753366408355324
10:17:55,137.286,137.286,137.282,137.282,0.03062575456488048,44.91741831834306,0.003999999999990678,0.003999999999990678,0.0,0.005657136494556389,-0.009128870958164725,-0.010234527659609478,0.001105656701444753
10:18:00,137.28,137.287,137.28,137.287,0.030470693435802332,44.11362450869643,0.007000000000005002,0.0,0.007000000000005002,0.005836184961949537,-0.008542354152694998,-0.009896092958226584,0.001353738805531586
10:18:05,137.287,137.289,137.285,137.287,0.02583836398071071,41.14807470622318,0.003999999999990678,0.001999999999981128,0.0020000000000095497,0.005591360300355023,-0.007985483673735416,-0.009513971101328351,0.0015284874275929353
10:18:10,137.287,137.287,137.284,137.285,0.022262548218975553,38.519661915825495,0.0030000000000143245,0.0020000000000095497,0.0010000000000047748,0.005245845593642931,-0.007617730635502085,-0.0091347230081631,0.0015169923726610149
10:18:15,137.285,137.289,137.284,137.288,0.018375040294813516,34.831518030313674,0.0049999999999954525,0.0009999999999763531,0.004000000000019099,0.005213066181156601,-0.007003477051313212,-0.008708473816793122,0.0017049967654799107
10:18:20,137.288,137.288,137.283,137.286,0.01679473603456927,31.559746214870103,0.005000000000023874,0.0020000000000095497,0.0030000000000143245,0.005184657357005571,-0.006601956698432332,-0.008287170393120965,0.0016852136946886326
10:18:25,137.286,137.288,137.286,137.286,0.011956059927854312,27.55602797623491,0.0020000000000095497,0.0020000000000095497,0.0,0.004760036376072768,-0.006212139251630333,-0.007872164164822839,0.0016600249131925055
10:18:30,137.286,137.297,137.286,137.296,0.012555560753753525,24.95113439894018,0.01099999999999568,0.0010000000000047748,0.009999999999990905,0.005592031525929156,-0.005038212314644852,-0.007305373794787242,0.0022671614801423896
10:18:35,137.296,137.302,137.295,137.302,0.018023376649125566,23.26346614040842,0.007000000000005002,0.0,0.007000000000005002,0.005779760655805936,-0.0035824209843724475,-0.0065607832327042835,0.002978362248331836
10:18:40,137.305,137.311,137.305,137.308,0.025566425362853806,26.14362521908308,0.006000000000000227,0.0030000000000143245,0.002999999999985903,0.006209125901700418,-0.0019223859423220802,-0.005633103774627843,0.003710717832305763
10:18:45,137.308,137.309,137.306,137.307,0.030181904661333192,29.514709196267543,0.002999999999985903,0.0020000000000095497,0.0009999999999763531,0.005781242448138483,-0.0006796532348118944,-0.004642413666664654,0.003962760431852759
10:18:50,137.307,137.307,137.305,137.306,0.03342296721427829,33.87880837868855,0.001999999999981128,0.0009999999999763531,0.0010000000000047748,0.005277076788384169,0.0002219710030999522,-0.003669536732711733,0.0038915077358116852
10:18:55,137.306,137.311,137.306,137.31,0.03677527774459577,37.295990282814294,0.0049999999999954525,0.0010000000000047748,0.003999999999990678,0.005240133216599007,0.0012449304942947492,-0.002686643287310437,0.003931573781605186
10:19:00,137.31,137.31,137.305,137.31,0.039631991337785166,40.12969385831455,0.0049999999999954525,0.0,0.0049999999999954525,0.005208115454385201,0.0020322072410294822,-0.001742873181642453,0.0037750804226719353
10:19:05,137.31,137.314,137.308,137.314,0.042930053275483715,43.17223923359846,0.006000000000000227,0.0,0.006000000000000227,0.0053137000604672035,0.0029449487691692866,-0.0008053087914801052,0.003750257560649392
10:19:10,137.312,137.312,137.305,137.306,0.04373123658416489,44.02560265111343,0.007000000000005002,0.006000000000000227,0.0010000000000047748,0.005805206719069727,0.0029883223451747654,-4.658256414913104e-05,0.0030349049093238963
10:19:15,137.304,137.304,137.297,137.298,0.04346856093798124,42.84321700099173,0.007000000000005002,0.006000000000000227,0.0010000000000047748,0.006231179156529037,0.002350072897939981,0.00043274852826869143,0.0019173243696712894
10:19:20,137.298,137.306,137.298,137.306,0.043992343837658154,41.865710620040055,0.008000000000009777,0.0,0.008000000000009777,0.006467021935659803,0.0024614150928528034,0.0008384818411855139,0.0016229332516672895
10:19:25,137.306,137.306,137.306,137.306,0.043034380386814064,41.94793533420253,0.0,0.0,0.0,0.005604752344238496,0.0025205986918024337,0.0011749052113088979,0.0013456934804935358
10:19:30,137.306,137.307,137.3,137.3,0.041599595146180945,41.97514936149897,0.0069999999999765805,0.0069999999999765805,0.0,0.005790785365003574,0.002059610358315922,0.0013518462407103027,0.0007077641176056193
10:19:35,137.301,137.301,137.298,137.298,0.038609516150529544,42.50764096720361,0.002999999999985903,0.002999999999985903,0.0,0.005418680649667885,0.0015154216599171377,0.00138456132455167,0.00013086033536546782
10:19:40,137.298,137.299,137.29,137.29,0.0378912571572414,43.18121424540965,0.009000000000014552,0.009000000000014552,0.0,0.005896189896380774,0.00043361659237461936,0.0011943723781162598,-0.0007607557857416405
10:19:45,137.29,137.292,137.288,137.29,0.03714891796266784,43.13626898372131,0.003999999999990678,0.0020000000000095497,0.001999999999981128,0.005643364576862095,-0.00041889298012165455,0.000871719306468677,-0.0012906122865903316
10:19:50,137.289,137.296,137.289,137.296,0.03473266323317148,40.40107798746852,0.007000000000005002,0.0,0.007000000000005002,0.005824249299947817,-0.0006034073975342835,0.000576693965668085,-0.0011801013632023686
10:19:55,137.294,137.297,137.293,137.297,0.032969523415033564,36.80741593933343,0.003999999999990678,0.0,0.003999999999990678,0.005581016059953532,-0.0006613214579260784,0.00032909088094925233,-0.0009904123388753308
10:20:00,137.297,137.298,137.293,137.297,0.030220940814047026,33.388087560273334,0.0049999999999954525,0.0010000000000047748,0.003999999999990678,0.005503547251959122,-0.0006991592948963898,0.0001234408457801239,-0.0008226001406765138
10:20:05,137.297,137.301,137.297,137.3,0.026699891592556924,28.406601813820355,0.003999999999990678,0.0009999999999763531,0.0030000000000143245,0.005303074285029997,-0.00048152045727078985,2.4485851699411633e-06,-0.000483969042440731
10:20:10,137.301,137.301,137.294,137.294,0.027125439613200797,24.961029215505132,0.0069999999999765805,0.0069999999999765805,0.0,0.0055293310470228745,-0.0007841507644457124,-0.00015487128475318956,-0.0006292794796925228
10:20:15,137.294,137.297,137.294,137.296,0.02760549145409641,21.024751449894005,0.002999999999985903,0.0010000000000047748,0.001999999999981128,0.005192086907417946,-0.0008527739308874516,-0.000294451813980042,-0.0005583221169074095
10:20:20,137.295,137.295,137.291,137.294,0.027648165457435425,19.656910773495106,0.003999999999990678,0.0009999999999763531,0.0030000000000143245,0.005166475319761614,-0.0010563644580940945,-0.0004468343428028525,-0.000609530115291242
10:20:25,137.294,137.296,137.294,137.294,0.027618453032346224,20.861601451720553,0.001999999999981128,0.001999999999981128,0.0,0.004744278610457549,-0.001203834364503109,-0.0005982343471429038,-0.0006056000173602053
10:20:30,137.294,137.297,137.294,137.295,0.027391124196412875,21.01273442471077,0.002999999999985903,0.0020000000000095497,0.0009999999999763531,0.00451170812906133,-0.0012258824750404074,-0.0007237639727224047,-0.0005021185023180027
10:20:35,137.296,137.304,137.296,137.301,0.025625645060074476,21.96137744155232,0.008000000000009777,0.0030000000000143245,0.0049999999999954525,0.005110147045188426,-0.0007505539864212096,-0.0007291219754621657,-2.1432010959043942e-05
10:20:40,137.3,137.303,137.299,137.303,0.02381949666954597,22.240705033701534,0.003999999999990678,0.0,0.003999999999990678,0.004962127439162059,-0.00021004814507818992,-0.0006253072093853706,0.00041525906430718064
10:20:45,137.303,137.31,137.303,137.309,0.021423056947071473,23.817720354338945,0.007000000000005002,0.0010000000000047748,0.006000000000000227,0.005233843780607785,0.0006944512821576154,-0.0003613555110767734,0.0010558067932343888
10:20:50,137.309,137.313,137.309,137.31,0.02285330796070184,24.384229851178226,0.003999999999990678,0.002999999999985903,0.0010000000000047748,0.005069331276525505,0.001474962784584477,5.908148055476677e-06,0.0014690546365290003
10:20:55,137.306,137.307,137.304,137.307,0.024009647195043726,22.420479254390536,0.002999999999985903,0.0,0.002999999999985903,0.005193420439655467,0.0018303497134297686,0.00037079646113033504,0.0014595532522994337
10:21:00,137.307,137.317,137.307,137.317,0.028287248391904996,23.827919865056995,0.010000000000019327,0.0,0.010000000000019327,0.005834297714370648,0.002885648877509084,0.0008737669444060848,0.002011881933102999
10:21:05,137.317,137.318,137.315,137.317,0.03183840779718139,25.739877841024843,0.0030000000000143245,0.0010000000000047748,0.0020000000000095497,0.005456391352456472,0.003679565329377965,0.001434926621400461,0.002244638707977504
10:21:10,137.317,137.324,137.317,137.324,0.03826720460000388,28.773318646389516,0.007000000000005002,0.0,0.007000000000005002,0.0056622058387962755,0.004818051833495929,0.0021115516638195546,0.0027065001696763742
10:21:15,137.322,137.323,137.318,137.318,0.04084321757136422,32.919459958402754,0.0049999999999954525,0.0049999999999954525,0.0,0.005707245060290135,0.005176489387054062,0.002724539208466456,0.0024519501785876057
10:21:20,137.319,137.338,137.319,137.338,0.050048818278241924,37.29032303608837,0.019000000000005457,0.0,0.019000000000005457,0.007612945718915692,0.006993766793556233,0.0035783847254844117,0.0034153820680718214
10:21:25,137.338,137.341,137.337,137.341,0.05753388018320038,41.811004072368554,0.004000000000019099,0.0,0.004000000000019099,0.007131219623062813,0.00857717482665521,0.004578142745718571,0.003999032080936638
10:21:30,137.341,137.348,137.341,137.347,0.06642098590754131,45.70116517016901,0.007000000000005002,0.0010000000000047748,0.006000000000000227,0.007113723673321772,0.010198623572478027,0.005702238911070463,0.004496384661407564
10:21:35,137.348,137.35,137.34,137.35,0.07418213716374567,50.166612023241846,0.009999999999990905,0.0,0.009999999999990905,0.007498560516877657,0.011592082007865656,0.006880207530429502,0.004711874477436154
10:21:40,137.349,137.355,137.349,137.354,0.08126862539859303,55.32168227308783,0.006000000000000227,0.0009999999999763531,0.005000000000023874,0.0072987524479606655,0.012870807767711767,0.008078327577885954,0.004792480189825813
10:21:45,137.354,137.354,137.347,137.347,0.08455057658284204,58.866820596388905,0.007000000000005002,0.007000000000005002,0.0,0.007258918788233244,0.013167578003844937,0.009096177663077751,0.004071400340767186
10:21:50,137.347,137.353,137.342,137.342,0.08407114781675773,60.85192252097058,0.01099999999999568,0.01099999999999568,0.0,0.0077577296164682355,0.012851172029257896,0.00984717653631378,0.003003995492944115
10:21:55,137.341,137.341,137.337,137.337,0.08210775974907847,59.474585044127835,0.004000000000019099,0.004000000000019099,0.0,0.007390032334275654,0.012057963108645708,0.010289333850780166,0.0017686292578655421
10:22:00,137.337,137.337,137.328,137.337,0.07858110125323492,56.024253407842785,0.00899999999998613,0.0,0.00899999999998613,0.007604694689703718,0.011299090443117166,0.010491285169247567,0.0008078052738695989
10:22:05,137.337,137.337,137.334,137.334,0.07353223425252509,54.80785817478655,0.002999999999985903,0.002999999999985903,0.0,0.006990735397741343,0.010336451284189252,0.010460318392235905,-0.00012386710804665295
10:22:10,137.334,137.336,137.334,137.334,0.06753743601620954,51.77680084001853,0.0020000000000095497,0.0020000000000095497,0.0,0.0063253040113771045,0.00946445249829253,0.010261145213447231,-0.000796692715154701
10:22:15,137.334,137.338,137.334,137.338,0.06286627411839163,48.59430509719211,0.003999999999990678,0.0,0.003999999999990678,0.006015263476525581,0.008992493876860408,0.010007414946129866,-0.0010149210692694585
10:22:20,137.338,137.34,137.337,137.34,0.05789973184602104,45.22202012340346,0.0030000000000143245,0.0,0.0030000000000143245,0.00561322834632408,0.008679791323004338,0.009741890221504762,-0.0010620988985004243
10:22:25,137.34,137.34,137.336,137.336,0.053734630609937994,41.502996378204614,0.003999999999990678,0.003999999999990678,0.0,0.005398131233479627,0.008016793124738797,0.009396870802151569,-0.001380077677412772
10:22:30,137.336,137.337,137.318,137.318,0.05121841774462155,39.291576586799536,0.018999999999977035,0.018999999999977035,0.0,0.007211713735679281,0.005970093190200032,0.008711515279761262,-0.0027414220895612303
10:22:35,137.318,137.318,137.309,137.309,0.05036122151074096,37.789429155259086,0.009000000000014552,0.009000000000014552,0.0,0.007450151904257317,0.003580569387452215,0.007685326101299453,-0.0041047567138472385
10:22:40,137.311,137.312,137.309,137.312,0.05194774703034,35.986045393163785,0.0030000000000143245,0.0,0.0030000000000143245,0.006856798317024918,0.0019069473837305395,0.0065296503577856714,-0.004622702974055132
10:22:45,137.31,137.313,137.309,137.313,0.0531369630537597,33.7623541622005,0.003999999999990678,0.0,0.003999999999990678,0.006475891874753687,0.0006537455587931618,0.00535446939798717,-0.004700723839194008
10:22:50,137.312,137.321,137.312,137.312,0.05594395692355647,28.965328498505702,0.00899999999998613,0.00899999999998613,0.0,0.00681243962478468,-0.0004153298944800099,0.004200509539493734,-0.004615839433973744
10:22:55,137.311,137.311,137.308,137.309,0.0584775260515471,25.646530332648826,0.0030000000000143245,0.0020000000000095497,0.0010000000000047748,0.006437447674815936,-0.0014875077579290519,0.003062906080009177,-0.004550413837938229
10:23:00,137.309,137.314,137.309,137.314,0.06044884745278978,23.3846679684746,0.0049999999999954525,0.0,0.0049999999999954525,0.006245787984839872,-0.001911721095325447,0.002067980644942252,-0.003979701740267699
10:23:05,137.314,137.314,137.311,137.311,0.06228085792309912,22.682279698828392,0.002999999999985903,0.002999999999985903,0.0,0.00581301625352601,-0.002461612216109188,0.001162062072731964,-0.003623674288841152
10:23:10,137.31,137.315,137.31,137.312,0.061960598689438484,23.523485078580755,0.0049999999999954525,0.002999999999985903,0.0020000000000095497,0.005704614086388603,-0.0027846139521443547,0.00037272686775670035,-0.003157340819901055
10:23:15,137.314,137.314,137.309,137.309,0.0605087205586301,24.627971075064806,0.0049999999999954525,0.0049999999999954525,0.0,0.005610665541536184,-0.0032452607373443243,-0.00035087065326350463,-0.0028943900840808197
10:23:20,137.31,137.312,137.307,137.307,0.056605374493415184,26.260174699659313,0.005000000000023874,0.005000000000023874,0.0,0.005529243469334543,-0.0037287274694506323,-0.0010264420165009302,-0.002702285452949702
10:23:25,137.307,137.308,137.305,137.306,0.05412655735415228,28.40699927319036,0.002999999999985903,0.001999999999981128,0.0010000000000047748,0.005192011006754725,-0.0041447914052241686,-0.0016501118942455779,-0.0024946795109785907
10:23:30,137.302,137.303,137.301,137.302,0.053184881117033456,30.865772608786646,0.0020000000000095497,0.0010000000000047748,0.0010000000000047748,0.005166409539190612,-0.004742621652269463,-0.002268613845850355,-0.002474007806419108
10:23:35,137.302,137.309,137.301,137.309,0.05128906727111371,31.188666191267032,0.008000000000009777,0.0,0.008000000000009777,0.005544221600633167,-0.004598555644662383,-0.002734602205612761,-0.0018639534390496224
10:23:40,137.306,137.306,137.299,137.301,0.050213858440031345,29.36056155100281,0.007000000000005002,0.005000000000023874,0.001999999999981128,0.006138325387214198,-0.005071454862132896,-0.003201972736916788,-0.0018694821252161079
10:23:45,137.301,137.307,137.297,137.307,0.04795568129964067,27.187673138269265,0.009999999999990905,0.0,0.009999999999990905,0.006653215335584426,-0.004905533111013938,-0.003542684811736218,-0.0013628482992777196
10:23:50,137.307,137.308,137.295,137.296,0.04728369030556223,25.505734953837912,0.01300000000000523,0.012000000000000455,0.0010000000000047748,0.007499453290840534,-0.005597126803309038,-0.0039535732100507825,-0.0016435535932582557
10:23:55,137.296,137.296,137.29,137.29,0.045408554729192474,25.18223476195206,0.006000000000000227,0.006000000000000227,0.0,0.00729952618539516,-0.006553821271040761,-0.004473622822248778,-0.002080198448791983
10:24:00,137.29,137.294,137.288,137.293,0.03880531705925705,27.590822466953874,0.006000000000000227,0.0010000000000047748,0.0049999999999954525,0.0071262560273425025,-0.006989364557483668,-0.004976771169295756,-0.0020125933881879124
10:24:05,137.292,137.292,137.287,137.289,0.03286911845270879,29.502100079414976,0.0049999999999954525,0.0030000000000143245,0.001999999999981128,0.0069760885570302,-0.007570039616012991,-0.005495424858639203,-0.0020746147573737885
10:24:10,137.289,137.295,137.287,137.295,0.032199378883660756,30.640923026470233,0.007999999999981355,0.0,0.007999999999981355,0.00711261008275702,-0.007460083726044786,-0.00588835663212032,-0.0015717270939244665
10:24:15,137.296,137.311,137.296,137.308,0.03210181172897819,31.67385996612023,0.01500000000001478,0.0030000000000143245,0.012000000000000455,0.008297595405058693,-0.006251883712820927,-0.005961062048260441,-0.00029082166456048577
10:24:20,137.307,137.31,137.302,137.302,0.03143916431974958,32.53189870836528,0.008000000000009777,0.008000000000009777,0.0,0.008257916017718837,-0.00571267420147592,-0.005911384478903537,0.00019871027742761685
10:24:25,137.301,137.304,137.297,137.297,0.030942391301209682,31.59062295913518,0.007000000000005002,0.007000000000005002,0.0,0.00809019388202366,-0.0056239753056672726,-0.005853902644256285,0.0002299273385890123
10:24:30,137.297,137.298,137.296,137.296,0.03052591652084402,29.837849878252456,0.0020000000000095497,0.0020000000000095497,0.0,0.007278168031088445,-0.005570163061861422,-0.005797154727777313,0.00022699166591589118
10:24:35,137.296,137.296,137.29,137.29,0.0318972033168734,28.76183188067277,0.006000000000000227,0.006000000000000227,0.0,0.00710774562694335,-0.005943157308905711,-0.005826355244002993,-0.0001168020649027178
10:24:40,137.29,137.29,137.276,137.276,0.03722138604933889,28.89880458296014,0.013999999999981583,0.013999999999981583,0.0,0.008026712876681781,-0.007284470097204121,-0.006117978214643219,-0.0011664918825609024
10:24:45,137.276,137.276,137.266,137.266,0.04643909424362391,32.36637691328328,0.010000000000019327,0.010000000000019327,0.0,0.00828981782646012,-0.009050063078433368,-0.006704395187401249,-0.002345667891032119
10:24:50,137.266,137.275,137.265,137.265,0.052725306023035046,35.373887891807996,0.010000000000019327,0.010000000000019327,0.0,0.008517842116268015,-0.01040999988049407,-0.007445516126019814,-0.002964483754474256
10:24:55,137.265,137.269,137.261,137.261,0.059224461522148886,38.16363194426716,0.008000000000009777,0.008000000000009777,0.0,0.008448796500766917,-0.011675933273778583,-0.008291599555571568,-0.0033843337182070145
10:25:00,137.263,137.275,137.263,137.275,0.059677731017757196,38.646843427703125,0.012000000000000455,0.0,0.012000000000000455,0.009188956967332663,-0.011417893245436517,-0.008916858293544558,-0.0025010349518919586
10:25:05,137.276,137.278,137.275,137.278,0.05908210166643357,37.302136644449085,0.002999999999985903,0.0,0.002999999999985903,0.008363762705019763,-0.010846290451212326,-0.009302744725078112,-0.0015435457261342139
10:25:10,137.278,137.284,137.278,137.284,0.05813812953425668,34.17033553522329,0.006000000000000227,0.0,0.006000000000000227,0.008048594344350492,-0.009796216575949757,-0.00940143909525244,-0.00039477748069731596
10:25:15,137.284,137.284,137.281,137.284,0.05507927301869131,30.87003890339385,0.002999999999985903,0.0,0.002999999999985903,0.007375448431768547,-0.008861871328065263,-0.009293525541815006,0.00043165421374974366
10:25:20,137.287,137.287,137.278,137.278,0.05421982547153448,29.153251575497134,0.009000000000014552,0.009000000000014552,0.0,0.007592055307534681,-0.008507476944942027,-0.00913631582244041,0.0006288388774983826
10:25:25,137.278,137.278,137.27,137.272,0.052070802005857786,29.160373676941862,0.007999999999981355,0.006000000000000227,0.001999999999981128,0.007646447933194238,-0.008611498702379095,-0.009031352398428148,0.000419853696049053
10:25:30,137.272,137.278,137.272,137.277,0.051382569238285214,29.342393975791538,0.006000000000000227,0.0010000000000047748,0.0049999999999954525,0.007426921542101703,-0.008196000094073952,-0.008864281937557308,0.0006682818434833558
10:25:35,137.277,137.281,137.276,137.276,0.05148571595935891,30.044989455515964,0.0049999999999954525,0.0049999999999954525,0.0,0.007103332003154204,-0.007856837365693536,-0.008662793023184553,0.000805955657491017
10:25:40,137.276,137.277,137.275,137.276,0.05097574242978453,31.272750431435416,0.001999999999981128,0.0009999999999763531,0.0010000000000047748,0.006422887736064461,-0.0075015749731903725,-0.008430549413185717,0.0009289744399953448
10:25:45,137.276,137.28,137.273,137.28,0.05060642772207302,30.27956119680396,0.007000000000005002,0.0,0.007000000000005002,0.0064998360379231995,-0.006818659138929206,-0.008108171358334415,0.0012895122194052089
10:25:50,137.28,137.289,137.28,137.289,0.049562294671545715,28.75374616123383,0.00899999999998613,0.0,0.00899999999998613,0.006833191232864923,-0.005487956885417589,-0.0075841284637510505,0.002096171578333462
10:25:55,137.289,137.289,137.279,137.279,0.04283579418699901,26.048373076041294,0.009999999999990905,0.009999999999990905,0.0,0.007255432401815054,-0.005180563873295796,-0.00710341554566,0.001922851672364204
10:26:00,137.277,137.278,137.273,137.278,0.03752949717716092,21.931739699877642,0.0049999999999954525,0.0,0.0049999999999954525,0.007088041414906411,-0.004960463207112298,-0.00667482507795046,0.0017143618708381622
10:26:05,137.278,137.282,137.278,137.28,0.03346640106843779,18.085861872728902,0.004000000000019099,0.0020000000000095497,0.0020000000000095497,0.0066763025595881036,-0.00457194601045785,-0.0062542492644519386,0.0016823032539940884
10:26:10,137.28,137.29,137.279,137.29,0.031095100315496893,17.566471430158753,0.01099999999999568,0.0,0.01099999999999568,0.007252795551642447,-0.003417729448869977,-0.0056869453013355465,0.0022692158524655693
10:26:15,137.29,137.29,137.285,137.285,0.029720806117325083,17.8605385239756,0.0049999999999954525,0.0049999999999954525,0.0,0.006952422811422849,-0.0028733406390983873,-0.005124224368888115,0.0022508837297897273
10:26:20,137.285,137.285,137.282,137.282,0.029957865155665786,18.605022401446693,0.002999999999985903,0.002999999999985903,0.0,0.006425433103231256,-0.00265339680646548,-0.004630058856403588,0.001976662049938108
10:26:25,137.282,137.282,137.275,137.275,0.02800300736578265,18.639866940125387,0.007000000000005002,0.007000000000005002,0.0,0.006502042022801089,-0.0030092425580221516,-0.004305895596727301,0.0012966530387051494
10:26:30,137.275,137.275,137.274,137.274,0.025473205746436633,18.90634425980482,0.0010000000000047748,0.0010000000000047748,0.0,0.005768436419761581,-0.003333517804321673,-0.0041114200382461755,0.0007779022339245026
10:26:35,137.274,137.28,137.274,137.278,0.01935812084320787,17.275006016560887,0.006000000000000227,0.0020000000000095497,0.003999999999990678,0.0057993115637934006,-0.0032305024809886618,-0.003935236526794673,0.0007047340458060112
10:26:40,137.277,137.277,137.271,137.275,0.01935812084320787,15.38219910483458,0.006000000000000227,0.001999999999981128,0.004000000000019099,0.005959403355288282,-0.0033522938660723867,-0.003818647994650216,0.00046635412857782936
10:26:45,137.277,137.279,137.276,137.279,0.019313480442178843,14.514847116137858,0.002999999999985903,0.0,0.002999999999985903,0.0056981495745819346,-0.0030904233687181204,-0.003673003069463797,0.0005825797007456765
10:26:50,137.279,137.279,137.274,137.277,0.01896700737847823,13.431413485970586,0.0049999999999954525,0.0020000000000095497,0.002999999999985903,0.005605062964637071,-0.0030095798352647307,-0.0035403184226239837,0.000530738587359253
10:26:55,137.277,137.277,137.274,137.274,0.018944795159370642,13.392021230244126,0.002999999999985903,0.002999999999985903,0.0,0.005257721236016915,-0.003151259917757443,-0.0034625067216506756,0.00031124680389323263
10:27:00,137.275,137.279,137.275,137.275,0.019226078792542012,11.914623582712355,0.003999999999990678,0.003999999999990678,0.0,0.005223358404547387,-0.0031465789576827774,-0.003399321168857096,0.00025274221117431873
10:27:05,137.275,137.275,137.27,137.27,0.019872223419440616,11.589981476645535,0.0049999999999954525,0.0049999999999954525,0.0,0.005193577283940463,-0.003505913488055512,-0.0034206396326967796,-8.527385535873249e-05
10:27:10,137.27,137.272,137.267,137.269,0.02157874198690024,13.372532855326387,0.0049999999999954525,0.002999999999985903,0.0020000000000095497,0.005167766979414462,-0.0038272620404598,-0.003501964114249384,-0.0003252979262104161
10:27:15,137.269,137.269,137.255,137.255,0.029848741495982267,16.51877110467922,0.014000000000010004,0.014000000000010004,0.0,0.006345398048827201,-0.005152224444287867,-0.0038320161802570807,-0.0013202082640307866
10:27:20,137.255,137.255,137.249,137.251,0.0378556816349942,18.72639143931266,0.006000000000000227,0.003999999999990678,0.0020000000000095497,0.006299344975650271,-0.00645067391232601,-0.004355747726670867,-0.0020949261856551436
10:27:25,137.251,137.252,137.244,137.244,0.047033694534036385,21.32030510707535,0.008000000000009777,0.008000000000009777,0.0,0.006526098978898205,-0.00795287023157698,-0.00507517222765209,-0.0028776980039248905
10:27:30,137.244,137.249,137.244,137.248,0.05017695004931966,24.91406088021588,0.0049999999999954525,0.0010000000000047748,0.003999999999990678,0.006322619115044505,-0.00872008535088753,-0.005804154852299178,-0.0029159304985883518
10:27:35,137.248,137.25,137.248,137.248,0.05399844052755043,28.76713784346386,0.0020000000000095497,0.0020000000000095497,0.0,0.005746269899706512,-0.009221805625543311,-0.006487685006948005,-0.0027341206185953065
10:27:40,137.249,137.253,137.249,137.253,0.05562127575171871,31.060297915284032,0.003999999999990678,0.0,0.003999999999990678,0.005646767246411704,-0.009110939109945093,-0.007012335827547423,-0.0020986032823976705
10:27:45,137.253,137.258,137.253,137.257,0.05562998056171864,31.780677227491598,0.005000000000023874,0.0010000000000047748,0.004000000000019099,0.005560531613559994,-0.008601161194746965,-0.007330100900987332,-0.001271060293759633
10:27:50,137.259,137.262,137.252,137.256,0.0525056387992322,31.561892302122942,0.009999999999990905,0.006000000000000227,0.003999999999990678,0.006152460731750783,-0.008183515692024912,-0.0075007838591948485,-0.0006827318328300634
10:27:55,137.255,137.255,137.251,137.251,0.05106816909955114,31.613972508071864,0.003999999999990678,0.003999999999990678,0.0,0.005998799300850072,-0.008161901515336467,-0.007633007390423173,-0.0005288941249132944
10:28:00,137.247,137.247,137.241,137.246,0.05085997289171473,33.776744861209515,0.006000000000000227,0.0010000000000047748,0.0049999999999954525,0.006532292727402183,-0.008450814607499524,-0.007796568833838443,-0.0006542457736610809
10:28:05,137.246,137.254,137.246,137.254,0.05006269753670267,33.996299892075776,0.007999999999981355,0.0,0.007999999999981355,0.0067279870304127395,-0.007942688801023223,-0.007825792827275399,-0.00011689597374782423
10:28:10,137.254,137.255,137.251,137.253,0.04923456210531185,33.87118946150496,0.003999999999990678,0.0020000000000095497,0.001999999999981128,0.006364255426356465,-0.0075338416443457845,-0.007767402590689477,0.0002335609463436925
10:28:15,137.249,137.25,137.245,137.245,0.04827988575851805,34.17754908185536,0.0049999999999954525,0.0049999999999954525,0.0,0.006582354702839783,-0.0077658406908938105,-0.0077670902107303446,1.2495198365341034e-06
10:28:20,137.245,137.245,137.241,137.241,0.04836875895176718,34.40501918513697,0.003999999999990678,0.003999999999990678,0.0,0.006238040742459903,-0.008178195035725366,-0.007849311175729349,-0.0003288838599960174
10:28:25,137.242,137.252,137.242,137.252,0.04399952153335107,30.836928150167758,0.010000000000019327,0.0,0.010000000000019327,0.006872968643464673,-0.007530572997808349,-0.007785563540145149,0.0002549905423367997
10:28:30,137.263,137.272,137.261,137.271,0.04185740204184185,28.952737173249684,0.01099999999999568,0.0010000000000047748,0.009999999999990905,0.008623239491000292,-0.005421688802840663,-0.007312788592684251,0.0018910997898435884
10:28:35,137.271,137.274,137.268,137.27,0.040511986535591404,26.880257855632184,0.006000000000000227,0.003999999999990678,0.0020000000000095497,0.008273474225533617,-0.003787415558349494,-0.0066077139858173005,0.0028202984274678065
10:28:40,137.271,137.271,137.27,137.271,0.039016865454584604,25.3366956103568,0.0009999999999763531,0.0,0.0009999999999763531,0.007303677662125982,-0.002384068537054418,-0.005762984896064725,0.0033789163590103068
10:28:45,137.26,137.269,137.26,137.269,0.03870754041059854,21.78381248784296,0.009000000000014552,0.0,0.009000000000014552,0.007796520640508608,-0.001416955417397503,-0.00489377900033128,0.003476823582933777
10:28:50,137.269,137.274,137.269,137.274,0.04042875475391838,20.3056573849173,0.0049999999999954525,0.0,0.0049999999999954525,0.007423651221773521,-0.0002442376693068127,-0.003963870734126387,0.003719633064819574
10:28:55,137.275,137.276,137.275,137.276,0.044400094836362314,20.967691373591247,0.0010000000000047748,0.0,0.0010000000000047748,0.006700497725538325,0.0008368857819789355,-0.0030037194309053225,0.003840605212884258
10:29:00,137.275,137.28,137.275,137.28,0.048739479300991206,23.391890768801854,0.0049999999999954525,0.0,0.0049999999999954525,0.0064737646954659426,0.0019934709841891163,-0.002004281347886435,0.003997752332075551
10:29:05,137.283,137.283,137.281,137.281,0.05100423099480622,25.932076590461413,0.001999999999981128,0.001999999999981128,0.0,0.006010596069401937,0.002956681943373951,-0.0010120886896343578,0.003968770633008309
10:29:10,137.282,137.301,137.282,137.301,0.061606219785119265,27.918371094355543,0.018999999999977035,0.0,0.018999999999977035,0.007875849926812587,0.005273081618582864,0.0002449453720090865,0.005028136246573778
10:29:15,137.301,137.304,137.3,137.303,0.06983408909997024,32.0266344981031,0.003999999999990678,0.0010000000000047748,0.002999999999985903,0.007359069936569667,0.0071873767302861324,0.001633431643664496,0.005553945086621636
10:29:20,137.303,137.305,137.303,137.305,0.07727571961834201,36.44479127309406,0.0020000000000095497,0.0,0.0020000000000095497,0.006644527278361651,0.00876481732512957,0.0030597087799575113,0.005705108545172059
10:29:25,137.31,137.31,137.306,137.306,0.08367229309635604,39.91801128861062,0.003999999999990678,0.003999999999990678,0.0,0.006425256974579492,0.009980591952739815,0.0044438854145139725,0.005536706538225842
10:29:30,137.306,137.311,137.304,137.311,0.09000584776561027,42.0337102572609,0.007000000000005002,0.0,0.007000000000005002,0.0065018893779695604,0.011218243390857197,0.005798757009782617,0.005419486381074579
10:29:35,137.313,137.315,137.312,137.315,0.09490249844418486,46.32928379612748,0.002999999999985903,0.0,0.002999999999985903,0.006168304127572377,0.012379158410539048,0.007114837289933904,0.0052643211206051446
10:29:40,137.315,137.325,137.313,137.325,0.09990542896792931,48.978241518440946,0.012000000000000455,0.0,0.012000000000000455,0.0069458635772294535,0.013945354982581648,0.008480940828463453,0.005464414154118195
10:29:45,137.325,137.327,137.324,137.324,0.10401032337625793,51.529734870920095,0.002999999999985903,0.002999999999985903,0.0,0.006419748433596981,0.014933738564849364,0.009771500375740635,0.005162238189108728
10:29:50,137.322,137.322,137.317,137.321,0.1049148025298905,51.33063015399413,0.0049999999999954525,0.0010000000000047748,0.003999999999990678,0.00649711530911805,0.015298611872168522,0.010876922675026213,0.004421689197142309
10:29:55,137.321,137.326,137.321,137.326,0.10256417759978831,54.01062957538202,0.0049999999999954525,0.0,0.0049999999999954525,0.006297499934568371,0.015808998516092743,0.01186333784323952,0.003945660672853223
10:30:00,137.326,137.327,137.324,137.325,0.0952700317401991,56.049318719809186,0.002999999999985903,0.0020000000000095497,0.0009999999999763531,0.005857833276624043,0.015948942484811823,0.01268045877155398,0.0032684837132578425
10:30:05,137.325,137.329,137.325,137.327,0.09003835440279317,58.02094420941237,0.004000000000019099,0.0020000000000095497,0.0020000000000095497,0.005610122173076717,0.01603637502458355,0.013351642022159896,0.002684733002423653
10:30:10,137.325,137.331,137.325,137.327,0.08927568184464008,59.653116845170565,0.006000000000000227,0.003999999999990678,0.0020000000000095497,0.005662105883333185,0.01592212558963979,0.013865738735655875,0.002056386853983915
10:30:15,137.327,137.327,137.322,137.324,0.08605970999605006,59.70026407241895,0.0049999999999954525,0.002999999999985903,0.0020000000000095497,0.005573825098888155,0.01541184896009895,0.01417496078054449,0.00123688817955446
10:30:20,137.326,137.327,137.325,137.325,0.08177890604599725,58.16530631906174,0.0020000000000095497,0.0020000000000095497,0.0,0.0052306484190345216,0.01491619805133837,0.014323208234703266,0.0005929898166351037
10:30:25,137.329,137.335,137.329,137.333,0.07643063591029886,57.602746327520144,0.006000000000000227,0.0020000000000095497,0.003999999999990678,0.0058665619631658285,0.014996059042488241,0.014457778396260262,0.0005382806462279795
10:30:30,137.333,137.333,137.33,137.33,0.07009016749395869,57.43673213160837,0.002999999999985903,0.002999999999985903,0.0,0.005484353701408506,0.014648416696047661,0.014495906056217743,0.000152510639829918
10:30:35,137.33,137.331,137.323,137.324,0.0611920187465671,54.0620974429482,0.007999999999981355,0.0069999999999765805,0.0010000000000047748,0.005819773207884886,0.013730481334079059,0.014342821111790008,-0.0006123397777109494
10:30:40,137.324,137.326,137.318,137.318,0.05116701240325483,49.86290207775357,0.007999999999981355,0.007999999999981355,0.0,0.006110470113497748,0.012376196006783857,0.01394949609078878,-0.0015733000840049225
10:30:45,137.318,137.325,137.318,137.325,0.038187901092555876,45.34841124098222,0.0069999999999765805,0.0,0.0069999999999765805,0.0062290740983615926,0.011732511536592938,0.013506099179949611,-0.0017735876433566736
10:30:50,137.325,137.326,137.322,137.322,0.03388152734328287,40.5276261727124,0.003999999999990678,0.003999999999990678,0.0,0.005931864218578805,0.010855180267498099,0.01297591539745931,-0.0021207351299612105
10:30:55,137.322,137.325,137.322,137.325,0.029590894765192388,35.60630048184707,0.002999999999985903,0.0,0.002999999999985903,0.0055409489894330845,0.01028342294534923,0.012437416907037294,-0.002153993961688064
10:31:00,137.325,137.331,137.325,137.33,0.025769014448258076,34.62870922612567,0.006000000000000227,0.0009999999999763531,0.005000000000023874,0.005602155790842037,0.010117135323213233,0.011973360590272483,-0.0018562252670592493
10:31:05,137.329,137.329,137.32,137.32,0.020407428996918497,31.387372962476494,0.009000000000014552,0.009000000000014552,0.0,0.006188535018732342,0.009073837211019509,0.01139345591442189,-0.0023196187034023805
10:31:10,137.317,137.319,137.315,137.319,0.017161769027609353,28.78931813917225,0.003999999999990678,0.0,0.003999999999990678,0.006030063682900757,0.008073260773130642,0.010729416886163641,-0.0026561561130329994
10:31:15,137.319,137.324,137.317,137.324,0.014802560246153007,25.284991145953978,0.007000000000005002,0.0,0.007000000000005002,0.006159388525181324,0.0075961907916450855,0.010102771667259931,-0.002506580875614846
10:31:20,137.324,137.326,137.321,137.324,0.01481251250402238,22.068489293411695,0.0049999999999954525,0.001999999999981128,0.0030000000000143245,0.006004803388489875,0.007135851737274379,0.009509387681262822,-0.0023735359439884425
10:31:25,137.327,137.329,137.325,137.329,0.015294994033069997,20.761899526753353,0.004000000000019099,0.0,0.004000000000019099,0.005870829603357286,0.007092727387146169,0.009026055622439492,-0.0019333282352933228
10:31:30,137.329,137.331,137.325,137.325,0.014848001827203916,19.906317760880366,0.006000000000000227,0.006000000000000227,0.0,0.005888052322909678,0.006659023381928364,0.008552649174337266,-0.0018936257924089019
10:31:35,137.325,137.326,137.322,137.322,0.015073154957292445,16.760248730007497,0.003999999999990678,0.003999999999990678,0.0,0.005636312013187145,0.006004024250955808,0.008042924189660974,-0.002038899938705166
10:31:40,137.322,137.323,137.315,137.315,0.017479009978899285,13.318927216168303,0.008000000000009777,0.008000000000009777,0.0,0.005951470411430163,0.004864021806440633,0.0074071437130169065,-0.002543121906576274
10:31:45,137.312,137.312,137.305,137.305,0.02442087115036884,14.544275370087819,0.007000000000005002,0.007000000000005002,0.0,0.006491274356571595,0.003117706252425023,0.00654925622089853,-0.003431549968473507
10:31:50,137.305,137.308,137.304,137.307,0.028138005771552344,17.400566109405485,0.003999999999990678,0.0010000000000047748,0.002999999999985903,0.006159104442360806,0.001873525049120417,0.005614109986542908,-0.003740584937422491
10:31:55,137.307,137.313,137.306,137.311,0.02982828047623798,18.65339321608393,0.0069999999999765805,0.001999999999981128,0.0049999999999954525,0.00627122385004291,0.0011964768123391423,0.004730583351702155,-0.003534106539363013
10:32:00,137.311,137.311,137.309,137.309,0.031689945281812015,20.275014955215624,0.0020000000000095497,0.0020000000000095497,0.0,0.005701727336705128,0.0004928466916567231,0.0038830360196930687,-0.0033901893280363455
10:32:05,137.309,137.309,137.302,137.302,0.0337445512228669,23.122046200502535,0.007000000000005002,0.007000000000005002,0.0,0.005874830358478446,-0.0006224515133510522,0.0029819385130842443,-0.0036043900264352965
10:32:10,137.303,137.303,137.297,137.297,0.03761914406783262,24.886193926710707,0.006000000000000227,0.006000000000000227,0.0,0.005891519644014683,-0.00188802758265183,0.00200794529393703,-0.00389597287658886
10:32:15,137.297,137.3,137.297,137.297,0.04134781863245962,28.494621548456205,0.0030000000000143245,0.0030000000000143245,0.0,0.005505983691481303,-0.002858059801269519,0.00103474427489572,-0.003892804076165239
10:32:20,137.297,137.304,137.296,137.304,0.0427359087318564,29.69233395704066,0.008000000000009777,0.0,0.008000000000009777,0.005838519199285099,-0.003027081513266694,0.0002223791172632373,-0.0032494606305299312
10:32:25,137.303,137.307,137.303,137.307,0.04243335332131437,30.49380210364995,0.003999999999990678,0.0,0.003999999999990678,0.0055933833060458436,-0.0028856930367453515,-0.0003992353135384804,-0.002486457723206871
10:32:30,137.305,137.315,137.305,137.312,0.04192424245792381,30.592941572938035,0.009999999999990905,0.002999999999985903,0.007000000000005002,0.006180932198571852,-0.0023431727997547114,-0.0007880228107817267,-0.0015551499889729847
10:32:35,137.312,137.313,137.303,137.303,0.041769291167383926,29.400068211725884,0.009999999999990905,0.009999999999990905,0.0,0.006690141238761059,-0.0026093672260287804,-0.0011522916938311375,-0.001457075532197643
10:32:40,137.303,137.303,137.297,137.297,0.04094617777161602,28.39006138241583,0.006000000000000227,0.006000000000000227,0.0,0.006598122406926282,-0.0032668202127013046,-0.001575197397605171,-0.0016916228150961336
10:32:45,137.296,137.296,137.282,137.282,0.04779737936451056,30.71283358263417,0.013999999999981583,0.013999999999981583,0.0,0.007718372752667626,-0.004941271182758555,-0.0022484121546358484,-0.002692859028122707
10:32:50,137.281,137.287,137.281,137.284,0.05203399698797284,32.976755442187695,0.006000000000000227,0.0030000000000143245,0.002999999999985903,0.007489256385645307,-0.006037308026151322,-0.003006191328938943,-0.0030311166972123793
10:32:55,137.284,137.287,137.281,137.287,0.052850932376657056,33.474916239931886,0.006000000000000227,0.0,0.006000000000000227,0.007290688867559297,-0.006587908880362647,-0.003722534839223684,-0.0028653740411389633
10:33:00,137.287,137.287,137.273,137.273,0.057650854747294034,34.67896963035145,0.014000000000010004,0.014000000000010004,0.0,0.008185263685219392,-0.00806102454814095,-0.004590232781007137,-0.003470791767133812
10:33:05,137.273,137.274,137.27,137.271,0.059279889200638536,37.74566338003628,0.003999999999990678,0.0030000000000143245,0.0009999999999763531,0.0076272285271888965,-0.00928285563199438,-0.005528757351204586,-0.003754098280789794
10:33:10,137.271,137.276,137.269,137.276,0.05842097677043512,39.40431559428451,0.007000000000005002,0.0,0.007000000000005002,0.007543598056897711,-0.009735482770281578,-0.006370102435019984,-0.003365380335261594
10:33:15,137.275,137.28,137.275,137.278,0.05645342747959603,38.45003315510295,0.0049999999999954525,0.0020000000000095497,0.002999999999985903,0.007204451649310744,-0.009819615339949905,-0.0070600050160059685,-0.002759610323943937
10:33:20,137.278,137.281,137.277,137.277,0.055826422724408076,36.51984855575075,0.004000000000019099,0.004000000000019099,0.0,0.006777191429405192,-0.009853398802334823,-0.007618683773271739,-0.0022347150290630835
10:33:25,137.277,137.279,137.277,137.277,0.05676878312391409,34.58966395639853,0.0020000000000095497,0.0020000000000095497,0.0,0.00614023257215244,-0.009767577881945044,-0.008048462595006401,-0.0017191152869386432
10:33:30,137.277,137.282,137.276,137.282,0.05580567788985036,33.185818816770755,0.006000000000000227,0.0,0.006000000000000227,0.006121534895865479,-0.009190167441403219,-0.008276803564285765,-0.0009133638771174537
10:33:35,137.282,137.285,137.282,137.284,0.05293054038838818,32.14288116018029,0.002999999999985903,0.0010000000000047748,0.001999999999981128,0.005705330243081536,-0.008473504931657772,-0.008316143837760167,-0.00015736109389760493
10:33:40,137.283,137.289,137.281,137.282,0.050185340704274495,32.42468975696934,0.007999999999981355,0.0069999999999765805,0.0010000000000047748,0.0060112862106681784,-0.007974997211135815,-0.008247914512435296,0.00027291730129948115
10:33:45,137.282,137.283,137.279,137.279,0.04922087704824207,32.55849191030779,0.003999999999990678,0.003999999999990678,0.0,0.005743114715911179,-0.007732861564448967,-0.00814490392283803,0.00041204235838906283
10:33:50,137.279,137.282,137.278,137.282,0.048594563271080915,31.697175526066406,0.004000000000019099,0.0,0.004000000000019099,0.005510699420458902,-0.007215714131120876,-0.0079590659644946,0.0007433518333737239
10:33:55,137.279,137.283,137.279,137.281,0.047840084497977386,28.99932304707814,0.003999999999990678,0.001999999999981128,0.0020000000000095497,0.00530927283106314,-0.0068080833599424295,-0.007728869443584166,0.0009207860836417366
10:34:00,137.281,137.285,137.281,137.283,0.04473595046187029,26.894978210724478,0.003999999999990678,0.0020000000000095497,0.001999999999981128,0.005134703120253478,-0.00625158536703907,-0.0074334126282751475,0.0011818272612360778
10:34:05,137.283,137.286,137.281,137.283,0.03958255863312843,25.13016588299797,0.0049999999999954525,0.0030000000000143245,0.001999999999981128,0.005116742704219075,-0.005744339527922193,-0.007095598008204557,0.0013512584802823635
10:34:10,137.284,137.286,137.282,137.286,0.029430381733902777,22.51985545945558,0.003999999999990678,0.0,0.003999999999990678,0.004967843676988623,-0.005042145898670469,-0.00668490758629774,0.0016427616876272706
10:34:15,137.288,137.293,137.287,137.292,0.024091055351561863,21.59057465963884,0.006000000000000227,0.0010000000000047748,0.0049999999999954525,0.005238797853390808,-0.003955901364093961,-0.006139106341856985,0.0021832049777630235
10:34:20,137.293,137.3,137.291,137.3,0.025775549420927746,22.435390658921587,0.009000000000014552,0.0,0.009000000000014552,0.0057402914729406404,-0.0024215969411045535,-0.005395604461706499,0.002974007520601945
10:34:25,137.3,137.302,137.297,137.299,0.02995013400465041,24.890545117824814,0.0049999999999954525,0.002999999999985903,0.0020000000000095497,0.005641585943214616,-0.0012716821146341317,-0.004570819992292026,0.003299137877657894
10:34:30,137.298,137.302,137.298,137.302,0.034533888779890276,27.682431817896482,0.003999999999990678,0.0,0.003999999999990678,0.005422707817451425,-0.00011694335188394689,-0.00368004466421041,0.0035631013123264632
10:34:35,137.305,137.31,137.304,137.304,0.03896503156397557,31.216349949373118,0.006000000000000227,0.006000000000000227,0.0,0.005766346775125872,0.000948643352273848,-0.0027543070609135586,0.0037029504131874066
10:34:40,137.304,137.317,137.304,137.315,0.04596153999227681,36.275219731361865,0.01300000000000523,0.0020000000000095497,0.01099999999999568,0.006730833871776453,0.002650186857238168,-0.0016734082772832132,0.004323595134521381
10:34:45,137.315,137.315,137.307,137.312,0.04875027665809739,41.94946628692973,0.008000000000009777,0.002999999999985903,0.005000000000023874,0.006900056022207564,0.003713787188956985,-0.0005959691840351736,0.0043097563729921585
10:34:50,137.31,137.31,137.305,137.309,0.05041762432580299,45.315209272789694,0.0049999999999954525,0.0010000000000047748,0.003999999999990678,0.006913381885913889,0.004265453691715493,0.0003763153911149597,0.003889138300600533
10:34:55,137.311,137.317,137.311,137.317,0.05429122251939589,50.07071807809134,0.006000000000000227,0.0,0.006000000000000227,0.007058264301126674,0.0052872385164732805,0.001358500016186624,0.003928738500286657
******
07:51:35,135.636,135.637,135.634,135.635,0.03831393864817301,33.124317456025665,0.0030000000000143245,0.0020000000000095497,0.0010000000000047748,0.005694754211993323,0.005965696135575627,0.0043655372380191244,0.0016001588975565022
07:51:40,135.635,135.64,135.635,135.639,0.04063496031744762,34.13092287546012,0.0049999999999954525,0.0009999999999763531,0.004000000000019099,0.005602120317060274,0.006642706032920387,0.004820970996999377,0.0018217350359210098
07:51:45,135.639,135.641,135.633,135.641,0.039352656567871236,35.341318124908064,0.007999999999981355,0.0,0.007999999999981355,0.0059218376081164184,0.0072569706985632365,0.005308170937312149,0.0019487997612510875
07:51:50,135.641,135.651,135.638,135.651,0.042162093226806974,39.781293447828666,0.01300000000000523,0.0,0.01300000000000523,0.006865592593701593,0.008453252465642436,0.005937187242978206,0.0025160652226642296
07:51:55,135.651,135.653,135.65,135.653,0.04811565015126007,44.64518419863486,0.002999999999985903,0.0,0.002999999999985903,0.006350180247872835,0.009453721058491737,0.006640494006080913,0.0028132270524108246
07:52:00,135.652,135.652,135.647,135.648,0.05051982414443046,44.53057496524651,0.0049999999999954525,0.003999999999990678,0.0010000000000047748,0.006303489548156488,0.009730968861333622,0.007258588977131455,0.0024723798842021675
07:52:05,135.647,135.652,135.645,135.652,0.05386102975552376,44.05771071606073,0.0069999999999765805,0.0,0.0069999999999765805,0.006396357608399167,0.010156379887945377,0.00783814715929424,0.0023182327286511376
07:52:10,135.652,135.652,135.643,135.643,0.05357572113132392,42.49289759932445,0.00899999999998613,0.00899999999998613,0.0,0.006743509927277428,0.009655988186409559,0.008201715364717303,0.0014542728216922554
07:52:15,135.643,135.648,135.643,135.646,0.052777985841430564,40.92808448258814,0.0049999999999954525,0.0020000000000095497,0.002999999999985903,0.006511041936973165,0.009393219893922833,0.00844001627055841,0.0009532036233644223
07:52:20,135.646,135.646,135.639,135.64,0.04846094466580553,40.5056999835998,0.0069999999999765805,0.006000000000000227,0.0009999999999763531,0.00657623634537362,0.008601669580514226,0.008472346932549574,0.00012932264796465184
07:52:25,135.64,135.644,135.64,135.644,0.04553818524925646,40.50304952802123,0.004000000000019099,0.0,0.004000000000019099,0.006232738165993018,0.008202572673042141,0.008418392080648087,-0.0002158194076059463
07:52:30,135.644,135.65,135.644,135.65,0.04552570124326394,41.5744882081921,0.006000000000000227,0.0,0.006000000000000227,0.006201706410527313,0.008275045777764944,0.00838972282007146,-0.00011467704230651472
07:52:35,135.65,135.651,135.645,135.645,0.04451563888420651,41.34046598813808,0.006000000000000227,0.006000000000000227,0.0,0.0061748122224570354,0.007838663785435074,0.008279511013144182,-0.00044084722770910793
07:52:40,135.644,135.644,135.638,135.639,0.042152604964201146,37.443234487387365,0.006000000000000227,0.0049999999999954525,0.0010000000000047748,0.006284837259463431,0.0069288070816355685,0.00800937022684246,-0.0010805631452068913
07:52:45,135.639,135.639,135.636,135.637,0.04011352311687233,34.159879991347985,0.0030000000000143245,0.0020000000000095497,0.0010000000000047748,0.005846858958203551,0.005977451463763828,0.007602986474226733,-0.0016255350104629057
07:52:50,135.637,135.639,135.63,135.634,0.03509745829762778,31.917736122484815,0.009000000000014552,0.005000000000023874,0.003999999999990678,0.006267277763778351,0.0049246520313772635,0.00706731958565684,-0.0021426675542795762
07:52:55,135.634,135.637,135.633,135.637,0.030773194076857635,31.815442035757325,0.003999999999990678,0.0,0.003999999999990678,0.005964974061939995,0.0042830040198964525,0.006510456472504762,-0.0022274524526083098
07:53:00,135.64,135.64,135.638,135.638,0.02699239659034447,28.795019472692356,0.001999999999981128,0.001999999999981128,0.0,0.005569644187012783,0.003811251258525772,0.005970615429708965,-0.002159364171183193
07:53:05,135.638,135.641,135.636,135.636,0.0243690917267827,26.137032016678226,0.0049999999999954525,0.0049999999999954525,0.0,0.005493691628743806,0.003238667171871157,0.005424225778141403,-0.0021855586062702465
07:53:10,135.636,135.638,135.627,135.627,0.027434131642053217,26.59800448260139,0.01099999999999568,0.01099999999999568,0.0,0.0062278660782440565,0.0020352048000518153,0.004746421582523486,-0.0027112167824716706
07:53:15,135.627,135.632,135.626,135.63,0.028800584789507866,28.091785712744613,0.006000000000000227,0.0020000000000095497,0.003999999999990678,0.006197483934478212,0.0013084441976332073,0.004058826105545431,-0.0027503819079122234
07:53:20,135.63,135.633,135.627,135.627,0.03154679064510901,29.925143234279062,0.006000000000000227,0.006000000000000227,0.0,0.0061711527432144805,0.00048481758093998906,0.003344024400624343,-0.002859206819684354
07:53:25,135.627,135.63,135.627,135.63,0.03301737979347763,31.75850075581351,0.002999999999985903,0.0,0.002999999999985903,0.005748332377450671,7.331732479087805e-05,0.00268988298545765,-0.002616565660666772
07:53:30,135.63,135.63,135.626,135.627,0.033473320090763536,35.49902609357652,0.003999999999990678,0.002999999999985903,0.0010000000000047748,0.005515221393789339,-0.0004892349251974792,0.0020540594033266247,-0.002543294328524104
07:53:35,135.627,135.636,135.627,135.635,0.030980469229689334,35.66409593154329,0.00899999999998613,0.0010000000000047748,0.007999999999981355,0.005979858541282244,-0.0002862290250504884,0.0015860017176512022,-0.0018722307427016906
07:53:40,135.637,135.637,135.627,135.628,0.030844260747471708,33.50450265446524,0.009999999999990905,0.009000000000014552,0.0009999999999763531,0.006515877402443399,-0.0006823215075257849,0.0011323370726158048,-0.0018146585801415897
07:53:45,135.629,135.63,135.628,135.628,0.02856497671524494,31.071177125413886,0.0020000000000095497,0.0020000000000095497,0.0,0.005913760415452219,-0.0009848746319107704,0.0007088947317104898,-0.0016937693636212602
07:53:50,135.628,135.629,135.624,135.624,0.02970450967012539,32.28241157014479,0.0049999999999954525,0.0049999999999954525,0.0,0.005791925693391317,-0.001529782354651843,0.0002611593144380232,-0.0017909416690898663
07:53:55,135.623,135.623,135.62,135.622,0.03004277652047449,34.06599006959273,0.002999999999985903,0.0009999999999763531,0.0020000000000095497,0.005553002267604566,-0.0020988151020162604,-0.0002108355688528335,-0.001887979533163427
07:54:00,135.619,135.622,135.614,135.615,0.03384857922861784,35.562599847487746,0.008000000000009777,0.007000000000005002,0.0010000000000047748,0.00587926863192526,-0.003079124917178433,-0.0007844934385179535,-0.0022946314786604794
07:54:05,135.614,135.614,135.61,135.611,0.03723043463577369,36.66890513943036,0.003999999999990678,0.0030000000000143245,0.0009999999999763531,0.00576203281433462,-0.004131172494084012,-0.0014538292496311654,-0.002677343244452847
07:54:10,135.611,135.611,135.608,135.609,0.037668358912583244,39.55873648529208,0.002999999999985903,0.001999999999981128,0.0010000000000047748,0.005393761772421458,-0.0050678915644084555,-0.0021766417125866234,-0.002891249851821832
07:54:15,135.609,135.609,135.606,135.608,0.03890934132203938,42.1333302516486,0.0030000000000143245,0.0010000000000047748,0.0020000000000095497,0.005074593536100507,-0.005823806601682691,-0.002906074690405837,-0.0029177319112768537
07:54:20,135.608,135.612,135.608,135.612,0.03944616584681171,41.36436300409285,0.003999999999990678,0.0,0.003999999999990678,0.00493131439795253,-0.0060305912422506935,-0.0035309780007748083,-0.002499613241475885
07:54:25,135.612,135.614,135.602,135.614,0.03928626383770961,41.41573933265651,0.012000000000000455,0.0,0.012000000000000455,0.00587380581155892,-0.005964333154480528,-0.004017649031515953,-0.001946684122964575
07:54:30,135.614,135.619,135.614,135.618,0.0386640047482274,39.85031302014592,0.0049999999999954525,0.0010000000000047748,0.003999999999990678,0.005757298370017125,-0.0055253636195686795,-0.004319191949126499,-0.0012061716704421807
07:54:35,135.618,135.619,135.607,135.607,0.039344096059664935,39.48343098501159,0.012000000000000455,0.012000000000000455,0.0,0.006589658587348235,-0.005995967389992529,-0.004654547037299705,-0.001341420352692824
07:54:40,135.607,135.608,135.599,135.606,0.03900013495274379,39.83330563508729,0.009000000000014552,0.0020000000000095497,0.007000000000005002,0.00691103744237041,-0.006376116014791933,-0.004998860832798151,-0.001377255181993782
07:54:45,135.605,135.607,135.604,135.606,0.03831393864840038,43.73688925146894,0.002999999999985903,0.0010000000000047748,0.001999999999981128,0.00638956578338581,-0.006601290965676299,-0.0053193468593737804,-0.0012819441063025181
07:54:50,135.604,135.609,135.604,135.606,0.039305015081367856,47.17035603709498,0.0049999999999954525,0.0030000000000143245,0.001999999999981128,0.00620429034560043,-0.006702481699647933,-0.005595973827428611,-0.0011065078722193224
07:54:55,135.606,135.608,135.601,135.606,0.03907294123638394,51.02896446535855,0.007000000000005002,0.0020000000000095497,0.0049999999999954525,0.006310384966187707,-0.006705380631416347,-0.005817855188226158,-0.0008875254431901887
07:55:00,135.606,135.613,135.601,135.613,0.038033226471213766,51.58764685894132,0.012000000000000455,0.0,0.012000000000000455,0.0070690003040294064,-0.006072832721741861,-0.005868850694929299,-0.00020398202681256184
07:55:05,135.615,135.62,135.615,135.618,0.03583059557092838,48.96780482355841,0.0049999999999954525,0.0020000000000095497,0.002999999999985903,0.007059800263492819,-0.005109180282858006,-0.005716916612515041,0.0006077363296570354
07:55:10,135.617,135.622,135.617,135.618,0.03430145002334939,45.649888733187986,0.005000000000023874,0.004000000000019099,0.0010000000000047748,0.006785160228363627,-0.00429595765658064,-0.005432724821328161,0.0011367671647475206
07:55:15,135.618,135.618,135.603,135.605,0.02993607223862682,43.46058849508227,0.014999999999986358,0.01300000000000523,0.001999999999981128,0.007880472197913324,-0.004646897676934714,-0.005275559392449471,0.0006286617155147577
07:55:20,135.605,135.614,135.605,135.614,0.026754242162837727,40.717832744278155,0.009000000000014552,0.0,0.009000000000014552,0.008029742571526822,-0.004150945867507971,-0.005050636687461172,0.0008996908199532007
07:55:25,135.612,135.617,135.612,135.615,0.02285975549034447,36.85257442543508,0.0049999999999954525,0.001999999999981128,0.0030000000000143245,0.00762577689532264,-0.003635303328877626,-0.0047675700157444635,0.0011322666868668375
07:55:30,135.615,135.616,135.607,135.607,0.02049903720524071,35.63400944680637,0.009000000000014552,0.009000000000014552,0.0,0.007809006642614895,-0.0038280585669383527,-0.004579667725983241,0.0007516091590448887
07:55:35,135.609,135.609,135.594,135.594,0.023500055991519275,35.122951908152984,0.01500000000001478,0.01500000000001478,0.0,0.00876780575693488,-0.004972490066109003,-0.004658232194008394,-0.0003142578721006088
07:55:40,135.594,135.601,135.593,135.597,0.025746946676918014,36.8516696341187,0.008000000000009777,0.003999999999990678,0.004000000000019099,0.008665431656011533,-0.005573141638762991,-0.004841214082959314,-0.0007319275558036768
07:55:45,135.596,135.597,135.595,135.595,0.0286216701124431,37.14906721960727,0.0020000000000095497,0.0020000000000095497,0.0,0.007776707435211269,-0.006139770174144132,-0.005100925301196278,-0.0010388448729478543
07:55:50,135.597,135.597,135.587,135.592,0.03214375604460429,37.39358408199701,0.010000000000019327,0.0049999999999954525,0.005000000000023874,0.008073146443852344,-0.006753057258293893,-0.005431351692615802,-0.0013217055656780914
07:55:55,135.59,135.593,135.589,135.59,0.03576001883936897,37.034964523230876,0.003999999999990678,0.002999999999985903,0.0010000000000047748,0.007530060251337455,-0.007316139079108552,-0.005808309169914352,-0.0015078299091942004
07:56:00,135.59,135.6,135.59,135.6,0.0358587873694205,34.930628447999645,0.009999999999990905,0.0,0.009999999999990905,0.007859385551157916,-0.006876204447820555,-0.006021888225495593,-0.0008543162223249622
07:56:05,135.602,135.604,135.596,135.598,0.035727035318586786,31.27249661819284,0.008000000000009777,0.006000000000000227,0.0020000000000095497,0.007878134144338165,-0.006612709173197118,-0.006140052415035898,-0.0004726567581612197
07:56:10,135.598,135.6,135.594,135.594,0.03495500867688861,30.12548887771686,0.006000000000000227,0.006000000000000227,0.0,0.00762771625842644,-0.0066499968164350776,-0.006242041295315734,-0.00040795552111934363
07:56:15,135.595,135.598,135.592,135.597,0.03538599187641012,31.444395106926986,0.006000000000000227,0.0010000000000047748,0.0049999999999954525,0.007410687423969612,-0.0063641111031245146,-0.00626645525687749,-9.765584624702416e-05
07:56:20,135.597,135.598,135.587,135.587,0.03824354090659199,33.30624649747982,0.011000000000024102,0.011000000000024102,0.0,0.00788926243411021,-0.006865321884987452,-0.006386228582499483,-0.0004790933024879686
07:56:25,135.587,135.587,135.583,135.583,0.04188153719621823,34.15464342617615,0.003999999999990678,0.003999999999990678,0.0,0.00737069410956094,-0.0074988594276135245,-0.006608754751522292,-0.0008901046760912325
07:56:30,135.585,135.588,135.585,135.588,0.043305037995764906,34.91094172286842,0.002999999999985903,0.0,0.002999999999985903,0.007054601561618875,-0.007510903263806767,-0.006789184453979187,-0.0007217188098275805
07:56:35,135.588,135.588,135.576,135.581,0.04632334866568044,37.85501084906146,0.012000000000000455,0.007000000000005002,0.0049999999999954525,0.007713988020069753,-0.00799314953704311,-0.007029977470591972,-0.0009631720664511371
07:56:40,135.581,135.581,135.577,135.58,0.047493379040190575,39.70351288976257,0.003999999999990678,0.0009999999999763531,0.0030000000000143245,0.007218789617392543,-0.0083596598703366,-0.007295913950540899,-0.001063745919795701
07:56:45,135.579,135.581,135.568,135.568,0.050417624320573395,40.834135440916306,0.012999999999976808,0.012999999999976808,0.0,0.007989617668403778,-0.009508810018985514,-0.007738493164229822,-0.0017703168547556917
07:56:50,135.568,135.568,135.562,135.563,0.05334140289852485,42.29243020685113,0.006000000000000227,0.005000000000023874,0.0009999999999763531,0.007724335312616638,-0.010699639223560098,-0.008330722376095879,-0.002368916847464219
07:56:55,135.564,135.564,135.561,135.563,0.0580105253609986,44.04819794793643,0.002999999999985903,0.0010000000000047748,0.001999999999981128,0.007094423937599207,-0.0115106918570973,-0.008966716272296164,-0.002543975584801135
07:57:00,135.563,135.564,135.559,135.564,0.05804680507122839,45.066199908349724,0.0049999999999954525,0.0,0.0049999999999954525,0.006815167412585374,-0.011935183899225876,-0.009560409797682107,-0.0023747741015437696
07:57:05,135.566,135.568,135.566,135.567,0.05489741629457967,44.50372906002993,0.0020000000000095497,0.0010000000000047748,0.0010000000000047748,0.006439811757576538,-0.011892433403460245,-0.010026814518837735,-0.00186561888462251
07:57:10,135.566,135.575,135.566,135.575,0.05166042973138474,44.16347093287361,0.00899999999998613,0.0,0.00899999999998613,0.006781170189897817,-0.011085236480539606,-0.010238498911178109,-0.0008467375693614974
07:57:15,135.575,135.58,135.575,135.58,0.0508438269299063,43.82787603394108,0.005000000000023874,0.0,0.005000000000023874,0.006543680831247958,-0.009927629358799095,-0.010176325000702306,0.0002486956419032113
07:57:20,135.58,135.58,135.571,135.574,0.04969761193069644,43.7687839834556,0.009000000000014552,0.006000000000000227,0.0030000000000143245,0.00687119005375017,-0.009386169313472692,-0.010018293863256384,0.0006321245497836921
07:57:25,135.571,135.576,135.57,135.575,0.0484796213294203,43.456457209804,0.006000000000000227,0.0010000000000047748,0.0049999999999954525,0.006755031379916844,-0.008775211507980885,-0.009769677392201285,0.0009944658842204
07:57:30,135.581,135.581,135.576,135.576,0.04751110673510084,41.380830272621736,0.0049999999999954525,0.0049999999999954525,0.0,0.006654360529261296,-0.008116766372580742,-0.009439095188277177,0.001322328815696435
07:57:35,135.576,135.576,135.572,135.572,0.047094529797789164,38.98559418174227,0.003999999999990678,0.003999999999990678,0.0,0.006300445792025214,-0.007827480111245677,-0.009116772172870878,0.0012892920616252006
07:57:40,135.572,135.575,135.568,135.568,0.043803869091732395,37.85814529101208,0.0069999999999765805,0.0069999999999765805,0.0,0.006393719686418729,-0.007830717597528292,-0.008859561257802361,0.0010288436602740696
07:57:45,135.568,135.569,135.562,135.564,0.040966738755287224,36.487004853901205,0.0069999999999765805,0.0049999999999954525,0.001999999999981128,0.006474557061559776,-0.008063103461722676,-0.008700269698586425,0.0006371662368637489
07:57:50,135.563,135.568,135.562,135.566,0.03813494046471533,35.23850398509759,0.006000000000000227,0.0020000000000095497,0.003999999999990678,0.006411282786685169,-0.007993740780278813,-0.008558963914924902,0.0005652231346460895
07:57:55,135.566,135.585,135.564,135.585,0.03340280479926605,31.895654060744672,0.021000000000015007,0.0,0.021000000000015007,0.008356445081795814,-0.006332630522393856,-0.008113697236418693,0.001781066714024837
07:58:00,135.585,135.586,135.582,135.586,0.03308426243836493,28.284148041835465,0.004000000000019099,0.0,0.004000000000019099,0.007775585737558919,-0.004879252052262473,-0.007466808199587449,0.0025875561473249764
07:58:05,135.584,135.587,135.577,135.577,0.03211558074133336,23.414045199853355,0.009999999999990905,0.009999999999990905,0.0,0.008072174305883185,-0.00440290992267478,-0.006854028544204916,0.002451118621530136
07:58:10,135.578,135.578,135.571,135.572,0.02912333121548727,18.79318297899243,0.007000000000005002,0.006000000000000227,0.0010000000000047748,0.007929217731766094,-0.004378392186680458,-0.006358901272700025,0.0019805090860195674
07:58:15,135.572,135.576,135.571,135.573,0.02808708262818982,15.957942478100984,0.0049999999999954525,0.002999999999985903,0.0020000000000095497,0.007538655367530009,-0.004229514847224891,-0.005933023987604999,0.0017035091403801075
07:58:20,135.573,135.574,135.564,135.566,0.02768545124359889,16.783178783175295,0.010000000000019327,0.008000000000009777,0.0020000000000095497,0.007866834651861918,-0.004623078016066984,-0.005671034793297396,0.001047956777230412
07:58:25,135.565,135.565,135.563,135.563,0.028594441860207098,18.918418418926525,0.0020000000000095497,0.0020000000000095497,0.0,0.007217923364948906,-0.005118056817678962,-0.00556043919817371,0.00044238238049474753
07:58:30,135.564,135.568,135.564,135.568,0.02768545124359889,19.376610553623966,0.004000000000019099,0.0,0.004000000000019099,0.006922200249625569,-0.005048674889394533,-0.005458086336417875,0.0004094114470233421
07:58:35,135.568,135.569,135.557,135.557,0.02971868099416497,20.84290076169724,0.012000000000000455,0.012000000000000455,0.0,0.007599240216342221,-0.005814273949681592,-0.0055293238590706185,-0.00028495009061097355
07:58:40,135.557,135.557,135.549,135.549,0.03535742310253909,24.038799135262597,0.007999999999981355,0.007999999999981355,0.0,0.007652674854160772,-0.006986019379269237,-0.005820662963110342,-0.0011653564161588949
07:58:45,135.55,135.552,135.55,135.55,0.03982276524311601,26.763754062140077,0.001999999999981128,0.001999999999981128,0.0,0.007032318206937457,-0.007744668711495706,-0.006205464112787415,-0.001539204598708291
07:58:50,135.55,135.555,135.55,135.555,0.04160161940200169,27.563409754408926,0.0049999999999954525,0.0,0.0049999999999954525,0.006761342446011857,-0.007851933359717123,-0.006534757962173357,-0.0013171753975437656
07:58:55,135.555,135.557,135.555,135.557,0.04147339032783748,26.62889798945601,0.001999999999981128,0.0,0.001999999999981128,0.006126496786541093,-0.007686947732423732,-0.006765195916223432,-0.0009217518162003002
07:59:00,135.557,135.56,135.556,135.559,0.04170876469822815,24.72184555995886,0.003999999999990678,0.0010000000000047748,0.002999999999985903,0.005842963881667705,-0.007310540785340436,-0.006874264890046833,-0.000436275895293603
07:59:05,135.559,135.561,135.55,135.55,0.04357256500446738,25.27582320818965,0.01099999999999568,0.01099999999999568,0.0,0.006530568697444768,-0.007650272769382127,-0.007029466465913892,-0.0006208063034682347
07:59:10,135.549,135.549,135.542,135.542,0.04723023117514913,26.898046027720962,0.007000000000005002,0.007000000000005002,0.0,0.006726492871120104,-0.008467438594294663,-0.007317060891590047,-0.001150377702704616
07:59:15,135.542,135.549,135.542,135.548,0.048642628045456604,29.7141685582756,0.007000000000005002,0.0010000000000047748,0.006000000000000227,0.006762960488304758,-0.008532540723820148,-0.007560156858036068,-0.0009723838657840801
07:59:20,135.548,135.548,135.546,135.547,0.050331114160542256,32.57486623223984,0.0020000000000095497,0.0010000000000047748,0.0010000000000047748,0.006127899089865397,-0.008566081814223026,-0.0077613418492734594,-0.0008047399649495661
07:59:25,135.547,135.554,135.547,135.554,0.05073937534632478,33.03715185565547,0.007000000000005002,0.0,0.007000000000005002,0.006244179211217345,-0.00793633672191163,-0.007796340823801094,-0.000139995898110536
07:59:30,135.552,135.553,135.551,135.551,0.05131492037054386,32.61652720337826,0.0020000000000095497,0.0020000000000095497,0.0,0.005811621983056943,-0.007591820347926159,-0.0077554367286261075,0.00016361638069994824
07:59:35,135.556,135.563,135.554,135.563,0.0459432143778713,31.758874627472903,0.00899999999998613,0.0,0.00899999999998613,0.0066367390519827445,-0.0062781186834399705,-0.00745997311958888,0.00118185443614891
07:59:40,135.563,135.563,135.559,135.559,0.03849812025487154,31.823727383901733,0.003999999999990678,0.003999999999990678,0.0,0.0062851738450504695,-0.005496408049651791,-0.007067260105601463,0.0015708520559496722
07:59:45,135.559,135.562,135.559,135.561,0.03427689109526,30.66010618997205,0.0030000000000143245,0.0010000000000047748,0.0020000000000095497,0.0058471506657123175,-0.004661775410056634,-0.006586163166492498,0.0019243877564358632
07:59:50,135.562,135.564,135.56,135.563,0.03186484616389862,29.041357352787344,0.003999999999990678,0.0010000000000047748,0.002999999999985903,0.005600863910282766,-0.003795191143581178,-0.006027968761910234,0.0022327776183290564
07:59:55,135.562,135.566,135.562,135.566,0.029376682482563865,28.05527086762038,0.003999999999990678,0.0,0.003999999999990678,0.0053874153889104884,-0.002833677075614105,-0.005389110424651009,0.0025554333490369037
08:00:00,135.569,135.577,135.569,135.577,0.03372895055082381,29.94540039560632,0.008000000000009777,0.0,0.008000000000009777,0.006135760003721847,-0.0011705685941763022,-0.004545402058556068,0.0033748334643797654
08:00:05,135.577,135.581,135.577,135.58,0.039269112007957574,32.92015028865359,0.003999999999990678,0.0009999999999763531,0.0030000000000143245,0.0058509920032243585,0.000385092678698129,-0.0035593031111052285,0.003944395789803358
08:00:10,135.579,135.581,135.578,135.579,0.0427531470064082,36.86744084624509,0.002999999999985903,0.001999999999981128,0.0010000000000047748,0.005470859736125898,0.0015197550129641968,-0.0025434914862913437,0.004063246499255541
08:00:15,135.58,135.58,135.574,135.578,0.04618315938228079,37.66586792590956,0.006000000000000227,0.0020000000000095497,0.003999999999990678,0.005541411771309141,0.0023116442490618283,-0.0015724643392207097,0.003884108588282538
08:00:20,135.577,135.58,135.576,135.58,0.048566395139573615,37.23994518306596,0.004000000000019099,0.0,0.004000000000019099,0.005335890201803802,0.0030652709240541753,-0.0006449172865657328,0.0037101882106199083
08:00:25,135.58,135.582,135.577,135.582,0.05086990631440358,37.222783429312074,0.0049999999999954525,0.0,0.0049999999999954525,0.00529110484156269,0.0037803314708639846,0.00024013246492021062,0.003540199005943774
08:00:30,135.582,135.588,135.582,135.587,0.05477264011602756,37.74474678318389,0.006000000000000227,0.0010000000000047748,0.0049999999999954525,0.005385624196021028,0.004696343791351865,0.0011313747302065416,0.003564969061145323
08:00:35,135.587,135.591,135.586,135.59,0.05893939795754477,41.03364275671284,0.0049999999999954525,0.0010000000000047748,0.003999999999990678,0.005334207636550951,0.005599813913761409,0.002025062566917515,0.003574751346843894
08:00:40,135.591,135.594,135.587,135.593,0.06331874254840386,44.273526440233205,0.007000000000005002,0.0010000000000047748,0.006000000000000227,0.005556313285011492,0.006483161571907203,0.0029166823679154527,0.0035664792039917506
08:00:45,135.593,135.598,135.593,135.598,0.0666162616469137,48.15696235499913,0.005000000000023874,0.0,0.005000000000023874,0.005482138180346477,0.007500221286164788,0.00383339015156532,0.0036668311345994676
08:00:50,135.597,135.598,135.595,135.598,0.06568954094450419,52.040398269765056,0.0030000000000143245,0.0,0.0030000000000143245,0.005151186422968856,0.008211590335378105,0.004709030188327877,0.003502560147050228
08:00:55,135.597,135.597,135.581,135.581,0.06175367025127798,50.7690465822537,0.016000000000019554,0.016000000000019554,0.0,0.00673102823324292,0.007319226025401804,0.005231069355742662,0.0020881566696591414
08:01:00,135.581,135.584,135.58,135.583,0.05649816019388254,49.191636540225694,0.003999999999990678,0.0010000000000047748,0.002999999999985903,0.006366891135475955,0.006696214374841247,0.00552409835956238,0.0011721160152788675
08:01:05,135.583,135.583,135.581,135.582,0.05267537125519084,46.81836063004282,0.0020000000000095497,0.0010000000000047748,0.0010000000000047748,0.005784638984080434,0.00605201761871399,0.0056296822113927015,0.00042233540732128805
08:01:10,135.581,135.586,135.581,135.582,0.04644680035477222,43.43716854036437,0.005000000000023874,0.004000000000019099,0.0010000000000047748,0.005680020452872894,0.0054783361987347234,0.0055994130088611056,-0.00012107681012638212
08:01:15,135.582,135.585,135.582,135.585,0.04413567598635382,39.651859012699504,0.0030000000000143245,0.0,0.0030000000000143245,0.005322684392491751,0.005205755756293229,0.005520681558347531,-0.00031492580205430207
08:01:20,135.586,135.587,135.58,135.582,0.039369237256323686,35.86654948503466,0.0069999999999765805,0.0049999999999954525,0.001999999999981128,0.005546326473489728,0.00469355448936426,0.005355256144550877,-0.0006617016551866174
08:01:25,135.582,135.582,135.573,135.573,0.035409781581108746,34.68261242898615,0.00899999999998613,0.00899999999998613,0.0,0.006006816277022582,0.003520820682069825,0.004988369052054667,-0.0014675483699848422
08:01:30,135.576,135.582,135.576,135.582,0.030598245564476656,33.49867537293764,0.006000000000000227,0.0,0.006000000000000227,0.006405907440084388,0.0032798375489164755,0.004646662751427029,-0.0013668252025105538
08:01:35,135.582,135.582,135.576,135.576,0.027048494462292183,31.905977327799413,0.006000000000000227,0.006000000000000227,0.0,0.006351786448073167,0.002575023555152711,0.004232334912172166,-0.0016573113570194547
08:01:40,135.578,135.578,135.568,135.571,0.028724462342836432,31.288683159531697,0.009999999999990905,0.007000000000005002,0.002999999999985903,0.006838214921662198,0.001594613462543748,0.0037047906222464825,-0.0021101771597027345
08:01:45,135.571,135.578,135.567,135.576,0.029304930428395437,30.475812330960274,0.01099999999999568,0.0020000000000095497,0.00899999999998613,0.00739311959877333,0.0012071740627845884,0.003205267310354104,-0.0019980932475695155
08:01:50,135.575,135.575,135.573,135.574,0.030193062989269492,31.51633233000891,0.001999999999981128,0.0009999999999763531,0.0010000000000047748,0.006807370318935006,0.0007303235465769831,0.00271027855759868,-0.001979955011021697
08:01:55,135.573,135.573,135.565,135.567,0.033084262438421774,32.659863949706164,0.008000000000009777,0.006000000000000227,0.0020000000000095497,0.007099720943078945,-0.00021000461907760837,0.002126221922263422,-0.0023362265413410304
08:02:00,135.567,135.568,135.566,135.567,0.03571760586129358,33.75897278543152,0.0020000000000095497,0.0010000000000047748,0.0010000000000047748,0.006419758150669693,-0.0009443357503471361,0.0015121103877413105,-0.0024564461380884466
08:02:05,135.567,135.567,135.562,135.564,0.03896503155715436,40.18388217595274,0.0049999999999954525,0.0030000000000143245,0.001999999999981128,0.006230457063913128,-0.0017482209871104715,0.0008600441127709542,-0.0026082650998814254
08:02:10,135.564,135.567,135.559,135.567,0.04026177500247741,46.4659150816921,0.008000000000009777,0.0,0.008000000000009777,0.006466396122059348,-0.0021188066171760056,0.0002642739667815623,-0.0023830805839575677
08:02:15,135.564,135.581,135.564,135.58,0.039051383155424446,46.77614592619677,0.016999999999995907,0.0009999999999763531,0.016000000000019554,0.007870876639117556,-0.0013479685026709376,-5.8174527108937664e-05,-0.001289793975562
08:02:20,135.584,135.584,135.582,135.584,0.037126242669728526,46.32905933706811,0.0020000000000095497,0.0,0.0020000000000095497,0.00735475975390064,-0.0004095857234460709,-0.00012845676637636432,-0.0002811289570697066
08:02:25,135.584,135.586,135.584,135.586,0.03318845709344487,46.36807893935313,0.0020000000000095497,0.0,0.0020000000000095497,0.006640791786715161,0.0004898262628216798,-4.800160536755501e-06,0.0004946264233584353
08:02:30,135.586,135.588,135.583,135.583,0.02786055502582485,46.88753557421396,0.0049999999999954525,0.0049999999999954525,0.0,0.006422019548485867,0.0009495954684268781,0.00018607896525597124,0.000763516503170907
08:02:35,135.582,135.591,135.581,135.581,0.02786055502582485,47.321253425726546,0.010000000000019327,0.010000000000019327,0.0,0.0068990836086903285,0.0011394477467092656,0.0003767527215466301,0.0007626950251626355
08:02:40,135.581,135.593,135.581,135.593,0.030871550521624158,48.176866646405465,0.012000000000000455,0.0,0.012000000000000455,0.007579205794198345,0.0022324722069129166,0.0007478966186198875,0.001484575588293029
08:02:45,135.593,135.594,135.592,135.592,0.03323599823954737,49.24554277360005,0.001999999999981128,0.001999999999981128,0.0,0.006835311688302717,0.0029836170437818055,0.001195040703652271,0.0017885763401295344
08:02:50,135.592,135.594,135.582,135.582,0.03323599823954737,46.39254829430155,0.012000000000000455,0.012000000000000455,0.0,0.0075239367965290824,0.002740398701774893,0.0015041123032767955,0.0012362863984980977
08:02:55,135.578,135.578,135.569,135.576,0.03266673827465638,45.561337198599794,0.009000000000014552,0.0020000000000095497,0.007000000000005002,0.008254078556992568,0.002039980927236229,0.0016112860280686823,0.0004286948991675467
08:03:00,135.579,135.581,135.575,135.575,0.03250846043772526,41.715387426421465,0.006000000000000227,0.006000000000000227,0.0,0.007953534749393589,0.001388200836913711,0.0015666689898376882,-0.00017846815292397707
08:03:05,135.575,135.575,135.565,135.566,0.03388898283992603,38.63042054877543,0.009999999999990905,0.00899999999998613,0.0010000000000047748,0.008226396782806565,0.00014377824948041962,0.0012820908417662345,-0.0011383125922858148
08:03:10,135.566,135.566,135.563,135.563,0.0357835598833276,35.79376296766728,0.0030000000000143245,0.0030000000000143245,0.0,0.007529543878434267,-0.0010721514500460216,0.0008112423834037832,-0.001883393833449805
08:03:15,135.563,135.565,135.559,135.56,0.03859151802123506,33.18312351592615,0.006000000000000227,0.0049999999999954525,0.0010000000000047748,0.007325604694643061,-0.002251900913222471,0.00019861372407853237,-0.002450514637301003
08:03:20,135.562,135.562,135.556,135.558,0.041469836850978936,30.7536761888522,0.006000000000000227,0.004000000000019099,0.001999999999981128,0.007148857402024016,-0.0033100875192815238,-0.0005031265245934789,-0.002806960994688045
08:03:25,135.558,135.565,135.557,135.565,0.04233749116230001,33.55267165849902,0.008000000000009777,0.0,0.008000000000009777,0.007262343081755451,-0.0035430247460226383,-0.0011111061688793109,-0.0024319185771433274
08:03:30,135.566,135.576,135.566,135.573,0.042349920773176564,33.45142536228288,0.009999999999990905,0.002999999999985903,0.007000000000005002,0.007760697337520815,-0.0030469724336796844,-0.0014982794218393856,-0.0015486930118402988
08:03:35,135.574,135.574,135.565,135.568,0.04221798070443583,33.05699538653885,0.009000000000014552,0.006000000000000227,0.0030000000000143245,0.00792593769251998,-0.0030224645259124827,-0.001803116442654005,-0.0012193480832584777
08:03:40,135.567,135.567,135.56,135.563,0.042933976240419724,33.11236762398925,0.007000000000005002,0.004000000000019099,0.002999999999985903,0.007935812666851953,-0.0033676795323458464,-0.0021160290605923733,-0.001251650471753473
08:03:45,135.563,135.563,135.559,135.561,0.043598165099240305,32.66906955259923,0.003999999999990678,0.001999999999981128,0.0020000000000095497,0.007411037644603783,-0.003759313175180523,-0.0024446858835100033,-0.0013146272916705198
08:03:50,135.561,135.561,135.553,135.554,0.04674274500439424,32.789775091274166,0.008000000000009777,0.007000000000005002,0.0010000000000047748,0.007489565958657915,-0.004581712032972973,-0.0028720911134025974,-0.0017096209195703758
08:03:55,135.558,135.56,135.558,135.56,0.04768802122589477,33.042514186103446,0.0020000000000095497,0.0,0.0020000000000095497,0.007290957164170223,-0.004695195901234683,-0.0032367120709690146,-0.0014584838302656687
08:04:00,135.559,135.559,135.546,135.546,0.051681209045796095,36.659666544326726,0.01300000000000523,0.01300000000000523,0.0,0.008185496208948862,-0.005847410374656192,-0.0037588517317064503,-0.002088558642949742
08:04:05,135.546,135.547,135.538,135.538,0.056928764351027894,38.65228606690524,0.00899999999998613,0.00899999999998613,0.0,0.008294096714420498,-0.0073216819948527245,-0.004471417784335706,-0.0028502642105170187
08:04:10,135.538,135.543,135.538,135.543,0.05916293291903685,41.48049266207291,0.0049999999999954525,0.0,0.0049999999999954525,0.007854883819163825,-0.007994439737217363,-0.005176022174912038,-0.002818417562305325
08:04:15,135.54,135.542,135.538,135.542,0.06100767855036793,43.07717876263526,0.003999999999990678,0.0,0.003999999999990678,0.0074742326432747095,-0.008510196489936561,-0.005842857037916943,-0.0026673394520196183
08:04:20,135.542,135.543,135.54,135.543,0.05719624573617921,44.02041929143724,0.0030000000000143245,0.0,0.0030000000000143245,0.006877668290839992,-0.008737525039919092,-0.006421790638317373,-0.0023157344016017187
08:04:25,135.543,135.543,135.536,135.536,0.053797280306866924,44.96381335325092,0.007000000000005002,0.007000000000005002,0.0,0.006893979185395327,-0.009374463077165274,-0.007012325126086953,-0.0023621379510783205
08:04:30,135.536,135.539,135.532,135.539,0.05175610820793963,45.96162386181836,0.0069999999999765805,0.0,0.0069999999999765805,0.006908115294006161,-0.009527340877554025,-0.007515328276380368,-0.0020120126011736565
08:04:35,135.539,135.542,135.536,135.536,0.05139690754560888,46.6092122416553,0.006000000000000227,0.006000000000000227,0.0,0.006787033254805369,-0.009777859486121088,-0.007967834518328512,-0.0018100249677925756
08:04:40,135.536,135.536,135.532,135.532,0.05130876605096546,50.59518493795135,0.003999999999990678,0.003999999999990678,0.0,0.0064154288208300774,-0.010181794470184968,-0.008410626508699804,-0.0017711679614851646
08:04:45,135.532,135.532,135.523,135.523,0.05585356794887275,55.17435416510739,0.009000000000014552,0.009000000000014552,0.0,0.006760038311388007,-0.011100184620431719,-0.008948538131046187,-0.002151646489385532
08:04:50,135.523,135.531,135.523,135.531,0.05697607993005249,58.82328414649318,0.008000000000009777,0.0,0.008000000000009777,0.006925366536537577,-0.011055046594350415,-0.009369839823707033,-0.0016852067706433823
08:04:55,135.531,135.531,135.527,135.527,0.05900080284897058,62.2933646670502,0.004000000000019099,0.004000000000019099,0.0,0.006535317665001781,-0.01121278692610872,-0.00973842924418737,-0.00147435768192135
08:05:00,135.525,135.526,135.521,135.522,0.06200713031989835,65.23248487871004,0.005000000000023874,0.004000000000019099,0.0010000000000047748,0.006463941976334908,-0.011607452007382335,-0.010112233796826364,-0.0014952182105559715
08:05:05,135.517,135.52,135.515,135.517,0.06386960400516273,68.15302351722472,0.005000000000023874,0.0030000000000143245,0.0020000000000095497,0.00653541637949092,-0.012183244284614148,-0.01052643589438392,-0.0016568083902302275
08:05:10,135.52,135.524,135.518,135.518,0.06076668062075896,67.93657202988113,0.006000000000000227,0.006000000000000227,0.0,0.006597360862226131,-0.012415751119704055,-0.010904298939447946,-0.0015114521802561086
08:05:15,135.518,135.518,135.503,135.503,0.06326019784637538,68.26893771067803,0.01500000000001478,0.01500000000001478,0.0,0.007717712747264617,-0.013653005749830527,-0.011454040301524464,-0.002198965448306063
08:05:20,135.502,135.505,135.492,135.492,0.06992657803567681,69.05727536301086,0.01300000000000523,0.01300000000000523,0.0,0.008422017714296699,-0.01534426785889309,-0.01223208581299819,-0.0031121820458949005
08:05:25,135.492,135.501,135.491,135.496,0.07225568635419677,69.88119047344809,0.009999999999990905,0.0049999999999954525,0.0049999999999954525,0.00863241535238926,-0.016175378994375933,-0.013020744449273739,-0.003154634545102194
08:05:30,135.497,135.498,135.496,135.498,0.07386930136533465,72.33657069394671,0.001999999999981128,0.0,0.001999999999981128,0.007748093305401509,-0.016482655479507002,-0.01371312665532039,-0.0027695288241866116
08:05:35,135.499,135.499,135.495,135.496,0.07202221879390436,74.39476629954804,0.003999999999990678,0.002999999999985903,0.0010000000000047748,0.007248347531346732,-0.01669510679431596,-0.014309522683119505,-0.002385584111196456
08:05:40,135.496,135.504,135.496,135.501,0.07163974198431333,73.7402597225039,0.007999999999981355,0.002999999999985903,0.0049999999999954525,0.007348567860498015,-0.0162724392284872,-0.014702105992193047,-0.0015703332362941545
08:05:45,135.5,135.5,135.495,135.495,0.07367067544862493,74.55818708545142,0.0049999999999954525,0.0049999999999954525,0.0,0.0071687588124316436,-0.01623448100193059,-0.015008580994140557,-0.0012259000077900328
08:05:50,135.495,135.496,135.493,135.496,0.07303668868962632,75.0881954887852,0.0030000000000143245,0.0,0.0030000000000143245,0.006612924304109335,-0.015939961240377443,-0.015194857043387935,-0.0007451041969895079
08:05:55,135.496,135.498,135.494,135.496,0.07142784360536325,73.8225092016164,0.003999999999990678,0.001999999999981128,0.0020000000000095497,0.006264534396893514,-0.015527560159512177,-0.015261397666612784,-0.0002661624928993935
08:06:00,135.496,135.496,135.493,135.493,0.06878524933682684,72.71157971210644,0.0030000000000143245,0.0030000000000143245,0.0,0.0058292631439762896,-0.015266817886327999,-0.015262481710555827,-4.336175772171741e-06
08:06:05,135.492,135.492,135.487,135.488,0.0682839273684408,72.37378349951469,0.0049999999999954525,0.003999999999990678,0.0010000000000047748,0.005852028058112815,-0.01528741219780727,-0.015267467808006117,-1.9944389801154067e-05
08:06:10,135.488,135.49,135.486,135.488,0.06517862097041416,71.68853391736567,0.004000000000019099,0.0020000000000095497,0.0020000000000095497,0.00560509098370032,-0.015129331818542369,-0.015239840610113367,0.00011050879157099847
08:06:15,135.488,135.49,135.487,135.49,0.06103527884090454,70.6767694456918,0.0030000000000143245,0.0,0.0030000000000143245,0.005257745519208854,-0.014673521472133189,-0.015126576782517331,0.0004530553103841428
08:06:20,135.49,135.49,135.481,135.481,0.05912306522952804,72.02144315955219,0.009000000000014552,0.009000000000014552,0.0,0.0057567127833162805,-0.014867134203939258,-0.015074688266801717,0.0002075540628624587
08:06:25,135.482,135.485,135.482,135.485,0.057809487475196875,72.15687769728676,0.0030000000000143245,0.0,0.0030000000000143245,0.00552248441220999,-0.01453031074078126,-0.014965812761597627,0.0004355020208163668
08:06:30,135.485,135.486,135.479,135.486,0.05159192103258192,72.11407974430558,0.0069999999999765805,0.0,0.0069999999999765805,0.0057194864905788685,-0.014021058047518409,-0.014776861818781784,0.0007558037712633754
08:06:35,135.486,135.496,135.485,135.495,0.044040173048585984,67.24847718895413,0.01099999999999568,0.0010000000000047748,0.009999999999990905,0.00642355495850111,-0.012744338039425429,-0.014370357062910514,0.0016260190234850848
08:06:40,135.495,135.497,135.493,135.495,0.037105255693063555,60.86982158707002,0.004000000000019099,0.0020000000000095497,0.0020000000000095497,0.0061004142973701755,-0.011598824209272607,-0.013816050492182933,0.0022172262829103263
08:06:45,135.494,135.494,135.488,135.488,0.03157614022694588,55.76905616802031,0.006000000000000227,0.006000000000000227,0.0,0.0062203590577214855,-0.011127566089243146,-0.013278353611594977,0.0021507875223518314
08:06:50,135.488,135.488,135.468,135.468,0.031240998704561207,55.564908929816184,0.020000000000010232,0.020000000000010232,0.0,0.00805764451669332,-0.01222697848990606,-0.013068078587257195,0.000841100097351135
08:06:55,135.468,135.469,135.468,135.468,0.035750598081961016,55.262038698028505,0.0010000000000047748,0.0010000000000047748,0.0,0.007116625247801513,-0.012949002695648915,-0.013044263408935539,9.5260713286624e-05
08:07:00,135.468,135.471,135.468,135.469,0.04017645291065719,54.08135159011426,0.0030000000000143245,0.0020000000000095497,0.0010000000000047748,0.0065677418814298885,-0.013287352113906081,-0.013092881149929647,-0.0001944709639764338
08:07:05,135.468,135.469,135.462,135.462,0.04599130352647762,54.5045993252096,0.007000000000005002,0.007000000000005002,0.0,0.006625376297239903,-0.01395942243175341,-0.0132661894062944,-0.0006932330254590096
08:07:10,135.462,135.471,135.462,135.471,0.04683633317557678,54.07642945309613,0.009000000000014552,0.0,0.009000000000014552,0.0069419927909431895,-0.013608942795542589,-0.013334740084144038,-0.0002742027113985506
08:07:15,135.472,135.472,135.468,135.468,0.04824978865582352,52.51069598888052,0.004000000000019099,0.004000000000019099,0.0,0.006549727085486645,-0.013418579060072489,-0.013351507879329729,-6.707118074275945e-05
08:07:20,135.468,135.468,135.465,135.465,0.04840661111944655,51.25699494641288,0.002999999999985903,0.002999999999985903,0.0,0.006076430140753213,-0.013355831642712701,-0.013352372632006324,-3.459010706377552e-06
08:07:25,135.464,135.47,135.464,135.47,0.04806837235776129,49.19652097921693,0.006000000000000227,0.0,0.006000000000000227,0.006066239455319481,-0.012755606952282506,-0.013233019496061562,0.0004774125437790565
08:07:30,135.47,135.47,135.456,135.456,0.050860386819636005,47.654028767425565,0.014000000000010004,0.014000000000010004,0.0,0.007124074194611551,-0.013256791517306965,-0.013237773900310643,-1.9017616996321735e-05
08:07:35,135.455,135.465,135.455,135.465,0.04973148954843509,46.317655623006225,0.009999999999990905,0.0,0.009999999999990905,0.0075075309686621315,-0.012780434221866699,-0.013146305964621855,0.00036587174275515624
08:07:40,135.464,135.467,135.462,135.467,0.048347426863131204,43.85112207666289,0.005000000000023874,0.0,0.005000000000023874,0.007173193506177031,-0.01210202968306362,-0.012937450708310209,0.0008354210252465889
08:07:45,135.467,135.467,135.463,135.466,0.04784668497643452,46.17181567458543,0.004000000000019099,0.0010000000000047748,0.0030000000000143245,0.0067501010386893075,-0.011512373367082773,-0.012652435240064722,0.0011400618729819484
08:07:50,135.466,135.471,135.466,135.469,0.046550029680304306,47.08134615850462,0.0049999999999954525,0.0020000000000095497,0.002999999999985903,0.006516754233530127,-0.010679880545552578,-0.012257924301162293,0.0015780437556097149
08:07:55,135.469,135.473,135.468,135.469,0.044281872257272425,45.951805918690916,0.005000000000023874,0.004000000000019099,0.0010000000000047748,0.006314520335729294,-0.009905934539546024,-0.01178752634883904,0.0018815918092930164
08:08:00,135.471,135.472,135.467,135.467,0.043961226936573894,42.61977908124076,0.0049999999999954525,0.0049999999999954525,0.0,0.006139250957631449,-0.009346222602744092,-0.01129926559962005,0.0019530429968759588
08:08:05,135.467,135.472,135.467,135.469,0.0424169777340353,39.2877522437906,0.0049999999999954525,0.0030000000000143245,0.001999999999981128,0.005987350829946649,-0.008641648035734306,-0.010767742086842903,0.0021260940511085968
08:08:10,135.469,135.478,135.469,135.478,0.04070691135012794,36.94344149020311,0.009000000000014552,0.0,0.009000000000014552,0.006389037385955703,-0.007273201887386449,-0.010068834046951611,0.0027956321595651625
08:08:15,135.478,135.48,135.468,135.47,0.034015476355250485,34.573796957631274,0.012000000000000455,0.009999999999990905,0.0020000000000095497,0.007137165734495004,-0.006756348615766683,-0.009406336960714625,0.0026499883449479424
08:08:20,135.47,135.475,135.462,135.474,0.025012838810539506,31.443119596699688,0.01300000000000523,0.0010000000000047748,0.012000000000000455,0.007918876969896366,-0.00595532284893352,-0.008716134138358405,0.0027608112894248853
08:08:25,135.475,135.476,135.472,135.475,0.01854042525189925,28.328052072007665,0.003999999999990678,0.0010000000000047748,0.002999999999985903,0.007396360040575608,-0.0051800995518362924,-0.008008927221053983,0.0028288276692176907
08:08:30,135.475,135.483,135.473,135.481,0.021734280468137968,26.63664315119603,0.009999999999990905,0.0020000000000095497,0.007999999999981355,0.007743512035164314,-0.004035065919623548,-0.007214154960767896,0.003179089041144348
08:08:35,135.481,135.481,135.475,135.476,0.022600419187824627,26.642018563211934,0.006000000000000227,0.0049999999999954525,0.0010000000000047748,0.007511043763809103,-0.0034908365391572715,-0.006469491276445772,0.0029786547372885
08:08:40,135.476,135.476,135.475,135.476,0.023363489287191896,25.524950500410547,0.0010000000000047748,0.0,0.0010000000000047748,0.00664290459530186,-0.0030246643859186406,-0.005780525898340346,0.002755861512421705
08:08:45,135.477,135.478,135.475,135.475,0.022637649126750148,24.79628315193745,0.0030000000000143245,0.0030000000000143245,0.0,0.0061571839825968555,-0.0027047327629077245,-0.005165367271253822,0.0024606345083460976
08:08:50,135.475,135.483,135.475,135.483,0.02531402773342961,25.884033689655983,0.008000000000009777,0.0,0.008000000000009777,0.006402892784918578,-0.0017850742803489084,-0.00448930867307284,0.0027042343927239313
08:08:55,135.483,135.486,135.481,135.481,0.02667228011256384,27.398074842735834,0.0049999999999954525,0.0049999999999954525,0.0,0.006215840413595496,-0.0012037455628899352,-0.003832196051036259,0.0026284504881463238
08:09:00,135.481,135.487,135.48,135.48,0.02691976382317307,30.654426105484674,0.007000000000005002,0.007000000000005002,0.0,0.006320395025116764,-0.0008143427721165608,-0.0032286253952523193,0.0024142826231357585
08:09:05,135.48,135.48,135.477,135.478,0.02728022225710447,32.727449381820094,0.002999999999985903,0.001999999999981128,0.0010000000000047748,0.00587767568843265,-0.0006595190155849195,-0.0027148041193188394,0.00205528510373392
08:09:10,135.478,135.478,135.473,135.478,0.022600419187426724,32.489758427215406,0.0049999999999954525,0.0,0.0049999999999954525,0.0057606522633076905,-0.0005307024654257475,-0.002277983788540221,0.0017472813231144734
08:09:15,135.478,135.478,135.471,135.475,0.021017286120354584,31.584910032258826,0.007000000000005002,0.0030000000000143245,0.003999999999990678,0.005925898628200666,-0.0006630461658403419,-0.0019549962640002454,0.0012919500981599034
08:09:20,135.474,135.474,135.466,135.469,0.02049801017489017,32.00262242251465,0.007999999999981355,0.0049999999999954525,0.002999999999985903,0.006335778811105394,-0.001237810647154447,-0.0018115591406310857,0.0005737484934766387
08:09:25,135.468,135.469,135.463,135.464,0.021256330328242257,32.60093879893746,0.006000000000000227,0.0049999999999954525,0.0010000000000047748,0.006291008302958038,-0.0020728789941131254,-0.0018638231113274938,-0.00020905588278563158
08:09:30,135.464,135.466,135.46,135.465,0.022375738742823614,35.300083091594225,0.006000000000000227,0.0010000000000047748,0.0049999999999954525,0.006252207195896996,-0.0026237401890512047,-0.002015806526872236,-0.0006079336621789685
08:09:35,135.465,135.482,135.464,135.48,0.022406765897187597,36.83320240700658,0.018000000000000682,0.0020000000000095497,0.015999999999991132,0.007818579569777488,-0.00182884522570248,-0.001978414266638285,0.0001495690409358051
08:09:40,135.48,135.482,135.479,135.479,0.021485858263929458,36.52314539601376,0.002999999999985903,0.002999999999985903,0.0,0.007176102293805277,-0.001264994810242115,-0.0018357303753590514,0.0005707355651169365
08:09:45,135.482,135.489,135.479,135.481,0.021201787413929196,36.492732308459146,0.009999999999990905,0.008000000000009777,0.001999999999981128,0.007552621987963361,-0.0006492716094044226,-0.0015984386221681258,0.0009491670127637032
08:09:50,135.481,135.482,135.464,135.464,0.023596609927551526,34.3342606059471,0.018000000000000682,0.018000000000000682,0.0,0.008945605722901671,-0.0015155936416988425,-0.0015818696260742693,6.627598437542685e-05
08:09:55,135.464,135.475,135.463,135.475,0.023087020734351427,31.838619802060215,0.012000000000000455,0.0,0.012000000000000455,0.009352858293181509,-0.0012995713747727677,-0.0015254099758139693,0.00022583860104120152
08:10:00,135.476,135.476,135.464,135.466,0.024571271202262324,28.15055632661583,0.012000000000000455,0.009999999999990905,0.0020000000000095497,0.00970581052075737,-0.001833461947711612,-0.001587020370193498,-0.0002464415775181141
08:10:05,135.457,135.463,135.457,135.463,0.02683203113468835,25.275288445160673,0.006000000000000227,0.0,0.006000000000000227,0.009611702451324994,-0.0024701743687103317,-0.001763651169896865,-0.0007065231988134667
08:10:10,135.463,135.467,135.457,135.467,0.02687593327777904,21.41028328150836,0.010000000000019327,0.0,0.010000000000019327,0.009663475457817572,-0.0026217846772453868,-0.0019352778713665696,-0.0006865068058788172
08:10:15,135.467,135.468,135.467,135.468,0.02726169473965001,19.243698185539106,0.0009999999999763531,0.0,0.0009999999999763531,0.008508345396772076,-0.0026309177146686125,-0.002074405840026978,-0.0005565118746416343
08:10:20,135.468,135.468,135.463,135.467,0.027709774070274307,19.892304515046174,0.0049999999999954525,0.0009999999999763531,0.004000000000019099,0.008040566010535193,-0.0026878633398439433,-0.002197097339990371,-0.0004907659998535721
08:10:25,135.466,135.466,135.451,135.452,0.03331192294973562,22.942835802766947,0.01500000000001478,0.014000000000010004,0.0010000000000047748,0.009101823875799775,-0.0038984291334713816,-0.0025373636986865734,-0.0013610654347848083
08:10:30,135.45,135.45,135.446,135.446,0.03877926738647375,24.86775927324618,0.003999999999990678,0.003999999999990678,0.0,0.008688247359026501,-0.005281084052882079,-0.0030861077695256748,-0.0021949762833564043
08:10:35,135.445,135.445,135.435,135.435,0.048339152705636934,26.896169947372275,0.009999999999990905,0.009999999999990905,0.0,0.008996481044489059,-0.007181670282562891,-0.003905220272133118,-0.0032764500104297727
08:10:40,135.437,135.441,135.437,135.438,0.053579257574199346,28.13873695138173,0.003999999999990678,0.0030000000000143245,0.0009999999999763531,0.008596950238557215,-0.008349574932225323,-0.004794091204151559,-0.0035554837280737644
08:10:45,135.438,135.438,135.429,135.431,0.06040250953390114,31.452183900003885,0.00899999999998613,0.0069999999999765805,0.0020000000000095497,0.008650690206747738,-0.009727852649973556,-0.005780843493315958,-0.003947009156657598
08:10:50,135.431,135.431,135.422,135.423,0.06850462911830846,35.14014294218573,0.009000000000014552,0.008000000000009777,0.0010000000000047748,0.00869726484584998,-0.011335017783267176,-0.006891678351306202,-0.004443339431960974
08:10:55,135.424,135.424,135.414,135.419,0.07631954981735589,37.99540923675454,0.010000000000019327,0.0049999999999954525,0.005000000000023874,0.008870962866405893,-0.012784107072491224,-0.008070164095543206,-0.004713942976948018
08:11:00,135.419,135.419,135.416,135.418,0.08322423736103701,42.89471685515228,0.0030000000000143245,0.0010000000000047748,0.0020000000000095497,0.008088167817553683,-0.013853517688602324,-0.009226834814155031,-0.004626682874447292
08:11:05,135.42,135.428,135.419,135.426,0.08665260344810122,44.8121469357669,0.00899999999998613,0.0020000000000095497,0.0069999999999765805,0.00834307877521198,-0.013895323525275671,-0.01016053255637916,-0.0037347909688965116
08:11:10,135.426,135.429,135.426,135.429,0.0884702745209438,46.68505472436234,0.0030000000000143245,0.0,0.0030000000000143245,0.007630668271852293,-0.013530409881354899,-0.010834508021374308,-0.0026959018599805908
08:11:15,135.428,135.428,135.42,135.42,0.08838456640773984,48.07477536882323,0.008000000000009777,0.008000000000009777,0.0,0.00781324583560726,-0.013808264891054023,-0.01142925939531025,-0.0023790054957437724
08:11:20,135.417,135.427,135.417,135.427,0.0853858117151276,50.789113234150754,0.009999999999990905,0.0,0.009999999999990905,0.00810481305752508,-0.013310193860007757,-0.011805446288249753,-0.0015047475717580045
08:11:25,135.426,135.426,135.42,135.42,0.08152339025116362,54.11000282048749,0.006000000000000227,0.006000000000000227,0.0,0.007957504649855738,-0.013326688706200684,-0.01210969477183994,-0.0012169939343607446
08:11:30,135.42,135.422,135.419,135.421,0.08113380760818245,56.73259777551505,0.002999999999985903,0.0010000000000047748,0.001999999999981128,0.007296504029873093,-0.013107968842632545,-0.012309349585998462,-0.0007986192566340825
08:11:35,135.421,135.427,135.421,135.425,0.07537666817671607,55.63583869991813,0.006000000000000227,0.001999999999981128,0.004000000000019099,0.007123636825890045,-0.012468140244749293,-0.01234110771774863,-0.00012703252700066274
08:11:40,135.427,135.428,135.424,135.428,0.07104957498415843,53.66880427701648,0.003999999999990678,0.0,0.003999999999990678,0.00670715191577013,-0.011585446725092652,-0.012189975519217435,0.0006045287941247833
08:11:45,135.43,135.434,135.43,135.433,0.06641845019635184,49.398370672407545,0.003999999999990678,0.0010000000000047748,0.002999999999985903,0.006612864993667476,-0.010362989446463189,-0.011824578304666588,0.0014615888582033987
08:11:50,135.433,135.434,135.428,135.428,0.059188903655638114,45.39227096809197,0.006000000000000227,0.006000000000000227,0.0,0.0065311496611785095,-0.009685987425342546,-0.01139686012880178,0.001710872703459234
08:11:55,135.431,135.439,135.43,135.439,0.04951767361427528,41.495998817943885,0.00899999999998613,0.0,0.00899999999998613,0.007126996373020799,-0.008167698235837406,-0.010751027750208905,0.002583329514371499
08:12:00,135.437,135.437,135.429,135.429,0.03632079294521873,36.89989019785049,0.008000000000009777,0.008000000000009777,0.0,0.00751006352328348,-0.007682797039109346,-0.010137381607988995,0.0024545845688796492
08:12:05,135.427,135.429,135.424,135.428,0.029401754336561226,32.06787460478201,0.0049999999999954525,0.0010000000000047748,0.003999999999990678,0.007175388386845077,-0.0072951075312630564,-0.009568926792643807,0.0022738192613807502
08:12:10,135.426,135.428,135.423,135.423,0.02441742260123192,27.583229726570732,0.0049999999999954525,0.0049999999999954525,0.0,0.006885336601931795,-0.007307087460645789,-0.009116558926244203,0.001809471465598414
08:12:15,135.423,135.425,135.421,135.421,0.023756661119421096,26.445099734525176,0.004000000000019099,0.004000000000019099,0.0,0.006500625055010103,-0.0073927459527851624,-0.008771796331552395,0.0013790503787672326
08:12:20,135.424,135.424,135.418,135.421,0.021461348369996358,26.30981205645892,0.006000000000000227,0.0030000000000143245,0.002999999999985903,0.0064338750476754525,-0.007375609489912449,-0.008492558963224407,0.001116949473311958
08:12:25,135.42,135.42,135.417,135.417,0.02205734154347283,25.650819969759223,0.002999999999985903,0.002999999999985903,0.0,0.006109358374650816,-0.00759721927551027,-0.008313491025681581,0.0007162717501713114
08:12:30,135.415,135.421,135.415,135.421,0.02226254821010798,25.116157518886983,0.006000000000000227,0.0,0.006000000000000227,0.006094777258030738,-0.0073651788593736,-0.008123828592419986,0.0007586497330463859
08:12:35,135.421,135.432,135.419,135.432,0.02251923155102986,22.154420912925588,0.012999999999976808,0.0,0.012999999999976808,0.007015473623623548,-0.006221954272859875,-0.007743453728507965,0.0015214994556480895
08:12:40,135.43,135.43,135.427,135.429,0.021648872589253187,18.521079022768383,0.0030000000000143245,0.0010000000000047748,0.0020000000000095497,0.006746743807139802,-0.005494676271752041,-0.007293698237156781,0.0017990219654047393
08:12:45,135.43,135.43,135.425,135.429,0.021831893621993004,16.80413920125068,0.0049999999999954525,0.0010000000000047748,0.003999999999990678,0.0065138446328538895,-0.0048622541766292215,-0.00680740942505127,0.0019451552484220482
08:12:50,135.423,135.424,135.412,135.42,0.02227011214409913,18.248970543575435,0.012000000000000455,0.004000000000019099,0.007999999999981355,0.007911998681806158,-0.005029305194113931,-0.006451788578863802,0.0014224833847498713
08:12:55,135.42,135.42,135.417,135.418,0.022756375628659953,22.891955980534824,0.002999999999985903,0.001999999999981128,0.0010000000000047748,0.007257065524230125,-0.005262415761166039,-0.00621391401532425,0.0009514982541582104
08:13:00,135.418,135.424,135.418,135.423,0.02280812413351896,25.440724945581227,0.006000000000000227,0.0010000000000047748,0.0049999999999954525,0.007089456787666138,-0.004986221296462645,-0.005968375471551929,0.000982154175089284
08:13:05,135.423,135.434,135.423,135.434,0.023520651623755384,24.76972102431756,0.01099999999999568,0.0,0.01099999999999568,0.007610862549310077,-0.003835513709617544,-0.0055418031191650525,0.0017062894095475085
08:13:10,135.434,135.435,135.432,135.434,0.024084063308293935,24.66755538767225,0.0030000000000143245,0.0010000000000047748,0.0020000000000095497,0.006996080876070644,-0.0028902526235015102,-0.005011493020032344,0.002121240396530834
08:13:15,135.434,135.437,135.432,135.433,0.02469178427531915,24.964862197999583,0.005000000000023874,0.004000000000019099,0.0010000000000047748,0.006729936759264409,-0.0021964981814051043,-0.0044484940523068965,0.002251995870901792
08:13:20,135.433,135.438,135.432,135.433,0.025260745502293958,25.25431822283151,0.006000000000000227,0.0049999999999954525,0.0010000000000047748,0.006632611858029184,-0.00162792705802417,-0.0038843806534503518,0.0022564535954261817
08:13:25,135.433,135.433,135.426,135.431,0.02493866159755953,24.255674368699392,0.007000000000005002,0.001999999999981128,0.005000000000023874,0.00668159694362596,-0.0013234576359195671,-0.003372196049944195,0.002048738414024628
08:13:30,135.431,135.431,135.424,135.424,0.02508008226641323,23.05174152443501,0.007000000000005002,0.007000000000005002,0.0,0.0067240506844764986,-0.001628235637014086,-0.003023403967358173,0.0013951683303440872
08:13:35,135.424,135.424,135.42,135.42,0.023069688478415173,22.55602328634873,0.004000000000019099,0.004000000000019099,0.0,0.006360843926548846,-0.002167554747416034,-0.0028522341233697453,0.0006846793759537114
08:13:40,135.42,135.421,135.413,135.413,0.025615784610806713,22.82077285152776,0.007999999999981355,0.007999999999981355,0.0,0.006579398069673181,-0.0031238012897745193,-0.0029065475566507,-0.00021725373312381918
08:13:45,135.416,135.416,135.411,135.411,0.028411265374472805,25.435674357372854,0.0049999999999954525,0.0049999999999954525,0.0,0.006368811660382817,-0.003996942583228247,-0.0031246265619662094,-0.0008723160212620374
08:13:50,135.412,135.416,135.412,135.415,0.029607253737253814,28.600380540297824,0.003999999999990678,0.0010000000000047748,0.002999999999985903,0.006186303438997836,-0.0043163901198397525,-0.0033629792735409185,-0.000953410846298834
08:13:55,135.415,135.419,135.413,135.414,0.030831289645959714,30.471457521391724,0.006000000000000227,0.005000000000023874,0.0009999999999763531,0.006161462980464822,-0.004597251977685346,-0.0036098338143698045,-0.0009874181633155415
08:14:00,135.414,135.415,135.411,135.412,0.03247736053850758,29.984845935769236,0.003999999999990678,0.002999999999985903,0.0010000000000047748,0.005873267916401603,-0.004924454265392342,-0.0038727579045743123,-0.0010516963608180295
08:14:05,135.413,135.419,135.413,135.419,0.032206570107291554,26.081696828493907,0.006000000000000227,0.0,0.006000000000000227,0.006023498860882057,-0.004566285638816225,-0.004011463451422695,-0.0005548221873935303
08:14:10,135.419,135.421,135.419,135.421,0.032206570107291554,23.424451160953392,0.001999999999981128,0.0,0.001999999999981128,0.005487032346095267,-0.004074087590737463,-0.004023988279285649,-5.009931145181362e-05
08:14:15,135.421,135.425,135.42,135.425,0.031197840683887534,24.120335232825862,0.005000000000023874,0.0,0.005000000000023874,0.005422094699952415,-0.0033229456716981076,-0.003883779757768141,0.0005608340860700336
08:14:20,135.425,135.431,135.425,135.428,0.031045637038516816,25.971286783351008,0.006000000000000227,0.0030000000000143245,0.002999999999985903,0.005499148739958791,-0.0024572596021243953,-0.003598475726639392,0.0011412161245149969
08:14:25,135.428,135.428,135.421,135.423,0.03050383927813982,25.88858579921415,0.007000000000005002,0.0049999999999954525,0.0020000000000095497,0.005699262241298285,-0.002149872970960587,-0.003308755175503631,0.0011588822045430444
08:14:30,135.423,135.424,135.421,135.421,0.030446501832955164,25.550382176843986,0.0030000000000143245,0.0030000000000143245,0.0,0.005339360609127091,-0.002044087171952924,-0.00305582157479349,0.0010117344028405658
08:14:35,135.421,135.421,135.412,135.412,0.03165870629686651,26.493814408945706,0.00899999999998613,0.00899999999998613,0.0,0.00582744586124163,-0.002655860837421642,-0.0029758294273191203,0.0003199685898974784
08:14:40,135.412,135.414,135.409,135.409,0.0338018996690721,27.51065064132274,0.0049999999999954525,0.0049999999999954525,0.0,0.005717119746408807,-0.0033442207082430286,-0.0030495076835039023,-0.0002947130247391264
08:14:45,135.411,135.412,135.409,135.409,0.033473320093548864,27.587077610939122,0.0030000000000143245,0.0030000000000143245,0.0,0.00535483711355621,-0.0038454232200137994,-0.003208690790805882,-0.0006367324292079176
08:14:50,135.409,135.409,135.407,135.407,0.03290816568289756,26.877198335935624,0.001999999999981128,0.001999999999981128,0.0,0.004907525498412866,-0.004353824923356342,-0.0034377176173159742,-0.0009161073060403677
08:14:55,135.407,135.419,135.407,135.418,0.030153990748999604,23.998529235326767,0.012000000000000455,0.0010000000000047748,0.01099999999999568,0.005853188765291211,-0.0038250362302392205,-0.0035151813399006237,-0.0003098548903385967
08:15:00,135.418,135.422,135.418,135.421,0.02695102771576785,21.787851987224503,0.003999999999990678,0.0010000000000047748,0.002999999999985903,0.005606096929917807,-0.0031278366988374273,-0.003437712411687985,0.0003098757128505575
08:15:05,135.421,135.421,135.413,135.414,0.023985960810250617,19.66923180059842,0.007999999999981355,0.007000000000005002,0.0009999999999763531,0.005925284005926281,-0.0031043574454656664,-0.0033710414184435216,0.00026668397297785517
08:15:10,135.414,135.417,135.406,135.409,0.02394643144918973,18.601350047411927,0.01099999999999568,0.008000000000009777,0.002999999999985903,0.0066019128051355335,-0.003449445125056627,-0.003386722159766143,-6.272296529048413e-05
08:15:15,135.409,135.416,135.408,135.416,0.023656311057266066,19.51577124396818,0.008000000000009777,0.0,0.008000000000009777,0.006788324431118766,-0.0031220984908202354,-0.003333797425976962,0.00021169893515672654
08:15:20,135.416,135.421,135.416,135.421,0.02392532241862,19.60489850692962,0.0049999999999954525,0.0,0.0049999999999954525,0.0065498811736356575,-0.002431190461265942,-0.003153276033034758,0.0007220855717688162
08:15:25,135.421,135.426,135.421,135.425,0.024605519282204114,19.487857286324004,0.0049999999999954525,0.0009999999999763531,0.004000000000019099,0.006343230350483631,-0.0015430865582288789,-0.0028312381380735823,0.0012881515798447035
08:15:30,135.427,135.428,135.425,135.425,0.0255458308512857,18.4146750795414,0.002999999999985903,0.002999999999985903,0.0,0.005897466303750601,-0.0008296936249791997,-0.0024309292354547057,0.001601235610475506
08:15:35,135.425,135.426,135.421,135.421,0.025516970620969914,17.57734720467994,0.0049999999999954525,0.0049999999999954525,0.0,0.005777804129916581,-0.0005804006587766253,-0.0020608235201190895,0.0014804228613424643
08:15:40,135.421,135.421,135.416,135.418,0.024925995734463413,17.652854242498492,0.0049999999999954525,0.002999999999985903,0.0020000000000095497,0.0056740969125937644,-0.0006177876435344842,-0.0017722163448021687,0.0011544287012676844
08:15:45,135.424,135.425,135.416,135.416,0.024979149203545603,16.164980619116072,0.009000000000014552,0.009000000000014552,0.0,0.0061175506575832025,-0.0007995832852145668,-0.0015776897328846483,0.0007781064476700815
08:15:50,135.416,135.42,135.416,135.42,0.024892188590570186,14.079097670100188,0.003999999999990678,0.0,0.003999999999990678,0.0058352105699042,-0.0006138153887036424,-0.0013849148640484473,0.0007710994753448049
08:15:55,135.422,135.427,135.422,135.425,0.024892188590570186,13.692469984660038,0.0049999999999954525,0.001999999999981128,0.0030000000000143245,0.005990515827250974,-6.241529442263527e-05,-0.0011204149501232849,0.0010579996557006496
08:16:00,135.425,135.425,135.413,135.413,0.023333734336688394,11.728228753601572,0.012000000000000455,0.012000000000000455,0.0,0.006791780383617572,-0.0005869603454016215,-0.0010137240291789524,0.0004267636837773309
08:16:05,135.417,135.418,135.416,135.418,0.02269801753897127,11.203168383986467,0.0020000000000095497,0.0,0.0020000000000095497,0.006552876332467956,-0.0005923792845408116,-0.0009294550802513243,0.0003370757957105127
08:16:10,135.418,135.418,135.412,135.414,0.02249584757453249,10.79321088894893,0.006000000000000227,0.004000000000019099,0.001999999999981128,0.006479159488138925,-0.0009089624501257276,-0.000925356554226205,1.639410410047735e-05
08:16:15,135.416,135.416,135.41,135.41,0.02290391830860017,12.138793491497397,0.006000000000000227,0.006000000000000227,0.0,0.006415271556387098,-0.0014657274664955366,-0.0010334307366800714,-0.0004322967298154652
08:16:20,135.412,135.418,135.41,135.418,0.021828036056774636,11.283562598855086,0.008000000000009777,0.0,0.008000000000009777,0.006626568682203456,-0.001247059288800756,-0.0010761564471042085,-0.00017090284169654743
08:16:25,135.419,135.422,135.416,135.416,0.020555444923161303,9.96255153645436,0.006000000000000227,0.006000000000000227,0.0,0.006543026191243025,-0.001221070724625406,-0.001105139302608448,-0.00011593142201695794
08:16:30,135.416,135.417,135.414,135.417,0.018163004625876056,9.739166114683275,0.0030000000000143245,0.0,0.0030000000000143245,0.0060706226990791985,-0.001107021898263838,-0.001105515821739526,-1.5060765243119206e-06
08:16:35,135.417,135.417,135.414,135.414,0.01846647033175941,8.922730280784915,0.0030000000000143245,0.0030000000000143245,0.0,0.005661206339203882,-0.0012443680098783716,-0.0011332862593672953,-0.00011108175051107632
08:16:40,135.414,135.418,135.413,135.418,0.018187329313775535,7.853065123293338,0.0049999999999954525,0.0,0.0049999999999954525,0.005573045493976092,-0.001018706211141307,-0.0011103702497220977,9.166403858079067e-05
08:16:45,135.418,135.419,135.413,135.413,0.018365872246022263,8.37812428718018,0.006000000000000227,0.006000000000000227,0.0,0.005629972761445978,-0.0012291568678506337,-0.001134127573347805,-9.502929450282875e-05
08:16:50,135.413,135.413,135.402,135.402,0.02179328723764229,9.938481679579878,0.011000000000024102,0.011000000000024102,0.0,0.006345976393256394,-0.0022575252528440615,-0.0013588071092470564,-0.0008987181435970051
08:16:55,135.403,135.403,135.392,135.395,0.029378832340285044,13.924976551601869,0.01099999999999568,0.007999999999981355,0.0030000000000143245,0.006966512874154966,-0.0035959047538653977,-0.0018062266381707248,-0.0017896781156946729
08:17:00,135.4,135.4,135.388,135.388,0.03812665872425214,18.29975826437834,0.012000000000000455,0.012000000000000455,0.0,0.007637644490934364,-0.005161918268839827,-0.002477364964304545,-0.0026845533045352817
08:17:05,135.388,135.388,135.384,135.385,0.044864239659432315,21.318339170441522,0.004000000000019099,0.0030000000000143245,0.0010000000000047748,0.007152625225478996,-0.006569342894351848,-0.003295760550314006,-0.003273582344037842
08:17:10,135.383,135.383,135.377,135.377,0.05319121415595873,25.964440969468665,0.006000000000000227,0.006000000000000227,0.0,0.007265608528745977,-0.008235338337186704,-0.004283676107688546,-0.003951662229498158
08:17:15,135.377,135.379,135.376,135.377,0.05962832248474115,31.11811482205777,0.002999999999985903,0.001999999999981128,0.0010000000000047748,0.006696860724911301,-0.009446755412454877,-0.005316291968641812,-0.004130463443813065
08:17:20,135.378,135.378,135.372,135.373,0.06629408166196527,35.72780761147476,0.005999999999971806,0.0049999999999954525,0.0009999999999763531,0.006603945961586035,-0.010607304341363033,-0.006374494443186055,-0.004232809898176978
08:17:25,135.373,135.374,135.371,135.371,0.072217216202489,39.90959125636943,0.002999999999985903,0.002999999999985903,0.0,0.006123419833372684,-0.011555229521121646,-0.007410641458773174,-0.004144588062348472
08:17:30,135.37,135.37,135.365,135.365,0.07796868467363538,45.10817788239769,0.0049999999999954525,0.0049999999999954525,0.0,0.006106963855589689,-0.01264485489534195,-0.00845748414608693,-0.00418737074925502
08:17:35,135.363,135.365,135.361,135.364,0.08083146860013812,50.62388568584309,0.004000000000019099,0.0010000000000047748,0.0030000000000143245,0.005826035341513611,-0.013434221158377113,-0.009452831548544968,-0.003981389609832145
08:17:40,135.364,135.364,135.356,135.356,0.08738035429126967,56.76699504644906,0.008000000000009777,0.008000000000009777,0.0,0.006115897295979767,-0.014537750610514877,-0.01046981536093895,-0.004067935249575928
08:17:45,135.356,135.357,135.353,135.353,0.09191391853977393,63.00052358143993,0.003999999999990678,0.003999999999990678,0.0,0.0058337776565145555,-0.015475983080278866,-0.011471048904806934,-0.004004934175471932
08:17:50,135.35,135.352,135.348,135.348,0.09700352679578828,69.17597688054174,0.003999999999990678,0.003999999999990678,0.0,0.005722607302312009,-0.016433561418949694,-0.012463551407635486,-0.003970010011314208
08:17:55,135.346,135.347,135.342,135.343,0.10255904589570264,75.0783330674135,0.0049999999999954525,0.004000000000019099,0.0009999999999763531,0.005759592995337105,-0.017395384203751973,-0.013449917966858783,-0.003945466236893191
08:18:00,135.343,135.343,135.341,135.341,0.10457815007924864,79.05143114806454,0.001999999999981128,0.001999999999981128,0.0,0.005258313929289642,-0.018110255226531535,-0.014381985418793333,-0.003728269807738202
08:18:05,135.341,135.341,135.336,135.339,0.10542725104772899,81.72442291019568,0.0049999999999954525,0.0020000000000095497,0.002999999999985903,0.005223872072050418,-0.01862349884581249,-0.015230288104197166,-0.0033932107416153254
08:18:10,135.338,135.345,135.336,135.345,0.10200743007158053,82.19030859840554,0.00899999999998613,0.0,0.00899999999998613,0.005727355795775179,-0.01833474670880264,-0.015851179825118262,-0.0024835668836843787
08:18:15,135.345,135.349,135.345,135.349,0.0966199282066782,80.73040283574537,0.003999999999990678,0.0,0.003999999999990678,0.00549704168967058,-0.01758048510049548,-0.016197040880193705,-0.0013834442203017744
08:18:20,135.351,135.353,135.339,135.344,0.08801339611159165,79.50186800129738,0.014000000000010004,0.009000000000014552,0.0049999999999954525,0.006630769464382503,-0.017188052386302388,-0.016395243181415442,-0.0007928092048869462
08:18:25,135.344,135.344,135.339,135.339,0.07949419045536388,78.21182903049224,0.0049999999999954525,0.0049999999999954525,0.0,0.006413333535797564,-0.017083576016062807,-0.016532909748344916,-0.0005506662677178913
08:18:30,135.338,135.342,135.338,135.342,0.0723046187674754,76.80670872030171,0.004000000000019099,0.0,0.004000000000019099,0.006091555731027102,-0.01656772044375998,-0.01653987188742793,-2.7848556332050328e-05
08:18:35,135.342,135.348,135.342,135.346,0.06508132564533753,72.91984572213157,0.006000000000000227,0.0020000000000095497,0.003999999999990678,0.006079348300223518,-0.015655665845031308,-0.016363030678948606,0.0007073648339172983
08:18:40,135.346,135.346,135.341,135.342,0.05954883003289524,68.93965282785122,0.0049999999999954525,0.003999999999990678,0.0010000000000047748,0.005935435193526443,-0.015081769326428685,-0.016106778408444624,0.0010250090820159395
08:18:45,135.342,135.344,135.342,135.342,0.05337612318919582,64.54389598893094,0.001999999999981128,0.001999999999981128,0.0,0.005410710501053735,-0.014460263286736108,-0.015777475384102922,0.0013172120973668142
08:18:50,135.342,135.348,135.342,135.348,0.04837180562418553,58.376001681000915,0.006000000000000227,0.0,0.006000000000000227,0.0054892824342466,-0.01332990655154731,-0.0152879616175918,0.0019580550660444895
08:18:55,135.355,135.355,135.353,135.355,0.042150107702696005,53.9048380088314,0.001999999999981128,0.0,0.001999999999981128,0.005690711443010597,-0.011733987097443332,-0.014577166713562108,0.0028431796161187753
08:19:00,135.355,135.359,135.352,135.353,0.03647349434697844,50.0959251305086,0.007000000000005002,0.006000000000000227,0.0010000000000047748,0.005865283250609851,-0.010509446361623986,-0.013763622643174484,0.0032541762815504974
08:19:05,135.353,135.354,135.353,135.353,0.030498317475348813,46.60637997403932,0.0010000000000047748,0.0010000000000047748,0.0,0.005216578817195841,-0.009430282578733795,-0.012896954630286346,0.003466672051552551
08:19:10,135.352,135.352,135.349,135.349,0.02619682585003602,41.32736393418207,0.0030000000000143245,0.0030000000000143245,0.0,0.005054368308238942,-0.008796404599763719,-0.012076844624181822,0.0032804400244181037
08:19:15,135.353,135.353,135.342,135.342,0.021539681871956873,35.49746659141974,0.01099999999999568,0.01099999999999568,0.0,0.005847119200473174,-0.008757937184924458,-0.01141306313633035,0.002655125951405893
08:19:20,135.342,135.343,135.34,135.341,0.020067255349260904,31.97989606169902,0.002999999999985903,0.001999999999981128,0.0010000000000047748,0.005467503307074872,-0.008707765424759373,-0.010872003594016156,0.002164238169256783
08:19:25,135.341,135.341,135.333,135.333,0.02183575051179787,31.43894156338007,0.008000000000009777,0.008000000000009777,0.0,0.005805169532799526,-0.009207399909826108,-0.010539082857178146,0.0013316829473520378
08:19:30,135.333,135.34,135.333,135.336,0.022919538904034198,30.183337656360887,0.007000000000005002,0.003999999999990678,0.0030000000000143245,0.005964480261760255,-0.009254607555817529,-0.010282187796906024,0.0010275802410884948
08:19:35,135.336,135.337,135.331,135.331,0.025743675777221142,29.296402498773798,0.006000000000000227,0.006000000000000227,0.0,0.005969216226858918,-0.009584988388951388,-0.010142747915315097,0.0005577595263637092
08:19:40,135.331,135.333,135.33,135.33,0.02838754360624307,28.471269212892167,0.002999999999985903,0.002999999999985903,0.0,0.005573320729942517,-0.009814375213920812,-0.01007707337503624,0.00026269816111542874
08:19:45,135.33,135.333,135.33,135.333,0.02957310300712379,30.07000424640455,0.002999999999985903,0.0,0.002999999999985903,0.005230211299281635,-0.009642933265240572,-0.009990245353077108,0.0003473120878365356
08:19:50,135.333,135.333,135.326,135.329,0.031875415380568484,32.210488343488336,0.007000000000005002,0.003999999999990678,0.0030000000000143245,0.0054661831260447505,-0.009717809991883541,-0.009935758280838394,0.00021794828895485216
08:19:55,135.329,135.329,135.323,135.329,0.03309380607333878,35.05089672966202,0.006000000000000227,0.0,0.006000000000000227,0.005537358709238814,-0.009665729820540037,-0.009881752588778723,0.00021602276823868595
08:20:00,135.329,135.334,135.326,135.326,0.03548105499532994,36.93599442674928,0.008000000000009777,0.008000000000009777,0.0,0.0058657108813416105,-0.009754091739608839,-0.009856220418944746,0.00010212867933590691
08:20:05,135.326,135.326,135.322,135.322,0.03895260278312662,37.906173041602635,0.003999999999990678,0.003999999999990678,0.0,0.00561694943049482,-0.010031251741878577,-0.009891226683531512,-0.00014002505834706525
08:20:10,135.327,135.328,135.327,135.327,0.0402994057733963,37.20046464657538,0.0010000000000047748,0.0010000000000047748,0.0,0.005668022839762208,-0.009735223233747092,-0.009860025993574629,0.0001248027598275362
08:20:15,135.327,135.33,135.326,135.329,0.040450099217935076,35.20884092748088,0.004000000000019099,0.0010000000000047748,0.0030000000000143245,0.005445619794463127,-0.009232805191942361,-0.009734581833248176,0.0005017766413058147
08:20:20,135.329,135.331,135.325,135.325,0.04169614396414545,35.29405769245995,0.006000000000000227,0.006000000000000227,0.0,0.005519537155201407,-0.009053043988927811,-0.009598274264384104,0.0005452302754562922
08:20:25,135.325,135.329,135.323,135.329,0.0419121889117946,36.44276394905093,0.006000000000000227,0.0,0.006000000000000227,0.005583598867841251,-0.008489948527994784,-0.00937660911710624,0.0008866605891114567
08:20:30,135.329,135.332,135.324,135.324,0.041621856611641306,35.69213198960062,0.007999999999981355,0.007999999999981355,0.0,0.005905785685459931,-0.008350885719266898,-0.009171464437538373,0.0008205787182714742
08:20:35,135.324,135.328,135.321,135.328,0.03737660400230425,34.53121557205449,0.007000000000005002,0.0,0.007000000000005002,0.006051680927399274,-0.00782767826831332,-0.008902707203693362,0.0010750289353800412
08:20:40,135.328,135.336,135.328,135.334,0.032560874170485476,32.95273969052903,0.008000000000009777,0.0020000000000095497,0.006000000000000227,0.006311456803747341,-0.006849921111381718,-0.008492149985231033,0.0016422288738493149
08:20:45,135.334,135.336,135.333,135.335,0.026418494327629105,31.005595059571473,0.0030000000000143245,0.0010000000000047748,0.0020000000000095497,0.005869929229916273,-0.005926038197969774,-0.00797892762777878,0.0020528894298090065
08:20:50,135.335,135.337,135.335,135.337,0.02148193856811531,29.171315606414527,0.001999999999981128,0.0,0.001999999999981128,0.005353938665924921,-0.004975120950177825,-0.00737816629225859,0.002403045342080765
08:20:55,135.337,135.337,135.328,135.328,0.01894479515834746,26.872475082014365,0.00899999999998613,0.00899999999998613,0.0,0.005840080177133083,-0.00489135249733863,-0.006880803533274598,0.0019894510359359675
08:21:00,135.328,135.332,135.328,135.332,0.016171449839418983,23.81609233805965,0.003999999999990678,0.0,0.003999999999990678,0.005594736153514096,-0.00445089171526547,-0.0063948211696727725,0.0019439294544073022
08:21:05,135.332,135.333,135.331,135.333,0.016171449839418983,19.887352931388996,0.0020000000000095497,0.0,0.0020000000000095497,0.00511543799971349,-0.0039753068664367675,-0.005910918309025572,0.0019356114425888044
08:21:10,135.332,135.332,135.323,135.323,0.016188364906042807,20.637331423053933,0.00899999999998613,0.00899999999998613,0.0,0.005766712933083813,-0.004355115809772769,-0.005599757809175012,0.0012446419994022427
08:21:15,135.318,135.319,135.313,135.313,0.02160311869340603,21.92696235945296,0.006000000000000227,0.006000000000000227,0.0,0.006331151208675214,-0.005400776767515936,-0.005559961600843197,0.00015918483332726108
08:21:20,135.313,135.314,135.311,135.314,0.025013680476206446,24.30596461817412,0.002999999999985903,0.0,0.002999999999985903,0.005886997714183307,-0.006078707412285667,-0.005663710763131691,-0.0004149966491539753
08:21:25,135.314,135.314,135.298,135.298,0.035797677084644874,28.482186472616235,0.015999999999991132,0.015999999999991132,0.0,0.007235398018957683,-0.007816929912735304,-0.006094354593052414,-0.00172257531968289
08:21:30,135.298,135.303,135.298,135.301,0.041897619583551204,32.352163691400584,0.0049999999999954525,0.0020000000000095497,0.002999999999985903,0.00693734494976272,-0.008850387086454248,-0.0066455610917327814,-0.0022048259947214663
08:21:35,135.3,135.304,135.3,135.3,0.04691582608563749,35.20440208299422,0.003999999999990678,0.003999999999990678,0.0,0.006545698956459781,-0.009638988722969088,-0.007244246617980043,-0.0023947421049890453
08:21:40,135.307,135.309,135.307,135.308,0.04864479201245331,37.51389348248632,0.0020000000000095497,0.0010000000000047748,0.0010000000000047748,0.006872939095596628,-0.009508816344521165,-0.007697160563288268,-0.0018116557812328966
08:21:45,135.308,135.317,135.308,135.317,0.04884993131963711,36.52085475987554,0.009000000000014552,0.0,0.009000000000014552,0.007156547216185684,-0.008580518140945514,-0.007873832078819717,-0.0007066860621257973
08:21:50,135.317,135.317,135.314,135.314,0.049056787721099226,35.945375501244094,0.0030000000000143245,0.0030000000000143245,0.0,0.006602340920696169,-0.007994751535363775,-0.00789801597012853,-9.673556523524633e-05
08:21:55,135.313,135.316,135.31,135.31,0.04942234738979323,36.24061312921652,0.006000000000000227,0.006000000000000227,0.0,0.006522028797936711,-0.0077637976246194285,-0.00787117230102671,0.00010737467640728124
08:22:00,135.311,135.32,135.309,135.32,0.049211038561054465,35.09117106903075,0.01099999999999568,0.0,0.01099999999999568,0.0071190916248779065,-0.006696653704551636,-0.007636268581731696,0.0009396148771800596
08:22:05,135.318,135.331,135.318,135.331,0.04955379852071928,35.97746753617953,0.012999999999976808,0.0,0.012999999999976808,0.00790321274155776,-0.004906764266252139,-0.007090367718635785,0.0021836034523836454
08:22:10,135.331,135.336,135.331,135.336,0.05149389335730348,37.570986108286384,0.005000000000023874,0.0,0.005000000000023874,0.007516117709353242,-0.003049651295896183,-0.006282224434087865,0.003232573138191682
08:22:15,135.336,135.337,135.336,135.337,0.053184485276688065,39.72448059101295,0.0009999999999763531,0.0,0.0009999999999763531,0.006647302014769658,-0.0014801223157689947,-0.005321804010424092,0.003841681694655097
08:22:20,135.337,135.35,135.335,135.35,0.05815804239477984,41.12554259060868,0.014999999999986358,0.0,0.014999999999986358,0.007760995079465218,0.0008034701594681337,-0.0040967491764456465,0.00490021933591378
08:22:25,135.35,135.352,135.346,135.352,0.06316694672335643,41.273619267352025,0.006000000000000227,0.0,0.006000000000000227,0.007526195735536553,0.0027429973675623387,-0.0027287998676440496,0.005471797235206388
08:22:30,135.352,135.356,135.351,135.356,0.0688219671205843,41.52482279270758,0.0049999999999954525,0.0,0.0049999999999954525,0.007189369637464407,0.004550399056341803,-0.0012729600828468792,0.005823359139188682
08:22:35,135.358,135.358,135.35,135.354,0.07394421795424932,40.971205003109745,0.008000000000009777,0.003999999999990678,0.004000000000019099,0.007297453685803789,0.00575505395147502,0.00013264272401750056,0.005622411227457519
08:22:40,135.355,135.36,135.354,135.356,0.07882585736871306,40.57042009853565,0.006000000000000227,0.004000000000019099,0.001999999999981128,0.007124459861029981,0.006792831388395371,0.0014646804568930747,0.005328150931502296
08:22:45,135.357,135.36,135.357,135.359,0.08398972368479463,40.58681887955661,0.0030000000000143245,0.0010000000000047748,0.0020000000000095497,0.0067078652128951975,0.007767809934279057,0.0027253063523702712,0.005042503581908786
08:22:50,135.359,135.37,135.358,135.37,0.09202837091385163,43.22220201546818,0.012000000000000455,0.0,0.012000000000000455,0.007413483184509232,0.009320652841324772,0.004044375650161172,0.005276277191163601
08:22:55,135.372,135.372,135.364,135.364,0.09543054790839278,48.27838793515823,0.008000000000009777,0.008000000000009777,0.0,0.007491685426575972,0.00995241690989701,0.0052259839021083394,0.004726433007788671
08:23:00,135.364,135.367,135.363,135.363,0.0975368216590482,52.87860842532008,0.003999999999990678,0.003999999999990678,0.0,0.007026127369697934,0.010254198822224225,0.006231626886131518,0.004022571936092708
08:23:05,135.363,135.366,135.361,135.362,0.0939339073378278,55.67047311253389,0.005000000000023874,0.004000000000019099,0.0010000000000047748,0.006755977053741393,0.0102940085959915,0.007044103228103515,0.003249905367887985
08:23:10,135.362,135.367,135.361,135.365,0.09006757697096646,59.729356347025586,0.006000000000000227,0.001999999999981128,0.004000000000019099,0.006655180113242572,0.010447204189745207,0.007724723420431854,0.0027224807693133537
08:23:15,135.367,135.367,135.364,135.364,0.08335491650535687,62.21706212542596,0.002999999999985903,0.002999999999985903,0.0,0.006167822764808349,0.010368400689770851,0.008253458874299653,0.002114941815471198
08:23:20,135.359,135.36,135.353,135.356,0.07647607125124978,59.62295158076416,0.007000000000005002,0.004000000000019099,0.002999999999985903,0.006812113062833327,0.00955032500533548,0.00851283210050682,0.0010374929048286609
08:23:25,135.354,135.354,135.354,135.354,0.07132165833530735,57.17491840288618,0.0,0.0,0.0,0.006170497987786367,0.008641002745378046,0.008538466229481066,0.00010253651589697994
08:23:30,135.354,135.355,135.352,135.352,0.06343799293557595,53.42620435870259,0.002999999999985903,0.002999999999985903,0.0,0.005747764922746305,0.007670553650001466,0.008364883713585146,-0.0006943300635836799
08:23:35,135.351,135.351,135.346,135.346,0.051015374362691546,51.096559973460174,0.0049999999999954525,0.0049999999999954525,0.0,0.005781396266380162,0.006344184089272176,0.007960743788722552,-0.0016165596994503761
08:23:40,135.346,135.346,135.338,135.341,0.042558195454091674,49.828654374841854,0.008000000000009777,0.0049999999999954525,0.0030000000000143245,0.006077210097530778,0.004833846865437863,0.007335364404065615,-0.0025015175386277518
08:23:45,135.33,135.332,135.329,135.33,0.043008444706799764,49.387484884518415,0.002999999999985903,0.001999999999981128,0.0010000000000047748,0.006866915417860068,0.0027179547742264276,0.006411882478097777,-0.0036939277038713497
08:23:50,135.33,135.335,135.329,135.331,0.04489801308807273,47.77273189431529,0.006000000000000227,0.004000000000019099,0.001999999999981128,0.006751326695478756,0.001109002796539471,0.005351306541786117,-0.004242303745246646
08:23:55,135.334,135.34,135.333,135.339,0.04432606457055499,44.63229461251269,0.007000000000005002,0.0010000000000047748,0.006000000000000227,0.007051149802750196,0.00047396631489959873,0.004375838496408814,-0.0039018721815092154
08:24:00,135.339,135.344,135.339,135.344,0.04501040815654278,39.762758444059806,0.0049999999999954525,0.0,0.0049999999999954525,0.006777663162382898,0.0003698896832418086,0.003574648733775413,-0.0032047590505336044
08:24:05,135.344,135.353,135.343,135.353,0.04500245607681563,35.274959101544304,0.010000000000019327,0.0,0.010000000000019327,0.0072073080740677545,0.001002081613592054,0.0030601353097387415,-0.0020580536961466874
08:24:10,135.353,135.353,135.348,135.348,0.045114590944649535,31.243125188556984,0.0049999999999954525,0.0049999999999954525,0.0,0.006913000330858115,0.0010871085491714894,0.0026655299576252914,-0.001578421408453802
08:24:15,135.346,135.355,135.346,135.353,0.045096388002150434,27.606039623589602,0.00899999999998613,0.001999999999981128,0.007000000000005002,0.007191266953408517,0.0015401967916091053,0.0024404633244220542,-0.000900266532812949
08:24:20,135.353,135.354,135.348,135.351,0.04499122721858839,23.592544594021984,0.006000000000000227,0.0030000000000143245,0.002999999999985903,0.007032431359620745,0.0017180841975914518,0.002295987499055934,-0.0005779033014644821
08:24:25,135.352,135.355,135.352,135.355,0.0446266382604108,19.872009773099247,0.002999999999985903,0.0,0.002999999999985903,0.006628107178336736,0.002156963684370794,0.002268182736118906,-0.00011121905174811195
08:24:30,135.355,135.359,135.355,135.359,0.041902141639866386,21.60449183029161,0.004000000000019099,0.0,0.004000000000019099,0.006277692887894385,0.002795322670465339,0.0023736107229881927,0.0004217119474771462
08:24:35,135.359,135.362,135.359,135.36,0.041041185992753526,23.73400462790865,0.002999999999985903,0.001999999999981128,0.0010000000000047748,0.005840667169506588,0.003343378028034749,0.0025675641839975043,0.0007758138440372448
08:24:40,135.36,135.362,135.358,135.362,0.040810215443400466,25.350805973703068,0.003999999999990678,0.0,0.003999999999990678,0.005595244880237801,0.0038942091141223045,0.002832893170022465,0.0010613159440998397
08:24:45,135.365,135.369,135.362,135.364,0.04129024353102295,26.792572146176813,0.007000000000005002,0.0049999999999954525,0.0020000000000095497,0.0057825455628734285,0.004440937638946707,0.0031545020638073136,0.0012864355751393934
08:24:50,135.364,135.364,135.363,135.364,0.04102066231990875,27.355877976773627,0.0010000000000047748,0.0,0.0010000000000047748,0.005144872821157608,0.004818677222345968,0.0034873370955150447,0.0013313401268309237
08:24:55,135.364,135.371,135.364,135.371,0.04326223587554523,27.839883292090775,0.007000000000005002,0.0,0.007000000000005002,0.0053922231116705945,0.005618117896261765,0.0039134932556643895,0.0017046246405973756
08:25:00,135.371,135.372,135.366,135.369,0.04584826232485284,29.447320764750682,0.006000000000000227,0.0030000000000143245,0.002999999999985903,0.005473260030114545,0.006020892009502177,0.004334973006431948,0.001685919003070229
08:25:05,135.371,135.374,135.37,135.374,0.04979283398336065,32.7865409959062,0.003999999999990678,0.0,0.003999999999990678,0.005410158692765333,0.006666702018321757,0.00480131880880991,0.001865383209511847
08:25:10,135.374,135.379,135.374,135.379,0.05480338061300927,37.61270976480565,0.0049999999999954525,0.0,0.0049999999999954525,0.005355470867062683,0.007495565107632274,0.005340168068574383,0.0021553970390578905
08:25:15,135.379,135.392,135.379,135.392,0.06345126600922413,42.58249217857331,0.01300000000000523,0.0,0.01300000000000523,0.00637474141812169,0.00909657675759945,0.006091449806379398,0.0030051269512200527
08:25:20,135.391,135.391,135.384,135.384,0.06595564698096723,47.516763756088785,0.007000000000005002,0.007000000000005002,0.0,0.0065914425623734355,0.009609089283856065,0.006794977701874732,0.002814111581981333
08:25:25,135.386,135.388,135.38,135.38,0.06244694590509425,51.13983595860244,0.008000000000009777,0.008000000000009777,0.0,0.0067792502207249476,0.009582036826799367,0.007352389526859659,0.002229647299939708
08:25:30,135.38,135.386,135.38,135.385,0.05873186170356348,55.01827939256385,0.006000000000000227,0.0010000000000047748,0.0049999999999954525,0.006675350191294985,0.00985050527981457,0.007852012677450643,0.001998492602363927
08:25:35,135.385,135.385,135.366,135.366,0.05368563465793841,54.60742672843111,0.018999999999977035,0.018999999999977035,0.0,0.008318636832452592,0.008432917825302866,0.007968193707021088,0.00046472411828177816
08:25:40,135.368,135.368,135.365,135.365,0.04969125730781343,53.33536698931387,0.002999999999985903,0.002999999999985903,0.0,0.007609485254790368,0.007146398676297849,0.00780383470087644,-0.0006574360245785909
08:25:45,135.365,135.365,135.357,135.364,0.0480854502579291,52.8875295127746,0.008000000000009777,0.0010000000000047748,0.007000000000005002,0.007661553887486289,0.005977229557544206,0.007438513672209994,-0.0014612841146657883
08:25:50,135.364,135.365,135.361,135.363,0.044787216223255655,52.8812023567368,0.004000000000019099,0.0020000000000095497,0.0020000000000095497,0.007173346702490664,0.004913325210310404,0.006933475979830077,-0.002020150769519673
08:25:55,135.363,135.375,135.363,135.369,0.042502755330758646,50.01452345801591,0.012000000000000455,0.006000000000000227,0.006000000000000227,0.00781690047549197,0.004502422086829938,0.006447265201230049,-0.0019448431144001108
08:26:00,135.372,135.372,135.37,135.372,0.039111715840192574,46.3171700523535,0.0020000000000095497,0.0,0.0020000000000095497,0.007174647078761618,0.004368496026160074,0.006031511366216055,-0.001663015340055981
08:26:05,135.372,135.372,135.366,135.366,0.03676153596467202,42.68500592428126,0.006000000000000227,0.006000000000000227,0.0,0.007018027468260099,0.0037351522917106195,0.005572239551314968,-0.0018370872596043487
08:26:10,135.366,135.371,135.358,135.358,0.037032560355498845,40.40191328527989,0.01300000000000523,0.01300000000000523,0.0,0.007815623805826117,0.002558200336892469,0.004969431708430469,-0.002411231371538
08:26:15,135.358,135.363,135.358,135.363,0.036418618722279916,37.91272217938238,0.0049999999999954525,0.0,0.0049999999999954525,0.007440207298382029,0.002005794100654157,0.004376704186875207,-0.0023709100862210498
08:26:20,135.361,135.37,135.361,135.369,0.03557112963233067,32.855714234911154,0.009000000000014552,0.0010000000000047748,0.008000000000009777,0.007648179658599699,0.0020287716181144333,0.003907117673123052,-0.0018783460550086187
08:26:25,135.369,135.372,135.361,135.361,0.036154056337295515,26.780927043604304,0.011000000000024102,0.011000000000024102,0.0,0.008095089037456286,0.001385477403943014,0.0034027896192870446,-0.0020173122153440306
08:26:30,135.361,135.371,135.36,135.37,0.035611943593096385,20.88935769228982,0.01099999999999568,0.0010000000000047748,0.009999999999990905,0.008482410499128205,0.001583631767175575,0.0030389580488647512,-0.0014553262816891762
08:26:35,135.37,135.374,135.37,135.37,0.035623174009060676,17.27891600998236,0.003999999999990678,0.003999999999990678,0.0,0.007884755765909869,0.0017208338264822487,0.002775333204388251,-0.0010544993779060025
08:26:40,135.372,135.376,135.371,135.376,0.03584997981573679,14.19704564146791,0.0049999999999954525,0.0,0.0049999999999954525,0.007633454997121918,0.0022873501541198493,0.0026777365943345707,-0.0003903864402147214
08:26:45,135.375,135.376,135.372,135.376,0.036021046481607755,15.111511162402724,0.003999999999990678,0.0,0.003999999999990678,0.007148994330837753,0.0027051353093554553,0.0026832163373387476,2.1918972016707686e-05
08:26:50,135.377,135.377,135.373,135.374,0.035405024920692085,16.11545343637571,0.004000000000019099,0.0030000000000143245,0.0010000000000047748,0.006729128420061932,0.002842087948806693,0.0027149906596323366,0.0001270972891743564
08:26:55,135.378,135.383,135.377,135.383,0.03165870629663914,17.101518623160896,0.006000000000000227,0.0,0.006000000000000227,0.007031911297388948,0.0036349472766232793,0.002898981983030525,0.0007359652935927542
08:27:00,135.383,135.384,135.372,135.372,0.029132004469033745,16.0545547730256,0.011999999999972033,0.011999999999972033,0.0,0.007694323124400026,0.003337216581570601,0.002986628902738541,0.0003505876788320603
08:27:05,135.372,135.372,135.369,135.369,0.02760549144778679,15.602350335612106,0.0030000000000143245,0.0030000000000143245,0.0,0.007068413374481933,0.002826604594474702,0.002954624041085773,-0.0001280194466110711
08:27:10,135.366,135.366,135.36,135.36,0.024729270961699967,17.593650422997694,0.006000000000000227,0.006000000000000227,0.0,0.007325958257882493,0.0016763917317348387,0.0026989775792155865,-0.0010225858474807478
08:27:15,135.361,135.364,135.358,135.364,0.024949633478684063,18.974635767248085,0.006000000000000227,0.0,0.006000000000000227,0.0071491638234981916,0.0010752119477501765,0.0023742244529225045,-0.001299012505172328
08:27:20,135.364,135.365,135.363,135.363,0.025228221461077283,18.524324094078786,0.0020000000000095497,0.0020000000000095497,0.0,0.00646260864703304,0.0005121769381162267,0.002001814949961249,-0.0014896380118450225
08:27:25,135.363,135.367,135.359,135.364,0.025228221461077283,18.84156457242975,0.007999999999981355,0.002999999999985903,0.0049999999999954525,0.006667594160759482,0.00014498794834594264,0.001630449549638188,-0.0014854616012922454
08:27:30,135.363,135.366,135.362,135.366,0.024857488550424023,21.76391636657497,0.004000000000019099,0.0,0.004000000000019099,0.006311914939327431,1.519614212952547e-05,0.0013073988681364557,-0.0012922027260069302
08:27:35,135.366,135.374,135.365,135.374,0.025381302695222985,21.927046374796685,0.00899999999998613,0.0,0.00899999999998613,0.006670326280748591,0.000551510867808247,0.001156221268070814,-0.0006047104002625671
08:27:40,135.375,135.376,135.374,135.375,0.025866865620514545,22.07949776331926,0.0020000000000095497,0.0010000000000047748,0.0010000000000047748,0.006047616109983386,0.0010451875233741248,0.0011340145191314761,-8.882699575735132e-05
08:27:45,135.377,135.379,135.373,135.374,0.026164660782569626,22.625346789928532,0.006000000000000227,0.0049999999999954525,0.0010000000000047748,0.006041267295318965,0.0013402881791364507,0.0011752692511324712,0.0001650189280039795
08:27:50,135.374,135.38,135.373,135.38,0.025736314711082287,22.90766720026564,0.007000000000005002,0.0,0.007000000000005002,0.006169098322610436,0.0020348509358996125,0.0013471855880858995,0.000687665347813713
08:27:55,135.38,135.393,135.38,135.392,0.031399631244028114,25.468930840093254,0.01300000000000523,0.0010000000000047748,0.012000000000000455,0.007079885212929743,0.0035130998087424814,0.001780368432217216,0.0017327313765252653
08:28:00,135.392,135.392,135.387,135.389,0.034904983811486545,27.597690730059814,0.0049999999999954525,0.002999999999985903,0.0020000000000095497,0.006802567184538504,0.0043919204377971255,0.0023026788333331983,0.002089241604463927
08:28:05,135.389,135.401,135.389,135.401,0.04143530150309971,29.219967436368353,0.012000000000000455,0.0,0.012000000000000455,0.0074955582266000974,0.005987669700601828,0.0030396770067869245,0.002947992693814903
08:28:10,135.401,135.402,135.396,135.396,0.04534592188599618,32.963043174564476,0.006000000000000227,0.006000000000000227,0.0,0.0072961504630534475,0.006770804653484674,0.0037859025361264747,0.0029849021173581998
08:28:15,135.396,135.404,135.395,135.404,0.051412060842721985,37.75006159220537,0.00899999999998613,0.0,0.00899999999998613,0.007523330401311139,0.007945388395455666,0.004617799707992313,0.003327588687463353
08:28:20,135.401,135.401,135.394,135.394,0.053421856359818776,39.94479694705205,0.007000000000005002,0.007000000000005002,0.0,0.007853553014468441,0.007977379778537852,0.005289715722101421,0.0026876640564364312
08:28:25,135.395,135.395,135.38,135.38,0.053384011011360144,37.614547018104155,0.01500000000001478,0.01500000000001478,0.0,0.008806412612541286,0.006794724824800369,0.00559071754264121,0.0012040072821591589
08:28:30,135.381,135.382,135.38,135.38,0.05320862613166355,35.66384107501829,0.0020000000000095497,0.0020000000000095497,0.0,0.007898890930870388,0.0057907105467904785,0.005630716143471064,0.00015999440331941443
08:28:35,135.38,135.38,135.375,135.375,0.053183297735074575,34.046631925497636,0.0049999999999954525,0.0049999999999954525,0.0,0.007512372140087064,0.004539238271462409,0.005412420569069334,-0.0008731822976069245
08:28:40,135.374,135.374,135.37,135.37,0.053421856359818776,32.867917262229376,0.003999999999990678,0.003999999999990678,0.0,0.00717738918807485,0.0031081504401129223,0.004951566543278052,-0.0018434161031651297
08:28:45,135.37,135.37,135.365,135.365,0.05413589139311625,35.58751207680114,0.0049999999999954525,0.0049999999999954525,0.0,0.006887070629664265,0.0015526468635300716,0.004271782607328456,-0.002719135743798384
08:28:50,135.365,135.365,135.353,135.353,0.05644149276332655,39.409861682007886,0.012000000000000455,0.012000000000000455,0.0,0.00756879454570909,-0.0006410114584127768,0.0032892237941802094,-0.003930235252592986
08:28:55,135.353,135.358,135.352,135.358,0.0579259054863428,42.493467697032905,0.006000000000000227,0.0,0.006000000000000227,0.007359621939614576,-0.001953524258141215,0.0022406741837159246,-0.004194198441857139
08:29:00,135.359,135.361,135.358,135.36,0.058622790611195796,44.316904710296704,0.002999999999985903,0.0009999999999763531,0.0020000000000095497,0.006778339014330753,-0.0028000397079779304,0.0012325314053771535,-0.004032571113355084
08:29:05,135.362,135.368,135.362,135.365,0.05843538942229998,41.8809982244231,0.006000000000000227,0.002999999999985903,0.0030000000000143245,0.006941227145750834,-0.003032494380022399,0.00037952624829724305,-0.003412020628319642
08:29:10,135.365,135.366,135.361,135.362,0.05920561851087314,39.74880619680933,0.005000000000023874,0.004000000000019099,0.0010000000000047748,0.006682396859653906,-0.0034193748851123473,-0.0003802539783846751,-0.0030391209067276723
08:29:15,135.362,135.362,135.355,135.356,0.06217767411214936,37.62327650004414,0.007000000000005002,0.006000000000000227,0.0010000000000047748,0.006724743945034053,-0.004162151635398459,-0.0011366335097874318,-0.0030255181256110273
08:29:20,135.356,135.356,135.352,135.352,0.06591988758378875,35.83734697695851,0.003999999999990678,0.003999999999990678,0.0,0.0063614447523616035,-0.00501575562338985,-0.0019124579325079157,-0.0031032976908819346
08:29:25,135.352,135.352,135.349,135.349,0.07000120299807122,34.275652304912434,0.0030000000000143245,0.0030000000000143245,0.0,0.0059132521187153,-0.005866690307755107,-0.0027033044075573543,-0.0031633859001977526
08:29:30,135.35,135.35,135.347,135.349,0.07320051768681424,33.46313122923588,0.002999999999985903,0.0010000000000047748,0.001999999999981128,0.005524818502884714,-0.006466520156664046,-0.0034559475573786927,-0.0030105725992853535
08:29:35,135.349,135.351,135.345,135.345,0.07471236070603027,37.08520428169867,0.006000000000000227,0.006000000000000227,0.0,0.005588176035833449,-0.007181868099195299,-0.004201131665742014,-0.002980736433453285
08:29:40,135.343,135.343,135.338,135.34,0.07711754527770154,41.46527222509201,0.0049999999999954525,0.002999999999985903,0.0020000000000095497,0.005776419231056323,-0.008059341637078887,-0.004972773660009389,-0.0030865679770694984
08:29:45,135.341,135.345,135.341,135.345,0.07290541818144902,43.92675167402172,0.003999999999990678,0.0,0.003999999999990678,0.005672896666914874,-0.008256116156644566,-0.005629442159336424,-0.002626673997308142
08:29:50,135.345,135.348,135.344,135.348,0.06814844478452642,44.3098345321004,0.004000000000019099,0.0,0.004000000000019099,0.005449843777995438,-0.008076881194398311,-0.006118929966348803,-0.0019579512280495084
08:29:55,135.348,135.353,135.348,135.35,0.05659235581856592,42.27536944295489,0.0049999999999954525,0.0030000000000143245,0.001999999999981128,0.00538986460759544,-0.0076848665522391,-0.006432117283526862,-0.0012527492687122383
08:30:00,135.35,135.356,135.348,135.353,0.046753553203132014,38.14569709072889,0.007999999999981355,0.002999999999985903,0.0049999999999954525,0.005737882659913562,-0.00705083950720109,-0.0065558617282617075,-0.0004949777789393824
08:30:05,135.352,135.352,135.347,135.347,0.04266688596771928,34.212598662060046,0.0049999999999954525,0.0049999999999954525,0.0,0.0057728316385917845,-0.006952375702610425,-0.006635164523131451,-0.00031721117947897375
08:30:10,135.347,135.347,135.342,135.342,0.0380271371286085,32.532188216878936,0.0049999999999954525,0.0049999999999954525,0.0,0.005669787420112274,-0.007194862742295527,-0.0067471041669642665,-0.0004477585753312604
08:30:15,135.342,135.343,135.339,135.343,0.03382680345373501,33.46157713432471,0.003999999999990678,0.0,0.003999999999990678,0.0054471490974293945,-0.007223080648117275,-0.006842299463194869,-0.0003807811849224057
08:30:20,135.343,135.344,135.341,135.342,0.030836751830975118,33.82197124862147,0.002999999999985903,0.001999999999981128,0.0010000000000047748,0.005120862551103596,-0.0072426464643911,-0.006922368863434116,-0.0003202776009569846
08:30:25,135.339,135.349,135.339,135.348,0.02805333267218657,31.453596600316832,0.009999999999990905,0.0009999999999763531,0.009000000000014552,0.0057714142109552375,-0.00669680604735845,-0.0068772563002189825,0.0001804502528605324
08:30:30,135.348,135.364,135.348,135.362,0.029865664149099302,31.391690552361457,0.015999999999991132,0.0020000000000095497,0.013999999999981583,0.007135225649493357,-0.005076027304113495,-0.006517010500997886,0.0014409831968843906
08:30:35,135.362,135.364,135.359,135.359,0.030081293370699314,30.92426696846937,0.0049999999999954525,0.0049999999999954525,0.0,0.00685052889622697,-0.003987656182715682,-0.006011139637341446,0.0020234834546257637
08:30:40,135.359,135.363,135.359,135.361,0.030349542618807845,30.193846592270614,0.003999999999990678,0.0020000000000095497,0.001999999999981128,0.0064704583767287984,-0.0029299562308438,-0.005394902956041917,0.002464946725198117
08:30:45,135.361,135.362,135.36,135.36,0.02867678320643563,29.201299501373608,0.001999999999981128,0.001999999999981128,0.0,0.00587439725982911,-0.0021476561975077857,-0.004745453604335091,0.002597797406827305
08:30:50,135.359,135.359,135.348,135.349,0.02662804220955195,25.428126687051453,0.01099999999999568,0.010000000000019327,0.0009999999999763531,0.006691144291851955,-0.002387761229016405,-0.004273915129271354,0.0018861539002549485
08:30:55,135.349,135.353,135.346,135.353,0.02619039599625239,22.886634783378703,0.007000000000005002,0.0,0.007000000000005002,0.006732325052939029,-0.002229578433372126,-0.003865047790091508,0.0016354693567193824
08:31:00,135.353,135.353,135.349,135.352,0.02619039599625239,21.51949412936778,0.004000000000019099,0.0010000000000047748,0.0030000000000143245,0.006368015045883039,-0.0021600098221767894,-0.0035240401965085646,0.0013640303743317752
08:31:05,135.352,135.352,135.346,135.35,0.026178335766303462,22.505313262848393,0.006000000000000227,0.0020000000000095497,0.003999999999990678,0.006318946373098664,-0.002240433163024136,-0.003267318789811679,0.0010268856267875433
08:31:10,135.346,135.348,135.345,135.347,0.026297088098147015,24.5693949193646,0.0030000000000143245,0.0010000000000047748,0.0020000000000095497,0.0061430868566849026,-0.0025172271404585445,-0.003117300459941052,0.0006000733194825077
08:31:15,135.347,135.351,135.347,135.35,0.02590590260558656,25.168332956007728,0.003999999999990678,0.0010000000000047748,0.002999999999985903,0.005857341942459006,-0.0024660859303082816,-0.0029870575540144983,0.0005209716237062167
08:31:20,135.35,135.35,135.346,135.348,0.024226127703173006,24.801502073642375,0.003999999999990678,0.001999999999981128,0.0020000000000095497,0.005609696350129896,-0.0025574586467769223,-0.0029011377725669833,0.00034367912579006104
08:31:25,135.348,135.351,135.348,135.351,0.02367765991982651,23.375125938855515,0.002999999999985903,0.0,0.002999999999985903,0.005261736836777364,-0.002360585890215816,-0.00279302739609675,0.0004324415058809339
08:31:30,135.356,135.359,135.356,135.357,0.024160864403995674,23.308082065508618,0.0030000000000143245,0.0020000000000095497,0.0010000000000047748,0.00562683859187502,-0.0017008071106658917,-0.002574583339010579,0.0008737762283446871
08:31:35,135.357,135.362,135.357,135.36,0.025368027957085815,25.641071377270354,0.0049999999999954525,0.001999999999981128,0.0030000000000143245,0.005543260112957745,-0.0009251877579288248,-0.002244704222794228,0.0013195164648654033
08:31:40,135.36,135.366,135.359,135.365,0.028018039307539766,25.987965763809907,0.007000000000005002,0.0010000000000047748,0.006000000000000227,0.00573749209789738,9.189507125029195e-05,-0.0017773843639853242,0.0018692794352356162
08:31:45,135.365,135.365,135.358,135.358,0.027993232270489443,25.884661957639732,0.007000000000005002,0.007000000000005002,0.0,0.005905826484845063,0.0003293030420081777,-0.0013560468827866238,0.0016853499247948016
08:31:50,135.36,135.36,135.355,135.355,0.026101018336646575,24.486723469948803,0.005000000000023874,0.005000000000023874,0.0,0.005785049620202238,0.0002722374573806974,-0.0010303900147531596,0.001302627472133857
08:31:55,135.355,135.356,135.352,135.352,0.02422612770271826,21.961865622167466,0.003999999999990678,0.003999999999990678,0.0,0.005547043004174031,-1.4890706722781033e-05,-0.0008272901531470839,0.0008123994464243029
08:32:00,135.352,135.358,135.352,135.358,0.021672199030831507,22.0890152827571,0.006000000000000227,0.0,0.006000000000000227,0.005607437270284191,0.00023895350321367914,-0.0006140414218749314,0.0008529949250886106
08:32:05,135.358,135.358,135.355,135.358,0.020880613025099137,21.802023582075492,0.0030000000000143245,0.0,0.0030000000000143245,0.005259778967581542,0.0004351111776372818,-0.0004042109019724888,0.0008393220796097706
08:32:10,135.357,135.359,135.356,135.358,0.02008298573656475,21.87355378001804,0.0030000000000143245,0.0010000000000047748,0.0020000000000095497,0.004958475105239247,0.0005838374333393404,-0.00020660123491012295,0.0007904386682494633
08:32:15,135.358,135.367,135.355,135.367,0.02253325029204234,23.296540731945804,0.012000000000000455,0.0,0.012000000000000455,0.005897345091207409,0.0014116561529817773,0.0001170502426682571,0.0012946059103135202
08:32:20,135.367,135.371,135.362,135.362,0.022757300743819542,25.135142624306024,0.009000000000014552,0.009000000000014552,0.0,0.006311032412381694,0.0016452844244270182,0.0004226970790200093,0.0012225873454070088
08:32:25,135.361,135.363,135.358,135.36,0.022757300743819542,26.367914808643793,0.0049999999999954525,0.002999999999985903,0.0020000000000095497,0.006136228090730196,0.0016500326778725594,0.0006681641987905194,0.00098186847908204
08:32:30,135.36,135.363,135.36,135.361,0.02239924811436822,27.308894232742666,0.002999999999985903,0.0020000000000095497,0.0009999999999763531,0.005718064345297624,0.0017147211080157376,0.000877475580635563,0.0008372455273801746
08:32:35,135.361,135.368,135.355,135.368,0.02456441586133451,26.708391758931175,0.01300000000000523,0.0,0.01300000000000523,0.006688989099258638,0.0023042665036143717,0.0011628337652313248,0.001141432738383047
08:32:40,135.368,135.373,135.366,135.368,0.026029133480847122,26.504865834872504,0.0069999999999765805,0.0049999999999954525,0.001999999999981128,0.006730457219354363,0.00273990159701043,0.001478247331587146,0.0012616542654232841
08:32:45,135.371,135.371,135.367,135.367,0.026261839440735457,26.056592945163157,0.004000000000019099,0.004000000000019099,0.0,0.006366396256776328,0.002970215113521135,0.0017766408879739438,0.0011935742255471914
08:32:50,135.365,135.373,135.365,135.373,0.026961180675812102,24.860576211680065,0.007999999999981355,0.0,0.007999999999981355,0.006584210089203665,0.003595444049693697,0.0021404015203178948,0.001455042529375802
08:32:55,135.372,135.372,135.37,135.37,0.026773120854102217,23.765749363569654,0.0020000000000095497,0.0020000000000095497,0.0,0.006106315410641297,0.0038050058196290593,0.002473322380180128,0.0013316834394489314
08:33:00,135.371,135.375,135.371,135.374,0.026402551715762,25.010989993225024,0.003999999999990678,0.0010000000000047748,0.002999999999985903,0.005958806689221852,0.004244918820887733,0.002827641668321649,0.001417277152566084
08:33:05,135.385,135.391,135.383,135.391,0.035061449818954316,29.79175835656622,0.007999999999981355,0.0,0.007999999999981355,0.00743096579732506,0.005897330217123908,0.003441579378082101,0.0024557508390418074
08:33:10,135.39,135.392,135.389,135.391,0.04180355059492058,34.02037362850875,0.002999999999985903,0.0010000000000047748,0.001999999999981128,0.006840170357679839,0.007124748488024579,0.0041782132000705964,0.002946535287953983
08:33:15,135.391,135.395,135.388,135.388,0.045839077792436456,38.47684747981199,0.007000000000005002,0.007000000000005002,0.0,0.006861480976656528,0.007765891025201199,0.004895748765096717,0.0028701422601044822
08:33:20,135.389,135.389,135.387,135.388,0.04938825771603206,42.04647876803874,0.0020000000000095497,0.0010000000000047748,0.0010000000000047748,0.006213283513103598,0.008179710494204073,0.005552541110918188,0.002627169383285885
08:33:25,135.388,135.392,135.388,135.392,0.05264338815084102,43.87254099967454,0.003999999999990678,0.0,0.003999999999990678,0.005918179044688542,0.008729800271993327,0.006187992943133216,0.0025418073288601102
08:33:30,135.387,135.387,135.383,135.383,0.051853640182741856,42.64186999308085,0.003999999999990678,0.003999999999990678,0.0,0.006329088505394887,0.008343348670280193,0.006619064088562612,0.0017242845817175808
08:33:35,135.384,135.39,135.384,135.39,0.05098234988884087,43.7335393897204,0.006000000000000227,0.0,0.006000000000000227,0.006418543371339112,0.00850389686073072,0.006996030642996234,0.0015078662177344859
08:33:40,135.391,135.391,135.388,135.389,0.05066131089137116,44.99658238629429,0.002999999999985903,0.001999999999981128,0.0010000000000047748,0.005962737588492017,0.008452999894728919,0.007287424493342771,0.0011655754013861477
08:33:45,135.391,135.392,135.387,135.387,0.049131831252964275,48.231253440220065,0.0049999999999954525,0.0049999999999954525,0.0,0.005834372576692476,0.008157248711711418,0.0074613893370165,0.0006958593746949175
08:33:50,135.391,135.399,135.39,135.399,0.049916140203151826,51.18280442607205,0.009000000000014552,0.0,0.009000000000014552,0.00665645623313354,0.008789839679877787,0.007727079405588758,0.0010627602742890284
08:33:55,135.399,135.4,135.394,135.394,0.05056106261514515,53.84188031623895,0.006000000000000227,0.006000000000000227,0.0,0.006568928735382432,0.008786429872287727,0.007938949498928552,0.0008474803733591746
08:34:00,135.384,135.39,135.384,135.39,0.048441391610708706,52.43028927701425,0.006000000000000227,0.0,0.006000000000000227,0.007026404904000684,0.008364539796559711,0.008024067558454783,0.0003404722381049278
08:34:05,135.389,135.389,135.377,135.377,0.044409576967552766,51.93072285243797,0.012000000000000455,0.012000000000000455,0.0,0.007822884250130835,0.00690163971106017,0.007799581988975861,-0.000897942277915691
08:34:10,135.381,135.39,135.381,135.389,0.04011352311817973,50.098636752470846,0.00899999999998613,0.0009999999999763531,0.008000000000009777,0.008513166350110297,0.006634106712880339,0.0075664869337567576,-0.0009323802208764187
08:34:15,135.39,135.39,135.382,135.382,0.03745369070566085,45.857942278908304,0.007999999999981355,0.007999999999981355,0.0,0.008444744170093105,0.00579049417339661,0.007211288381684729,-0.001420794208288119
08:34:20,135.382,135.382,135.376,135.377,0.03497909150058831,42.91007313651083,0.006000000000000227,0.0049999999999954525,0.0010000000000047748,0.008118778280747389,0.004664695241672234,0.00670196975368223,-0.0020372745120099955
08:34:25,135.377,135.377,135.374,135.376,0.03197367338253798,40.115032336114645,0.0030000000000143245,0.0010000000000047748,0.0020000000000095497,0.007436274509982981,0.003649728041693834,0.006091521411284551,-0.002441793369590717
08:34:30,135.376,135.38,135.375,135.38,0.030332195854555266,36.70295180127405,0.0049999999999954525,0.0,0.0049999999999954525,0.007111437908651311,0.0031320217962047536,0.005499621488268592,-0.0023675996920638383
08:34:35,135.38,135.386,135.38,135.384,0.026737712378746892,31.95178935529331,0.006000000000000227,0.0020000000000095497,0.003999999999990678,0.006963246187497834,0.00300980725293698,0.00500165864120227,-0.00199185138826529
08:34:40,135.383,135.383,135.376,135.378,0.0254268817569141,29.896078493403348,0.007000000000005002,0.005000000000023874,0.001999999999981128,0.007101480029162304,0.0024011228414906327,0.004481551481259943,-0.00208042863976931
08:34:45,135.378,135.378,135.373,135.375,0.026894726544185232,28.01524987901868,0.0049999999999954525,0.002999999999985903,0.0020000000000095497,0.006821282691940058,0.0016575538827510172,0.003916751961558158,-0.002259198078807141
08:34:50,135.373,135.377,135.373,135.373,0.028535481147400787,25.96304766469964,0.004000000000019099,0.004000000000019099,0.0,0.006445111666350597,0.0008965519477612816,0.003312711958798783,-0.0024161600110375013
08:34:55,135.373,135.378,135.372,135.377,0.029105976960806856,23.910845450380606,0.005999999999971806,0.0009999999999763531,0.0049999999999954525,0.006385763444166758,0.0006091965634311691,0.0027720088797252604,-0.0021628123162940912
08:35:00,135.377,135.377,135.371,135.371,0.03104563703743679,21.081061057255486,0.006000000000000227,0.006000000000000227,0.0,0.006334328318277887,-0.00010151431106919517,0.002197304241566369,-0.0022988185526355643
08:35:05,135.371,135.379,135.37,135.378,0.030198640612695726,17.17252172318704,0.00899999999998613,0.0010000000000047748,0.007999999999981355,0.006689751209172319,-9.877765364763036e-05,0.0017380878625235692,-0.0018368655161711996
08:35:10,135.378,135.383,135.378,135.379,0.03034884893531853,17.467946911312648,0.005000000000023874,0.004000000000019099,0.0010000000000047748,0.006464451047952527,-1.5735797802562956e-05,0.001387323130458343,-0.0014030589282609059
08:35:15,135.378,135.384,135.378,135.384,0.029521802828185173,17.54399363129724,0.006000000000000227,0.0,0.006000000000000227,0.006402524241558887,0.00044836520947910685,0.0011995315462624957,-0.0007511663367833889
08:35:20,135.386,135.389,135.386,135.387,0.02917172387441269,19.332064417622178,0.0030000000000143245,0.0020000000000095497,0.0010000000000047748,0.0062155210093542195,0.0010461837740365354,0.0011688619918173038,-0.00012267821778076844
08:35:25,135.387,135.391,135.387,135.388,0.029333652312914182,21.57034665509691,0.003999999999990678,0.002999999999985903,0.0010000000000047748,0.005920118208105748,0.0015824098998393765,0.0012515715734217185,0.00033083832641765806
08:35:30,135.388,135.388,135.381,135.381,0.024520667976617005,19.8191193153786,0.007000000000005002,0.007000000000005002,0.0,0.006064102447025649,0.0014260923642268608,0.001286475731582747,0.0001396166326441137
08:35:35,135.381,135.381,135.37,135.372,0.022511751320166695,19.450745898952167,0.01099999999999568,0.00899999999998613,0.0020000000000095497,0.006722222120754987,0.000569420877752691,0.0011430647608167358,-0.0005736438830640448
08:35:40,135.372,135.372,135.365,135.365,0.024114638492278573,20.99468480470087,0.007000000000005002,0.007000000000005002,0.0,0.006759259171321655,-0.0006666541715105723,0.0007811209743512743,-0.0014477751458618466
08:35:45,135.365,135.369,135.364,135.369,0.02559193952328087,23.730125680369063,0.0049999999999954525,0.0,0.0049999999999954525,0.006524691281811495,-0.0013084035215342738,0.00036321607517416466,-0.0016716195967084384
08:35:50,135.369,135.369,135.362,135.362,0.027373440837891394,26.485907516334077,0.007000000000005002,0.007000000000005002,0.0,0.00658806577757063,-0.0023546925733057833,-0.00018036565452182496,-0.0021743269187839585
08:35:55,135.362,135.371,135.362,135.371,0.02741570813935823,27.70453366482608,0.009000000000014552,0.0,0.009000000000014552,0.00690965700722982,-0.002429651886558304,-0.0006302229009291207,-0.0017994289856291831
08:36:00,135.371,135.371,135.362,135.365,0.02921787484882543,28.923159813318083,0.009000000000014552,0.006000000000000227,0.0030000000000143245,0.007188369406267784,-0.002939324831288559,-0.0010920432870010085,-0.0018472815442875505
08:36:05,135.365,135.368,135.364,135.364,0.031045637038175755,29.608718225797286,0.003999999999990678,0.003999999999990678,0.0,0.006763253485430837,-0.0033849167414530257,-0.001550617977891412,-0.0018342987635616137
08:36:10,135.364,135.367,135.364,135.367,0.03150939709718159,29.98976183064915,0.002999999999985903,0.0,0.002999999999985903,0.00626148635403818,-0.003456136423295675,-0.0019317216669722647,-0.0015244147563234101
08:36:15,135.367,135.369,135.364,135.364,0.031509397097238434,30.08692875638317,0.0049999999999954525,0.0049999999999954525,0.0,0.0060932881734991505,-0.00371186538859547,-0.0022877504112969057,-0.0014241149772985643
08:36:20,135.364,135.367,135.364,135.365,0.03208606846663997,30.050798089314718,0.002999999999985903,0.001999999999981128,0.0010000000000047748,0.005680849750364051,-0.0037901503000057346,-0.0025882303890386715,-0.0012019199109670631
08:36:25,135.365,135.367,135.363,135.365,0.0327613379356535,30.19234094815406,0.003999999999990678,0.001999999999981128,0.0020000000000095497,0.005456736450314269,-0.0038082920362967343,-0.002832242718490284,-0.0009760493178064501
08:36:30,135.366,135.37,135.366,135.366,0.033239165233794665,28.112400817212965,0.003999999999990678,0.003999999999990678,0.0,0.005395838256938427,-0.003699334228116413,-0.00300566102041551,-0.000693673207700903
08:36:35,135.367,135.368,135.365,135.365,0.03345130003253871,25.10034784689754,0.002999999999985903,0.002999999999985903,0.0,0.0050763931560114245,-0.0036515828487324598,-0.0031348453860789004,-0.0005167374626535593
08:36:40,135.365,135.365,135.363,135.364,0.03410139679454005,25.795773018980316,0.0020000000000095497,0.0010000000000047748,0.0010000000000047748,0.004666207401877841,-0.0036523293993866446,-0.0032383421887404494,-0.00041398721064619514
08:36:45,135.364,135.364,135.359,135.36,0.03480532324954311,26.296465011042226,0.0049999999999954525,0.003999999999990678,0.0010000000000047748,0.004710713081626856,-0.0039303806353530035,-0.0033767498780629605,-0.000553630757290043
08:36:50,135.364,135.364,135.363,135.364,0.03417355087111673,26.030205079825745,0.0010000000000047748,0.0,0.0010000000000047748,0.0046159513374087,-0.0037843480637036464,-0.003458269515191098,-0.00032607854851254836
08:36:55,135.364,135.364,135.354,135.358,0.03270023338382089,27.564306444411113,0.009999999999990905,0.006000000000000227,0.003999999999990678,0.005333824492419661,-0.004105441085215489,-0.0035877038291959765,-0.0005177372560195123
08:37:00,135.358,135.36,135.355,135.357,0.02888525393598229,28.65281189360385,0.005000000000023874,0.0030000000000143245,0.0020000000000095497,0.005289314560100223,-0.004389996118163708,-0.003748162286989523,-0.0006418338311741851
08:37:05,135.357,135.359,135.356,135.358,0.021750741069183732,30.573958010283548,0.0030000000000143245,0.0010000000000047748,0.0020000000000095497,0.004984072618755437,-0.004483137569991413,-0.0038951573435899015,-0.0005879802264015118
08:37:10,135.359,135.362,135.354,135.362,0.015908951475978483,30.250304367777666,0.007999999999981355,0.0,0.007999999999981355,0.005386196269585559,-0.004185933436019695,-0.00395331256207586,-0.00023262087394383506
08:37:15,135.362,135.362,135.356,135.356,0.015695792269355024,30.45971846128458,0.006000000000000227,0.006000000000000227,0.0,0.005468036766974181,-0.0043840107277617335,-0.004039452195213035,-0.00034455853254869873
08:37:20,135.356,135.356,135.352,135.355,0.01727913253847646,31.910498493959544,0.003999999999990678,0.0010000000000047748,0.002999999999985903,0.005272298531376381,-0.004569011332677064,-0.004145364022705841,-0.00042364730997122325
08:37:25,135.355,135.355,135.351,135.351,0.01926982916432962,34.85187485258549,0.003999999999990678,0.003999999999990678,0.0,0.0051026587271916215,-0.004980974640432123,-0.004312486146251097,-0.000668488494181026
08:37:30,135.34,135.343,135.34,135.34,0.027507702274988333,39.366031673615375,0.002999999999985903,0.002999999999985903,0.0,0.005888970896898829,-0.00612446754948337,-0.004674882426897552,-0.001449585122585818
08:37:35,135.342,135.342,135.335,135.336,0.03373955979236598,43.71373824524057,0.007000000000005002,0.006000000000000227,0.0010000000000047748,0.00603710811064632,-0.007269660369388475,-0.005193838015395737,-0.0020758223539927385
08:37:40,135.336,135.336,135.333,135.333,0.040491714555230374,48.97874070501599,0.0030000000000143245,0.0030000000000143245,0.0,0.005632160362562054,-0.008323362318094496,-0.005819742875935489,-0.002503619442159007
08:37:45,135.333,135.336,135.333,135.334,0.04506836911849632,54.72564455301593,0.0030000000000143245,0.0020000000000095497,0.0010000000000047748,0.00528120564755569,-0.008974287066308761,-0.006450651714010144,-0.002523635352298617
08:37:50,135.332,135.333,135.328,135.328,0.050253672295866636,59.67333416894644,0.0049999999999954525,0.0049999999999954525,0.0,0.005377044894548296,-0.009860632244340195,-0.007132647820076155,-0.00272798442426404
08:37:55,135.328,135.335,135.328,135.335,0.05207929177572623,61.849942140549196,0.007000000000005002,0.0,0.007000000000005002,0.0055934389086091905,-0.009884285791315506,-0.007682975414324026,-0.0022013103769914794
08:38:00,135.335,135.342,135.335,135.342,0.05152781568978071,60.79659653319555,0.007000000000005002,0.0,0.007000000000005002,0.005780980387461965,-0.009231771780633835,-0.007992734687585988,-0.0012390370930478473
08:38:05,135.341,135.341,135.337,135.338,0.051206907431662785,58.20622383888533,0.004000000000019099,0.0030000000000143245,0.0010000000000047748,0.005676849669136887,-0.008934425797548329,-0.008181072909578457,-0.0007533528879698718
08:38:10,135.34,135.343,135.337,135.343,0.049289264340700356,54.87479110822448,0.006000000000000227,0.0,0.006000000000000227,0.005719936379918666,-0.00820078520342804,-0.008185015368348373,-1.576983507966742e-05
08:38:15,135.342,135.342,135.34,135.341,0.047344204339310636,52.0341515426806,0.0020000000000095497,0.0010000000000047748,0.0010000000000047748,0.005357278195927632,-0.0076920834820839445,-0.008086428991095488,0.0003943455090115438
08:38:20,135.342,135.344,135.342,135.344,0.044878784113109305,50.38256275410182,0.001999999999981128,0.0,0.001999999999981128,0.005042974436468735,-0.006966552692034611,-0.007862453731283314,0.0008959010392487025
08:38:25,135.344,135.347,135.338,135.338,0.04370764115185466,50.14354175983789,0.009000000000014552,0.009000000000014552,0.0,0.00557057784494151,-0.006797358452615754,-0.007649434675549802,0.0008520762229340482
08:38:30,135.338,135.338,135.326,135.326,0.043487445258051594,50.853039832530385,0.012000000000000455,0.012000000000000455,0.0,0.0064278341322827025,-0.007544601046220123,-0.007628467949683866,8.38669034637432e-05
08:38:35,135.326,135.329,135.325,135.326,0.044072189588007404,51.42954197501724,0.004000000000019099,0.0030000000000143245,0.0010000000000047748,0.006104122914647556,-0.00804406916319067,-0.007711588192385228,-0.00033248097080544256
08:38:40,135.328,135.331,135.326,135.331,0.04281219698725636,49.47293874124985,0.0049999999999954525,0.0,0.0049999999999954525,0.005956906526027276,-0.007944859634733348,-0.007758242480854852,-0.00018661715387849592
08:38:45,135.333,135.333,135.324,135.324,0.04213811876422824,46.235488914788775,0.00899999999998613,0.00899999999998613,0.0,0.006362652322555123,-0.008334996219161894,-0.007873593228516261,-0.0004614029906456329
08:38:50,135.323,135.323,135.32,135.322,0.038939088740619354,43.66965126223737,0.0030000000000143245,0.0010000000000047748,0.0020000000000095497,0.006047632012883654,-0.008705217232972018,-0.008039918029407412,-0.0006652992035646055
08:38:55,135.322,135.322,135.313,135.315,0.03948937232598837,42.09551607853037,0.009000000000014552,0.007000000000005002,0.0020000000000095497,0.00644128107783444,-0.009454476235447373,-0.008322829670615404,-0.0011316465648319694
08:39:00,135.315,135.315,135.311,135.311,0.04041677609444605,40.45753205950537,0.003999999999990678,0.003999999999990678,0.0,0.006115776934121939,-0.010252847519609531,-0.00870883324041423,-0.001544014279195302
08:39:05,135.311,135.315,135.308,135.311,0.041160021487257836,40.3386469585903,0.007000000000005002,0.003999999999990678,0.0030000000000143245,0.006233673342906348,-0.010761510519785134,-0.00911936869628841,-0.0016421418234967237
08:39:10,135.311,135.323,135.311,135.313,0.043168702117668545,40.27393659729786,0.012000000000000455,0.010000000000019327,0.001999999999981128,0.007002516897185562,-0.01087785320629564,-0.009471065598289856,-0.0014067876080057842
08:39:15,135.314,135.314,135.3,135.301,0.049631908246794865,41.44855120630392,0.013999999999981583,0.01300000000000523,0.0009999999999763531,0.007935514644225032,-0.011802305701934301,-0.009937313619018746,-0.0018649920829155557
08:39:20,135.301,135.302,135.298,135.298,0.05600714240557636,43.740904727685255,0.003999999999990678,0.003999999999990678,0.0,0.007410779358327119,-0.012631408874256067,-0.01047613267006621,-0.002155276204189857
08:39:25,135.3,135.3,135.296,135.296,0.06150772309598551,45.77500816872827,0.004000000000019099,0.004000000000019099,0.0,0.006956008777219383,-0.013296587611847599,-0.011040223658422488,-0.0022563639534251105
08:39:30,135.296,135.297,135.294,135.294,0.06698908002476855,49.09903158683073,0.002999999999985903,0.002999999999985903,0.0,0.00642854094025492,-0.013825755140032925,-0.011597329954744577,-0.002228425185288348
08:39:35,135.294,135.299,135.291,135.299,0.06901746537499776,51.348289718609244,0.008000000000009777,0.0,0.008000000000009777,0.006638068814888902,-0.013683926221744969,-0.012014649208144657,-0.0016692770136003121
08:39:40,135.299,135.299,135.294,135.295,0.06957434494245263,51.40766284426328,0.0049999999999954525,0.004000000000019099,0.0009999999999763531,0.006419659639569776,-0.013735952838800358,-0.012358909934275797,-0.0013770429045245614
08:39:45,135.298,135.299,135.296,135.298,0.06923461258247698,51.35143485616042,0.0030000000000143245,0.0010000000000047748,0.0020000000000095497,0.006097038354296353,-0.013380863118982234,-0.012563300571217084,-0.0008175625477651501
08:39:50,135.298,135.298,135.291,135.298,0.06625596299267045,52.864549982385775,0.007000000000005002,0.0,0.007000000000005002,0.006217433240390839,-0.012950170453933652,-0.012640674547760397,-0.0003094959061732544
08:39:55,135.298,135.299,135.296,135.299,0.06240748943326935,54.7405899848274,0.0030000000000143245,0.0,0.0030000000000143245,0.005788442141673971,-0.012385380810911784,-0.012589615800390676,0.00020423498947889224
08:40:00,135.299,135.3,135.296,135.296,0.05609728392437319,55.236711522294925,0.004000000000019099,0.004000000000019099,0.0,0.005549983189453322,-0.01204105410127454,-0.01247990346056745,0.0004388493592929095
08:40:05,135.29,135.3,135.29,135.295,0.050652999085286865,55.63242195566447,0.010000000000019327,0.005000000000023874,0.0049999999999954525,0.006143318764195455,-0.011713834552693925,-0.012326689678992744,0.0006128551262988193
08:40:10,135.295,135.296,135.294,135.294,0.04881069771147395,55.80317797557354,0.001999999999981128,0.001999999999981128,0.0,0.005590876262300212,-0.011403747048234436,-0.012142101152841084,0.0007383541046066481
08:40:15,135.294,135.294,135.285,135.286,0.04797543231518375,56.51992038309026,0.009000000000014552,0.008000000000009777,0.0010000000000047748,0.006045426093995457,-0.011669020404582398,-0.012047485003189348,0.0003784645986069507
08:40:20,135.286,135.288,135.285,135.286,0.04312966985304456,60.41244162994077,0.0030000000000143245,0.0020000000000095497,0.0010000000000047748,0.00563936928146464,-0.01174387536579502,-0.011986763075710484,0.00024288770991546388
08:40:25,135.288,135.294,135.288,135.294,0.03802436892527794,59.706883289918096,0.006000000000000227,0.0,0.006000000000000227,0.0059541200439373245,-0.011030512439475615,-0.011795512948463512,0.000765000508987897
08:40:30,135.294,135.297,135.293,135.296,0.03202301804651597,57.62274820325564,0.003999999999990678,0.0010000000000047748,0.002999999999985903,0.005693570704744438,-0.010186361856852955,-0.011473682730141401,0.0012873208732884465
08:40:35,135.296,135.3,135.296,135.297,0.02814324263238177,54.277643728974276,0.004000000000019099,0.0030000000000143245,0.0010000000000047748,0.005467761277447727,-0.009329134342181078,-0.011044773052549337,0.0017156387103682592
08:40:40,135.292,135.298,135.292,135.298,0.02528490293428831,51.75870427326394,0.006000000000000227,0.0,0.006000000000000227,0.005538726440454727,-0.008471430342495978,-0.010530104510538665,0.0020586741680426873
08:40:45,135.3,135.301,135.3,135.3,0.02191946984999049,47.88078564979619,0.0009999999999763531,0.0009999999999763531,0.0,0.005200229581725551,-0.007543355353050174,-0.009932754679040968,0.0023893993259907938
08:40:50,135.3,135.305,135.3,135.3,0.01605254531659739,44.367716708832724,0.0049999999999954525,0.0049999999999954525,0.0,0.005173532304161539,-0.006730266910011551,-0.009292257125235084,0.0025619902152235335
08:40:55,135.299,135.313,135.299,135.313,0.02177009055367307,42.53419536496797,0.013999999999981583,0.0,0.013999999999981583,0.006350394663604211,-0.004979496569632147,-0.008429705014114497,0.00345020844448235
08:41:00,135.314,135.317,135.312,135.316,0.027849218085464145,40.71121490774133,0.0049999999999954525,0.0010000000000047748,0.003999999999990678,0.00617034204178971,-0.003311747766559847,-0.007406113564603568,0.0040943657980437205
08:41:05,135.324,135.327,135.321,135.327,0.03828920420284021,40.575051445425,0.006000000000000227,0.0,0.006000000000000227,0.006814296436217173,-0.0010898733736155464,-0.006142865526405964,0.0050529921527904175
08:41:10,135.327,135.328,135.326,135.326,0.044867524306823725,41.117470532317384,0.0020000000000095497,0.0020000000000095497,0.0,0.006172390244722823,0.0005835595367784663,-0.004797580513769078,0.005381140050547544
08:41:15,135.324,135.328,135.324,135.328,0.05104219101616536,40.009914574353104,0.003999999999990678,0.0,0.003999999999990678,0.005882738212091871,0.0020475476057697506,-0.003428554889861312,0.005476102495631062
08:41:20,135.328,135.329,135.324,135.326,0.054803380615453534,39.03596130981332,0.0049999999999954525,0.0030000000000143245,0.001999999999981128,0.005765039783812349,0.003011668769715925,-0.0021405101579458647,0.00515217892766179
08:41:25,135.324,135.324,135.32,135.32,0.05640268751091071,35.62768566710753,0.004000000000019099,0.004000000000019099,0.0,0.0057963678126374,0.0032540808637691043,-0.001061591953602871,0.004315672817371975
08:41:30,135.32,135.332,135.317,135.328,0.059667499753743414,33.49112649763607,0.014999999999986358,0.003999999999990678,0.01099999999999568,0.007023518770950595,0.004045097964649358,-4.0253969952425096e-05,0.004085351934601783
08:41:35,135.328,135.336,135.327,135.336,0.06483533799689667,34.785404373151984,0.009000000000014552,0.0,0.009000000000014552,0.007287049601492456,0.0052569193631768485,0.0010191806966734296,0.004237738666503419
08:41:40,135.336,135.338,135.334,135.335,0.06801207323547942,37.45488061589918,0.003999999999990678,0.002999999999985903,0.0010000000000047748,0.006848776321292219,0.006066672090099701,0.002028678975358684,0.004037993114741017
08:41:45,135.334,135.335,135.331,135.331,0.0689197855671182,39.971457695923746,0.004000000000019099,0.004000000000019099,0.0,0.0064689394784558036,0.006312869558882994,0.0028855170920635462,0.003427352466819448
08:41:50,135.331,135.331,135.325,135.325,0.06772576280758358,39.466264836920914,0.006000000000000227,0.006000000000000227,0.0,0.006406414214661727,0.005955185301530719,0.0034994507339569806,0.0024557345675737382
08:41:55,135.325,135.327,135.32,135.326,0.06341044244459226,39.42248413385452,0.007000000000005002,0.0010000000000047748,0.006000000000000227,0.006485558986040831,0.005686855067978058,0.003936931600761196,0.001749923467216862
08:42:00,135.326,135.329,135.326,135.327,0.05775410671617465,38.807919183156415,0.0030000000000143245,0.0020000000000095497,0.0010000000000047748,0.006020817787903964,0.005491589442641498,0.004247863169137257,0.0012437262735042406
08:42:05,135.327,135.328,135.325,135.325,0.0536656314643551,36.48463111483073,0.0030000000000143245,0.0030000000000143245,0.0,0.005618042082852012,0.005116477178404466,0.0044215859709907,0.0006948912074137663
08:42:10,135.325,135.335,135.325,135.333,0.050417624324893495,34.99506472443226,0.010000000000019327,0.0020000000000095497,0.008000000000009777,0.006202303138474321,0.0054024550092606205,0.004617759778644684,0.0007846952306159363
08:42:15,135.333,135.336,135.333,135.334,0.04637785315867404,32.58842723281008,0.0030000000000143245,0.0020000000000095497,0.0010000000000047748,0.0057753293866796545,0.005644717355266948,0.004823151293969137,0.0008215660612978116
08:42:20,135.334,135.336,135.333,135.334,0.041110889841945664,30.090763397479318,0.0030000000000143245,0.0020000000000095497,0.0010000000000047748,0.0054052854684576105,0.005770196773283942,0.005012560389832098,0.000757636383451844
08:42:25,135.334,135.336,135.334,135.335,0.03501277962789118,28.35178324225879,0.0020000000000095497,0.0010000000000047748,0.0010000000000047748,0.00495124740599787,0.005882521710219635,0.005186552653909606,0.000695969056310029
08:42:30,135.329,135.331,135.329,135.331,0.024983362893578942,24.89344675449757,0.001999999999981128,0.0,0.001999999999981128,0.005091081085198184,0.0055843999746798545,0.005266122118063656,0.0003182778566161986
08:42:35,135.331,135.335,135.331,135.335,0.02151719019985876,23.8595199667463,0.004000000000019099,0.0,0.004000000000019099,0.004945603607174307,0.005606277247665048,0.0053341531439839345,0.0002721241036811135
08:42:40,135.333,135.337,135.331,135.333,0.018023376644578093,22.09808448513674,0.006000000000000227,0.003999999999990678,0.0020000000000095497,0.00508618979288443,0.005399984202313135,0.005347319355649775,5.266484666336009e-05
08:42:45,135.333,135.337,135.332,135.337,0.018934791157960262,19.856986612967837,0.0049999999999954525,0.0,0.0049999999999954525,0.005074697820499233,0.005495908634571833,0.0053770372114341864,0.00011887142313764688
08:42:50,135.337,135.34,135.336,135.336,0.019155870348924964,18.230570474980517,0.003999999999990678,0.003999999999990678,0.0,0.004931404777764759,0.005428659587067841,0.005387361686560918,4.1297900506923405e-05
08:42:55,135.336,135.338,135.333,135.333,0.019073265952272322,16.36133352800003,0.0049999999999954525,0.0049999999999954525,0.0,0.004940550807395519,0.005074790281071273,0.0053248474054629884,-0.0002500571243917154
08:43:00,135.331,135.348,135.331,135.348,0.023785001916905912,18.68472368743122,0.01700000000002433,0.0,0.01700000000002433,0.006548477366412694,0.005936291078000977,0.005447136139970586,0.0004891549380303907
08:43:05,135.348,135.348,135.34,135.344,0.023182570593803575,21.567878350692492,0.008000000000009777,0.004000000000019099,0.003999999999990678,0.006742013717558972,0.006224517729975787,0.005602612457971627,0.0006219052720041604
08:43:10,135.344,135.345,135.342,135.342,0.02385923633062248,25.770921324684227,0.002999999999985903,0.002999999999985903,0.0,0.006243078555215897,0.006219857497427483,0.005726061465862799,0.0004937960315646844
08:43:15,135.343,135.343,135.338,135.338,0.024066574338405644,27.721529502958308,0.0049999999999954525,0.0049999999999954525,0.0,0.006077334747853171,0.00582623643205693,0.005746096459101626,8.013997295530477e-05
08:43:20,135.338,135.347,135.338,135.347,0.026694371580276766,29.16319996777292,0.009000000000014552,0.0,0.009000000000014552,0.006467023448141355,0.006169396720650866,0.005830756511411474,0.00033864020923939173
08:43:25,135.347,135.349,135.347,135.348,0.028945684168036223,30.79847543259998,0.001999999999981128,0.0009999999999763531,0.0010000000000047748,0.005871420321719992,0.006447720061061091,0.005954149221341398,0.0004935708397196927
08:43:30,135.348,135.35,135.347,135.35,0.02989384728721234,32.63121880480367,0.002999999999985903,0.0,0.002999999999985903,0.005488564278822114,0.006751845526480338,0.006113688482369186,0.0006381570441111517
08:43:35,135.351,135.357,135.351,135.352,0.031008318074896124,35.52145461078856,0.006000000000000227,0.0049999999999954525,0.0010000000000047748,0.005690089041646499,0.007072720514770481,0.0063054948888494455,0.0007672256259210353
08:43:40,135.352,135.352,135.346,135.349,0.030617504459087286,37.655963121508385,0.006000000000000227,0.0030000000000143245,0.002999999999985903,0.005731410502760329,0.007004201254716236,0.006445236162022804,0.0005589650926934317
08:43:45,135.349,135.349,135.345,135.346,0.028071337701476295,38.523249029168845,0.003999999999990678,0.002999999999985903,0.0010000000000047748,0.00550055576905771,0.006631381877127751,0.006482465305043794,0.00014891657208395727
08:43:50,135.346,135.346,135.34,135.342,0.027256288513001437,37.02101235193259,0.006000000000000227,0.003999999999990678,0.0020000000000095497,0.005567148333183379,0.00594462730063583,0.006374897704162202,-0.000430270403526372
08:43:55,135.342,135.354,135.342,135.353,0.028588551266182094,37.43010873992511,0.012000000000000455,0.0010000000000047748,0.01099999999999568,0.00642486188875899,0.006216319557807992,0.00634318207489136,-0.0001268625170833676
******
06:36:35,136.369,136.37,136.369,136.369,0.04884303538136692,53.681439347619865,0.0010000000000047748,0.0010000000000047748,0.0,0.005196092076598152,-0.007184453129696067,-0.00619526399142312,-0.0009891891382729466
06:36:40,136.369,136.369,136.365,136.367,0.04760539553677745,49.50074727515945,0.003999999999990678,0.0020000000000095497,0.001999999999981128,0.005036613133050489,-0.006993451973357878,-0.006354901587810073,-0.0006385503855478054
06:36:45,136.366,136.378,136.366,136.378,0.04581840586263297,46.78955958615531,0.011999999999972033,0.0,0.011999999999972033,0.005965064715306695,-0.005886616856884075,-0.006261244641624873,0.00037462778474079816
06:36:50,136.379,136.379,136.373,136.374,0.04347582510342818,46.930037060826656,0.006000000000000227,0.0049999999999954525,0.0010000000000047748,0.005969722753265832,-0.005271442713137731,-0.0060632842559274445,0.0007918415427897139
06:36:55,136.375,136.375,136.365,136.365,0.042836285651617345,46.177679515660294,0.009999999999990905,0.009999999999990905,0.0,0.006507093052829175,-0.005447343965585105,-0.005940096197858977,0.000492752232273872
06:37:00,136.365,136.372,136.361,136.367,0.04235737678880014,44.86057584880113,0.011000000000024102,0.005000000000023874,0.006000000000000227,0.007106147312455165,-0.005363536183722317,-0.005824784195031646,0.0004612480113093285
06:37:05,136.366,136.37,136.366,136.37,0.04107810275951351,42.704640128717585,0.003999999999990678,0.0,0.003999999999990678,0.006691994337459901,-0.004997435657372762,-0.005659314487499869,0.0006618788301271071
06:37:10,136.369,136.369,136.368,136.369,0.0392878714378071,40.813223931862005,0.0010000000000047748,0.0,0.0010000000000047748,0.006066395092466521,-0.004733426006708896,-0.005474136791341675,0.0007407107846327783
06:37:15,136.37,136.371,136.368,136.368,0.036418040642217875,37.21604059005619,0.0030000000000143245,0.0030000000000143245,0.0,0.0056575424134728955,-0.004552410741894164,-0.005289791581452173,0.0007373808395580092
06:37:20,136.368,136.372,136.366,136.366,0.031954573019390864,33.829689969038675,0.006000000000000227,0.006000000000000227,0.0,0.005703203425009873,-0.004518254500311514,-0.005135484165224042,0.0006172296649125282
06:37:25,136.361,136.367,136.361,136.367,0.02576329498396035,32.43413372671029,0.006000000000000227,0.0,0.006000000000000227,0.005742776301675254,-0.004360231752627897,-0.004980433682704813,0.0006202019300769164
06:37:30,136.359,136.363,136.357,136.363,0.02114212557182782,34.206028293861216,0.006000000000000227,0.0,0.006000000000000227,0.006310406128117341,-0.004505823824928257,-0.0048855117111495025,0.0003796878862212458
06:37:35,136.363,136.363,136.36,136.36,0.020625992799352844,36.71070312606235,0.002999999999985903,0.002999999999985903,0.0,0.005869018644366483,-0.004807859507508283,-0.004869981270421259,6.21217629129759e-05
06:37:40,136.36,136.36,136.354,136.358,0.02088565360065786,39.31499806218434,0.006000000000000227,0.0020000000000095497,0.003999999999990678,0.00588648282511765,-0.005149250888365486,-0.004925835194010105,-0.0002234156943553816
06:37:45,136.357,136.357,136.353,136.354,0.023449834473922238,42.42102930533196,0.003999999999990678,0.002999999999985903,0.0010000000000047748,0.005768285115101357,-0.005677130165224753,-0.0050760941882530344,-0.0006010359769717186
06:37:50,136.353,136.353,136.349,136.351,0.02577963292401364,45.05395335022365,0.004000000000019099,0.0020000000000095497,0.0020000000000095497,0.005665847099757693,-0.006265330394512603,-0.005313941429504948,-0.0009513889650076546
06:37:55,136.352,136.354,136.351,136.351,0.028083334635027768,49.98582844391622,0.0030000000000143245,0.0030000000000143245,0.0,0.005310400819791911,-0.006654771253408853,-0.005582107394285729,-0.001072663859123124
06:38:00,136.351,136.354,136.349,136.351,0.030690989591676043,54.878945143214146,0.005000000000023874,0.0030000000000143245,0.0020000000000095497,0.00526901404382284,-0.006884050886412751,-0.005842496092711134,-0.0010415547937016175
06:38:05,136.35,136.355,136.347,136.355,0.03169326675981665,58.69086438530682,0.007999999999981355,0.0,0.007999999999981355,0.005633145504643975,-0.006666146885038415,-0.00600722625117659,-0.0006589206338618253
06:38:10,136.357,136.357,136.355,136.356,0.031959843224910855,60.43731476267252,0.0020000000000095497,0.0010000000000047748,0.0010000000000047748,0.005148726104026052,-0.006339684811223378,-0.006073717963185949,-0.00026596684803742963
06:38:15,136.356,136.358,136.356,136.358,0.03171982610979285,60.77862296887458,0.0020000000000095497,0.0,0.0020000000000095497,0.004728895956823852,-0.005852118402259521,-0.006029398051000664,0.00017727964874114308
06:38:20,136.358,136.359,136.348,136.349,0.03355435496109749,61.95592432788315,0.01099999999999568,0.010000000000019327,0.0009999999999763531,0.005565043162580096,-0.006121379837935592,-0.00604779440838765,-7.35854295479425e-05
06:38:25,136.349,136.35,136.348,136.35,0.03122482143578509,64.19547122571893,0.001999999999981128,0.0,0.001999999999981128,0.005089704074233567,-0.006182808258074601,-0.00607479717832504,-0.00010801107974956099
06:38:30,136.347,136.35,136.347,136.347,0.030431977641455887,66.08787274059841,0.002999999999985903,0.002999999999985903,0.0,0.004811076864333879,-0.006399792823600592,-0.006139796307380151,-0.0002599965162204407
06:38:35,136.347,136.35,136.346,136.348,0.031278713124891055,67.1570303054089,0.003999999999990678,0.001999999999981128,0.0020000000000095497,0.004702933282421453,-0.006417090784367474,-0.006195255202777616,-0.00022183558158985796
06:38:40,136.348,136.351,136.347,136.347,0.03149335769586514,66.87677881703146,0.003999999999990678,0.003999999999990678,0.0,0.004609208844764017,-0.006437286157819244,-0.006243661393785942,-0.00019362476403330178
06:38:45,136.346,136.349,136.346,136.349,0.029686786002741883,66.80160759737795,0.002999999999985903,0.0,0.002999999999985903,0.004394647665460268,-0.006220205197877249,-0.006238970154604204,1.876495672695558e-05
06:38:50,136.349,136.349,136.34,136.344,0.028768403720846436,66.92808488547371,0.00899999999998613,0.0049999999999954525,0.003999999999990678,0.00500869464339705,-0.006378102392261553,-0.0062667966021356745,-0.0001113057901258787
06:38:55,136.343,136.345,136.341,136.341,0.028310310563881558,66.83728774600353,0.003999999999990678,0.003999999999990678,0.0,0.004874202024276201,-0.0066684423321135,-0.0063471257481312405,-0.00032131658398225956
06:39:00,136.341,136.342,136.338,136.338,0.028764744503121165,66.77872947918941,0.004000000000019099,0.004000000000019099,0.0,0.004757641754375255,-0.007059239238458304,-0.006489548446196654,-0.0005696907922616498
06:39:05,136.338,136.338,136.326,136.329,0.03182782628971381,68.09191530355139,0.012000000000000455,0.00899999999998613,0.0030000000000143245,0.005723289520458615,-0.008002920697975924,-0.006792222896552508,-0.0012106978014234156
06:39:10,136.329,136.33,136.325,136.329,0.03450400434439871,69.22017724602726,0.005000000000023874,0.0010000000000047748,0.004000000000019099,0.0056268509177339835,-0.008651070893364476,-0.007163992495914902,-0.0014870783974495743
06:39:15,136.33,136.33,136.326,136.328,0.03710071640688284,70.14289732115314,0.004000000000019099,0.0020000000000095497,0.0020000000000095497,0.005409937462038666,-0.00914006525277955,-0.007559207047287832,-0.0015808582054917183
06:39:20,136.328,136.329,136.327,136.327,0.03940398056312233,72.4235247292871,0.0020000000000095497,0.0020000000000095497,0.0,0.004955279133768117,-0.009498792283608282,-0.007947124094551922,-0.00155166818905636
06:39:25,136.329,136.331,136.328,136.328,0.041276474757808046,73.80059921557428,0.002999999999985903,0.002999999999985903,0.0,0.004827908582597793,-0.009591825800271181,-0.008276064435695774,-0.0013157613645754067
06:39:30,136.326,136.328,136.323,136.324,0.044266656098159274,74.45181651026714,0.0049999999999954525,0.003999999999990678,0.0010000000000047748,0.004850854104917481,-0.009874495070590683,-0.008595750562674757,-0.0012787445079159264
06:39:35,136.324,136.328,136.322,136.322,0.04706099066225988,75.2007815339205,0.006000000000000227,0.006000000000000227,0.0,0.005004073557595181,-0.010142973899803565,-0.00890519523010052,-0.001237778669703045
06:39:40,136.322,136.323,136.32,136.321,0.049289691459989626,76.00419187345865,0.0030000000000143245,0.0020000000000095497,0.0010000000000047748,0.004736863749917734,-0.010317503194499977,-0.009187656822980412,-0.0011298463715195654
06:39:45,136.323,136.325,136.32,136.324,0.04887750532020618,75.20563269882624,0.0049999999999954525,0.0009999999999763531,0.004000000000019099,0.00477194858326143,-0.010097348047082733,-0.009369595067800876,-0.0007277529792818569
06:39:50,136.324,136.324,136.318,136.319,0.048573763765318745,75.5376455773186,0.006000000000000227,0.005000000000023874,0.0009999999999763531,0.004935688772159937,-0.010208652725935963,-0.009537406599427894,-0.0006712461265080683
06:39:55,136.319,136.326,136.317,136.317,0.04681834997899159,74.28010570752727,0.00899999999998613,0.00899999999998613,0.0,0.005477596935870096,-0.010339063483144173,-0.00969773797617115,-0.0006413255069730225
06:40:00,136.317,136.321,136.317,136.32,0.04620138981755417,72.1306736471801,0.003999999999990678,0.0010000000000047748,0.002999999999985903,0.005280584011086174,-0.010084096828705924,-0.009775009746678106,-0.0003090870820278181
06:40:05,136.322,136.325,136.319,136.319,0.04466436233934701,67.63582106486305,0.006000000000000227,0.006000000000000227,0.0,0.005376506142941381,-0.009849190226788096,-0.009789845842700106,-5.934438408798995e-05
06:40:10,136.317,136.324,136.317,136.323,0.04255572198547952,63.557809279971664,0.007000000000005002,0.0010000000000047748,0.006000000000000227,0.005592971990549863,-0.009233816789645743,-0.009678640032089235,0.00044482324244349107
06:40:15,136.323,136.33,136.318,136.33,0.038986637387210976,58.36666049924731,0.012000000000000455,0.0,0.012000000000000455,0.006447242391809942,-0.008088053364076586,-0.009360522698486706,0.0012724693344101194
06:40:20,136.33,136.331,136.319,136.319,0.035999415200251406,53.46506624139409,0.012000000000000455,0.012000000000000455,0.0,0.0071876100729020105,-0.007975696795739395,-0.009083557517937244,0.0011078607221978488
06:40:25,136.319,136.321,136.319,136.321,0.030193062988985275,48.56347198354087,0.0020000000000095497,0.0,0.0020000000000095497,0.006495928729849683,-0.0076372328541935985,-0.008794292585188516,0.0011570597309949176
06:40:30,136.321,136.323,136.32,136.321,0.025364708180461548,44.380740385884906,0.0030000000000143245,0.0020000000000095497,0.0010000000000047748,0.006029804899204969,-0.007285020559805844,-0.008492438180111982,0.0012074176203061386
06:40:35,136.321,136.322,136.32,136.32,0.020743039416629472,41.75904778599816,0.0020000000000095497,0.0020000000000095497,0.0,0.0054924975793122464,-0.007005822658953775,-0.008195115075880341,0.001189292416926566
06:40:40,136.32,136.321,136.314,136.314,0.017976592968864225,37.36679860381836,0.007000000000005002,0.007000000000005002,0.0,0.005693497902071281,-0.007185871908603758,-0.007993266442425026,0.0008073945338212679
06:40:45,136.314,136.315,136.314,136.315,0.018237035771107912,32.876801692678036,0.0010000000000047748,0.0,0.0010000000000047748,0.005067698181795747,-0.0071652737775877995,-0.00782766790945758,0.0006623941318697809
06:40:50,136.315,136.319,136.314,136.317,0.01753072490868135,28.1247214857305,0.0049999999999954525,0.001999999999981128,0.0030000000000143245,0.005058671757555708,-0.006907935939580057,-0.007643721515482076,0.0007357855759020197
06:40:55,136.317,136.319,136.317,136.318,0.016643633207650055,24.836390523602205,0.001999999999981128,0.0009999999999763531,0.0010000000000047748,0.004650848856545765,-0.006547822978888007,-0.0074245418081632635,0.0008767188292752564
06:41:00,136.317,136.319,136.315,136.317,0.01597234452134444,20.482710669214217,0.003999999999990678,0.001999999999981128,0.0020000000000095497,0.004564069009005087,-0.0062708362093246706,-0.007193800688395545,0.0009229644790708742
06:41:05,136.317,136.325,136.317,136.325,0.01497225504351718,19.46671339088866,0.007999999999981355,0.0,0.007999999999981355,0.005022193141135256,-0.00534418462396502,-0.006823877475509441,0.0014796928515444204
06:41:10,136.322,136.324,136.322,136.324,0.01497225504351718,18.12841974236274,0.0020000000000095497,0.0,0.0020000000000095497,0.004752567388982009,-0.0046370452380131155,-0.006386511028010176,0.0017494657899970604
06:41:15,136.324,136.333,136.324,136.331,0.017740824167447045,21.395900365427575,0.00899999999998613,0.0020000000000095497,0.0069999999999765805,0.005318891737115892,-0.0034717702748139345,-0.0058035628773709285,0.002331792602556994
06:41:20,136.331,136.331,136.324,136.324,0.017977764044360356,23.875989826016106,0.0069999999999765805,0.0069999999999765805,0.0,0.005543039505497317,-0.0030776457848560312,-0.005258379458867949,0.002180733674011918
06:41:25,136.324,136.337,136.324,136.337,0.022940655706520374,27.56379518150253,0.012999999999976808,0.0,0.012999999999976808,0.00653730090476125,-0.0016967488678005793,-0.0045460533406544755,0.002849304472853896
06:41:30,136.337,136.337,136.333,136.333,0.0249589136072359,30.92527436525824,0.003999999999990678,0.003999999999990678,0.0,0.0061989941174585075,-0.0009146017234513693,-0.0038197630172138544,0.002905161293762485
06:41:35,136.333,136.34,136.333,136.34,0.02903065530438198,34.63796446638242,0.007000000000005002,0.0,0.007000000000005002,0.006305794901798041,0.00026701899329850676,-0.0030024066151113824,0.003269425608409889
06:41:40,136.34,136.34,136.33,136.336,0.030918568769720878,35.836274831276846,0.009999999999990905,0.003999999999990678,0.006000000000000227,0.00679835558155709,0.0008706589395615083,-0.0022277935041768045,0.003098452443738313
06:41:45,136.336,136.338,136.333,136.335,0.0319473250676765,36.55155886426103,0.0049999999999954525,0.002999999999985903,0.0020000000000095497,0.006558574837348872,0.0012539021004158712,-0.0015314543832582693,0.002785356483674141
06:41:50,136.335,136.335,136.331,136.333,0.03266416030533037,37.16375499603604,0.004000000000019099,0.0020000000000095497,0.0020000000000095497,0.006217431525704902,0.0013803301939674384,-0.000949097467813128,0.0023294276617805663
06:41:55,136.333,136.335,136.333,136.335,0.03353866582460796,37.77595112781104,0.0020000000000095497,0.0,0.0020000000000095497,0.005655107322278856,0.0016231974445304331,-0.0004346384853444157,0.002057835929874849
06:42:00,136.335,136.335,136.333,136.333,0.033503495497598124,38.46088703862385,0.0020000000000095497,0.0020000000000095497,0.0,0.005167759679309616,0.0016354359178478717,-2.062360470595821e-05,0.00165605952255383
06:42:05,136.333,136.333,136.326,136.332,0.0334412288874546,39.54350728418897,0.007000000000005002,0.0010000000000047748,0.006000000000000227,0.005412058388735668,0.0015466149391727413,0.0002928241040697817,0.0012537908351029595
06:42:10,136.333,136.334,136.331,136.334,0.03349846815081037,40.77249479660249,0.0030000000000143245,0.0,0.0030000000000143245,0.005090450603572823,0.0016189447713657046,0.0005580482375289663,0.0010608965338367382
06:42:15,136.333,136.333,136.33,136.333,0.033012916133088765,40.43669906458236,0.002999999999985903,0.0,0.002999999999985903,0.00494505718976187,0.001577391850503318,0.0007619169601238366,0.0008154748903794814
06:42:20,136.333,136.333,136.332,136.332,0.030257839350099403,40.4231997027626,0.0010000000000047748,0.0010000000000047748,0.0,0.004419049564460925,0.0014470880879855486,0.000898951185696179,0.0005481369022893696
06:42:25,136.332,136.336,136.329,136.336,0.027678606597703492,36.5958333422845,0.007000000000005002,0.0,0.007000000000005002,0.004763176289200135,0.0016475955323187463,0.0010486800550206926,0.0005989154772980537
06:42:30,136.336,136.339,136.336,136.338,0.025500464392678168,34.15403421495719,0.002999999999985903,0.0010000000000047748,0.001999999999981128,0.004528086117304904,0.0019454564014438347,0.001228035324305321,0.0007174210771385137
06:42:35,136.339,136.343,136.339,136.339,0.023079724527065082,32.18601221215785,0.003999999999990678,0.003999999999990678,0.0,0.004591007968330311,0.002236424815691862,0.0014297132225826294,0.0008067115931092326
06:42:40,136.338,136.338,136.329,136.329,0.018375040280147914,28.594390942893945,0.00899999999998613,0.00899999999998613,0.0,0.005312206905885057,0.0016411844016204213,0.0014720074583901878,0.00016917694323023355
06:42:45,136.329,136.331,136.329,136.329,0.017230328219795865,24.65155875626157,0.001999999999981128,0.001999999999981128,0.0,0.0048705793184312,0.001156124995702612,0.0014088309658526728,-0.00025270597015006075
06:42:50,136.329,136.331,136.329,136.329,0.015486496665857885,22.504243645661692,0.001999999999981128,0.001999999999981128,0.0,0.004487835409304523,0.0007629174839678399,0.0012796482694757063,-0.0005167307855078664
06:42:55,136.329,136.333,136.328,136.328,0.016098381743859136,19.925145057766024,0.0049999999999954525,0.0049999999999954525,0.0,0.004556124021396647,0.00036638262454857795,0.0010969951404902808,-0.0007306125159417028
06:43:00,136.333,136.334,136.328,136.33,0.013945759590683338,18.519870746233043,0.006000000000000227,0.003999999999990678,0.0020000000000095497,0.004748640818543792,0.00021107602384518032,0.0009198113171612608,-0.0007087352933160805
06:43:05,136.33,136.337,136.33,136.334,0.013573968896878341,18.30690387416078,0.0069999999999765805,0.002999999999985903,0.003999999999990678,0.00504882204273483,0.0004060799575142937,0.0008170650452318674,-0.00041098508771757365
06:43:10,136.334,136.337,136.333,136.337,0.013941230030809493,18.09393700208852,0.003999999999990678,0.0,0.003999999999990678,0.004908979103702277,0.0007935493647437397,0.0008123619091342419,-1.8812544390502182e-05
06:43:15,136.337,136.345,136.336,136.345,0.01637841969221654,19.66689984345112,0.00899999999998613,0.0,0.00899999999998613,0.005454448556540124,0.0017262556026764742,0.0009951406478426884,0.0007311149548337858
06:43:20,136.345,136.349,136.345,136.348,0.020661685874927116,22.45658949367648,0.003999999999990678,0.0009999999999763531,0.0030000000000143245,0.005260522082333532,0.002676652164012694,0.0013314429510766896,0.0013452092129360043
06:43:25,136.348,136.348,136.347,136.348,0.023961372424309957,24.697115509628492,0.0010000000000047748,0.0,0.0010000000000047748,0.004692452471356364,0.00339076169595387,0.0017433067000521257,0.0016474549959017443
06:43:30,136.348,136.35,136.347,136.35,0.027298737199146217,27.285118440785816,0.002999999999985903,0.0,0.002999999999985903,0.004466792141840303,0.004071152221570173,0.0022088758043557356,0.0018622764172144379
06:43:35,136.352,136.36,136.349,136.36,0.03471629376343799,32.633636606356035,0.011000000000024102,0.0,0.011000000000024102,0.005337886522931477,0.005355547622315271,0.0028382101679476426,0.0025173374543676283
06:43:40,136.36,136.362,136.355,136.355,0.0379051447700931,36.73609296722001,0.007000000000005002,0.007000000000005002,0.0,0.0055595016532079475,0.005901948034590987,0.0034509577412763118,0.002450990293314675
06:43:45,136.355,136.363,136.355,136.363,0.043320591919439266,39.59555760361443,0.008000000000009777,0.0,0.008000000000009777,0.005884901432781526,0.006900957496839055,0.0041409576923888605,0.002759999804450195
06:43:50,136.363,136.368,136.363,136.365,0.04837398169786411,44.38564754672506,0.0049999999999954525,0.002999999999985903,0.0020000000000095497,0.005766914575076716,0.007764557987229637,0.004865677751357016,0.0028988802358726204
06:43:55,136.364,136.366,136.364,136.365,0.052024285827258154,49.838616293480264,0.0020000000000095497,0.0010000000000047748,0.0010000000000047748,0.005264659298401094,0.008352683066732425,0.005563078814432098,0.0027896042523003267
06:44:00,136.364,136.364,136.358,136.359,0.05281586683486239,51.7199062067507,0.006000000000000227,0.0049999999999954525,0.0010000000000047748,0.00549603805861495,0.008239645074127111,0.006098392066371101,0.0021412530077560103
06:44:05,136.359,136.366,136.359,136.366,0.055566366200082484,54.88534740067644,0.007000000000005002,0.0,0.007000000000005002,0.005696566317466957,0.00861558801358342,0.0066018312558135655,0.002013756757769854
06:44:10,136.368,136.373,136.368,136.369,0.05870748181541785,59.145574949209504,0.0049999999999954525,0.003999999999990678,0.0010000000000047748,0.005870357475134907,0.009051263102719531,0.007091717625194759,0.0019595454775247724
06:44:15,136.369,136.376,136.369,136.376,0.06339018685514475,62.53088048207835,0.007000000000005002,0.0,0.007000000000005002,0.00602097647845092,0.009847860245486117,0.007642946149253031,0.0022049140962330863
06:44:20,136.376,136.378,136.374,136.378,0.06532960963295409,66.11396322267858,0.003999999999990678,0.0,0.003999999999990678,0.005751512947989555,0.010519292647956036,0.008218215448993633,0.0023010771989624024
06:44:25,136.378,136.378,136.376,136.378,0.06569178431414002,67.51343191509166,0.001999999999981128,0.0,0.001999999999981128,0.005251311221588432,0.01092546569665842,0.008759665498526591,0.0021658001981318294
06:44:30,136.378,136.39,136.378,136.387,0.06745259544044302,69.14264033872578,0.012000000000000455,0.002999999999985903,0.009000000000014552,0.006151136392043369,0.011837134430578544,0.009375159284936983,0.0024619751456415612
06:44:35,136.388,136.391,136.386,136.389,0.06739545510265543,70.98132460508415,0.0049999999999954525,0.001999999999981128,0.0030000000000143245,0.005997651539770314,0.012576052846839048,0.010015337997317396,0.0025607148495216513
06:44:40,136.389,136.392,136.386,136.386,0.06490024734426925,72.52449246927863,0.006000000000000227,0.006000000000000227,0.0,0.005997964667800969,0.01277234445106501,0.01056673928806692,0.00220560516299809
06:44:45,136.386,136.393,136.386,136.393,0.06422690041512169,73.03909892481246,0.007000000000005002,0.0,0.007000000000005002,0.0061315693787615064,0.01333898494496566,0.011121188419446669,0.0022177965255189905
06:44:50,136.393,136.394,136.39,136.39,0.06162022907841447,73.47175303194102,0.004000000000019099,0.004000000000019099,0.0,0.005847360128262519,0.013391606586111493,0.011575272052779636,0.0018163345333318572
06:44:55,136.39,136.399,136.39,136.399,0.06318694069017283,74.07979123994616,0.009000000000014552,0.0,0.009000000000014552,0.00626771211116279,0.013998172184301438,0.012059852079083997,0.001938320105217441
06:45:00,136.399,136.404,136.392,136.404,0.06567543801151032,74.55676003588225,0.012000000000000455,0.0,0.012000000000000455,0.007032017163007812,0.014712738710727535,0.012590429405412705,0.00212230930531483
06:45:05,136.404,136.404,136.391,136.391,0.06252612085830833,73.76128301970752,0.01300000000000523,0.01300000000000523,0.0,0.007827748207940802,0.014067880704772051,0.012885919665284577,0.0011819610394874745
06:45:10,136.391,136.392,136.387,136.39,0.05854768636817198,74.31094322919077,0.0049999999999954525,0.0020000000000095497,0.002999999999985903,0.0074507151135480894,0.013322560264754202,0.012973247785178502,0.0003493124795756995
06:45:15,136.391,136.392,136.39,136.391,0.05700009233714809,74.49126196722474,0.0020000000000095497,0.0010000000000047748,0.0010000000000047748,0.006723953098409618,0.012666567780229343,0.01291191178418867,-0.00024534400395932743
06:45:20,136.391,136.396,136.388,136.396,0.05374207408027587,74.33377126284941,0.007999999999981355,0.0,0.007999999999981355,0.006894092685285849,0.012407125602550195,0.012810954547860975,-0.0004038289453107795
06:45:25,136.396,136.397,136.391,136.391,0.05129522395054664,74.00492526033814,0.006000000000000227,0.006000000000000227,0.0,0.006774880327247766,0.011663606795508485,0.012581484997390478,-0.0009178782018819925
06:45:30,136.391,136.396,136.384,136.396,0.04952149985120968,70.11091680350256,0.012000000000000455,0.0,0.012000000000000455,0.007471562950281458,0.011347019618540344,0.012334591921620452,-0.0009875723030801087
06:45:35,136.396,136.4,136.39,136.39,0.04607499607493537,67.19824682362785,0.010000000000019327,0.010000000000019327,0.0,0.007808687890246507,0.010491037988543894,0.011965881135005142,-0.0014748431464612476
06:45:40,136.39,136.394,136.39,136.394,0.03891366963375731,63.4122092787194,0.004000000000019099,0.0,0.004000000000019099,0.0073008628382161865,0.010019929440943542,0.011576690796192822,-0.00155676135524928
06:45:45,136.394,136.399,136.393,136.396,0.0337320712637279,60.65782289308726,0.006000000000000227,0.0030000000000143245,0.002999999999985903,0.0071274144597873925,0.009696184231927418,0.011200589483339744,-0.0015044052514123253
06:45:50,136.398,136.405,136.393,136.396,0.028328152264009532,58.764003069350686,0.012000000000000455,0.009000000000014552,0.002999999999985903,0.007777092531815801,0.009332039874664133,0.010826879561604622,-0.0014948396869404884
06:45:55,136.396,136.4,136.395,136.397,0.02531153263601027,57.880771357321066,0.0049999999999954525,0.0030000000000143245,0.001999999999981128,0.0074068135275730885,0.009020165636059119,0.010465536776495522,-0.001445371140436403
06:46:00,136.397,136.397,136.385,136.387,0.02234561066433116,52.5968154578897,0.012000000000000455,0.009999999999990905,0.0020000000000095497,0.008019238390563404,0.007875305014522382,0.009947490424100893,-0.0020721854095785107
06:46:05,136.387,136.387,136.381,136.382,0.02043217277690701,46.68199509313538,0.006000000000000227,0.0049999999999954525,0.0010000000000047748,0.00775000660515498,0.006489726977548571,0.009255937734790429,-0.0027662107572418576
06:46:10,136.382,136.388,136.382,136.387,0.02043217277690701,40.29830049976706,0.006000000000000227,0.0010000000000047748,0.0049999999999954525,0.007516672391134347,0.005729063535738987,0.008550562894980141,-0.002821499359241154
06:46:15,136.387,136.389,136.386,136.389,0.02043217277690701,34.69494913782287,0.0030000000000143245,0.0,0.0030000000000143245,0.0069144494056516785,0.005227357835906332,0.00788592188316538,-0.0026585640472590478
06:46:20,136.389,136.396,136.389,136.396,0.01980430575633818,33.10008730596352,0.0069999999999765805,0.0,0.0069999999999765805,0.006925856151561665,0.0053331170985586596,0.0073753609262440355,-0.002042243827685376
06:46:25,136.397,136.415,136.397,136.414,0.027456376886959788,33.79431865499769,0.018000000000000682,0.0010000000000047748,0.016999999999995907,0.008535741998020837,0.006791098092406855,0.0072585083594766,-0.0004674102670697445
06:46:30,136.414,136.416,136.41,136.416,0.03358947203759044,33.90826169673698,0.006000000000000227,0.0,0.006000000000000227,0.008197643064951424,0.008015543622121868,0.007409915412005654,0.0006056282101162139
06:46:35,136.417,136.419,136.416,136.417,0.03880314691764397,34.1072213312745,0.0030000000000143245,0.0020000000000095497,0.0010000000000047748,0.007504623989626477,0.008963293896158575,0.007720591108836239,0.0012427027873223358
06:46:40,136.422,136.427,136.42,136.421,0.0443388863447467,38.19133524872762,0.007000000000005002,0.006000000000000227,0.0010000000000047748,0.007837340791008401,0.009922775804369621,0.008161028047942916,0.0017617477564267053
06:46:45,136.42,136.421,136.419,136.42,0.04850783984585405,40.94142436755278,0.001999999999981128,0.0010000000000047748,0.0009999999999763531,0.007059028685538099,0.010481654498192938,0.00862515333799292,0.0018565011602000182
06:46:50,136.42,136.423,136.42,136.422,0.05220042347269782,43.83822952831388,0.0030000000000143245,0.0010000000000047748,0.0020000000000095497,0.006517824860801596,0.010959617526140164,0.009092046175622369,0.0018675713505177955
06:46:55,136.422,136.423,136.422,136.422,0.05503644725564527,45.65464446927875,0.0010000000000047748,0.0010000000000047748,0.0,0.00578211487936202,0.011209194057727245,0.009515475752043343,0.0016937183056839021
06:47:00,136.423,136.425,136.423,136.424,0.05830265860328154,46.72771856125595,0.0020000000000095497,0.0010000000000047748,0.0010000000000047748,0.0054111662287823275,0.011436535282655313,0.009899687658165738,0.0015368476244895755
06:47:05,136.422,136.429,136.422,136.428,0.06128587027166077,47.04179181683305,0.007000000000005002,0.0010000000000047748,0.006000000000000227,0.005623010731612017,0.011803409059666592,0.01028043193846591,0.0015229771212006814
06:47:10,136.428,136.433,136.425,136.425,0.06327583724589658,51.955333648877705,0.007999999999981355,0.007999999999981355,0.0,0.005939942634061262,0.011717017756069481,0.010567749101986625,0.0011492686540828558
06:47:15,136.424,136.425,136.419,136.419,0.06235247853277315,54.649930052222366,0.006000000000000227,0.006000000000000227,0.0,0.005947950282853123,0.011037172515301563,0.010661633784649615,0.0003755387306519486
06:47:20,136.418,136.423,136.418,136.423,0.062420981629657035,57.25353188353364,0.0049999999999954525,0.0,0.0049999999999954525,0.005821556911805434,0.010697838807942617,0.010668874789308216,2.8964018634400693e-05
06:47:25,136.422,136.44,136.422,136.44,0.06691864660467672,61.58450721127277,0.018000000000000682,0.0,0.018000000000000682,0.0074453493235648,0.011666191728892272,0.010868338177225028,0.0007978535516672443
06:47:30,136.44,136.446,136.44,136.446,0.07206868069488337,64.51265870469749,0.006000000000000227,0.0,0.006000000000000227,0.007252636080422857,0.012770557217038458,0.011248781985187715,0.001521775231850743
06:47:35,136.447,136.447,136.438,136.442,0.07446086927302531,64.50264458728104,0.009000000000014552,0.0049999999999954525,0.004000000000019099,0.007485617936368417,0.01317117909843546,0.011633261407837266,0.001537917690598193
06:47:40,136.442,136.446,136.442,136.445,0.07350359819520236,64.3270188370546,0.003999999999990678,0.0010000000000047748,0.002999999999985903,0.007020868878184719,0.0135742739730631,0.012021463920882432,0.0015528100521806677
06:47:45,136.445,136.449,136.445,136.448,0.06917985712522068,64.2123290273578,0.004000000000019099,0.0010000000000047748,0.0030000000000143245,0.00661808636109597,0.013974712704197145,0.012412113677545375,0.0015625990266517707
06:47:50,136.448,136.451,136.443,136.451,0.065333476550677,63.57987018133833,0.007999999999981355,0.0,0.007999999999981355,0.006802341512947355,0.014368507006906839,0.01280339234341767,0.0015651146634891692
06:47:55,136.451,136.451,136.443,136.444,0.05759056940610208,63.30009765698593,0.007999999999981355,0.007000000000005002,0.0009999999999763531,0.006962029311218555,0.013954887078739375,0.013033691290482012,0.0009211957882573635
06:48:00,136.445,136.452,136.443,136.45,0.0522064726810072,63.00169993981263,0.00899999999998613,0.0020000000000095497,0.0069999999999765805,0.007233758736387565,0.013950428307907714,0.013217038693967153,0.0007333896139405608
06:48:05,136.449,136.45,136.444,136.445,0.05113285070655138,63.4015879085278,0.006000000000000227,0.0049999999999954525,0.0010000000000047748,0.00706925757153592,0.013389095330097689,0.013251450021193262,0.00013764530890442682
06:48:10,136.445,136.446,136.444,136.446,0.05005933322001965,63.632289651293654,0.0020000000000095497,0.0,0.0020000000000095497,0.006393356561999071,0.012876494332346056,0.01317645888342382,-0.0002999645510777648
06:48:15,136.445,136.45,136.439,136.446,0.04851087778519059,60.026192725905375,0.01099999999999568,0.003999999999990678,0.007000000000005002,0.007007575687065285,0.012328143187858132,0.013006795744310684,-0.0006786525564525525
06:48:20,136.444,136.444,136.438,136.438,0.04662233483639966,55.615526746000285,0.006000000000000227,0.006000000000000227,0.0,0.007139898928791218,0.011119855046842986,0.012629407604817146,-0.0015095525579741607
06:48:25,136.438,136.442,136.436,136.436,0.04406693473777068,52.76839550452355,0.006000000000000227,0.006000000000000227,0.0,0.0069879124049524195,0.009886924394550078,0.012080910962763734,-0.002193986568213655
06:48:30,136.436,136.436,136.433,136.435,0.041817145820232327,51.18328422905888,0.0030000000000143245,0.0010000000000047748,0.0020000000000095497,0.0064561907509606735,0.008728509502930137,0.011410430670797016,-0.0026819211678668787
06:48:35,136.434,136.434,136.426,136.428,0.0402408538196255,49.65133077238959,0.008000000000009777,0.006000000000000227,0.0020000000000095497,0.0067953653175011905,0.007163044735932544,0.010560953483824121,-0.0033979087478915766
06:48:40,136.428,136.43,136.426,136.43,0.038822131511267344,47.74025322777668,0.004000000000019099,0.0,0.004000000000019099,0.006422649941836912,0.006014455021215781,0.009651653791302454,-0.0036371987700866727
06:48:45,136.428,136.432,136.426,136.43,0.038416553454112545,45.36620275473585,0.006000000000000227,0.001999999999981128,0.004000000000019099,0.006366296616258687,0.005046021996633954,0.008730527432368754,-0.0036845054357348
06:48:50,136.43,136.43,136.429,136.429,0.03739912749233554,44.39072787225148,0.0010000000000047748,0.0010000000000047748,0.0,0.0056507904007581655,0.004150001570025097,0.007814422259900023,-0.003664420689874926
06:48:55,136.43,136.43,136.422,136.422,0.03615405633973978,44.561131408567846,0.008000000000009777,0.008000000000009777,0.0,0.005964018347325047,0.0028422932406897417,0.0068199964560579675,-0.003977703215368226
06:49:00,136.424,136.425,136.42,136.422,0.03652886386242926,44.99870633030374,0.005000000000023874,0.0030000000000143245,0.0020000000000095497,0.005835482567684891,0.0017853446266258288,0.00581306609017154,-0.004027721463545711
06:49:05,136.424,136.432,136.424,136.432,0.036977945067235396,41.76206741645025,0.007999999999981355,0.0,0.007999999999981355,0.006390751558659026,0.0017346259731425562,0.004997378066765743,-0.003262752093623187
06:49:10,136.432,136.432,136.427,136.429,0.037103553529959754,38.397337653481706,0.0049999999999954525,0.002999999999985903,0.0020000000000095497,0.006205318017503883,0.001435805079694319,0.004285063469351459,-0.0028492583896571402
06:49:15,136.429,136.433,136.429,136.432,0.037137582047535034,33.87458366511659,0.003999999999990678,0.0010000000000047748,0.002999999999985903,0.00591127561516879,0.0014246399343562643,0.0037129787623524204,-0.002288338827996156
06:49:20,136.432,136.436,136.432,136.433,0.036478688808358584,29.00355562446152,0.004000000000019099,0.0030000000000143245,0.0010000000000047748,0.005656438866482164,0.0014794291801933923,0.003266268845920615,-0.0017868396657272226
06:49:25,136.434,136.438,136.433,136.433,0.03485851100953141,28.391808079526516,0.0049999999999954525,0.0049999999999954525,0.0,0.005568913684283937,0.0015054956357118954,0.002914114203878871,-0.0014086185681669756
06:49:30,136.433,136.435,136.425,136.425,0.032853742882252845,28.74270360197867,0.009999999999990905,0.009999999999990905,0.0,0.006159725193044866,0.0008705847887711116,0.002505408320857319,-0.0016348235320862077
06:49:35,136.425,136.425,136.421,136.421,0.033539293535227443,31.031109050264668,0.004000000000019099,0.004000000000019099,0.0,0.005871761833974764,4.413800226643616e-05,0.0020131542571391425,-0.0019690162548727064
06:49:40,136.418,136.418,136.413,136.413,0.03416061136346116,33.70451806273899,0.0049999999999954525,0.0049999999999954525,0.0,0.006155526922775643,-0.0012420426766368564,0.0013621148703839429,-0.0026041575470207995
06:49:45,136.414,136.414,136.4,136.401,0.04119223228099145,35.56848541812512,0.013999999999981583,0.012999999999976808,0.0010000000000047748,0.007201456666403102,-0.003192844716494392,0.000451122953008276,-0.003643967669502668
06:49:50,136.401,136.403,136.394,136.397,0.047103916478818064,37.77378101407514,0.00899999999998613,0.006000000000000227,0.002999999999985903,0.007441262444214173,-0.005003953497407565,-0.0006398923370748921,-0.004364061160332673
06:49:55,136.397,136.404,136.397,136.401,0.048666858930459966,40.73830433964023,0.007000000000005002,0.002999999999985903,0.004000000000019099,0.00738242745165295,-0.006046799938303593,-0.0017212738573206324,-0.0043255260809829605
06:50:00,136.394,136.398,136.394,136.395,0.053470700291995854,42.59699743658683,0.003999999999990678,0.002999999999985903,0.0010000000000047748,0.007331437124766558,-0.0072735679482605065,-0.0028317326755086074,-0.004441835272751899
06:50:05,136.394,136.394,136.391,136.391,0.058593694651051464,43.21005046922306,0.0030000000000143245,0.0030000000000143245,0.0,0.006887245508133564,-0.008470909631881796,-0.003959568066783246,-0.00451134156509855
06:50:10,136.391,136.393,136.39,136.391,0.06218309128951205,43.620592790779355,0.0030000000000143245,0.0020000000000095497,0.0010000000000047748,0.0063689461070509995,-0.009312463262830306,-0.005030147105992658,-0.004282316156837648
06:50:15,136.391,136.397,136.391,136.394,0.06484280587613966,45.974979824887996,0.006000000000000227,0.002999999999985903,0.0030000000000143245,0.0063197532927775635,-0.00962635897641917,-0.00594938948007796,-0.003676969496341209
06:50:20,136.392,136.396,136.392,136.393,0.06656188256590667,48.329366858996636,0.003999999999990678,0.002999999999985903,0.0010000000000047748,0.006010452853739312,-0.009842358649706284,-0.006727983314003626,-0.0031143753357026583
06:50:25,136.394,136.405,136.394,136.398,0.0663185296021993,47.98734951990331,0.01099999999999568,0.007000000000005002,0.003999999999990678,0.006809059139907465,-0.009500565132782413,-0.007282499677759384,-0.0022180654550230288
06:50:30,136.398,136.407,136.398,136.407,0.06463500762509966,47.59633730713229,0.009000000000014552,0.0,0.009000000000014552,0.007101184587921743,-0.008406560922850304,-0.007507311926777568,-0.0008992489960727356
06:50:35,136.407,136.407,136.402,136.403,0.06426884323440163,46.47632635860429,0.005000000000023874,0.004000000000019099,0.0010000000000047748,0.006821026642868695,-0.007772722172347812,-0.007560393975891617,-0.0002123281964561954
06:50:40,136.403,136.416,136.403,136.41,0.0633582960974195,47.03099929803651,0.01300000000000523,0.006000000000000227,0.007000000000005002,0.007644889757153567,-0.0066291422718336435,-0.007374143635080022,0.0007450013632463786
06:50:45,136.41,136.41,136.404,136.404,0.0600136826516291,47.05446073685552,0.006000000000000227,0.006000000000000227,0.0,0.0074255711228664555,-0.006136261811064969,-0.007126567270277012,0.0009903054592120429
06:50:50,136.404,136.405,136.4,136.402,0.0570517770389074,44.32952893230311,0.0049999999999954525,0.0030000000000143245,0.001999999999981128,0.007102161639816989,-0.0058397171559363414,-0.006869197247408879,0.0010294800914725372
06:50:55,136.402,136.402,136.394,136.394,0.05313101978396162,40.107317782932505,0.007999999999981355,0.007999999999981355,0.0,0.007221873421172238,-0.006179008754855886,-0.006731159548898281,0.0005521507940423947
06:51:00,136.394,136.394,136.391,136.394,0.04711955678578761,36.242278766465695,0.0030000000000143245,0.0,0.0030000000000143245,0.00665895696501785,-0.006374419451958602,-0.006659811529510345,0.00028539207755174344
06:51:05,136.394,136.403,136.393,136.401,0.03796674445237613,32.290801264702864,0.009999999999990905,0.001999999999981128,0.008000000000009777,0.007104429369680924,-0.0058964714858120715,-0.006507143520770691,0.0006106720349586198
06:51:10,136.401,136.401,136.397,136.397,0.031180965855241993,27.671806230977545,0.004000000000019099,0.004000000000019099,0.0,0.0066905054537260145,-0.005773902891434091,-0.006360495394903371,0.0005865925034692805
06:51:15,136.397,136.4,136.391,136.394,0.024827828191519075,23.481288274541413,0.009000000000014552,0.006000000000000227,0.0030000000000143245,0.006998438059897819,-0.005851390142083801,-0.006258674344339458,0.0004072842022556566
06:51:20,136.394,136.397,136.391,136.391,0.02202008652557197,19.226109643765685,0.006000000000000227,0.006000000000000227,0.0,0.006865312985244808,-0.0060847332570688195,-0.006223886126885331,0.00013915286981651138
06:51:25,136.388,136.393,136.388,136.391,0.022642298564278462,17.431283902946245,0.0049999999999954525,0.0020000000000095497,0.002999999999985903,0.006616604587211561,-0.006198210247390534,-0.006218750950986372,2.054070359583729e-05
06:51:30,136.39,136.392,136.389,136.392,0.023152583124215198,15.636458162126809,0.002999999999985903,0.0,0.002999999999985903,0.006134390642248141,-0.006136709766877857,-0.00620234271416467,6.563294728681272e-05
06:51:35,136.392,136.395,136.385,136.385,0.025240735664681324,17.93609345510139,0.010000000000019327,0.010000000000019327,0.0,0.006649805223284299,-0.006576996173691896,-0.006277273406070115,-0.0002997227676217809
06:51:40,136.385,136.389,136.38,136.38,0.029175332046918356,21.521381068353914,0.009000000000014552,0.009000000000014552,0.0,0.006963164526848332,-0.007245858786745885,-0.00647099048220527,-0.0007748683045406147
06:51:45,136.383,136.383,136.375,136.376,0.033873448692986585,25.768752364070583,0.008000000000009777,0.007000000000005002,0.0010000000000047748,0.007101409256603191,-0.008006410876305381,-0.0067780745610252924,-0.0012283363152800885
06:51:50,136.376,136.376,136.367,136.371,0.03996366771042403,28.660613575870602,0.009000000000014552,0.0049999999999954525,0.004000000000019099,0.007354554689058039,-0.008909904269842173,-0.0072044405027886695,-0.0017054637670535031
06:51:55,136.371,136.371,136.367,136.367,0.04662052857082699,31.18662309032868,0.004000000000019099,0.004000000000019099,0.0,0.006907280730519514,-0.009835320412719284,-0.007730616484774792,-0.0021047039279444915
06:52:00,136.366,136.367,136.362,136.362,0.05400155943169693,35.569732309940726,0.0049999999999954525,0.0049999999999954525,0.0,0.0066529766331163065,-0.01084713852560526,-0.008353920892940887,-0.002493217632664373
06:52:05,136.368,136.37,136.367,136.369,0.056961667627717816,38.933315834067585,0.0030000000000143245,0.0010000000000047748,0.0020000000000095497,0.006832579748702102,-0.010957854841706194,-0.008874707682693949,-0.002083147159012245
06:52:10,136.369,136.37,136.363,136.363,0.05913196659713549,42.044812043585175,0.007000000000005002,0.007000000000005002,0.0,0.006854902448875823,-0.011398355034202723,-0.009379437152995704,-0.002018917881207019
06:52:15,136.363,136.365,136.361,136.365,0.06039030943475154,45.79907517422636,0.004000000000019099,0.0,0.004000000000019099,0.00647424878902826,-0.01145403632423836,-0.009794356987244235,-0.0016596793369941243
06:52:20,136.364,136.368,136.363,136.368,0.05760263151819345,48.63062957045081,0.0049999999999954525,0.0,0.0049999999999954525,0.006277682283823887,-0.011127814698738803,-0.010061048529543148,-0.0010667661691956543
06:52:25,136.369,136.372,136.369,136.37,0.055294807978498284,49.24432649493099,0.0030000000000143245,0.0020000000000095497,0.0010000000000047748,0.005973991312649915,-0.010585871092473553,-0.01016601304212923,-0.00041985805034432284
06:52:30,136.37,136.37,136.366,136.369,0.0528668635635654,50.49271355445055,0.003999999999990678,0.0010000000000047748,0.002999999999985903,0.005710792470962017,-0.010120406773097557,-0.010156891788322896,3.648501522533938e-05
06:52:35,136.37,136.37,136.365,136.365,0.052739678460227424,51.217441978962746,0.0049999999999954525,0.0049999999999954525,0.0,0.005616020141499809,-0.009959482798961972,-0.010117409990450712,0.0001579271914887402
06:52:40,136.366,136.366,136.362,136.362,0.052586169883568346,52.537113457357,0.004000000000019099,0.004000000000019099,0.0,0.005400550789302381,-0.009959220622079101,-0.01008577211677639,0.00012655149469728913
06:52:45,136.363,136.37,136.363,136.37,0.04770567658880509,51.20861182991717,0.007000000000005002,0.0,0.007000000000005002,0.005747144017396701,-0.0092073431829931,-0.009910086330019732,0.0007027431470266327
06:52:50,136.369,136.373,136.369,136.373,0.043145286988419684,47.91308482941802,0.003999999999990678,0.0,0.003999999999990678,0.005514191481742565,-0.008274022190136066,-0.009582873502043,0.001308851311906934
06:52:55,136.376,136.379,136.376,136.379,0.03924337020561097,44.928009903026634,0.002999999999985903,0.0,0.002999999999985903,0.005578965950843586,-0.006969864464224429,-0.009060271694479285,0.002090407230254856
06:53:00,136.38,136.38,136.379,136.379,0.036049089335676854,41.450390420768045,0.0010000000000047748,0.0010000000000047748,0.0,0.004968437157398411,-0.00586865981327378,-0.008421949318238184,0.002553289504964404
06:53:05,136.378,136.386,136.376,136.384,0.03352862092117448,39.215412743772525,0.009999999999990905,0.0020000000000095497,0.007999999999981355,0.00563931220307741,-0.00454015292365284,-0.007645590039321116,0.0031054371156682753
06:53:10,136.38,136.38,136.376,136.376,0.02832220627414017,36.60861724725887,0.003999999999990678,0.003999999999990678,0.0,0.0059540705759979365,-0.004085736951168428,-0.0069336194216905785,0.0028478824705221503
06:53:15,136.376,136.378,136.367,136.368,0.025516970613296053,32.81794735977227,0.01099999999999568,0.009999999999990905,0.0010000000000047748,0.006626861165864303,-0.004321328574434347,-0.006411161252239333,0.0020898326778049864
06:53:20,136.367,136.367,136.364,136.365,0.024468239344969334,29.31071658233635,0.002999999999985903,0.001999999999981128,0.0010000000000047748,0.0062766130104144864,-0.004695979235663117,-0.00606812484892409,0.0013721456132609732
06:53:25,136.365,136.367,136.365,136.366,0.024051698699281587,25.5999749978333,0.001999999999981128,0.0009999999999763531,0.0010000000000047748,0.005706397942356706,-0.004856221443333197,-0.005825744167805912,0.0009695227244727149
06:53:30,136.365,136.369,136.362,136.369,0.02401666087934018,24.03883770198791,0.007000000000005002,0.0,0.007000000000005002,0.005878878216709812,-0.004687109538338063,-0.005598017241912343,0.0009109077035742794
06:53:35,136.369,136.369,136.367,136.368,0.023947310579785608,24.074859787118804,0.0020000000000095497,0.0010000000000047748,0.0010000000000047748,0.005361694454483111,-0.004580972182111509,-0.005394608229952176,0.0008136360478406667
06:53:40,136.368,136.372,136.365,136.365,0.023297616770037166,22.219996110363354,0.007000000000005002,0.007000000000005002,0.0,0.0055801351938860305,-0.0046849275619251785,-0.005252672096346777,0.0005677445344215984
06:53:45,136.365,136.365,136.362,136.362,0.024282547334564697,21.091656401479817,0.0030000000000143245,0.0030000000000143245,0.0,0.00523611716803647,-0.004952300835981305,-0.005192597844273682,0.00024029700829237763
06:53:50,136.368,136.383,136.368,136.382,0.026016189287929592,20.74255548198102,0.01500000000001478,0.0010000000000047748,0.014000000000010004,0.007337968212300275,-0.003509903249181434,-0.004856058925255233,0.0013461556760737984
06:53:55,136.382,136.384,136.381,136.383,0.027872642686645577,22.236341340940005,0.002999999999985903,0.0009999999999763531,0.0020000000000095497,0.006759572450658359,-0.0022600486925625773,-0.004336856878716702,0.0020768081861541245
06:54:00,136.383,136.385,136.375,136.375,0.027909628593704383,23.047618941798678,0.009999999999990905,0.009999999999990905,0.0,0.007191629457236032,-0.0018932390121051412,-0.00384813330539439,0.0019548942932892488
06:54:05,136.37,136.378,136.37,136.376,0.028152965625395154,21.74578848771112,0.007999999999981355,0.001999999999981128,0.006000000000000227,0.007299412196268742,-0.0015045050571984575,-0.0033794076557552037,0.0018749025985567462
06:54:10,136.374,136.379,136.374,136.376,0.028262677636632816,20.377829213457826,0.0049999999999954525,0.002999999999985903,0.0020000000000095497,0.006992823903432303,-0.0011827960605330645,-0.0029400853367107763,0.0017572892761777118
06:54:15,136.376,136.376,136.371,136.371,0.027483200607207436,18.097377041684215,0.0049999999999954525,0.0049999999999954525,0.0,0.006727114049640724,-0.0013161260937977204,-0.0026152934881281654,0.001299167394330445
06:54:20,136.371,136.371,136.366,136.369,0.02590996556580194,16.884244057545708,0.0049999999999954525,0.0020000000000095497,0.002999999999985903,0.006496832176354688,-0.0015651325176406772,-0.002405261294030668,0.0008401287763899908
06:54:25,136.367,136.369,136.367,136.369,0.026016189288441183,18.015397173742816,0.0020000000000095497,0.0,0.0020000000000095497,0.005897254552842003,-0.0017423867526531467,-0.002272686385755164,0.0005302996331020171
06:54:30,136.371,136.371,136.364,136.365,0.02691976381834138,19.096902997314942,0.007000000000005002,0.006000000000000227,0.0010000000000047748,0.0060442872791304034,-0.0021804932131033183,-0.002254247751224795,7.375453812147673e-05
06:54:35,136.365,136.369,136.36,136.368,0.026424868666254042,20.95929998796641,0.00899999999998613,0.0010000000000047748,0.007999999999981355,0.006438382308577834,-0.002259573850636798,-0.0022553129711071957,-4.260879529602215e-06
06:54:40,136.368,136.368,136.359,136.363,0.02662804219971804,22.242865958918,0.00899999999998613,0.0049999999999954525,0.003999999999990678,0.00677993133409894,-0.0026946418846023334,-0.002343178753806223,-0.00035146313079611026
06:54:45,136.363,136.367,136.363,136.367,0.023833633903905138,24.05075924043811,0.003999999999990678,0.0,0.003999999999990678,0.006409273822884505,-0.002685710664650287,-0.002411685135975036,-0.00027402552867525094
06:54:50,136.364,136.364,136.358,136.36,0.024803225592506806,27.937567315415667,0.006000000000000227,0.003999999999990678,0.0020000000000095497,0.006754703979831389,-0.0032065114391741645,-0.002570650396614862,-0.0006358610425593026
06:54:55,136.36,136.365,136.359,136.364,0.02524073565945173,30.312823159192117,0.006000000000000227,0.0010000000000047748,0.0049999999999954525,0.0066540767825205675,-0.0032589164740386423,-0.002708303612099618,-0.0005506128619390243
06:55:00,136.364,136.364,136.359,136.36,0.02630669316067724,31.313897159701757,0.0049999999999954525,0.003999999999990678,0.0010000000000047748,0.0064335332115172195,-0.0035819242195884726,-0.002883027733597389,-0.0006988964859910838
******
08:25:35,136.388,136.392,136.386,136.391,0.051950989048862084,50.5492838276345,0.006000000000000227,0.0010000000000047748,0.0049999999999954525,0.007632388383598905,0.008501042284279947,0.007715534372485376,0.0007855079117945708
08:25:40,136.391,136.393,136.388,136.393,0.04842748241060235,45.335605883796845,0.0049999999999954525,0.0,0.0049999999999954525,0.0072814032657851115,0.008720847060885717,0.007916596910165444,0.0008042501507202725
08:25:45,136.392,136.394,136.392,136.393,0.045457209491303274,40.35602915335562,0.0020000000000095497,0.0010000000000047748,0.0010000000000047748,0.006577216163681704,0.008793675907952547,0.008092012709722865,0.0007016631982296826
08:25:50,136.393,136.399,136.383,136.383,0.041457143375339456,34.00927649854415,0.015999999999991132,0.015999999999991132,0.0,0.007833587341856295,0.007952801917411989,0.00806417055126069,-0.00011136863384870153
08:25:55,136.384,136.385,136.382,136.383,0.036918687323407084,27.911142847424344,0.002999999999985903,0.001999999999981128,0.0010000000000047748,0.00718910902960691,0.007203367287559104,0.007892009898520375,-0.0006886426109612709
08:26:00,136.383,136.384,136.383,136.384,0.03321128533616502,21.81300919630454,0.0009999999999763531,0.0,0.0009999999999763531,0.006363894492322836,0.0066138858278463886,0.007636385084385577,-0.0010224992565391888
08:26:05,136.384,136.384,136.377,136.377,0.031051739505414844,17.168289491044913,0.0069999999999765805,0.0069999999999765805,0.0,0.006448708560010002,0.005518264902690362,0.007212761048046535,-0.0016944961453561735
08:26:10,136.375,136.376,136.374,136.375,0.02950468294670827,19.413830470506145,0.0020000000000095497,0.0010000000000047748,0.0010000000000047748,0.005988880752010579,0.004437442070695852,0.006657697252576399,-0.002220255181880547
08:26:15,136.374,136.379,136.372,136.379,0.028958045877629957,21.06891622435853,0.0069999999999765805,0.0,0.0069999999999765805,0.006123696651739379,0.0038591627342725587,0.006097990348915632,-0.002238827614643073
08:26:20,136.379,136.379,136.376,136.377,0.02914284240006282,22.508498742026042,0.002999999999985903,0.001999999999981128,0.0010000000000047748,0.005707203764838916,0.0032025716560610817,0.005518906610344722,-0.0023163349542836406
08:26:25,136.377,136.382,136.377,136.382,0.028143242621638365,22.300712247292626,0.0049999999999954525,0.0,0.0049999999999954525,0.005612909929526455,0.003050512302422703,0.005025227748760319,-0.0019747154463376155
08:26:30,136.383,136.384,136.382,136.383,0.027635979599381244,21.21382441952567,0.001999999999981128,0.0009999999999763531,0.0010000000000047748,0.005131188605587079,0.0029763858879903182,0.004615459376606319,-0.0016390734886160005
08:26:35,136.381,136.384,136.378,136.381,0.026035603153673037,21.266296189433486,0.006000000000000227,0.002999999999985903,0.0030000000000143245,0.005247030124842166,0.002724846550336224,0.0042373368113523,-0.001512490261016076
08:26:40,136.381,136.39,136.381,136.39,0.025877443947592838,20.61251109424918,0.00899999999998613,0.0,0.00899999999998613,0.0057474261081946944,0.0032146679062918793,0.004032803030340216,-0.0008181351240483369
08:26:45,136.387,136.388,136.387,136.388,0.0239297216645582,19.107984568791718,0.0010000000000047748,0.0,0.0010000000000047748,0.005381102627100189,0.0034022525252623836,0.00390669292932465,-0.0005044404040622664
08:26:50,136.388,136.395,136.388,136.395,0.023911239374342586,19.408332673219576,0.007000000000005002,0.0,0.007000000000005002,0.005596955610154164,0.004068852981447435,0.003939124939749208,0.0001297280416982273
08:26:55,136.395,136.4,136.395,136.4,0.026863397128067845,20.42763138269506,0.0049999999999954525,0.0,0.0049999999999954525,0.00551736152879967,0.0049436100000264105,0.004140021951804649,0.0008035880482217617
08:27:00,136.4,136.403,136.397,136.403,0.030713617758010514,23.282964510328465,0.006000000000000227,0.0,0.006000000000000227,0.005581713324959745,0.005811939743949779,0.0044744055102336755,0.0013375342337161034
08:27:05,136.399,136.402,136.399,136.402,0.033628934909586405,25.723113280839815,0.002999999999985903,0.0,0.002999999999985903,0.00537081821496387,0.006346250059038994,0.00484877441999474,0.001497475639044254
08:27:10,136.405,136.41,136.405,136.41,0.039202040763143486,29.28163720434671,0.0049999999999954525,0.0,0.0049999999999954525,0.005721375786303325,0.007330723951952223,0.005345164326386237,0.0019855596255659858
08:27:15,136.411,136.412,136.41,136.41,0.043671501004610036,31.592570522009428,0.0020000000000095497,0.0020000000000095497,0.0,0.005225192348130822,0.008018494392814546,0.005879830339671899,0.0021386640531426467
08:27:20,136.41,136.414,136.41,136.412,0.04807494149758895,33.54162344520698,0.003999999999990678,0.001999999999981128,0.0020000000000095497,0.005061833368378803,0.008625511183879553,0.0064289665085134305,0.0021965446753661223
08:27:25,136.411,136.412,136.407,136.408,0.05057813132583533,35.17284903711327,0.0049999999999954525,0.004000000000019099,0.0009999999999763531,0.0050535889192610236,0.008683709397018902,0.0068799150862145254,0.0018037943108043762
08:27:30,136.405,136.407,136.398,136.4,0.050571054754072975,33.53786457048003,0.009000000000014552,0.007000000000005002,0.0020000000000095497,0.005713110396691675,0.007992169998232157,0.007102366068618052,0.0008898039296141051
08:27:35,136.402,136.407,136.402,136.403,0.05075389536506236,33.157544342183286,0.005000000000023874,0.004000000000019099,0.0010000000000047748,0.005884695677133452,0.007598603004908,0.007201613455876042,0.0003969895490319583
08:27:40,136.403,136.405,136.402,136.405,0.051109788947997004,33.14028675595593,0.0030000000000143245,0.0,0.0030000000000143245,0.005500069586850902,0.0073632031895840555,0.007233931402617645,0.0001292717869664107
08:27:45,136.405,136.405,136.402,136.404,0.049217455183395487,32.163911419816635,0.0030000000000143245,0.0010000000000047748,0.0020000000000095497,0.0051667269752726916,0.0070150899075827056,0.007190163103610658,-0.0001750731960279521
08:27:50,136.404,136.407,136.402,136.407,0.046311985489637664,32.24850875668923,0.005000000000023874,0.0,0.005000000000023874,0.0051444967119061834,0.0069017237759965155,0.00713247523808783,-0.0002307514620913144
08:27:55,136.407,136.41,136.407,136.41,0.04445695730277066,33.95727854613751,0.002999999999985903,0.0,0.002999999999985903,0.00485856381698348,0.006973568273764386,0.007100693845223141,-0.00012712557145875582
08:28:00,136.41,136.415,136.41,136.412,0.04109808549765148,34.85838800639025,0.0049999999999954525,0.002999999999985903,0.0020000000000095497,0.00487742197471841,0.0071099299939589855,0.007102541074970311,7.3889189886747544e-06
08:28:05,136.414,136.424,136.414,136.422,0.04170825994162897,36.114777192371534,0.010000000000019327,0.0020000000000095497,0.008000000000009777,0.005827099044756016,0.007933462054012352,0.00726872527077872,0.0006647367832336324
08:28:10,136.422,136.423,136.419,136.423,0.04150586515294208,36.7843372793154,0.003999999999990678,0.0,0.003999999999990678,0.005583485838787305,0.00856804173579917,0.0075285885637828105,0.0010394531720163596
08:28:15,136.422,136.422,136.422,136.422,0.03823693447293408,37.47087320399897,0.0,0.0,0.0,0.004972354393616301,0.008887805968129214,0.007800432044652092,0.001087373923477122
08:28:20,136.422,136.427,136.41,136.415,0.03571760586061146,33.48552458530612,0.016999999999995907,0.012000000000000455,0.0049999999999954525,0.006576040474466915,0.008478643404089325,0.007936074316539539,0.0005425690875497866
08:28:25,136.417,136.417,136.413,136.414,0.03099134004668258,28.96610283392272,0.003999999999990678,0.0030000000000143245,0.0009999999999763531,0.006232568411203418,0.007981679647031115,0.007945195382637854,3.648426439326058e-05
08:28:30,136.414,136.414,136.398,136.398,0.02996137864852244,26.976718777391287,0.015999999999991132,0.015999999999991132,0.0,0.007534892623041779,0.006225007989542064,0.007601157904018697,-0.0013761499144766326
08:28:35,136.398,136.398,136.381,136.386,0.035590655189764675,28.071311859697527,0.016999999999995907,0.012000000000000455,0.0049999999999954525,0.008796906939968997,0.0038204930671099646,0.006845024936636951,-0.0030245318695269864
08:28:40,136.386,136.393,136.386,136.393,0.037894035081137645,32.4321150005433,0.007000000000005002,0.0,0.007000000000005002,0.008557319347973798,0.002451480030259745,0.00596631595536151,-0.003514835925101765
08:28:45,136.39,136.392,136.388,136.392,0.04017016436682752,37.139469917042014,0.003999999999990678,0.0,0.003999999999990678,0.008083010101576686,0.0012711822944879714,0.005027289223186802,-0.003756106928698831
08:28:50,136.392,136.392,136.381,136.381,0.04641732888745764,42.283688247445404,0.01099999999999568,0.01099999999999568,0.0,0.008471942088032553,-0.0005455316841960212,0.003912725041710237,-0.0044582567259062586
08:28:55,136.381,136.381,136.378,136.381,0.05123156921473537,47.58696715311754,0.0030000000000143245,0.0,0.0030000000000143245,0.007742349809630123,-0.0019626662067082634,0.002737646792026537,-0.0047003129987348005
08:29:00,136.381,136.381,136.37,136.374,0.05738879406470687,52.48736173161514,0.01099999999999568,0.007000000000005002,0.003999999999990678,0.00817670316834553,-0.003608994778971919,0.001468318477826846,-0.0050773132567987645
08:29:05,136.374,136.374,136.372,136.374,0.06247660614803863,56.32131413011472,0.001999999999981128,0.0,0.001999999999981128,0.007353142745896944,-0.004857725201361518,0.00020310974198917316,-0.005060834943350691
08:29:10,136.372,136.381,136.372,136.381,0.06494402448095116,56.255907520044666,0.00899999999998613,0.0,0.00899999999998613,0.007572723713108836,-0.005222311997243878,-0.0008819746058574371,-0.004340337391386441
08:29:15,136.381,136.381,136.376,136.381,0.06699410814621842,54.88216936580201,0.0049999999999954525,0.0,0.0049999999999954525,0.007229693884693719,-0.005448443395749791,-0.001795268363835908,-0.0036531750319138833
08:29:20,136.381,136.392,136.379,136.392,0.06698185143039836,50.59105869837237,0.01300000000000523,0.0,0.01300000000000523,0.007999068033401922,-0.004686028469848225,-0.002373420385038371,-0.0023126080848098534
08:29:25,136.392,136.396,136.392,136.393,0.06688843814799839,47.252307435363434,0.003999999999990678,0.002999999999985903,0.0010000000000047748,0.007465858962280423,-0.003955520724815642,-0.0026898404529938254,-0.0012656802718218167
08:29:30,136.393,136.393,136.389,136.392,0.0664479218318661,46.75742699217194,0.003999999999990678,0.0010000000000047748,0.002999999999985903,0.007003744433975124,-0.0034178805174462923,-0.002835448465884319,-0.0005824320515619734
08:29:35,136.392,136.398,136.392,136.398,0.065297376428191,47.616459280537335,0.006000000000000227,0.0,0.006000000000000227,0.006869911842778471,-0.002479069750791041,-0.0027641727228656632,0.00028510297207462237
08:29:40,136.398,136.4,136.393,136.393,0.06361562204682514,46.12455695047767,0.007000000000005002,0.007000000000005002,0.0,0.006887256930408675,-0.002114143141596969,-0.0026341668066119247,0.0005200236650149555
08:29:45,136.393,136.399,136.391,136.391,0.0584732057395172,42.52627060763926,0.008000000000009777,0.008000000000009777,0.0,0.007035622673022155,-0.0019636833407616905,-0.002500070113441878,0.0005363867726801874
08:29:50,136.392,136.398,136.391,136.396,0.051671431585361915,38.92798426480085,0.007000000000005002,0.0020000000000095497,0.0049999999999954525,0.007030872983286536,-0.0014245631737992426,-0.002284968725513351,0.0008604055517141083
08:29:55,136.396,136.396,136.39,136.39,0.04348744525384518,34.633472107249716,0.006000000000000227,0.006000000000000227,0.0,0.006893423252181695,-0.0014645737190619457,-0.00212088972422307,0.0006563160051611242
08:30:00,136.389,136.394,136.389,136.394,0.037232696439787105,29.534440824509154,0.0049999999999954525,0.0,0.0049999999999954525,0.006640966818556863,-0.0011601423944966882,-0.0019287402582777937,0.0007685978637811054
08:30:05,136.394,136.41,136.394,136.41,0.035147808196541064,27.512272871530712,0.015999999999991132,0.0,0.015999999999991132,0.007888837909414765,0.00036794644833548773,-0.0014694029169551373,0.001837349365290625
08:30:10,136.41,136.419,136.41,136.419,0.04346032673566924,25.99599188903858,0.009000000000014552,0.0,0.009000000000014552,0.008036992854828071,0.002278922647718673,-0.0007197378040203753,0.0029986604517390483
08:30:15,136.419,136.422,136.415,136.418,0.04962639365641053,24.797389228963514,0.007000000000005002,0.003999999999990678,0.0030000000000143245,0.007898727140851661,0.003670383514503328,0.00015828645968436544,0.003512097054818963
08:30:20,136.418,136.418,136.407,136.407,0.05137724255547482,23.92017525332529,0.01099999999999568,0.01099999999999568,0.0,0.00831223018873753,0.0038412387974346984,0.0008948769272344321,0.0029463618702002662
08:30:25,136.407,136.409,136.406,136.409,0.05335245271311351,22.779035194523498,0.002999999999985903,0.0,0.002999999999985903,0.007603932830237313,0.004090869132511443,0.0015340753682898344,0.0025567937642216087
08:30:30,136.409,136.409,136.406,136.406,0.05302591223539821,24.67323825415843,0.002999999999985903,0.002999999999985903,0.0,0.006990075119537125,0.004000512624315888,0.002027362819495045,0.001973149804820843
08:30:35,136.407,136.42,136.407,136.42,0.055787566997992144,27.293273140061633,0.012999999999976808,0.0,0.012999999999976808,0.007924731770263052,0.005000939717604069,0.00262207819911685,0.002378861518487219
08:30:40,136.42,136.42,136.42,136.42,0.055053658035944864,30.622946596528244,0.0,0.0,0.0,0.006868100867561312,0.005727759352311068,0.003243214429755694,0.002484544922555374
08:30:45,136.42,136.422,136.418,136.42,0.05264378805748038,33.17127517856482,0.003999999999990678,0.0020000000000095497,0.001999999999981128,0.006485687418551895,0.006231931324208517,0.003840957808646259,0.002390973515562258
08:30:50,136.425,136.435,136.425,136.435,0.05691877869747941,36.48425688122135,0.009999999999990905,0.0,0.009999999999990905,0.007620929096080279,0.007752499891097386,0.004623266225136485,0.0031292336659609014
08:30:55,136.432,136.432,136.421,136.421,0.05437646549745523,39.1234590440047,0.01099999999999568,0.01099999999999568,0.0,0.008471471883270909,0.007738671846453826,0.005246347349399954,0.0024923244970538726
08:31:00,136.419,136.423,136.419,136.423,0.05462792807998085,41.148231916658474,0.003999999999990678,0.0,0.003999999999990678,0.007875275632166879,0.007799192075339079,0.0057569162945877795,0.002042275780751299
08:31:05,136.423,136.423,136.417,136.417,0.053374151047137275,42.89581121953122,0.006000000000000227,0.006000000000000227,0.0,0.007625238881211326,0.007279096048677047,0.006061352245405633,0.001217743803271414
08:31:10,136.416,136.421,136.416,136.421,0.05190112056396856,44.68354523503557,0.0049999999999954525,0.0,0.0049999999999954525,0.007275207030382543,0.007107749064260815,0.0062706316091766705,0.0008371174550841449
08:31:15,136.42,136.422,136.419,136.422,0.05151024425458672,43.43218364937777,0.002999999999985903,0.0,0.002999999999985903,0.0067051794263296586,0.006972274941858814,0.006410960275713099,0.0005613146661457144
08:31:20,136.426,136.43,136.426,136.428,0.05036749160461795,42.613304898456235,0.004000000000019099,0.0020000000000095497,0.0020000000000095497,0.006877822169487008,0.0072653106016105085,0.006581830340892582,0.0006834802607179266
08:31:25,136.428,136.428,136.419,136.427,0.04710168172232443,39.34068295537781,0.00899999999998613,0.0010000000000047748,0.007999999999981355,0.007160779213553558,0.007332329302528251,0.006731930133219716,0.0006003991693085348
08:31:30,136.427,136.427,136.421,136.425,0.044227164789106155,38.218206516366486,0.006000000000000227,0.001999999999981128,0.004000000000019099,0.007006008651746448,0.007141733363880576,0.006813890779351888,0.00032784258452868767
08:31:35,136.425,136.425,136.422,136.423,0.03672658581035648,37.711723866405514,0.0030000000000143245,0.0020000000000095497,0.0010000000000047748,0.0064718741648488315,0.006751474627179732,0.006801407548917457,-4.9932921737725136e-05
08:31:40,136.423,136.423,136.417,136.419,0.028771330760150704,36.06811466841729,0.006000000000000227,0.003999999999990678,0.0020000000000095497,0.006408957609535684,0.006049688156821276,0.006651063670498222,-0.0006013755136769459
08:31:45,136.419,136.42,136.415,136.415,0.027709014304207358,33.47147711845677,0.0049999999999954525,0.0049999999999954525,0.0,0.00622109659493032,0.005111824817845445,0.006343215899967667,-0.0012313910821222223
08:31:50,136.414,136.419,136.411,136.419,0.027709014304207358,31.894349649968735,0.008000000000009777,0.0,0.008000000000009777,0.0064582837156075806,0.004637865508755112,0.006002145821725157,-0.0013642803129700447
08:31:55,136.418,136.418,136.411,136.411,0.02876840372107381,30.072904117028425,0.007000000000005002,0.007000000000005002,0.0,0.006663845886861208,0.0035755000614017263,0.005516816669660472,-0.0019413166082587457
08:32:00,136.409,136.409,136.406,136.406,0.02914284240057441,28.227544259312108,0.002999999999985903,0.002999999999985903,0.0,0.0064419997686124405,0.0023035556218644615,0.00487416446010127,-0.0025706088382368084
08:32:05,136.406,136.407,136.404,136.405,0.030525916513227003,28.01554326542675,0.0030000000000143245,0.0020000000000095497,0.0010000000000047748,0.005983066466132692,0.0012009945296824753,0.004139530474017511,-0.0029385359443350354
08:32:10,136.405,136.412,136.405,136.41,0.029258197232366,26.26503004860228,0.007000000000005002,0.0020000000000095497,0.0049999999999954525,0.006118657603982334,0.0007223384656356302,0.003456092072341135,-0.0027337536067055046
08:32:15,136.41,136.414,136.41,136.412,0.02997472619642849,24.41955612033407,0.003999999999990678,0.001999999999981128,0.0020000000000095497,0.005836169923450114,0.0004986354130096515,0.0028646007404748387,-0.002365965327465187
08:32:20,136.416,136.418,136.416,136.418,0.029969106901035047,23.189015112416026,0.0020000000000095497,0.0,0.0020000000000095497,0.005858013933656796,0.0007963195123750211,0.0024509444948548754,-0.0016546249824798544
08:32:25,136.418,136.432,136.418,136.432,0.032196109605195034,24.318086798441225,0.013999999999981583,0.0,0.013999999999981583,0.006943612075833435,0.0021372820459362174,0.0023882120050711443,-0.00025092995913492686
08:32:30,136.441,136.446,136.441,136.445,0.037127943796463114,25.362645275394993,0.0049999999999954525,0.0010000000000047748,0.003999999999990678,0.007884463799056978,0.004200574264018542,0.0027506844568606238,0.001449889807157918
08:32:35,136.442,136.446,136.44,136.446,0.043848543155661446,28.331372956720063,0.006000000000000227,0.0,0.006000000000000227,0.0076332019591827446,0.005849016038695254,0.00337035077322755,0.002478665265467704
08:32:40,136.444,136.445,136.441,136.441,0.04729125878986906,31.5092625307338,0.003999999999990678,0.003999999999990678,0.0,0.00728210836462444,0.0066750143973308695,0.004031283498048214,0.0026437308992826557
08:32:45,136.441,136.444,136.439,136.439,0.04934262596253802,33.612808098713344,0.0049999999999954525,0.0049999999999954525,0.0,0.006977827249340576,0.007086551408804098,0.00464233708019939,0.002444214328604708
08:32:50,136.439,136.441,136.437,136.437,0.05079577272130109,36.126183022985764,0.003999999999990678,0.003999999999990678,0.0,0.006580783616093923,0.007168678111185045,0.0051476052863965215,0.0020210728247885236
08:32:55,136.436,136.436,136.434,136.435,0.05168772632521268,37.01488723481989,0.0020000000000095497,0.0010000000000047748,0.0010000000000047748,0.006103345800616644,0.006991783896665993,0.005516441008450416,0.0014753428882155768
08:33:00,136.435,136.435,136.434,136.435,0.05244345325695576,36.88408136518152,0.0010000000000047748,0.0,0.0010000000000047748,0.005422899693868395,0.006773513114382013,0.005767855429636736,0.001005657684745277
08:33:05,136.435,136.436,136.429,136.43,0.052608184274618,35.066363130761694,0.007000000000005002,0.006000000000000227,0.0010000000000047748,0.0056331797346866105,0.00612645181072935,0.005839574705855259,0.0002868771048740908
08:33:10,136.43,136.432,136.427,136.432,0.05296274758376285,32.593522234357756,0.0049999999999954525,0.0,0.0049999999999954525,0.005548755770061123,0.005709221993811298,0.005813504163446467,-0.00010428216963516944
08:33:15,136.427,136.428,136.426,136.428,0.05295280917994205,30.044165652153065,0.0020000000000095497,0.0,0.0020000000000095497,0.0056089216673863365,0.00499818185809886,0.005650439702376946,-0.0006522578442780856
08:33:20,136.428,136.434,136.428,136.431,0.05275205159438201,29.886921619463873,0.006000000000000227,0.002999999999985903,0.0030000000000143245,0.005661065445068189,0.0046234560325899565,0.005445042968419548,-0.0008215869358295918
08:33:25,136.431,136.437,136.427,136.437,0.052435022446843504,31.178671604346373,0.010000000000019327,0.0,0.010000000000019327,0.006239590052395007,0.004755810943834149,0.005307196563502469,-0.0005513856196683199
08:33:30,136.435,136.448,136.432,136.448,0.05485905385194201,33.98253380295925,0.016000000000019554,0.0,0.016000000000019554,0.007540978045411614,0.0056828034134071,0.005382317933483395,0.00030048547992370545
08:33:35,136.448,136.456,136.448,136.451,0.05553036153935409,35.012613342759,0.007999999999981355,0.0049999999999954525,0.002999999999985903,0.00760218097268758,0.006583634511628134,0.005622581249112343,0.0009610532625157903
08:33:40,136.451,136.454,136.449,136.453,0.05366366996162242,35.213424106457275,0.0049999999999954525,0.0010000000000047748,0.003999999999990678,0.0072552235096619636,0.0073739308477058785,0.005972851168831051,0.0014010796788748274
08:33:45,136.453,136.457,136.453,136.456,0.05033947911891801,35.95586830017508,0.003999999999990678,0.0010000000000047748,0.002999999999985903,0.006821193708372459,0.008148391728127535,0.006407959280690348,0.0017404324474371872
08:33:50,136.452,136.459,136.452,136.459,0.04822534821653335,36.854943551077575,0.007000000000005002,0.0,0.007000000000005002,0.006845034547256799,0.008901620147526046,0.006906691454057487,0.0019949286934685586
08:33:55,136.459,136.468,136.459,136.466,0.047656225087166604,39.024004688979666,0.00899999999998613,0.001999999999981128,0.007000000000005002,0.007132363274287376,0.009948717967290577,0.007515096756704105,0.0024336212105864714
08:34:00,136.465,136.473,136.465,136.471,0.049696341071353345,42.13725783458828,0.008000000000009777,0.0020000000000095497,0.006000000000000227,0.007248048171050363,0.011054578447584618,0.00822299309488021,0.0028315853527044084
08:34:05,136.471,136.471,136.467,136.469,0.05331100409847522,46.29960832960921,0.003999999999990678,0.0020000000000095497,0.001999999999981128,0.006814975081575739,0.01163547109226215,0.008905488694356598,0.002729982397905553
08:34:10,136.469,136.469,136.464,136.464,0.05582529138297332,49.07133005324812,0.0049999999999954525,0.0049999999999954525,0.0,0.0065729784040317015,0.011559128052141432,0.009436216565913565,0.002122911486227867
08:34:15,136.458,136.463,136.458,136.463,0.05775993876738994,51.22870129064519,0.0049999999999954525,0.0,0.0049999999999954525,0.006496581283494172,0.01128781509419241,0.009806536271569334,0.0014812788226230764
08:34:20,136.463,136.463,136.456,136.462,0.05888936996467464,52.26149542838657,0.007000000000005002,0.0010000000000047748,0.006000000000000227,0.00656370377902895,0.010866839812678109,0.01001859697979109,0.0008482428328870188
08:34:25,136.462,136.463,136.453,136.455,0.0584991228013223,52.053726657657364,0.009999999999990905,0.007999999999981355,0.0020000000000095497,0.007021876608490543,0.009854772685429225,0.009985832120918718,-0.00013105943548949277
08:34:30,136.455,136.458,136.451,136.451,0.057390261415719124,51.00802439053956,0.007000000000005002,0.007000000000005002,0.0,0.007018959727359138,0.008630449179037214,0.009714755532542417,-0.0010843063535052027
08:34:35,136.451,136.456,136.451,136.456,0.055883713851073935,49.23515642613457,0.0049999999999954525,0.0,0.0049999999999954525,0.006749765097043981,0.007971729062319355,0.009366150238497805,-0.0013944211761784502
08:34:40,136.454,136.462,136.454,136.461,0.05449519534687397,47.344659044074255,0.007999999999981355,0.0009999999999763531,0.007000000000005002,0.0069164630841022975,0.007763652286399747,0.009045650648078194,-0.001281998361678447
08:34:45,136.461,136.464,136.461,136.461,0.05081400553001458,45.12476194023582,0.002999999999985903,0.002999999999985903,0.0,0.006394268006220112,0.00751215450145537,0.00873895141875363,-0.0012267969172982604
08:34:50,136.461,136.462,136.456,136.456,0.0465373647288061,40.731444057078036,0.006000000000000227,0.006000000000000227,0.0,0.006341698938724128,0.006830643080149912,0.008357289751032887,-0.0015266466708829755
08:34:55,136.455,136.463,136.455,136.463,0.03949736833493489,36.384046369250456,0.007999999999981355,0.0,0.007999999999981355,0.006562805746891758,0.006777257857407903,0.008041283372307891,-0.0012640255148999874
08:35:00,136.463,136.463,136.46,136.462,0.03145857761228399,31.88001762423817,0.002999999999985903,0.0010000000000047748,0.001999999999981128,0.006087764980637645,0.0065784260406474004,0.007748711905975794,-0.0011702858653283932
08:35:05,136.462,136.463,136.458,136.458,0.024344025531490843,26.34629829652957,0.0049999999999954525,0.0049999999999954525,0.0,0.005942729649885353,0.006028589990052069,0.007404687522791049,-0.0013760975327389803
08:35:10,136.458,136.466,136.458,136.464,0.022232266738740236,21.379449928784997,0.008000000000009777,0.0020000000000095497,0.006000000000000227,0.006217032363235276,0.006007737357919041,0.007125297489816648,-0.0011175601318976075
08:35:15,136.464,136.467,136.46,136.467,0.021335416568149412,16.751466193111455,0.007000000000005002,0.0,0.007000000000005002,0.006321428048137906,0.006162251821535847,0.006932688356160488,-0.0007704365346246408
08:35:20,136.467,136.471,136.467,136.468,0.020901775299364544,14.694915804343964,0.003999999999990678,0.0030000000000143245,0.0009999999999763531,0.006011904308384942,0.006292857149787778,0.006804722114885946,-0.0005118649650981679
08:35:25,136.468,136.468,136.461,136.461,0.02024169745669724,12.501638560522705,0.0069999999999765805,0.0069999999999765805,0.0,0.00614365040059716,0.005765065231457811,0.006596790738200319,-0.0008317255067425084
08:35:30,136.461,136.465,136.46,136.465,0.02024169745669724,11.305810661983966,0.0049999999999954525,0.0,0.0049999999999954525,0.005991163680516933,0.005604942614752417,0.006398421113510739,-0.0007934784987583213
08:35:35,136.465,136.478,136.465,136.478,0.024550699424821687,13.453790796731948,0.01300000000000523,0.0,0.01300000000000523,0.006925675189782039,0.00645265346929591,0.006409267584667774,4.338588462813632e-05
08:35:40,136.478,136.478,136.467,136.469,0.024044695227075863,16.20053339142174,0.01099999999999568,0.009000000000014552,0.001999999999981128,0.007468918497810524,0.006325331164788395,0.006392480300691898,-6.714913590350358e-05
08:35:45,136.469,136.471,136.468,136.471,0.024550699424821687,19.386994713857685,0.0030000000000143245,0.0,0.0030000000000143245,0.006873062698104364,0.0063130378360085615,0.006376591807755232,-6.355397174667016e-05
08:35:50,136.471,136.472,136.466,136.467,0.024824436181347664,19.930268593643028,0.006000000000000227,0.0049999999999954525,0.0010000000000047748,0.006756654338357147,0.005912374540400833,0.006283748354284352,-0.0003713738138835191
08:35:55,136.467,136.47,136.466,136.47,0.02562482349384254,20.02028385620763,0.003999999999990678,0.0,0.003999999999990678,0.0063891004265749516,0.005770403302648219,0.006181079343957127,-0.00041067604130890726
08:36:00,136.47,136.475,136.47,136.475,0.027648926887707148,23.06688127492061,0.0049999999999954525,0.0,0.0049999999999954525,0.0062038870363643524,0.005992273092999767,0.006143318093765655,-0.00015104500076588805
08:36:05,136.475,136.478,136.475,136.476,0.028328152263725315,26.35012589593352,0.0030000000000143245,0.0020000000000095497,0.0010000000000047748,0.005776702098184349,0.006177586768103538,0.006150171828633232,2.7414939470306147e-05
08:36:10,136.476,136.481,136.472,136.473,0.025938388541987933,29.633370516946428,0.00899999999998613,0.007999999999981355,0.0010000000000047748,0.00620647515175792,0.006013059456392966,0.00612274935418518,-0.00010968989779221346
08:36:15,136.473,136.476,136.473,136.476,0.025578774098278245,34.13496748999741,0.002999999999985903,0.0,0.002999999999985903,0.005778945131521652,0.00605494763718184,0.006109189010784512,-5.424137360267225e-05
08:36:20,136.476,136.478,136.475,136.475,0.02585384019431558,38.18360737791715,0.0030000000000143245,0.0030000000000143245,0.0,0.0054084191139873415,0.0059389916804093446,0.006075149544709479,-0.00013615786430013453
08:36:25,136.473,136.475,136.47,136.47,0.02511782759961534,38.52707578978074,0.0049999999999954525,0.0049999999999954525,0.0,0.0053539632321217565,0.005381601780584333,0.00593643999188445,-0.0005548382113001174
08:36:30,136.47,136.471,136.469,136.469,0.022338072294871836,37.16223436793088,0.0020000000000095497,0.0020000000000095497,0.0,0.004906768134506796,0.004803799417118171,0.005709911876931195,-0.0009061124598130242
08:36:35,136.469,136.47,136.469,136.47,0.021661510861463285,38.23538265215809,0.0010000000000047748,0.0,0.0010000000000047748,0.004385865716573193,0.004376133184564424,0.005443156138457841,-0.0010670229538934173
08:36:40,136.469,136.469,136.463,136.466,0.020821041992235223,39.45568832607667,0.006000000000000227,0.002999999999985903,0.0030000000000143245,0.004734416954364102,0.003672108265220686,0.00508894656381041,-0.0014168382985897243
08:36:45,136.466,136.471,136.463,136.471,0.017863812293171577,37.31052179867198,0.008000000000009777,0.0,0.008000000000009777,0.005169828027116859,0.0034775348011919505,0.0047666642112867185,-0.001289129410094768
08:36:50,136.471,136.474,136.462,136.474,0.01724010013907673,35.1926535774792,0.012000000000000455,0.0,0.012000000000000455,0.006080517623501338,0.003524777417084124,0.004518286852446199,-0.0009935094353620754
08:36:55,136.475,136.475,136.472,136.475,0.017337516369423156,33.01471318523124,0.002999999999985903,0.0,0.002999999999985903,0.005669781940365947,0.0036013945387765034,0.004334908389712261,-0.0007335138509357575
08:37:00,136.477,136.482,136.477,136.482,0.01969344000235651,33.76034923006964,0.0049999999999954525,0.0,0.0049999999999954525,0.005847144348317821,0.004178785223416526,0.0043036837564531145,-0.00012489853303658885
08:37:05,136.481,136.483,136.481,136.483,0.01950438547652311,34.71478262467098,0.0020000000000095497,0.0,0.0020000000000095497,0.0053341917685433855,0.004663307438164566,0.004375608492795405,0.00028769894536916085
08:37:10,136.483,136.485,136.482,136.483,0.02011650278751631,34.91949333332239,0.0030000000000143245,0.0020000000000095497,0.0010000000000047748,0.005022966199406178,0.004989775755262826,0.004498441945288889,0.0004913338099739369
08:37:15,136.484,136.484,136.48,136.48,0.02055544492293393,33.44870777528132,0.004000000000019099,0.004000000000019099,0.0,0.004886570706154568,0.004949375995096261,0.004588628755250364,0.0003607472398458973
08:37:20,136.48,136.48,136.471,136.472,0.02014264917983155,30.500686809066767,0.00899999999998613,0.007999999999981355,0.0010000000000047748,0.00543502794533211,0.004223143977924337,0.004515531799785159,-0.00029238782186082144
08:37:25,136.473,136.473,136.467,136.467,0.02092995838711431,27.77086725536137,0.006000000000000227,0.006000000000000227,0.0,0.005510357552621192,0.0032071713835364335,0.004253859716535414,-0.0010466883329989804
08:37:30,136.467,136.469,136.467,136.469,0.02046203159596871,24.710239010851044,0.001999999999981128,0.0,0.001999999999981128,0.00504230987893585,0.0025341766570647906,0.00390992310464129,-0.001375746447576499
08:37:35,136.464,136.465,136.463,136.464,0.022043020143144076,25.906654440762548,0.0020000000000095497,0.0010000000000047748,0.0010000000000047748,0.005170001895077768,0.0015791616815761245,0.0034437708200282567,-0.0018646091384521323
08:37:40,136.464,136.474,136.463,136.474,0.02200382742256579,25.05307056416697,0.01099999999999568,0.0,0.01099999999999568,0.005947334975733489,0.0016106552286032638,0.0030771477017432582,-0.0014664924731399944
08:37:45,136.466,136.466,136.462,136.462,0.024100666078936683,23.99630778552745,0.004000000000019099,0.004000000000019099,0.0,0.006754356978969085,0.0006597096574125771,0.002593660092877122,-0.0019339504354645449
08:37:50,136.462,136.465,136.462,136.465,0.02507336603633803,22.45521828630392,0.0030000000000143245,0.0,0.0030000000000143245,0.006253776048441784,0.0001464650115394761,0.002104221076609593,-0.001957756065070117
08:37:55,136.465,136.465,136.46,136.46,0.027113018822149115,22.533528363262796,0.0049999999999954525,0.0049999999999954525,0.0,0.006086605908648941,-0.000656179255315692,0.0015521410102245362,-0.0022083202655402284
08:38:00,136.46,136.462,136.458,136.462,0.02819182412582677,23.201749585365434,0.003999999999990678,0.0,0.003999999999990678,0.005808391787494507,-0.001118009615339588,0.0010181108851117114,-0.0021361205004512994
08:38:05,136.462,136.462,136.458,136.46,0.029831809235702167,23.49032425077711,0.003999999999990678,0.001999999999981128,0.0020000000000095497,0.005567272882493997,-0.0016266458277129914,0.0004891595425467708,-0.002115805370259762
08:38:10,136.46,136.463,136.46,136.462,0.030751294370020332,21.310839416900034,0.002999999999985903,0.0010000000000047748,0.001999999999981128,0.005224969831492918,-0.0018470685487841365,2.1913924280589326e-05,-0.0018689824730647258
08:38:15,136.461,136.466,136.461,136.463,0.03139158452694346,18.68407523027425,0.0049999999999954525,0.0030000000000143245,0.001999999999981128,0.005194973853959923,-0.0019189431188522121,-0.000366257484345971,-0.0015526856345062412
08:38:20,136.463,136.466,136.463,136.463,0.03180135714012522,15.647124276337967,0.0030000000000143245,0.0030000000000143245,0.0,0.004902310673433843,-0.001953386806292201,-0.0006836833487352171,-0.0012697034575569841
08:38:25,136.463,136.466,136.457,136.461,0.03266351578315607,15.05059438926783,0.009000000000014552,0.0049999999999954525,0.004000000000019099,0.0054486692503112714,-0.002117655942527108,-0.0009704778674935954,-0.0011471780750335126
08:38:30,136.461,136.465,136.461,136.465,0.03250651756746947,16.508849792268656,0.003999999999990678,0.0,0.003999999999990678,0.005255513350268526,-0.0019031356823973056,-0.0011570094304743375,-0.0007461262519229681
08:38:35,136.465,136.465,136.464,136.464,0.03216994347690161,17.01253242656639,0.0010000000000047748,0.0010000000000047748,0.0,0.00468811157023336,-0.0017931481773700853,-0.001284237179853487,-0.0005089109975165982
08:38:40,136.464,136.464,136.462,136.464,0.029516097305418043,18.203885009258727,0.0020000000000095497,0.0,0.0020000000000095497,0.0043296966942035185,-0.0016865408936439508,-0.0013646979226115798,-0.00032184297103237097
08:38:45,136.465,136.466,136.463,136.466,0.025467419850087936,17.025143967888706,0.0030000000000143245,0.0,0.0030000000000143245,0.0041524038016449594,-0.0014242526697216817,-0.0013766088720336001,-4.7643797688081595e-05
08:38:50,136.462,136.462,136.461,136.461,0.020420835596041798,19.20862686636059,0.0009999999999763531,0.0009999999999763531,0.0,0.004265416628091692,-0.0016013857971870493,-0.0014215642570642902,-0.00017982154012275917
08:38:55,136.461,136.471,136.461,136.471,0.01604598654904521,20.815883377957523,0.009999999999990905,0.0,0.009999999999990905,0.00503002774434492,-0.0009241951045169117,-0.0013220904265548144,0.00039789532203790274
08:39:00,136.471,136.473,136.471,136.473,0.016446404185956,22.963841880740837,0.0020000000000095497,0.0,0.0020000000000095497,0.004626024045100204,-0.00022355629849357683,-0.001102383600942567,0.0008788273024489901
08:39:05,136.474,136.474,136.469,136.469,0.01676588014288427,23.50977821984024,0.0049999999999954525,0.0049999999999954525,0.0,0.004675887505752904,8.836570003722954e-06,-0.0008801395667533089,0.0008889761367570319
08:39:10,136.469,136.469,136.468,136.468,0.016582806572046138,22.973207788396103,0.0010000000000047748,0.0010000000000047748,0.0,0.004185769171653153,0.00011103797331202259,-0.0006819040587402427,0.0007929420320522653
08:39:15,136.468,136.469,136.466,136.468,0.01679473602109738,21.79529521001573,0.002999999999985903,0.0010000000000047748,0.001999999999981128,0.004027666615430853,0.00018984490785101116,-0.0005075542654219919,0.0006973991732730031
08:39:20,136.468,136.469,136.466,136.469,0.015056385255547866,21.123138418716326,0.002999999999985903,0.0,0.002999999999985903,0.003890644400038193,0.0003291968376686327,-0.00034020404480386703,0.0006694008824724997
08:39:25,136.466,136.466,136.462,136.463,0.014925781302508767,22.31840079296688,0.004000000000019099,0.0030000000000143245,0.0010000000000047748,0.004305225146700434,-4.400830951567514e-05,-0.0002809648977462287,0.00023695658823055354
08:39:30,136.463,136.468,136.461,136.468,0.015190024431490201,22.462030445440746,0.0069999999999765805,0.0,0.0069999999999765805,0.004664528460470587,6.29564134442262e-05,-0.00021218063550813772,0.0002751370489523639
08:39:35,136.468,136.47,136.466,136.469,0.014823878323454664,20.843203674264917,0.003999999999990678,0.0010000000000047748,0.002999999999985903,0.004575924665739933,0.00022581531135301702,-0.00012458144613590677,0.0003503967574889238
08:39:40,136.469,136.47,136.468,136.47,0.014982094580773264,18.6468270211916,0.0020000000000095497,0.0,0.0020000000000095497,0.004232468043642549,0.00043060999990984783,-1.3543156926755853e-05,0.0004441531568366037
08:39:45,136.471,136.476,136.47,136.476,0.01648092997288586,18.68808643205585,0.006000000000000227,0.0,0.006000000000000227,0.004468138971156907,0.0010647869211481975,0.00020212285868823483,0.0008626640624599627
08:39:50,136.476,136.484,136.476,136.484,0.022057341542904396,19.594878016151224,0.008000000000009777,0.0,0.008000000000009777,0.004939053775003956,0.0021876914956635574,0.0005992365860832994,0.001588454909580258
08:39:55,136.484,136.487,136.482,136.487,0.027483200613289682,22.373116974389777,0.0049999999999954525,0.0,0.0049999999999954525,0.004947179938336156,0.003281845319037302,0.0011357583326741,0.0021460869863632022
08:40:00,136.487,136.491,136.487,136.488,0.03169858041258067,24.808444055747405,0.004000000000019099,0.0030000000000143245,0.0010000000000047748,0.004820889279893882,0.0041814604761896135,0.001744898761377203,0.0024365617148124105
08:40:05,136.488,136.488,136.481,136.484,0.03273562360510596,25.392513638156004,0.007000000000005002,0.003999999999990678,0.0030000000000143245,0.005111437375908698,0.0045195468759118285,0.0022998283842841282,0.0022197184916277002
08:40:10,136.484,136.488,136.483,136.488,0.03533896016381277,25.435881229378204,0.0049999999999954525,0.0,0.0049999999999954525,0.005096579059120266,0.005052012894196878,0.002850265286266678,0.0022017476079301997
08:40:15,136.488,136.495,136.488,136.494,0.03923478585721796,27.67787847462369,0.007000000000005002,0.0010000000000047748,0.006000000000000227,0.005350368517904897,0.00589024680718353,0.003458261590450049,0.002431985216733481
08:40:20,136.494,136.503,136.494,136.5,0.044383021886801544,31.304751076910758,0.00899999999998613,0.002999999999985903,0.006000000000000227,0.005836986048849062,0.00695848993780146,0.004158307259920332,0.002800182677881128
08:40:25,136.499,136.503,136.499,136.503,0.04954147651187668,35.57296582613406,0.003999999999990678,0.0,0.003999999999990678,0.005592054575667945,0.007955449770179257,0.004917735761972117,0.00303771400820714
08:40:30,136.503,136.509,136.503,136.507,0.05345297983177488,40.39124241760778,0.006000000000000227,0.001999999999981128,0.004000000000019099,0.00564644729891225,0.008964971578819814,0.0057271829253416565,0.003237788653478157
08:40:35,136.507,136.52,136.506,136.52,0.06355635709041962,44.23412851601103,0.014000000000010004,0.0,0.014000000000010004,0.006760254325725284,0.010690779587491761,0.006719902257771677,0.003970877329720084
08:40:40,136.519,136.519,136.509,136.513,0.0684554407532687,49.078945894316426,0.010000000000019327,0.006000000000000227,0.004000000000019099,0.007325553748965126,0.011362671564825177,0.007648456119182377,0.0037142154456428003
08:40:45,136.517,136.517,136.514,136.515,0.07201286435008569,54.266376444777684,0.002999999999985903,0.0020000000000095497,0.0009999999999763531,0.0068821465824352,0.011919137683065628,0.008502592431959027,0.003416545251106601
08:40:50,136.515,136.52,136.51,136.51,0.07262419489785543,57.48837529300685,0.010000000000019327,0.010000000000019327,0.0,0.007297860371446417,0.011820424383330419,0.009166158822233306,0.0026542655610971126
08:40:55,136.51,136.512,136.509,136.512,0.07267519666913813,58.015111095458096,0.0030000000000143245,0.0,0.0030000000000143245,0.006724812321922138,0.011767923372019595,0.009686511732190565,0.00208141163982903
08:41:00,136.52,136.52,136.517,136.518,0.0733955398069952,58.16915372265929,0.0030000000000143245,0.0020000000000095497,0.0010000000000047748,0.006894837345667157,0.012071315190837595,0.010163472423919972,0.001907842766917623
08:41:05,136.519,136.524,136.519,136.523,0.0720406318129676,58.349346211803436,0.0049999999999954525,0.0010000000000047748,0.003999999999990678,0.006775525699578233,0.01257031088715621,0.01064484011656722,0.0019254707705889905
08:41:10,136.523,136.53,136.523,136.53,0.07276175976898003,58.587330004348054,0.007000000000005002,0.0,0.007000000000005002,0.006805455606301802,0.013376415083570237,0.011191155109967824,0.0021852599736024124
08:41:15,136.53,136.53,136.521,136.521,0.06915154982067406,60.59635959981613,0.009000000000014552,0.009000000000014552,0.0,0.007098061525463502,0.01313759170375306,0.011580442428724871,0.0015571492750281885
08:41:20,136.521,136.525,136.52,136.522,0.0642609810440149,62.16223617965926,0.0049999999999954525,0.0030000000000143245,0.001999999999981128,0.006818319988734429,0.012880535304134355,0.011840461003806767,0.0010400743003275877
08:41:25,136.524,136.528,136.524,136.526,0.060896806592722896,62.877902562818335,0.003999999999990678,0.001999999999981128,0.0020000000000095497,0.006709210656903202,0.012851439432012057,0.012042656689447827,0.0008087827425642298
08:41:30,136.526,136.527,136.52,136.522,0.05810009512219949,60.92264637914747,0.0069999999999765805,0.0049999999999954525,0.001999999999981128,0.006747982569312986,0.012363100051487663,0.012106745361855794,0.0002563546896318693
08:41:35,136.522,136.524,136.522,136.523,0.05540245102474728,59.90527646187435,0.0020000000000095497,0.0010000000000047748,0.0010000000000047748,0.006114918226739195,0.011919380023442727,0.012069272294173181,-0.0001498922707304541
08:41:40,136.522,136.522,136.519,136.519,0.05138093032064717,56.813845121511356,0.002999999999985903,0.002999999999985903,0.0,0.005832929129839393,0.011116814417135856,0.011878780718765717,-0.000761966301629861
08:41:45,136.518,136.519,136.514,136.515,0.04382693236624391,51.3178999631912,0.0049999999999954525,0.004000000000019099,0.0009999999999763531,0.005721871912526868,0.01004224803708098,0.01151147418242877,-0.00146922614534779
08:41:50,136.515,136.527,136.513,136.527,0.037769383320949146,47.741092903994264,0.013999999999981583,0.0,0.013999999999981583,0.006825622324187497,0.010043174684767564,0.01121781428289653,-0.0011746395981289664
08:41:55,136.526,136.527,136.521,136.521,0.03176956505569706,44.292189888352326,0.006000000000000227,0.006000000000000227,0.0,0.006715539347629194,0.009450816079009883,0.010864414642119203,-0.0014135985631093199
08:42:00,136.521,136.521,136.518,136.518,0.02724933607390767,41.66670176520239,0.002999999999985903,0.002999999999985903,0.0,0.006220134101276756,0.008639699609204854,0.010419471635536333,-0.0017797720263314793
08:42:05,136.517,136.526,136.515,136.525,0.02376286356690116,40.72393027452732,0.011000000000024102,0.0010000000000047748,0.010000000000019327,0.0068574495544430685,0.008464155940743012,0.01002840849657767,-0.0015642525558346582
08:42:10,136.525,136.532,136.525,136.532,0.023338245112142886,39.67804146608257,0.007000000000005002,0.0,0.007000000000005002,0.006876456280517994,0.008788568668393282,0.009780440530940794,-0.0009918718625475127
08:42:15,136.533,136.536,136.532,136.536,0.02707960974373691,38.77557457069896,0.003999999999990678,0.0,0.003999999999990678,0.006492928776447686,0.009261671874753574,0.00967668679970335,-0.0004150149249497765
08:42:20,136.536,136.536,136.532,136.535,0.02844755101273222,37.37350887365038,0.003999999999990678,0.0010000000000047748,0.002999999999985903,0.006160538272920085,0.009447018582022793,0.00963075315616724,-0.0001837345741444469
08:42:25,136.536,136.541,136.535,136.541,0.03196313667342565,37.48281457072246,0.006000000000000227,0.0,0.006000000000000227,0.006139133169864103,0.00996320738590839,0.00969724400211547,0.0002659633837929203
08:42:30,136.54,136.54,136.53,136.532,0.029958567893459076,35.97713637338205,0.009999999999990905,0.007999999999981355,0.0020000000000095497,0.00678724874721498,0.009536139270608146,0.009665023055814004,-0.00012888378520585844
08:42:35,136.532,136.534,136.53,136.533,0.02817912629342345,34.07389236291014,0.003999999999990678,0.0010000000000047748,0.002999999999985903,0.006415615580918407,0.009172639872332411,0.009566546419117687,-0.0003939065467852762
08:42:40,136.533,136.533,136.532,136.533,0.02780685263394389,33.678950642484196,0.0009999999999763531,0.0,0.0009999999999763531,0.005693533503459467,0.008783315387944413,0.009409900212883033,-0.0006265848249386204
08:42:45,136.533,136.533,136.518,136.518,0.028712000072061983,32.36219323759995,0.014999999999986358,0.014999999999986358,0.0,0.006934395702996385,0.007181613123691477,0.008964242795044722,-0.0017826296713532447
08:42:50,136.517,136.519,136.513,136.513,0.03088586801220572,33.35993773223632,0.006000000000000227,0.006000000000000227,0.0,0.006809809609263565,0.005446016043435975,0.008260597444722973,-0.0028145814012869984
08:42:55,136.517,136.518,136.517,136.518,0.03137481391382835,36.480988181666405,0.0010000000000047748,0.0,0.0010000000000047748,0.006568501661361151,0.004423015299181543,0.007493081015614688,-0.003070065716433145
08:43:00,136.518,136.519,136.514,136.514,0.03289472843249541,38.17997599748016,0.0049999999999954525,0.0049999999999954525,0.0,0.006359368106512392,0.0032520259377406546,0.006644870000039882,-0.0033928440622992273
08:43:05,136.514,136.515,136.51,136.514,0.034322924680793676,40.39751237177818,0.0049999999999954525,0.0009999999999763531,0.004000000000019099,0.006178119025643467,0.0022975240056837265,0.0057754008011686505,-0.003477876795484924
08:43:10,136.511,136.517,136.51,136.517,0.03490980861573689,42.857377306901775,0.007000000000005002,0.0,0.007000000000005002,0.0062877031555583374,0.0017628284861928023,0.004972886338173481,-0.0032100578519806784
08:43:15,136.518,136.523,136.518,136.523,0.03490980861573689,41.843026128111525,0.0049999999999954525,0.0,0.0049999999999954525,0.006249342734817255,0.0018024507602376616,0.004338799222586317,-0.002536348462348656
08:43:20,136.523,136.525,136.519,136.523,0.034589928572358986,39.1246370166154,0.006000000000000227,0.0020000000000095497,0.003999999999990678,0.0062160970368416515,0.0018129531030410817,0.00383362999867727,-0.0020206768956361884
08:43:25,136.526,136.532,136.524,136.532,0.03403713143825371,36.797301384118214,0.008000000000009777,0.0,0.008000000000009777,0.006587284098598038,0.0025184697180407056,0.0035705979425499574,-0.0010521282245092517
08:43:30,136.531,136.531,136.528,136.529,0.03417047048827726,34.236104901040854,0.0030000000000143245,0.0020000000000095497,0.0010000000000047748,0.00624231288545418,0.0028032081517892493,0.003417119984397816,-0.0006139118326085667
08:43:35,136.529,136.531,136.529,136.53,0.034153831575508775,31.02315400878732,0.0020000000000095497,0.0010000000000047748,0.0010000000000047748,0.005676671167394897,0.0030741205069944044,0.003348520088917134,-0.00027439958192272944
08:43:40,136.53,136.531,136.527,136.528,0.0333933494912344,29.062498878161644,0.004000000000019099,0.0030000000000143245,0.0010000000000047748,0.005453115011744791,0.0030917969048687155,0.0032971754521074503,-0.00020537854723873478
08:43:45,136.526,136.526,136.523,136.526,0.03337253835951515,27.814131154691587,0.0030000000000143245,0.0,0.0030000000000143245,0.0053926996768448796,0.0029108676222335816,0.0032199138861326764,-0.00030904626389909474
08:43:50,136.529,136.533,136.529,136.531,0.03324169861912196,26.937992052190506,0.003999999999990678,0.001999999999981128,0.0020000000000095497,0.005607006386595773,0.0031348020290522527,0.0032028915147165916,-6.808948566433895e-05
08:43:55,136.525,136.528,136.521,136.521,0.03224837818396509,25.888983495271496,0.007000000000005002,0.007000000000005002,0.0,0.00619273886838558,0.0024768041764957616,0.0030576740470724256,-0.0005808698705766641
08:44:00,136.521,136.524,136.518,136.518,0.031632095637746716,24.675185135645055,0.006000000000000227,0.006000000000000227,0.0,0.006167040352600867,0.001693736865519213,0.0027848866107617835,-0.0010911497452425704
08:44:05,136.516,136.517,136.513,136.517,0.028328895434356127,23.992184937430032,0.003999999999990678,0.0,0.003999999999990678,0.0060114349722534795,0.0009811486661419622,0.0024241390218378194,-0.0014429903556958572
08:44:10,136.515,136.515,136.509,136.511,0.029235162691065852,23.46698822888903,0.006000000000000227,0.003999999999990678,0.0020000000000095497,0.00627657697595432,-6.696059168120883e-05,0.0019259190991340138,-0.0019928796908152227
08:44:15,136.51,136.516,136.51,136.514,0.028388285216976783,22.046997684854272,0.006000000000000227,0.001999999999981128,0.004000000000019099,0.006239700045827107,-0.0006480494906213607,0.001411125381182939,-0.0020591748718042997
08:44:20,136.514,136.519,136.512,136.518,0.026369839244182458,20.412887522584832,0.007000000000005002,0.0010000000000047748,0.006000000000000227,0.006341073373050827,-0.000776845072522292,0.0009735312904418929,-0.0017503763629641849
08:44:25,136.515,136.516,136.511,136.511,0.027694574818781348,21.2550850576402,0.0049999999999954525,0.0049999999999954525,0.0,0.006428930256644717,-0.0014273049150972383,0.0004933640493340666,-0.001920668964431305
08:44:30,136.511,136.511,136.507,136.509,0.02880350857049052,23.567726666187976,0.003999999999990678,0.0020000000000095497,0.001999999999981128,0.006105072889090846,-0.0020802030263382676,-2.1349365800400267e-05,-0.0020588536605378673
08:44:35,136.509,136.51,136.504,136.504,0.03222290784788129,25.465920283475636,0.006000000000000227,0.006000000000000227,0.0,0.006091063170545429,-0.002966887267035645,-0.0006104569460474493,-0.0023564303209881957
08:44:40,136.504,136.509,136.502,136.507,0.03379878541352355,27.930356864231978,0.0069999999999765805,0.001999999999981128,0.0049999999999954525,0.0062122547478029155,-0.0033884559767614064,-0.0011660567521902408,-0.0022223992245711654
08:44:45,136.508,136.508,136.496,136.496,0.039467508297434506,31.205894458357395,0.012000000000000455,0.012000000000000455,0.0,0.006983954114762587,-0.004557622846476761,-0.0018443699710475449,-0.0027132528754292163
08:44:50,136.5,136.508,136.5,136.507,0.040727593137603435,35.28727320089238,0.008000000000009777,0.0010000000000047748,0.007000000000005002,0.007652760232794303,-0.004544205176358673,-0.002384337012109771,-0.0021598681642489024
08:44:55,136.507,136.507,136.501,136.502,0.04272999686691037,38.65636453627176,0.006000000000000227,0.0049999999999954525,0.0010000000000047748,0.007432392201755093,-0.0048807673416320085,-0.0028836230780142184,-0.00199714426361779
08:45:00,136.502,136.502,136.497,136.497,0.04572503633698943,42.41515217999099,0.0049999999999954525,0.0049999999999954525,0.0,0.007108073241520475,-0.005487694766372897,-0.003404437415685954,-0.002083257350686943
08:45:05,136.497,136.497,136.484,136.497,0.04574114812953667,47.25138243522171,0.01300000000000523,0.0,0.01300000000000523,0.00789366347598511,-0.00590066987388127,-0.003903683907325018,-0.0019969859665562523
08:45:10,136.498,136.503,136.497,136.503,0.04428187226329783,49.10576923219611,0.005999999999971806,0.0,0.005999999999971806,0.007641175012516668,-0.005678349290036522,-0.004258616983867319,-0.0014197323061692028
08:45:15,136.503,136.504,136.498,136.498,0.04276496353162429,49.69858182286067,0.006000000000000227,0.006000000000000227,0.0,0.007422351677514476,-0.005838316362087426,-0.004574556859511341,-0.0012637595025760846
08:45:20,136.498,136.501,136.497,136.501,0.04034378580666953,49.83619826923059,0.003999999999990678,0.0,0.003999999999990678,0.006966038120511303,-0.005657796930051973,-0.004791204873619467,-0.0008665920564325056
08:45:25,136.501,136.502,136.498,136.498,0.03836665219387214,49.918356219440454,0.004000000000019099,0.004000000000019099,0.0,0.006570566371112343,-0.005691204247654014,-0.004971204748426376,-0.0007199994992276373
08:45:30,136.496,136.499,136.495,136.495,0.03338073822965271,51.65189841295198,0.003999999999990678,0.003999999999990678,0.0,0.006227824188296122,-0.005891837282831602,-0.005155331255307422,-0.0007365060275241805
08:45:35,136.495,136.497,136.491,136.491,0.032961859945316974,53.76470297237999,0.006000000000000227,0.006000000000000227,0.0,0.006197447629856669,-0.006300973281526012,-0.005384459660551141,-0.0009165136209748712
08:45:40,136.491,136.491,136.488,136.489,0.033311922956158924,55.41968380810663,0.0030000000000143245,0.0020000000000095497,0.0010000000000047748,0.005771121279211023,-0.006709259624869901,-0.005649419653414893,-0.0010598399714550084
08:45:45,136.491,136.496,136.489,136.491,0.03237868045277992,54.33543837107805,0.007000000000005002,0.0049999999999954525,0.0020000000000095497,0.005934971775316888,-0.006793139128944858,-0.0058781635485208854,-0.0009149755804239729
08:45:50,136.494,136.494,136.491,136.492,0.03236632428701114,52.91881082116093,0.002999999999985903,0.0020000000000095497,0.0009999999999763531,0.005543642205272757,-0.006701669918385278,-0.006042864822493764,-0.0006588050958915136
08:45:55,136.492,136.492,136.487,136.492,0.030872232464048466,51.529337841211394,0.0049999999999954525,0.0,0.0049999999999954525,0.00547115657790245,-0.006553633700207229,-0.0061450185980364575,-0.00040861510217077117
08:46:00,136.492,136.492,136.483,136.483,0.029430381731685884,50.81246183065605,0.00899999999998613,0.00899999999998613,0.0,0.005941669034180274,-0.007080914341798916,-0.00633219774678895,-0.0007487165950099666
08:46:05,136.482,136.482,136.478,136.478,0.03198683940576075,50.752714844745945,0.003999999999990678,0.003999999999990678,0.0,0.005816113162955632,-0.0078121921739295885,-0.0066281966322170776,-0.001183995541712511
08:46:10,136.479,136.489,136.479,136.489,0.030366186187563926,47.469228557875724,0.009999999999990905,0.0,0.009999999999990905,0.006507298074560972,-0.007418609937843712,-0.006786279293342405,-0.0006323306445013069
08:46:15,136.489,136.491,136.478,136.478,0.03302566785464478,42.63232955033091,0.01300000000000523,0.01300000000000523,0.0,0.007372991664620207,-0.007903198101161024,-0.007009663054906129,-0.0008935350462548949
08:46:20,136.478,136.481,136.477,136.481,0.032725975525124795,40.396013535762336,0.003999999999990678,0.0,0.003999999999990678,0.006923259442669603,-0.007953480017135917,-0.007198426447352087,-0.0007550535697838298
08:46:25,136.481,136.481,136.472,136.473,0.037068925848075196,39.61892427857804,0.00899999999998613,0.007999999999981355,0.0010000000000047748,0.007200158183645141,-0.008540413369928501,-0.00746682383186737,-0.001073589538061131
08:46:30,136.473,136.479,136.473,136.476,0.03669733964733268,38.47602360312145,0.006000000000000227,0.0030000000000143245,0.002999999999985903,0.007040137092492486,-0.008663618550940555,-0.007706182775682007,-0.0009574357752585479
08:46:35,136.476,136.478,136.475,136.476,0.037024032029250975,38.27468563938369,0.0030000000000143245,0.0020000000000095497,0.0010000000000047748,0.006501452146828732,-0.008661416130905764,-0.007897229446726758,-0.0007641866841790051
08:46:40,136.476,136.481,136.475,136.481,0.03684162406136693,35.97132180531601,0.006000000000000227,0.0,0.006000000000000227,0.006434591860584931,-0.008162124592359987,-0.007950208475853406,-0.00021191611650658165
08:46:45,136.487,136.494,136.487,136.494,0.03632542969359065,34.54000097459392,0.007000000000005002,0.0,0.007000000000005002,0.007309979612507638,-0.006640889061145572,-0.007688344592911839,0.0010474555317662674
08:46:50,136.493,136.498,136.492,136.495,0.03417539897429833,33.34586348172657,0.006000000000000227,0.002999999999985903,0.0030000000000143245,0.007135315664173317,-0.005293586134257566,-0.007209392901180985,0.0019158067669234188
08:46:55,136.496,136.507,136.496,136.507,0.037298229114242076,35.3851925817554,0.01099999999999568,0.0,0.01099999999999568,0.007783940242283602,-0.003220416192846187,-0.006411597559514026,0.003191181366667839
08:47:00,136.508,136.509,136.506,136.506,0.03899527637128131,37.607843110341626,0.002999999999985903,0.002999999999985903,0.0,0.007146081543310576,-0.0016392099288680129,-0.005457120033384824,0.003817910104516811
08:47:05,136.506,136.507,136.503,136.505,0.040924063186537296,37.860620643673926,0.004000000000019099,0.0020000000000095497,0.0020000000000095497,0.006726604004205046,-0.0004614647371283809,-0.0044579889741335355,0.003996524237005155
08:47:10,136.506,136.511,136.506,136.511,0.045299471361147425,37.94765235334781,0.0049999999999954525,0.0,0.0049999999999954525,0.00662972347031107,0.0009451614357942617,-0.003377358892147976,0.0043225203279422374
08:47:15,136.511,136.514,136.509,136.513,0.049985260989046765,37.71990354486002,0.005000000000023874,0.0010000000000047748,0.004000000000019099,0.006412427007606111,0.0021959920676977163,-0.0022626887001788378,0.004458680767876554
08:47:20,136.508,136.513,136.506,136.513,0.053839527646573515,39.01253715817554,0.007000000000005002,0.0,0.007000000000005002,0.006490770073259296,0.0031509620264102978,-0.0011799585548610107,0.004330920581271308
08:47:25,136.513,136.514,136.506,136.506,0.05532639990718735,41.10134194327868,0.008000000000009777,0.008000000000009777,0.0,0.00669200073015936,0.0033048449054433604,-0.00028299786280013646,0.003587842768243497
08:47:30,136.501,136.503,136.491,136.491,0.05534047724250968,40.86172437797838,0.011999999999972033,0.011999999999972033,0.0,0.007799733966136293,0.002191165167857889,0.0002118347433314687,0.0019793304245264206
08:47:35,136.491,136.496,136.491,136.495,0.05538724915356852,39.52131729386199,0.0049999999999954525,0.0010000000000047748,0.003999999999990678,0.007426436103984181,0.0016127418387554826,0.0004920161624162715,0.0011207256763392111
08:47:40,136.495,136.506,136.494,136.506,0.05586600510781636,38.50739081877049,0.012000000000000455,0.0,0.012000000000000455,0.008036244623453018,0.0020186752209383485,0.0007973479741206869,0.0012213272468176617
08:47:45,136.506,136.512,136.505,136.512,0.05609615804831947,37.91012496877655,0.007000000000005002,0.0,0.007000000000005002,0.00789807867365995,0.00279234182838195,0.0011963467449729397,0.0015959950834090104
08:47:50,136.513,136.518,136.512,136.518,0.059219840206765184,39.645179816059176,0.006000000000000227,0.0,0.006000000000000227,0.007645001517171988,0.0038453017991457727,0.0017261377558075064,0.0021191640433382663
08:47:55,136.517,136.519,136.517,136.519,0.05958311311832176,40.023591890148694,0.0020000000000095497,0.0,0.0020000000000095497,0.0068923346482169965,0.004706221413869116,0.0023221544874198283,0.0023840669264492877
08:48:00,136.519,136.527,136.519,136.524,0.061098367627892,40.64604781206744,0.007999999999981355,0.002999999999985903,0.0049999999999954525,0.0070400233617855775,0.005725959329538455,0.003002915455843554,0.002723043873694901
08:48:05,136.524,136.525,136.52,136.52,0.05726981385907948,40.57242188252989,0.0049999999999954525,0.0049999999999954525,0.0,0.006768020246880228,0.006140557875056629,0.0036304439396861693,0.00251011393537046
08:48:10,136.518,136.52,136.516,136.516,0.05209545894445,38.91373330382551,0.004000000000019099,0.004000000000019099,0.0,0.006398950880632077,0.006076319608723679,0.004119619073493671,0.0019567005352300083
08:48:15,136.518,136.518,136.515,136.516,0.04486987033311607,38.044754275798134,0.0030000000000143245,0.0020000000000095497,0.0010000000000047748,0.0059457574298830435,0.0059567446751884745,0.004487044193832631,0.0014697004813558432
08:48:20,136.519,136.52,136.515,136.515,0.03776715365643213,37.01899863615849,0.005000000000023874,0.005000000000023874,0.0,0.005819656439235155,0.005715405400479767,0.004732716435162059,0.0009826889653177084
08:48:25,136.515,136.517,136.508,136.508,0.03503021253220595,33.376216593685754,0.00899999999998613,0.00899999999998613,0.0,0.0062437022473352845,0.004902784539666527,0.004766730056062953,0.0001360544836035739
08:48:30,136.508,136.509,136.506,136.508,0.03222225449587768,30.494197477528324,0.002999999999985903,0.0009999999999763531,0.0020000000000095497,0.005811208614355367,0.004210243585589524,0.004655432761968267,-0.00044518917637874356
08:48:35,136.507,136.51,136.506,136.506,0.032324668770343123,27.616708244638605,0.003999999999990678,0.003999999999990678,0.0,0.005569714132440075,0.0034601303755721347,0.0044163722846890414,-0.0009562419091169068
08:48:40,136.509,136.51,136.507,136.51,0.03206309569975474,26.823189311458638,0.002999999999985903,0.0,0.002999999999985903,0.005360418914780156,0.0031520914745613027,0.004163516122663494,-0.0010114246481021912
08:48:45,136.51,136.51,136.497,136.499,0.033368122205672535,28.10050632783012,0.012999999999976808,0.01099999999999568,0.001999999999981128,0.00637902972613971,0.0019973363073972905,0.0037302801596102533,-0.0017329438522129628
08:48:50,136.496,136.497,136.493,136.496,0.035717605868740065,29.928071985208014,0.004000000000019099,0.0010000000000047748,0.0030000000000143245,0.0063284924293211114,0.0008305356914490858,0.0031503312659780197,-0.002319795574528934
08:48:55,136.496,136.509,136.496,136.507,0.03563262846182624,28.154632863799986,0.012999999999976808,0.001999999999981128,0.01099999999999568,0.007218026772075205,0.000784403747985607,0.0026771457623795372,-0.0018927420143939303
08:49:00,136.508,136.51,136.506,136.509,0.03545731311311329,25.818518749943443,0.003999999999990678,0.0010000000000047748,0.002999999999985903,0.006788956535797268,0.0008988655729353923,0.0023214897244907082,-0.001422624151555316
08:49:05,136.509,136.509,136.504,136.507,0.03539610446216557,22.879223253714265,0.0049999999999954525,0.001999999999981128,0.0030000000000143245,0.00655042899769036,0.0008187559990631144,0.0020209429794051897,-0.0012021869803420754
08:49:10,136.507,136.512,136.507,136.512,0.031072749959719204,19.77996377425139,0.0049999999999954525,0.0,0.0049999999999954525,0.00634370513133104,0.0011455219340632539,0.0018458587703368027,-0.0007003368362735489
08:49:15,136.511,136.514,136.511,136.514,0.027740147621670985,16.805733873090812,0.0030000000000143245,0.0,0.0030000000000143245,0.005897877780488811,0.0015480249095389809,0.0017862919981772385,-0.00023826708863825766
08:49:20,136.517,136.517,136.514,136.514,0.027422618412629163,15.892690953365653,0.002999999999985903,0.002999999999985903,0.0,0.0055114940764217565,0.0018457349340792462,0.00179818058535764,4.755434872160606e-05
08:49:25,136.514,136.518,136.514,136.518,0.028033063196630792,15.537969256520666,0.003999999999990678,0.0,0.003999999999990678,0.005309961532897613,0.0023770378315646212,0.0019139520345990363,0.0004630857969655849
08:49:30,136.517,136.517,136.515,136.515,0.027599389783006245,15.28689845967484,0.0020000000000095497,0.0020000000000095497,0.0,0.005001966661846508,0.002526895795881501,0.0020365407868555294,0.0004903550090259714
08:49:35,136.515,136.515,136.512,136.515,0.026926019514917243,15.902885981467396,0.002999999999985903,0.0,0.002999999999985903,0.004735037773598428,0.0026155093486011083,0.002152334499204645,0.0004631748493964631
08:49:40,136.515,136.515,136.51,136.511,0.024195693408955776,16.111122440717036,0.0049999999999954525,0.003999999999990678,0.0010000000000047748,0.004770366070451365,0.002336041227806618,0.0021890758449250396,0.0001469653828815782
08:49:45,136.511,136.513,136.506,136.506,0.022919538907672177,17.021045504851323,0.007000000000005002,0.007000000000005002,0.0,0.00506765059439185,0.0016916027716149529,0.0020895812302630223,-0.0003979784586480694
08:49:50,136.505,136.506,136.504,136.506,0.02249303987196072,18.52140352493984,0.0020000000000095497,0.0,0.0020000000000095497,0.0046586305151408765,0.0011674233227552122,0.0019051496487614602,-0.000737726326006248
08:49:55,136.505,136.508,136.505,136.508,0.021700351695926656,17.04784476678143,0.0030000000000143245,0.0,0.0030000000000143245,0.00443747977979067,0.000902981608447817,0.0017047160406987315,-0.0008017344322509144
08:50:00,136.508,136.508,136.507,136.507,0.021070308381752056,14.913386807852262,0.0010000000000047748,0.0010000000000047748,0.0,0.003979149142485884,0.0006057354606809895,0.0014849199246951832,-0.0008791844640141937
08:50:05,136.507,136.507,136.493,136.495,0.024426904936262872,18.531394911949878,0.014000000000010004,0.012000000000000455,0.0020000000000095497,0.0053152625901557666,-0.0005913176233320883,0.001069672415089729,-0.0016609900384218172
08:50:10,136.495,136.497,136.493,136.497,0.026386599480133555,21.944206805396885,0.004000000000019099,0.0,0.004000000000019099,0.0051398942448042115,-0.0013628969042542849,0.0005831585512209262,-0.001946055455475211
08:50:15,136.499,136.502,136.499,136.5,0.027225375170473853,23.762295905082997,0.0030000000000143245,0.0020000000000095497,0.0010000000000047748,0.005121241678829711,-0.0017125627579162028,0.0001240142893935004,-0.0018365770473097033
08:50:20,136.5,136.501,136.499,136.499,0.028071337704773214,24.873147756627674,0.0020000000000095497,0.0020000000000095497,0.0,0.00470507612165369,-0.002046773181604067,-0.00031014320480601305,-0.0017366299767980539
08:50:25,136.499,136.5,136.494,136.497,0.028588551269535856,26.587397900485772,0.006000000000000227,0.002999999999985903,0.0030000000000143245,0.004877732638766561,-0.0024448380642070333,-0.0007370821766862171,-0.0017077558875208162
08:50:30,136.497,136.505,136.497,136.505,0.02684536616902733,25.759836887159032,0.007999999999981355,0.0,0.007999999999981355,0.005294034953595201,-0.0020906742193744776,-0.0010078005852238693,-0.0010828736341506084
08:50:35,136.505,136.505,136.499,136.501,0.027394966892870798,24.715862512192405,0.006000000000000227,0.003999999999990678,0.0020000000000095497,0.005388163626449205,-0.0021084583954120717,-0.0012279321472615098,-0.0008805262481505619
08:50:40,136.501,136.504,136.499,136.499,0.028167917556572775,23.218162703103108,0.0049999999999954525,0.0049999999999954525,0.0,0.005336408476255372,-0.002257908010307119,-0.0014339273198706317,-0.0008239806904364875
08:50:45,136.499,136.512,136.498,136.512,0.028623876682217997,23.68783566043397,0.014000000000010004,0.0,0.014000000000010004,0.00649155401275599,-0.0013122299819769978,-0.001409587852291905,9.735787031490712e-05
08:50:50,136.51,136.51,136.506,136.506,0.02816119017558094,24.43033221998952,0.003999999999990678,0.003999999999990678,0.0,0.006426013477721888,-0.0010349924386332532,-0.0013346687695601747,0.0002996763309269215
08:50:55,136.506,136.512,136.506,136.506,0.027199845210361673,24.938888884406992,0.006000000000000227,0.006000000000000227,0.0,0.006369211680692334,-0.0008059887515230457,-0.001228932765952749,0.0004229440144297033
08:51:00,136.506,136.511,136.506,136.511,0.026567887234364207,24.85701059287024,0.0049999999999954525,0.0,0.0049999999999954525,0.006186650123266083,-0.0002185244524639529,-0.0010268511032549897,0.0008083266507910368
08:51:05,136.511,136.515,136.511,136.514,0.025214866134888325,26.86741251031189,0.003999999999990678,0.0009999999999763531,0.0030000000000143245,0.005895096773496029,0.0004835461459720136,-0.000724771653409589,0.0012083177993816026
08:51:10,136.514,136.514,136.511,136.512,0.024392406076401585,28.877814427753545,0.0030000000000143245,0.0020000000000095497,0.0010000000000047748,0.0055090838703651356,0.0008685468012004094,-0.00040610796248758936,0.0012746547636879988
08:51:15,136.515,136.52,136.515,136.52,0.02638659947956512,29.110253498688724,0.005000000000023874,0.0,0.005000000000023874,0.005841206020984421,0.001798464160117419,3.480646203341231e-05,0.0017636576980840067
08:51:20,136.52,136.527,136.519,136.527,0.03235070975392773,30.21201646997171,0.007999999999981355,0.0,0.007999999999981355,0.006129045218184012,0.0030649411317824615,0.0006408333959832222,0.0024241077357992392
08:51:25,136.527,136.528,136.522,136.524,0.03596723656056611,33.48712788884364,0.006000000000000227,0.003999999999990678,0.0020000000000095497,0.006111839189092841,0.0037829508260642797,0.0012692568819994338,0.002513693944064846
08:51:30,136.524,136.525,136.522,136.524,0.03890284796131027,36.76223930771557,0.0030000000000143245,0.0010000000000047748,0.0020000000000095497,0.005696927297215706,0.00430238348312173,0.0018758822022238932,0.002426501280897837
08:51:35,136.524,136.524,136.521,136.523,0.04108988863373497,38.27424939860879,0.0030000000000143245,0.0010000000000047748,0.0020000000000095497,0.005337336990922189,0.004580544300068823,0.002416814621792879,0.0021637296782759437
08:51:40,136.525,136.527,136.525,136.527,0.04407601090639446,42.12078751184674,0.001999999999981128,0.0,0.001999999999981128,0.005159025392131321,0.005065364948080742,0.002946524687050452,0.0021188402610302897
08:51:45,136.527,136.528,136.524,136.526,0.043942546228265655,45.9673256250847,0.003999999999990678,0.001999999999981128,0.0020000000000095497,0.005004488673179235,0.005307713148710036,0.003418762379382369,0.001888950769327667
08:51:50,136.526,136.527,136.521,136.525,0.04329385516859929,47.65457341424566,0.006000000000000227,0.001999999999981128,0.004000000000019099,0.0051372235167553675,0.005357328255769289,0.003806475554659753,0.001550852701109536
08:51:55,136.527,136.527,136.521,136.523,0.0424010923470064,48.78206801469762,0.006000000000000227,0.003999999999990678,0.0020000000000095497,0.005252260381188015,0.0051756041572446065,0.004080301275176724,0.0010953028820678825
08:52:00,136.523,136.525,136.521,136.525,0.04098318012660229,50.468201337930694,0.004000000000019099,0.0,0.004000000000019099,0.005085292330365494,0.005133790642361191,0.004290999148613617,0.0008427914937475739
08:52:05,136.525,136.526,136.521,136.526,0.03815977491717604,51.89416590916979,0.005000000000023874,0.0,0.005000000000023874,0.005073920019653278,0.0051222981091427755,0.004457258940719449,0.0006650391684233266
08:52:10,136.526,136.527,136.525,136.527,0.03749863156320998,53.68164065109636,0.001999999999981128,0.0,0.001999999999981128,0.004664064017030325,0.00513469229980501,0.004592745612536561,0.0005419466872684494
08:52:15,136.527,136.529,136.527,136.529,0.03516218065027488,54.91092229878734,0.0020000000000095497,0.0,0.0020000000000095497,0.004308855481427555,0.0052454319956325435,0.004723282889155758,0.0005221491064767853
08:52:20,136.531,136.532,136.52,136.53,0.03074581701457646,52.57776690479733,0.012000000000000455,0.0020000000000095497,0.009999999999990905,0.005334341417237275,0.005352188942538305,0.004849064099832268,0.0005031248427060375
08:52:25,136.538,136.54,136.535,136.536,0.03237868045675896,50.61562822979188,0.0049999999999954525,0.003999999999990678,0.0010000000000047748,0.005956429228271093,0.00585346929761954,0.005049945139389722,0.000803524158229818
08:52:30,136.535,136.541,136.535,136.539,0.03205521553320523,48.022660331484225,0.006000000000000227,0.0020000000000095497,0.003999999999990678,0.005962238664501645,0.0064188203530477494,0.005323720182121328,0.0010951001709264213
08:52:35,136.537,136.538,136.536,136.536,0.02920994785046105,45.89192895317511,0.0020000000000095497,0.0020000000000095497,0.0,0.005567273509232879,0.006549294024949859,0.005568834950687034,0.0009804590742628246
08:52:40,136.533,136.533,136.526,136.531,0.026361055820359525,41.90290493691772,0.0069999999999765805,0.001999999999981128,0.0049999999999954525,0.006158303708000616,0.006178020759051606,0.0056906721123599485,0.0004873486466916571
08:52:45,136.531,136.531,136.517,136.52,0.024503490637926006,40.39304003809866,0.014000000000010004,0.01099999999999568,0.0030000000000143245,0.007203863213601868,0.004939239473713997,0.005540385584630759,-0.0006011461109167622
08:52:50,136.522,136.522,136.515,136.515,0.023116182547084918,38.73021222001695,0.007000000000005002,0.007000000000005002,0.0,0.0071766814517889525,0.0035135363074232373,0.005135015729189255,-0.0016214794217660174
08:52:55,136.513,136.514,136.512,136.512,0.025983800636993237,37.496528926616925,0.0020000000000095497,0.0020000000000095497,0.0,0.006619790591548547,0.002117175863105558,0.004531447755972516,-0.0024142718928669574
08:53:00,136.512,136.512,136.508,136.511,0.029321448961752594,38.926451417457265,0.003999999999990678,0.0010000000000047748,0.002999999999985903,0.006270485179340831,0.0009192618299493915,0.0038090105707678907,-0.002889748740818499
08:53:05,136.513,136.519,136.513,136.519,0.029865664156830007,37.83052447303874,0.006000000000000227,0.0,0.006000000000000227,0.006501087155430024,0.0006084259141516668,0.003168893639444646,-0.002560467725292979
08:53:10,136.519,136.519,136.513,136.513,0.03179606067533314,36.73459752862021,0.006000000000000227,0.006000000000000227,0.0,0.006434275534706052,-0.00012067260578874084,0.0025109803903979686,-0.0026316529961867095
08:53:15,136.512,136.512,136.502,136.502,0.03771136922983942,37.033719140861294,0.009999999999990905,0.009999999999990905,0.0,0.007043038796744669,-0.0015680213310247382,0.0016951800461134274,-0.0032632013771381656
08:53:20,136.503,136.504,136.496,136.498,0.04391906432607584,37.602949366355965,0.007999999999981355,0.006000000000000227,0.001999999999981128,0.007170633623842894,-0.003003203137609489,0.0007555034093688442,-0.0037587065469783334
08:53:25,136.499,136.502,136.493,136.493,0.050853763517409334,37.817883773696394,0.009000000000014552,0.009000000000014552,0.0,0.007414549140665781,-0.0044922691896545075,-0.0002940511104358261,-0.004198218079218681
08:53:30,136.493,136.493,136.489,136.489,0.05787973011854319,41.937176298013775,0.003999999999990678,0.003999999999990678,0.0,0.006959275921909101,-0.005926810749627975,-0.001420603038274256,-0.004506207711353719
08:53:35,136.489,136.493,136.489,136.493,0.06207092717755813,44.38543410196538,0.003999999999990678,0.0,0.003999999999990678,0.006564705798986646,-0.00666410900032588,-0.002469304230684581,-0.0041948047696412985
08:53:40,136.495,136.507,136.494,136.506,0.062385895847285155,42.39341310926157,0.01300000000000523,0.0010000000000047748,0.012000000000000455,0.007556078359123094,-0.00612878302581521,-0.0032011999897107067,-0.002927583036104503
08:53:45,136.508,136.511,136.507,136.508,0.062093647447113653,39.80528615653164,0.003999999999990678,0.002999999999985903,0.0010000000000047748,0.0072152679112394095,-0.0054799802477703,-0.0036569560413226253,-0.0018230242064476744
08:53:50,136.508,136.519,136.508,136.519,0.06123604030494789,40.39824386191274,0.01099999999999568,0.0,0.01099999999999568,0.007719898856406913,-0.004031716188080736,-0.0037319080706742476,-0.00029980811740648854
08:53:55,136.52,136.524,136.52,136.524,0.06042794753051339,39.88278212738801,0.003999999999990678,0.0,0.003999999999990678,0.007357245675552052,-0.002452230486710505,-0.0034759725538814996,0.0010237420671709947
08:54:00,136.522,136.524,136.52,136.523,0.059248273353603054,39.06812068614004,0.003999999999990678,0.0010000000000047748,0.002999999999985903,0.006909612918810536,-0.0012665681225598746,-0.0030340916676171747,0.0017675235450573
08:54:05,136.523,136.523,136.519,136.52,0.05596201719964711,37.52100085117665,0.003999999999990678,0.002999999999985903,0.0010000000000047748,0.006521664529634556,-0.000562512787439573,-0.0025397758915816546,0.0019772631041420816
08:54:10,136.52,136.522,136.52,136.522,0.05132517593568764,35.46956555604986,0.001999999999981128,0.0,0.001999999999981128,0.005918775925680766,0.0001550520795490229,-0.002000810297355519,0.002155862376904542
08:54:15,136.523,136.523,136.518,136.518,0.046766609777534995,35.22323379905186,0.0049999999999954525,0.0049999999999954525,0.0,0.005796272468922724,0.00039639148155856674,-0.001521369941572702,0.0019177614231312688
08:54:20,136.519,136.522,136.517,136.522,0.0442818722631273,34.610159690437165,0.0049999999999954525,0.0,0.0049999999999954525,0.005690102806399089,0.0009000460958645817,-0.0010370867340852453,0.001937132829949827
08:54:25,136.522,136.533,136.522,136.532,0.04744370626087857,34.40665547650898,0.01099999999999568,0.0009999999999763531,0.010000000000019327,0.0063980890988786345,0.0020821111515942903,-0.0004132471569493382,0.0024953583085436286
08:54:30,136.532,136.535,136.531,136.534,0.05135470050328195,33.84656349235262,0.003999999999990678,0.0010000000000047748,0.002999999999985903,0.006078343885693574,0.003144046894362873,0.0002982116533131041,0.002845835241049769
08:54:35,136.534,136.536,136.53,136.53,0.05356511041026124,33.00976104030313,0.006000000000000227,0.006000000000000227,0.0,0.006067898034267794,0.003621129919110899,0.0009627953064726631,0.002658334612638236
08:54:40,136.529,136.529,136.523,136.525,0.054405882040839515,29.252589413096437,0.006000000000000227,0.003999999999990678,0.0020000000000095497,0.006192178296366089,0.003554786079007499,0.0014811934609796303,0.002073592618027869
08:54:45,136.527,136.529,136.521,136.521,0.05457433366865416,24.900297217410216,0.008000000000009777,0.008000000000009777,0.0,0.006433221190185247,0.0031432085851861302,0.0018135964858209306,0.0013296120993651996
08:54:50,136.521,136.522,136.515,136.515,0.0545542704258537,25.734251292286903,0.007000000000005002,0.007000000000005002,0.0,0.0065087916981612145,0.002306295066233588,0.001912136201903462,0.00039415886433012584
08:54:55,136.516,136.522,136.515,136.52,0.05338874315242492,26.604786705621304,0.007000000000005002,0.001999999999981128,0.005000000000023874,0.0065742861384070535,0.002023171425292958,0.0019343432465813613,8.882817871159652e-05
08:55:00,136.52,136.52,136.515,136.517,0.05075389537171304,26.152530098792962,0.005000000000023874,0.0030000000000143245,0.0020000000000095497,0.006364381319955963,0.0015389785849606596,0.001855270314257221,-0.0003162917292965613
08:55:05,136.516,136.516,136.505,136.505,0.047065911238121316,27.05395226354989,0.01099999999999568,0.01099999999999568,0.0,0.0071157971439618955,0.00018482204524161716,0.0015211806604541003,-0.0013363586152124831
08:55:10,136.505,136.505,136.497,136.497,0.04344094600895687,28.886880185932217,0.007999999999981355,0.007999999999981355,0.0,0.007233690858097824,-0.0015164096829494156,0.0009136625917733972,-0.0024300722747228128
08:55:15,136.497,136.499,136.493,136.494,0.042971716532349546,31.38126533788503,0.006000000000000227,0.0049999999999954525,0.0010000000000047748,0.00706919874368481,-0.0030713187613855553,0.00011666632114160666,-0.003187985082527162
08:55:20,136.496,136.496,136.492,136.493,0.04728369030749491,33.96326875455249,0.004000000000019099,0.0030000000000143245,0.0010000000000047748,0.006659972244529383,-0.004334323666000728,-0.0007735316762868603,-0.0035607919897138675
08:55:25,136.494,136.494,136.483,136.486,0.054355941917208384,37.915573242714416,0.01099999999999568,0.008000000000009777,0.002999999999985903,0.007238642611924889,-0.005832867979705725,-0.0017853989369706331,-0.004047469042735091
08:55:30,136.486,136.487,136.484,136.487,0.06003332408448614,42.17094672179154,0.002999999999985903,0.0,0.002999999999985903,0.0066734902636663585,-0.006860697650182601,-0.002800458679613027,-0.004060238970569574
08:55:35,136.487,136.494,136.487,136.494,0.06189804860946424,41.540505802333975,0.007000000000005002,0.0,0.007000000000005002,0.006717024895178178,-0.007029388159565997,-0.003646244575603621,-0.0033831435839623758
08:55:40,136.494,136.496,136.492,136.493,0.06350963458243086,39.98479312977451,0.004000000000019099,0.0030000000000143245,0.0010000000000047748,0.006354754909156968,-0.007161218180755213,-0.00434923929663394,-0.0028119788841212733
08:55:45,136.494,136.498,136.494,136.495,0.06453721896815523,37.77957476027309,0.003999999999990678,0.002999999999985903,0.0010000000000047748,0.006174120921268767,-0.007023350326363698,-0.004884061502579892,-0.0021392888237838055
08:55:50,136.495,136.502,136.49,136.502,0.06388146918953908,36.959874812465166,0.012000000000000455,0.0,0.012000000000000455,0.006950904798432992,-0.00627689146236321,-0.005162627494536556,-0.0011142639678266538
08:55:55,136.502,136.503,136.5,136.503,0.0635096345820898,36.9358407401384,0.002999999999985903,0.0,0.002999999999985903,0.006424117491973381,-0.005540755412624776,-0.005238253078154201,-0.000302502334470575
08:56:00,136.504,136.504,136.497,136.5,0.06253958746680155,36.330752857382755,0.0069999999999765805,0.003999999999990678,0.002999999999985903,0.006500901826373808,-0.005140184371811074,-0.005218639336885576,7.845496507450159e-05
08:56:05,136.501,136.51,136.501,136.51,0.05811748537030326,36.12570512813558,0.00899999999998613,0.0,0.00899999999998613,0.006967448249522754,-0.003970048264363868,-0.004968921122381235,0.0009988728580173668
08:56:10,136.51,136.514,136.51,136.514,0.05249922305654309,36.793223667098005,0.004000000000019099,0.0,0.004000000000019099,0.0065717884829222676,-0.0026889439264721204,-0.004512925683199412,0.0018239817567272916
08:56:15,136.514,136.521,136.514,136.518,0.04865301419181378,36.60588222065051,0.0069999999999765805,0.002999999999985903,0.003999999999990678,0.006628883351862842,-0.0013354981469149152,-0.003877440175942513,0.0025419420290275978
08:56:20,136.516,136.52,136.516,136.519,0.04677876261774827,35.33149760364008,0.004000000000019099,0.0010000000000047748,0.0030000000000143245,0.00627836557161701,-0.0001801147225251043,-0.0031379750852590315,0.002957860362733927
08:56:25,136.517,136.519,136.517,136.517,0.04568957039163024,33.69896962609293,0.0020000000000095497,0.0020000000000095497,0.0,0.005707916828736016,0.000567608641034667,-0.0023968583400002922,0.0029644669810349592
08:56:30,136.517,136.524,136.517,136.521,0.04720169488984993,32.835193520275745,0.007000000000005002,0.0030000000000143245,0.003999999999990678,0.005880194584905215,0.0014660516336562068,-0.0016242763452689925,0.003090327978925199
08:56:35,136.521,136.525,136.517,136.525,0.0487917162992062,31.472218307496867,0.008000000000009777,0.0,0.008000000000009777,0.006162835306919157,0.002472341139167611,-0.0008049528483816719,0.003277293987549283
08:56:40,136.525,136.528,136.52,136.528,0.05204815584437483,30.60323700787328,0.007999999999981355,0.0,0.007999999999981355,0.00640779059932745,0.0034718860094358206,5.041492318182659e-05,0.003421471086253994
08:56:45,136.528,136.53,136.522,136.522,0.05421050588097387,32.699632977051344,0.008000000000009777,0.008000000000009777,0.0,0.006620085186085093,0.0037368070786385488,0.0007876933542731711,0.0029491137243653777
08:56:50,136.522,136.522,136.515,136.515,0.0541125532715796,32.21462017791386,0.007000000000005002,0.007000000000005002,0.0,0.0066707404946077485,0.0033433770664146323,0.0012988300967014636,0.0020445469697131687
08:56:55,136.515,136.515,136.51,136.51,0.05280191384593991,31.157208202459007,0.0049999999999954525,0.0049999999999954525,0.0,0.00644797509532611,0.0025981726173256448,0.0015586986008263,0.0010394740164993447
08:57:00,136.509,136.511,136.505,136.511,0.05103559130151325,32.515315237600284,0.006000000000000227,0.0,0.006000000000000227,0.006388245082615993,0.0020644862527490204,0.0016598561312108442,0.00040463012153817623
08:57:05,136.506,136.515,136.506,136.515,0.046674234981367135,32.481871243343754,0.00899999999998613,0.0,0.00899999999998613,0.006736479071598678,0.0019419173203516493,0.0017162683690390053,0.00022564895131264406
08:57:10,136.515,136.52,136.515,136.52,0.04212062878235656,32.85869003559007,0.005000000000023874,0.0,0.005000000000023874,0.0065049485287220375,0.002222617816954653,0.0018175382586221348,0.00040507955833251805
08:57:15,136.52,136.52,136.507,136.508,0.0389353039714706,32.71885848565559,0.01300000000000523,0.012000000000000455,0.0010000000000047748,0.007370955391559797,0.0014599459232158551,0.001746019791540879,-0.00028607386832502383
08:57:20,136.51,136.517,136.508,136.514,0.03444049025569029,31.486567832030467,0.00899999999998613,0.002999999999985903,0.006000000000000227,0.007588161339349975,0.001324405882002111,0.0016616970096331256,-0.0003372911276310147
08:57:25,136.512,136.512,136.505,136.505,0.030936947772602252,29.785262678520166,0.007000000000005002,0.007000000000005002,0.0,0.007776406494105252,0.00048517187954644214,0.001426391983615789,-0.0009412201040693469
08:57:30,136.505,136.508,136.505,136.508,0.029430381734982802,28.239494937947377,0.0030000000000143245,0.0,0.0030000000000143245,0.0071395522948931285,6.143957699578095e-05,0.0011534015022917875,-0.0010919619252960065
08:57:35,136.508,136.508,136.505,136.506,0.02858339600123827,26.69372719737459,0.0030000000000143245,0.0020000000000095497,0.0010000000000047748,0.006587611988909289,-0.0004307887463710358,0.0008365634525592229,-0.0012673521989302588
08:57:40,136.504,136.504,136.498,136.502,0.02778564568109232,25.905818619631567,0.006000000000000227,0.001999999999981128,0.004000000000019099,0.006775930390389354,-0.00113061676330517,0.00044312740938634435,-0.0015737441726915145
08:57:45,136.502,136.503,136.499,136.502,0.02970734448638268,24.967553974485856,0.003999999999990678,0.0009999999999763531,0.0030000000000143245,0.006405806338336198,-0.0016660305456639435,2.1295818376286827e-05,-0.0016873263640402303
08:57:50,136.501,136.502,136.501,136.502,0.03158680604968822,24.170707761024367,0.0010000000000047748,0.0,0.0010000000000047748,0.005685032159892008,-0.0020665281751917064,-0.00039626898033731184,-0.0016702591948543947
08:57:55,136.502,136.507,136.499,136.503,0.032580911437435134,20.48470670552959,0.008000000000009777,0.004000000000019099,0.003999999999990678,0.005993694538574377,-0.0022769861108713485,-0.0007724124064441192,-0.0015045737044272292
08:58:00,136.503,136.503,136.501,136.503,0.03309380607612411,19.2388075992024,0.001999999999981128,0.0,0.001999999999981128,0.005461201933428611,-0.002415926247238076,-0.0011011151746029106,-0.0013148110726351654
08:58:05,136.503,136.503,136.5,136.501,0.03407669369556743,19.69445510433677,0.002999999999985903,0.001999999999981128,0.0010000000000047748,0.005133041675636251,-0.0026567947159321648,-0.0014122510828687616,-0.0012445436330634032
08:58:10,136.499,136.503,136.499,136.503,0.03344815313204208,19.405152048382234,0.003999999999990678,0.0,0.003999999999990678,0.004981969452216841,-0.002655688305736703,-0.00166093852744235,-0.000994749778294353
08:58:15,136.503,136.507,136.503,136.507,0.030459636804209822,20.174045088156298,0.004000000000019099,0.0,0.004000000000019099,0.004851040191923809,-0.002305468886873996,-0.0017898445993286792,-0.0005156242875453167
08:58:20,136.511,136.516,136.511,136.511,0.024942882130289945,22.573232751228716,0.0049999999999954525,0.0049999999999954525,0.0,0.005404234832998785,-0.0016857189844756704,-0.0017690194763580775,8.330049188240711e-05
08:58:25,136.511,136.511,136.509,136.509,0.021437792514632292,24.11433528102206,0.0020000000000095497,0.0020000000000095497,0.0,0.004950336855266887,-0.0013404936309484583,-0.0016833143072761537,0.00034282067632769543
08:58:30,136.507,136.509,136.507,136.508,0.020329910567568277,24.95267025964546,0.001999999999981128,0.0009999999999763531,0.0010000000000047748,0.0045569586078954534,-0.001134513725673969,-0.001573554190955717,0.00043904046528174794
08:58:35,136.508,136.51,136.503,136.51,0.020329910567568277,23.61529058677272,0.007000000000005002,0.0,0.007000000000005002,0.004882697460176727,-0.0008006603671333323,-0.0014189754261912401,0.0006183150590579078
08:58:40,136.505,136.507,136.505,136.507,0.02004626229756923,23.007090869651346,0.0020000000000095497,0.0,0.0020000000000095497,0.004898337798819224,-0.0007692862501187392,-0.00128903759097674,0.0005197513408580008
08:58:45,136.507,136.507,136.493,136.493,0.022361621268771614,24.38636820389322,0.014000000000010004,0.014000000000010004,0.0,0.006111892758977995,-0.0018527477111547341,-0.001401779615012339,-0.0004509680961423952
08:58:50,136.493,136.496,136.487,136.487,0.024468239358782284,25.049613936254985,0.009000000000014552,0.009000000000014552,0.0,0.006496973724449536,-0.0031591320728239225,-0.0017532501065746558,-0.0014058819662492667
08:58:55,136.487,136.495,136.487,136.491,0.026986156303564712,25.71285966861675,0.008000000000009777,0.003999999999990678,0.004000000000019099,0.006697377227857569,-0.003827562759909142,-0.002168112637241553,-0.001659450122667589
08:59:00,136.49,136.49,136.483,136.483,0.03088791281925296,26.340289383468495,0.007000000000005002,0.007000000000005002,0.0,0.006871060264144531,-0.004945819705483245,-0.002723654050889892,-0.0022221656545933534
08:59:05,136.481,136.484,136.48,136.481,0.035994736463067056,29.943320431664144,0.004000000000019099,0.0030000000000143245,0.0010000000000047748,0.006488252228927807,-0.005925128483880826,-0.0033639489374880788,-0.0025611795463927473
08:59:10,136.48,136.48,136.476,136.476,0.041586941274829314,34.73572994105467,0.003999999999990678,0.003999999999990678,0.0,0.006289818598403493,-0.007023730763421554,-0.004095905302674774,-0.0029278254607467804
08:59:15,136.478,136.483,136.478,136.483,0.0434879293639483,37.632745353544315,0.0049999999999954525,0.0,0.0049999999999954525,0.006384509451950361,-0.007246011970920563,-0.004725926636323931,-0.0025200853345966317
08:59:20,136.484,136.484,136.482,136.484,0.045079578762454275,39.59209700037636,0.0020000000000095497,0.0,0.0020000000000095497,0.0057999081916915865,-0.00725781619934196,-0.005232304548927537,-0.0020255116504144226
08:59:25,136.483,136.483,136.482,136.483,0.04655500425718628,41.68425827387597,0.0010000000000047748,0.0,0.0010000000000047748,0.005293253766133982,-0.007264126450081676,-0.005638668929158365,-0.0016254575209233109
08:59:30,136.483,136.483,136.477,136.477,0.04924696090324687,42.24061943093958,0.006000000000000227,0.006000000000000227,0.0,0.005387486597316148,-0.00766492078957981,-0.006043919301242654,-0.0016210014883371558
08:59:35,136.477,136.481,136.476,136.48,0.050384208055163526,43.926556646515984,0.0049999999999954525,0.0010000000000047748,0.003999999999990678,0.00533582171767339,-0.0076522676847332605,-0.006365588977940776,-0.0012866787067924842
08:59:40,136.48,136.48,136.474,136.474,0.052578162369627535,46.84058994820907,0.006000000000000227,0.006000000000000227,0.0,0.0054243788219836345,-0.00803378143240252,-0.006699227468833125,-0.0013345539635693949
08:59:45,136.475,136.475,136.473,136.474,0.054374529643325786,51.377618121632295,0.001999999999981128,0.0010000000000047748,0.0009999999999763531,0.004967794979049967,-0.008241135150001355,-0.007007609005066771,-0.0012335261449345838
08:59:50,136.474,136.476,136.473,136.474,0.0551880994057683,54.48184605607825,0.002999999999985903,0.0020000000000095497,0.0009999999999763531,0.004705422315174759,-0.008309675696267504,-0.007268022343306918,-0.0010416533529605861
08:59:55,136.474,136.476,136.471,136.473,0.05453574395403393,55.994832923108326,0.0049999999999954525,0.002999999999985903,0.0020000000000095497,0.0047446993398175185,-0.008348450475295977,-0.007484107969704731,-0.0008643425055912457
09:00:00,136.473,136.476,136.473,136.475,0.051091661696489155,56.609622092744125,0.002999999999985903,0.0010000000000047748,0.001999999999981128,0.004512072761173304,-0.008124146379373087,-0.007612115651638403,-0.0005120307277346843
09:00:05,136.475,136.476,136.475,136.476,0.04699787229378671,57.22441126237992,0.0010000000000047748,0.0,0.0010000000000047748,0.0040437963930175,-0.0077760546075751336,-0.00764490344282575,-0.00013115116474938376
09:00:10,136.478,136.479,136.474,136.477,0.04180959346109603,54.803236385064444,0.005000000000023874,0.0020000000000095497,0.0030000000000143245,0.004171290207285017,-0.007334945047261954,-0.007582911763712992,0.0002479667164510379
09:00:15,136.477,136.477,136.471,136.471,0.034420923870357,53.11710306414559,0.006000000000000227,0.006000000000000227,0.0,0.004415118179647045,-0.007384389750171749,-0.007543207361004743,0.0001588176108329939
09:00:20,136.471,136.471,136.469,136.471,0.025340626836850788,51.60798538091381,0.0020000000000095497,0.0,0.0020000000000095497,0.004093102422362045,-0.007338975887790866,-0.007502361066361968,0.00016338517857110175
09:00:25,136.473,136.474,136.472,136.472,0.02247431282347634,49.51978362586862,0.001999999999981128,0.001999999999981128,0.0,0.003947355432711893,-0.007139988093740612,-0.0074298864718376975,0.00028989837809708513
09:00:30,136.473,136.479,136.473,136.477,0.02086144769754128,47.29318498932452,0.006000000000000227,0.0020000000000095497,0.003999999999990678,0.0043543747083509745,-0.0065038581913654525,-0.007244680815743249,0.0007408226243777963
09:00:35,136.477,136.477,136.471,136.471,0.0174307653007304,44.25411811817428,0.006000000000000227,0.006000000000000227,0.0,0.0045737914139042084,-0.006409980254261427,-0.007077740703446885,0.0006677604491854578
09:00:40,136.471,136.476,136.471,136.474,0.016480929969134195,40.30688561313464,0.0049999999999954525,0.0020000000000095497,0.002999999999985903,0.004630619225383041,-0.006024064716598332,-0.006867005506077175,0.0008429407894788429
09:00:45,136.474,136.479,136.473,136.477,0.015866548724716267,37.429780512562374,0.006000000000000227,0.0020000000000095497,0.003999999999990678,0.004813203328665333,-0.00541374268891559,-0.006576352942644859,0.0011626102537292682
09:00:50,136.477,136.478,136.474,136.474,0.01596179649595797,34.8692625779038,0.004000000000019099,0.004000000000019099,0.0,0.004704776218179169,-0.005113191326017841,-0.0062837206193194555,0.0011705292933016148
09:00:55,136.474,136.479,136.474,136.479,0.014812512491914731,32.57370593926377,0.005000000000023874,0.0,0.005000000000023874,0.004744139389091797,-0.004420586226018486,-0.005911093740659261,0.0014905075146407756
09:01:00,136.479,136.49,136.478,136.49,0.018237035770539478,33.406256475856715,0.012000000000000455,0.0,0.012000000000000455,0.005711587470546285,-0.0029500769741730437,-0.005318890387362018,0.0023688134131889743
09:01:05,136.49,136.49,136.483,136.484,0.018581258243386856,33.84257102850229,0.007000000000005002,0.006000000000000227,0.0010000000000047748,0.005883375807807447,-0.002242981953799017,-0.004703708700649419,0.0024607267468504017
09:01:10,136.484,136.485,136.484,136.485,0.02024689709867289,35.042511823946136,0.0010000000000047748,0.0,0.0010000000000047748,0.005232259033433758,-0.0015836570010208106,-0.004079698360723697,0.0024960413597028865
09:01:15,136.485,136.489,136.484,136.484,0.021142125572112036,36.62335765092133,0.0049999999999954525,0.0049999999999954525,0.0,0.005201291162308651,-0.0011288165736118572,-0.0034895220033013294,0.002360705429689472
09:01:20,136.484,136.487,136.482,136.485,0.022262548206867905,39.18612950490577,0.0049999999999954525,0.001999999999981128,0.0030000000000143245,0.005174452340666892,-0.0006798240270882161,-0.002927582408058707,0.0022477583809704907
09:01:25,136.485,136.486,136.482,136.482,0.02245838256430943,40.66772195840358,0.003999999999990678,0.003999999999990678,0.0,0.005017858695243397,-0.0005596181968883229,-0.00245398956582463,0.001894371368936307
09:01:30,136.481,136.487,136.481,136.487,0.023703430798661884,41.57446787155643,0.006000000000000227,0.0,0.006000000000000227,0.005148810869210974,-6.020202567924571e-05,-0.001975232057795553,0.0019150300321163073
09:01:35,136.487,136.492,136.487,136.491,0.025756756907185263,45.342757005837356,0.0049999999999954525,0.0009999999999763531,0.004000000000019099,0.005128969419982239,0.0006508528323649898,-0.0014500150797634444,0.002100867912128434
09:01:40,136.491,136.491,136.484,136.484,0.025808199432788115,47.52941065189894,0.007000000000005002,0.007000000000005002,0.0,0.005378440163985275,0.0006421254096835582,-0.0010315869818740438,0.001673712391557602
09:01:45,136.483,136.485,136.483,136.484,0.025873375872151883,49.88192093877903,0.0020000000000095497,0.0010000000000047748,0.0010000000000047748,0.004927981475455178,0.0006279700168931868,-0.0006996755821205977,0.0013276455990137844
09:01:50,136.482,136.483,136.481,136.481,0.025736314709263297,51.01585059422495,0.0020000000000095497,0.0020000000000095497,0.0,0.004670917278729731,0.000370407016646368,-0.0004856590623672046,0.0008560660790135725
09:01:55,136.481,136.481,136.472,136.472,0.025450881487643073,51.911400830499794,0.00899999999998613,0.00899999999998613,0.0,0.005248128308230585,-0.0005535572373105424,-0.0004992386973558722,-5.43185399546702e-05
09:02:00,136.472,136.479,136.472,136.479,0.023978938128436766,52.18492820139524,0.007000000000005002,0.0,0.007000000000005002,0.005481711200467174,-0.0007127479520647739,-0.0005419405482976526,-0.00017080740376712133
09:02:05,136.481,136.482,136.479,136.479,0.022645087769490146,50.64544842916839,0.002999999999985903,0.002999999999985903,0.0,0.005150816373736339,-0.0008293475382572524,-0.0005994219462895726,-0.0002299255919676798
09:02:10,136.48,136.481,136.478,136.478,0.022515491744798055,47.031072851971125,0.002999999999985903,0.002999999999985903,0.0,0.004864040857236281,-0.000991021316167462,-0.0006777418202651504,-0.0003132794959023115
09:02:15,136.478,136.483,136.474,136.483,0.020494928771768173,44.63444862715641,0.009000000000014552,0.0,0.009000000000014552,0.005415502076273383,-0.0007075347168949975,-0.0006837003995911198,-2.3834317303877647e-05
09:02:20,136.483,136.486,136.483,136.486,0.019535662398993736,40.068569706134475,0.002999999999985903,0.0,0.002999999999985903,0.005093435132768386,-0.00023805051841918612,-0.0005945704233567331,0.000356519904937547
09:02:25,136.485,136.485,136.478,136.48,0.019041229507536173,36.50568392787327,0.007000000000005002,0.005000000000023874,0.001999999999981128,0.005480977115063448,-0.0003461406704161618,-0.0005448844727686189,0.00019874380235245708
09:02:30,136.481,136.482,136.478,136.481,0.01741626584265532,34.4609132029261,0.003999999999990678,0.0010000000000047748,0.002999999999985903,0.005283513499720413,-0.00034710998414766436,-0.000505329575044428,0.00015821959089676362
09:02:35,136.477,136.482,136.477,136.481,0.017148269825497664,32.68675136486595,0.0049999999999954525,0.0010000000000047748,0.003999999999990678,0.005245711699757085,-0.00034391374865094804,-0.00047304640976573206,0.00012913266111478402
09:02:40,136.481,136.483,136.48,136.483,0.015760042749832337,30.324556354358972,0.0030000000000143245,0.0,0.0030000000000143245,0.0049462834731247175,-0.00017794617099298193,-0.00041402636201118205,0.00023608019101820012
09:02:45,136.483,136.484,136.476,136.477,0.01641052294291967,28.223134312815557,0.008000000000009777,0.007000000000005002,0.0010000000000047748,0.005353445676709392,-0.000524519195096218,-0.0004361249286281893,-8.839426646802873e-05
09:02:50,136.477,136.477,136.476,136.476,0.017033712705028847,28.301769635308574,0.0010000000000047748,0.0010000000000047748,0.0,0.004772986253148776,-0.0008698454197428873,-0.000522869026851129,-0.00034697639289175833
09:02:55,136.474,136.474,136.46,136.46,0.025611674970946297,31.196458492047036,0.013999999999981583,0.013999999999981583,0.0,0.006269921419394423,-0.002406840662160903,-0.0008996633539130838,-0.001507177308247819
09:03:00,136.46,136.465,136.46,136.464,0.029117547613282113,35.30972798021967,0.0049999999999954525,0.0010000000000047748,0.003999999999990678,0.006100598563474561,-0.003264522511216228,-0.0013726351853737128,-0.0018918873258425152
09:03:05,136.464,136.464,136.448,136.45,0.03907563516054324,39.08794098303178,0.015999999999991132,0.014000000000010004,0.001999999999981128,0.007420518755010104,-0.005016102050944937,-0.0021013285584879577,-0.0029147734924569796
09:03:10,136.452,136.46,136.451,136.46,0.04113085664613436,42.73015677765938,0.009000000000014552,0.0,0.009000000000014552,0.0077644495876780005,-0.005533537849316872,-0.0027877704166537403,-0.0027457674326631315
09:03:15,136.459,136.461,136.457,136.461,0.040946177766500114,47.23629777348962,0.004000000000019099,0.0,0.004000000000019099,0.007262522975990148,-0.005796103926684282,-0.003389437118659849,-0.002406666808024433
09:03:20,136.461,136.461,136.445,136.445,0.04794733953406194,52.07851286206757,0.016000000000019554,0.016000000000019554,0.0,0.008427519912527402,-0.007212118899815323,-0.004153973474890944,-0.0030581454249243786
09:03:25,136.447,136.453,136.446,136.449,0.05128865679404271,55.6595200100693,0.007000000000005002,0.003999999999990678,0.0030000000000143245,0.008370517257525053,-0.007920254632040269,-0.004907229706320809,-0.00301302492571946
09:03:30,136.45,136.456,136.45,136.454,0.05263418940825204,59.19146484153737,0.006000000000000227,0.001999999999981128,0.004000000000019099,0.008187781623185257,-0.007985942118722278,-0.005522972188801103,-0.0024629699299211745
09:03:35,136.454,136.454,136.448,136.448,0.05609165431786778,61.552564117879236,0.006000000000000227,0.006000000000000227,0.0,0.007896077406760587,-0.008425031265090865,-0.006103384004059056,-0.0023216472610318095
09:03:40,136.448,136.455,136.448,136.455,0.056486607633985386,63.39914604582835,0.007000000000005002,0.0,0.007000000000005002,0.007776600419193175,-0.008114630667307665,-0.006505633336708778,-0.0016089973305988868
09:03:45,136.454,136.455,136.453,136.453,0.056815120299177124,64.97511908689046,0.0020000000000095497,0.0020000000000095497,0.0,0.007006387029968692,-0.007938509051797382,-0.006792208479726499,-0.0011463005720708831
09:03:50,136.453,136.456,136.448,136.448,0.057894277508808045,67.81346602390859,0.007999999999981355,0.007999999999981355,0.0,0.007138868759303713,-0.008108915090332403,-0.00705554980184768,-0.0010533652884847228
09:03:55,136.449,136.456,136.449,136.455,0.05582076580060402,69.52433320134709,0.0069999999999765805,0.0009999999999763531,0.006000000000000227,0.007253686258060732,-0.007591610247686731,-0.007162761891015491,-0.0004288483566712402
09:04:00,136.462,136.464,136.46,136.463,0.0515735550331442,67.36033550002497,0.003999999999990678,0.0010000000000047748,0.002999999999985903,0.0074865280903174515,-0.006461623715750875,-0.007022534255962568,0.0005609105402116935
09:04:05,136.463,136.463,136.456,136.456,0.048980769586307815,64.00289986009275,0.007000000000005002,0.007000000000005002,0.0,0.007421657678275791,-0.0060610744532141325,-0.006830242295412882,0.0007691678421987494
09:04:10,136.458,136.466,136.453,136.466,0.04552570124076283,59.558605783708096,0.01300000000000523,0.0,0.01300000000000523,0.008165436654506383,-0.004880460934657549,-0.006440286023261816,0.001559825088604267
09:04:15,136.466,136.466,136.462,136.463,0.04124586103353067,54.46273947082627,0.004000000000019099,0.0030000000000143245,0.0010000000000047748,0.007610045100574746,-0.004139177284116613,-0.005980064275432776,0.0018408869913161627
09:04:20,136.464,136.464,136.46,136.463,0.03497006238069389,50.10982806546902,0.003999999999990678,0.0010000000000047748,0.002999999999985903,0.007128705753830204,-0.0035112293837471498,-0.00548629729709565,0.0019750679133485006
09:04:25,136.463,136.467,136.463,136.467,0.03143179750634317,45.06634171982932,0.004000000000019099,0.0,0.004000000000019099,0.00671154498665539,-0.0026601450813359406,-0.004921066853943708,0.0022609217726077676
09:04:30,136.469,136.469,136.464,136.466,0.027594049697029277,39.63456239864445,0.0049999999999954525,0.002999999999985903,0.0020000000000095497,0.0064833389884340654,-0.002042798176830729,-0.004345413118521113,0.0023026149416903842
09:04:35,136.466,136.469,136.466,136.469,0.02944754479540279,34.246239665653256,0.002999999999985903,0.0,0.002999999999985903,0.006018893789974311,-0.0012965258365227328,-0.0037356356621214373,0.0024391098255987045
09:04:40,136.469,136.475,136.469,136.475,0.032859509554668875,32.19046704120739,0.006000000000000227,0.0,0.006000000000000227,0.006016374617977766,-0.0002184318281592823,-0.0030321948953290065,0.002813763067169724
09:04:45,136.475,136.476,136.469,136.47,0.03346891723401768,30.167116873027233,0.007000000000005002,0.006000000000000227,0.0010000000000047748,0.006147524668914731,0.00022985757243532134,-0.0023797844017761412,0.0026096419742114626
09:04:50,136.47,136.47,136.467,136.469,0.03457714486683017,27.616785219276945,0.002999999999985903,0.0010000000000047748,0.001999999999981128,0.005727854713057554,0.0004986899224945773,-0.0018040895369219976,0.0023027794594165747
09:04:55,136.469,136.469,136.463,136.467,0.03517116043144597,23.601249831576293,0.006000000000000227,0.001999999999981128,0.004000000000019099,0.005764140751316578,0.000544086323003512,-0.0013344543649368957,0.0018785406879404077
09:05:00,136.467,136.469,136.467,136.468,0.03282104587651702,18.91137372036646,0.001999999999981128,0.0010000000000047748,0.0009999999999763531,0.0052622553178051845,0.0006532249693123049,-0.0009369184980870557,0.0015901434673993606
09:05:05,136.468,136.477,136.468,136.477,0.03360200495001209,16.46746304023714,0.009000000000014552,0.0,0.009000000000014552,0.0057606212754331,0.0014492370144694178,-0.0004596873955757611,0.0019089244100451788
09:05:10,136.479,136.482,136.478,136.478,0.03524590308177267,18.846951387424525,0.003999999999990678,0.003999999999990678,0.0,0.005659205105374748,0.002136149733445336,5.948003022845835e-05,0.0020766697032168777
09:05:15,136.478,136.478,136.472,136.473,0.03281783853600473,17.98986176072725,0.006000000000000227,0.0049999999999954525,0.0010000000000047748,0.0057046444246581455,0.002251125228553974,0.0004978090698935615,0.0017533161586604125
09:05:20,136.472,136.479,136.471,136.478,0.0333302454691875,18.219630570482416,0.008000000000009777,0.0010000000000047748,0.007000000000005002,0.006010691834705029,0.002714412294807289,0.0009411297148763071,0.0017732825799309819
09:05:25,136.478,136.484,136.478,136.482,0.03374891810983627,19.624604655802113,0.006000000000000227,0.0020000000000095497,0.003999999999990678,0.006009266256744389,0.0033655413376436627,0.0014260120394297784,0.0019395292982138843
09:05:30,136.482,136.482,136.473,136.473,0.028488963697384406,18.711795517994364,0.00899999999998613,0.00899999999998613,0.0,0.006408030755843288,0.0031193827092295123,0.0017646861733897252,0.001354696535839787
09:05:35,136.473,136.481,136.473,136.481,0.027271732038173013,19.02410492773141,0.007999999999981355,0.0,0.007999999999981355,0.006620293321728363,0.003529151502249306,0.0021175792391616415,0.0014115722630876643
09:05:40,136.481,136.481,136.474,136.474,0.02659244055524823,19.039042133229277,0.007000000000005002,0.007000000000005002,0.0,0.0066709208788319155,0.0032515726192343664,0.0023443779151761865,0.0009071947040581799
09:05:45,136.474,136.477,136.464,136.465,0.02341749233636392,20.753201513450758,0.01300000000000523,0.012000000000000455,0.0010000000000047748,0.007514798094988358,0.002279092609825284,0.002331320854106006,-5.2228244280722036e-05
09:05:50,136.463,136.471,136.463,136.471,0.022903918303256887,20.785088993656796,0.008000000000009777,0.0,0.008000000000009777,0.007579491682324548,0.001969837985797085,0.0022590242804442218,-0.00028918629464713685
09:05:55,136.471,136.471,136.466,136.467,0.02191946983515436,20.571501398431273,0.0049999999999954525,0.003999999999990678,0.0010000000000047748,0.0072355594580140025,0.001386007861754024,0.0020844209967061825,-0.0006984131349521585
09:06:00,136.467,136.474,136.467,136.474,0.02042083559223329,20.087841015665738,0.0069999999999765805,0.0,0.0069999999999765805,0.007204151530275679,0.001471200694908248,0.001961776936346596,-0.000490576241438348
09:06:05,136.474,136.48,136.474,136.475,0.019953630456541305,20.831623469075208,0.006000000000000227,0.0049999999999954525,0.0010000000000047748,0.007043597992905619,0.0016009534765260014,0.001889612244382477,-0.0002886587678564757
09:06:10,136.473,136.476,136.472,136.472,0.018980322219590562,20.897052733046355,0.003999999999990678,0.003999999999990678,0.0,0.0066377849271836275,0.0014450509153505209,0.0018006999785760858,-0.00035564906322556496
09:06:15,136.471,136.471,136.466,136.466,0.019676328283367184,19.989506209358343,0.0049999999999954525,0.0049999999999954525,0.0,0.006552746936892508,0.0008278047387761944,0.0016061209306161076,-0.0007783161918399131
09:06:20,136.466,136.476,136.466,136.47,0.019703058805419005,16.738266953140556,0.009999999999990905,0.006000000000000227,0.003999999999990678,0.0070123806786389605,0.0006538619538218882,0.0014156691352572638,-0.0007618071814353756
09:06:25,136.47,136.47,136.468,136.468,0.01999578902967869,16.39692112502137,0.0020000000000095497,0.0020000000000095497,0.0,0.006344063254821706,0.00035058641628893383,0.0012026525914635977,-0.0008520661751746639
09:06:30,136.468,136.469,136.465,136.467,0.0203588852960479,15.671695674623379,0.003999999999990678,0.001999999999981128,0.0020000000000095497,0.006031521487510903,2.9210010325186886e-05,0.0009679640752359157,-0.0009387540649107288
09:06:35,136.467,136.469,136.467,136.468,0.020158320731354706,13.771264948660855,0.001999999999981128,0.0010000000000047748,0.0009999999999763531,0.0054939852891736,-0.00014314141893123633,0.0007457429764024853,-0.0008888843953337216
09:06:40,136.468,136.471,136.464,136.464,0.021176948738286683,14.616845364551391,0.007000000000005002,0.007000000000005002,0.0,0.005694787250617787,-0.0005956316678634721,0.0004774680475492939,-0.001073099715412766
09:06:45,136.464,136.468,136.462,136.463,0.02215638199515979,16.06685642479608,0.006000000000000227,0.0049999999999954525,0.0010000000000047748,0.005735482283868779,-0.0010231310746746658,0.000177348223104502,-0.0012004792977791678
09:06:50,136.463,136.463,136.454,136.455,0.025697839350925733,19.200332689455596,0.00899999999998613,0.007999999999981355,0.0010000000000047748,0.006170751312684426,-0.0019845835321063987,-0.0002550381279376781,-0.0017295454041687205
09:06:55,136.456,136.456,136.447,136.448,0.03235266197333431,21.496626334532184,0.00899999999998613,0.007999999999981355,0.0010000000000047748,0.0065479844709913195,-0.0032736464713423175,-0.000858759796618606,-0.0024148866747237116
09:07:00,136.448,136.448,136.441,136.441,0.039801613295708194,24.112635639303214,0.007000000000005002,0.007000000000005002,0.0,0.006608253208193145,-0.004804694113516916,-0.0016479466599982682,-0.003156747453518648
09:07:05,136.441,136.441,136.438,136.44,0.044141399589818775,26.94311936460746,0.0030000000000143245,0.0010000000000047748,0.0020000000000095497,0.006127152780435969,-0.006029250595418034,-0.0025242074470822216,-0.0035050431483358126
09:07:10,136.441,136.441,136.436,136.437,0.05006269753050674,31.222569700770027,0.0049999999999954525,0.003999999999990678,0.0010000000000047748,0.0059768657430439,-0.00715926777533582,-0.0034512195127329413,-0.003708048262602879
09:07:15,136.438,136.441,136.438,136.439,0.051627817876919835,35.739780934707944,0.0030000000000143245,0.0020000000000095497,0.0010000000000047748,0.005713283643970138,-0.007803477613975929,-0.004321671132981539,-0.0034818064809943898
09:07:20,136.439,136.439,136.431,136.432,0.056313408703033474,41.3788070219041,0.007999999999981355,0.007000000000005002,0.0009999999999763531,0.006018179158104967,-0.008777676460624662,-0.0052128721985101635,-0.003564804262114498
09:07:25,136.432,136.438,136.43,136.434,0.06026572736192293,45.79725890806075,0.007999999999981355,0.003999999999990678,0.003999999999990678,0.0062824219370218185,-0.009281363004760124,-0.006026570359760156,-0.0032547926449999678
09:07:30,136.434,136.435,136.426,136.426,0.06505835437030782,51.806878814615054,0.009000000000014552,0.009000000000014552,0.0,0.006644765678754183,-0.010208395334160514,-0.0068629353546402275,-0.0033454599795202863
09:07:35,136.425,136.43,136.425,136.43,0.06781367661835702,57.212846862242465,0.0049999999999954525,0.0,0.0049999999999954525,0.006425463588253019,-0.010499279406076312,-0.007590204164927445,-0.002909075241148867
09:07:40,136.43,136.435,136.429,136.432,0.06750001949041007,60.36220581510422,0.006000000000000227,0.0030000000000143245,0.002999999999985903,0.006368735109819314,-0.01044798596493024,-0.008161760524928004,-0.0022862254400022354
09:07:45,136.432,136.44,136.432,136.44,0.0643595165303168,61.52673742366046,0.008000000000009777,0.0,0.008000000000009777,0.0065862370951780425,-0.009650556790631981,-0.0084595197780688,-0.0011910370125631804
09:07:50,136.438,136.44,136.437,136.44,0.061270753730696015,61.656083414151034,0.002999999999985903,0.0,0.002999999999985903,0.006108072149152424,-0.008915812488368147,-0.00855077832012867,-0.00036503416823947636
09:07:55,136.439,136.439,136.432,136.437,0.05956296977120701,62.30395380146098,0.007000000000005002,0.001999999999981128,0.005000000000023874,0.0063603291959334046,-0.00847786965908881,-0.0085361965879207,5.8326928831889044e-05
09:08:00,136.44,136.445,136.44,136.444,0.055332487835357824,59.157446369649634,0.0049999999999954525,0.0010000000000047748,0.003999999999990678,0.006578951969806465,-0.00747973360014953,-0.008324903990366466,0.0008451703902169361
09:08:05,136.444,136.454,136.443,136.454,0.05178863926971644,56.204150244510735,0.01099999999999568,0.0,0.01099999999999568,0.00716842504049836,-0.005814758242280504,-0.007822874840749273,0.0020081165984687684
09:08:10,136.443,136.447,136.443,136.447,0.04739042763128509,52.73555102109011,0.003999999999990678,0.0,0.003999999999990678,0.007679301701764669,-0.0050024298765265485,-0.007258785847904728,0.002256355971378179
09:08:15,136.448,136.451,136.447,136.451,0.042154602664425056,49.82559281411199,0.003999999999990678,0.0,0.003999999999990678,0.007188728141528137,-0.0039898942067679855,-0.00660500751967738,0.002615113312909394
09:08:20,136.451,136.452,136.443,136.443,0.03710071639955004,45.46938485856242,0.00899999999998613,0.00899999999998613,0.0,0.0074302310559892035,-0.003789304787915171,-0.006041866973324939,0.002252562185409768
09:08:25,136.443,136.447,136.442,136.445,0.0314391643031513,40.800175853942065,0.0049999999999954525,0.0020000000000095497,0.002999999999985903,0.00710620024852337,-0.0034294207157472556,-0.005519377721809402,0.0020899570060621464
09:08:30,136.445,136.455,136.445,136.455,0.0314391643031513,37.36414940184909,0.010000000000019327,0.0,0.010000000000019327,0.007492040215389498,-0.002310657745027811,-0.0048776337264530845,0.0025669759814252735
09:08:35,136.459,136.46,136.457,136.457,0.03410448341389838,34.62757551691228,0.0030000000000143245,0.0030000000000143245,0.0,0.0071597681866702925,-0.001248257608494896,-0.004151758502861447,0.002903500894366551
09:08:40,136.456,136.456,136.452,136.452,0.035443060333193444,30.104106852517354,0.003999999999990678,0.003999999999990678,0.0,0.0068717990951136475,-0.0008005280701013362,-0.003481512416309425,0.0026809843462080886
09:08:45,136.452,136.457,136.451,136.457,0.0379118090129964,25.53497059098769,0.006000000000000227,0.0,0.006000000000000227,0.006755559215765192,-4.175959335839252e-05,-0.0027935618517192186,0.002751802258360826
09:08:50,136.457,136.458,136.446,136.446,0.03764599649525735,22.121266258873476,0.012000000000000455,0.012000000000000455,0.0,0.00745481798699656,-0.0003242998512575923,-0.0022997094516268935,0.001975409600369301
09:08:55,136.446,136.455,136.445,136.45,0.03793401472535152,20.8185308808145,0.010000000000019327,0.005000000000023874,0.0049999999999954525,0.007794175588732929,-0.00022287925730779534,-0.0018843434127630738,0.0016614641554552785
09:09:00,136.449,136.45,136.447,136.448,0.03648561359653968,19.781504158640704,0.002999999999985903,0.001999999999981128,0.0010000000000047748,0.007154952176899993,-0.00030042290296705687,-0.0015675593108038705,0.0012671364078368137
09:09:05,136.448,136.453,136.447,136.453,0.03587756958791033,18.571400094206627,0.006000000000000227,0.0,0.006000000000000227,0.0070009585533133585,4.110755017450174e-05,-0.0012458259386081963,0.001286933488782698
09:09:10,136.453,136.461,136.453,136.457,0.03233769186806512,21.215917286069157,0.008000000000009777,0.004000000000019099,0.003999999999990678,0.007134164079539549,0.000627308246521352,-0.0008711991015822867,0.0014985073481036386
09:09:15,136.457,136.459,136.457,136.458,0.02959658585592706,22.421642016962057,0.0020000000000095497,0.0010000000000047748,0.0010000000000047748,0.006449608868935549,0.001159205564192689,-0.0004651181684272915,0.0016243237326199805
09:09:20,136.458,136.461,136.458,136.461,0.027434131635004633,24.064015220565153,0.0030000000000143245,0.0,0.0030000000000143245,0.005989661019746053,0.001802040151375195,-1.1686504466794248e-05,0.001813726655841989
09:09:25,136.461,136.464,136.453,136.453,0.02596840184469329,22.615316974250625,0.01099999999999568,0.01099999999999568,0.0,0.00665770621711267,0.0016469727749495178,0.00032004535141646817,0.0013269274235330497
09:09:30,136.453,136.456,136.452,136.456,0.02447254099604379,22.08069289722527,0.003999999999990678,0.0,0.003999999999990678,0.006303345388163071,0.0017460285595234382,0.0006052419930378622,0.0011407865664855759
09:09:35,136.458,136.459,136.457,136.457,0.020990223280136888,22.82449566493057,0.0020000000000095497,0.0020000000000095497,0.0,0.0058628993364099055,0.0018835106863832607,0.000860895731706942,0.0010226149546763187
09:09:40,136.456,136.468,136.456,136.467,0.023369796064741877,23.79195377391417,0.012000000000000455,0.0009999999999763531,0.011000000000024102,0.006681179424888646,0.0027674808918902727,0.0012422127637436082,0.0015252681281466645
09:09:45,136.466,136.467,136.462,136.463,0.02491585839771915,23.83818629897635,0.005000000000023874,0.004000000000019099,0.0010000000000047748,0.00645702216824001,0.0031094235783371005,0.0016156549266623068,0.0014937686516747937
09:09:50,136.463,136.463,136.46,136.46,0.024639719746403443,24.505981564021226,0.002999999999985903,0.002999999999985903,0.0,0.005996085879139463,0.0031025761266789686,0.0019130391666656392,0.0011895369600133294
09:09:55,136.46,136.46,136.451,136.455,0.024426904919039316,23.788493541645586,0.009000000000014552,0.0049999999999954525,0.004000000000019099,0.006396607761922807,0.0026629939223425936,0.00206303011780103,0.0005999638045415634
09:10:00,136.455,136.455,136.452,136.453,0.021919469829754235,24.279947663213807,0.0030000000000143245,0.0020000000000095497,0.0010000000000047748,0.005943726727001677,0.0021287002417693657,0.0020761641425946975,5.2536099174668206e-05
09:10:05,136.453,136.456,136.453,136.453,0.019872223400682287,24.274319865197448,0.002999999999985903,0.002999999999985903,0.0,0.00555122983006624,0.001685835389565682,0.0019980983919888947,-0.0003122630024232128
09:10:10,136.453,136.454,136.453,136.454,0.019915611431144953,24.00298341129591,0.0010000000000047748,0.0,0.0010000000000047748,0.004944399186058045,0.0013994217829633726,0.0018783630701837903,-0.0004789412872204177
09:10:15,136.452,136.454,136.451,136.454,0.019906095330441076,23.57104630873032,0.0030000000000143245,0.0,0.0030000000000143245,0.004685145961252216,0.0011590758315662697,0.0017345056224602863,-0.0005754297908940166
09:10:20,136.449,136.449,136.44,136.44,0.024065699542120456,23.975501526729456,0.009000000000014552,0.009000000000014552,0.0,0.005927126499753255,-0.00015924735922112632,0.001355755026124004,-0.0015150023853451303
09:10:25,136.44,136.444,136.439,136.444,0.025789430713871297,24.91415105140461,0.0049999999999954525,0.0,0.0049999999999954525,0.005803509633118882,-0.000871218550202002,0.0009103603108588028,-0.001781578861060805
09:10:30,136.444,136.446,136.444,136.446,0.025789430713871297,24.45496255800455,0.0020000000000095497,0.0,0.0020000000000095497,0.005296375015370972,-0.0012595581607683926,0.0004763766165333638,-0.0017359347773017563
09:10:35,136.446,136.453,136.446,136.451,0.02567079027591035,23.70747347138348,0.007000000000005002,0.0020000000000095497,0.0049999999999954525,0.005523525013322176,-0.0011505985033863908,0.00015098159254941287,-0.0013015800959358037
09:10:40,136.451,136.454,136.443,136.447,0.02588720471828765,24.160925154810684,0.01099999999999568,0.007000000000005002,0.003999999999990678,0.0062537216782119764,-0.001371207335893132,-0.00015345619313909608,-0.001217751142754036
09:10:45,136.446,136.452,136.443,136.443,0.027724964993751655,23.648951042578005,0.00899999999998613,0.00899999999998613,0.0,0.0066198921211151965,-0.0018475110384486015,-0.0004922671622009972,-0.0013552438762476043
09:10:50,136.443,136.447,136.443,136.444,0.028799853795305808,21.236677372719758,0.003999999999990678,0.0030000000000143245,0.0009999999999763531,0.006270573171631928,-0.0021198571183731474,-0.0008177851534354273,-0.0013020719649377201
09:10:55,136.444,136.444,136.434,136.434,0.03295611116050168,21.140747704759125,0.009999999999990905,0.009999999999990905,0.0,0.006767830082079792,-0.0031067965585407364,-0.0012755874344564891,-0.0018312091240842473
09:11:00,136.434,136.435,136.424,136.426,0.03899797565128438,23.25858495479195,0.01099999999999568,0.009000000000014552,0.001999999999981128,0.0073321194044685765,-0.004482811258867514,-0.0019170321993386944,-0.0025657790595288196
09:11:05,136.427,136.434,136.427,136.43,0.042753147001860725,27.184708226118214,0.007000000000005002,0.003999999999990678,0.0030000000000143245,0.007421170150540737,-0.0051907109669855345,-0.002571767952868062,-0.0026189430141174723
09:11:10,136.43,136.43,136.425,136.428,0.04602013288950957,31.573001922518635,0.0049999999999954525,0.0020000000000095497,0.002999999999985903,0.007098347463801367,-0.005845724003648911,-0.0032265591630242316,-0.0026191648406246795
09:11:15,136.428,136.436,136.428,136.436,0.04618315937761963,33.752228385664544,0.008000000000009777,0.0,0.008000000000009777,0.007218567801962488,-0.005654116280197741,-0.003712070586458934,-0.0019420456937388067
09:11:20,136.438,136.438,136.426,136.426,0.04533431370981589,36.2930520180639,0.012000000000000455,0.012000000000000455,0.0,0.007856092095034217,-0.0062372826930925385,-0.004217113007785655,-0.0020201696853068838
09:11:25,136.427,136.427,136.421,136.422,0.04595833352675527,38.83559768834629,0.006000000000000227,0.0049999999999954525,0.0010000000000047748,0.007608613149029685,-0.006942187629789487,-0.0047621279321864215,-0.0021800596976030654
09:11:30,136.422,136.435,136.422,136.434,0.04333468283402908,36.14307938857477,0.01300000000000523,0.0010000000000047748,0.012000000000000455,0.008327464729159757,-0.00645808537072412,-0.005101319419893962,-0.0013567659508301588
09:11:35,136.433,136.434,136.431,136.434,0.041659774862239374,33.59825169973197,0.002999999999985903,0.0,0.002999999999985903,0.007617136098603243,-0.006005206559535736,-0.005282096847822317,-0.0007231097117134195
09:11:40,136.433,136.436,136.432,136.436,0.039913590871947235,31.356994853551793,0.004000000000019099,0.0,0.004000000000019099,0.007134851285458691,-0.005422407416176611,-0.005310158961493176,-0.00011224845468343556
09:11:45,136.436,136.44,136.434,136.435,0.03782730842391402,31.880253922728542,0.006000000000000227,0.0049999999999954525,0.0010000000000047748,0.006983537780730896,-0.0049837766638063385,-0.005244882501955808,0.0002611058381494693
09:11:50,136.435,136.437,136.435,136.437,0.03478112009719325,31.96151117596927,0.0020000000000095497,0.0,0.0020000000000095497,0.006319066076634717,-0.004423780756241058,-0.0050806621528128575,0.0006568813965717995
09:11:55,136.437,136.443,136.437,136.44,0.031207961188101763,33.53305729375895,0.006000000000000227,0.0030000000000143245,0.002999999999985903,0.006276523933083452,-0.003695307828593286,-0.004803591287968943,0.0011082834593756571
09:12:00,136.44,136.443,136.434,136.434,0.031126904920597553,33.91183319497777,0.009000000000014552,0.009000000000014552,0.0,0.0066396540753409315,-0.0035610876393832314,-0.004555090558251801,0.0009940029188685697
09:12:05,136.434,136.439,136.433,136.437,0.030296777654484686,31.759686724614717,0.006000000000000227,0.001999999999981128,0.004000000000019099,0.006554366865295504,-0.003176030936828056,-0.0042792786339670525,0.0011032476971389966
09:12:10,136.437,136.437,136.433,136.433,0.028881609508744077,28.36309593930964,0.004000000000019099,0.004000000000019099,0.0,0.006213784616591984,-0.003157242569443497,-0.004054871421062342,0.000897628851618845
09:12:15,136.433,136.433,136.431,136.432,0.0249428821069273,23.672567354541705,0.001999999999981128,0.0010000000000047748,0.0009999999999763531,0.005651946667710537,-0.003186314446054439,-0.003881160026060762,0.0006948455800063228
09:12:20,136.433,136.433,136.428,136.428,0.022533250271237648,19.776216331441276,0.0049999999999954525,0.0049999999999954525,0.0,0.005565020445348526,-0.003491868600718817,-0.003803301740992373,0.0003114331402735561
09:12:25,136.43,136.432,136.428,136.428,0.021130172973244044,18.459872851430198,0.003999999999990678,0.003999999999990678,0.0,0.005356351052634147,-0.0036914695070890957,-0.0037809352942117175,8.94657871226218e-05
09:12:30,136.428,136.435,136.428,136.434,0.018334896247267807,16.085874946606186,0.007000000000005002,0.0010000000000047748,0.006000000000000227,0.005575504245616928,-0.0033271514763839605,-0.003690178530646166,0.00036302705426220555
09:12:35,136.434,136.436,136.434,136.434,0.018334896247267807,13.34382882538714,0.0020000000000095497,0.0020000000000095497,0.0,0.005098770346202612,-0.003003800865684525,-0.003552902997653838,0.0005491021319693132
09:12:40,136.433,136.434,136.432,136.433,0.017386019773425687,12.686148268999725,0.0020000000000095497,0.0010000000000047748,0.0010000000000047748,0.004685600966710204,-0.0027960042235122273,-0.003401523242825516,0.0006055190193132885
09:12:45,136.433,136.434,136.429,136.431,0.017285223363330715,12.969223972565654,0.0049999999999954525,0.002999999999985903,0.0020000000000095497,0.004727520837814904,-0.0027608814500297285,-0.0032733948842663583,0.0005125134342366298
09:12:50,136.431,136.432,136.428,136.432,0.016750805145989034,14.276092523079358,0.003999999999990678,0.0,0.003999999999990678,0.004630518059438341,-0.002622128491282183,-0.0031431416056695236,0.0005210131143873406
09:12:55,136.432,136.438,136.43,136.438,0.0171629956711854,14.549350094261897,0.007999999999981355,0.0,0.007999999999981355,0.0050797823181774095,-0.0020049046234760226,-0.0029154942092308235,0.0009105895857548008
09:13:00,136.438,136.438,136.436,136.436,0.016073515299979135,14.458449301259025,0.001999999999981128,0.001999999999981128,0.0,0.004669144675751239,-0.0016580209136520807,-0.0026639995501150752,0.0010059786364629945
09:13:05,136.436,136.439,136.436,136.438,0.012488310298408578,13.274090555534533,0.002999999999985903,0.0010000000000047748,0.001999999999981128,0.004446592052315861,-0.0012078069425456306,-0.0023727610286011867,0.001164954086055556
09:13:10,136.438,136.446,136.438,136.446,0.01634367733572617,15.260100457429477,0.008000000000009777,0.0,0.008000000000009777,0.0049203797786750506,-0.00020313437894969866,-0.001938835698670889,0.0017357013197211904
09:13:15,136.446,136.446,136.44,136.44,0.016965599851801016,17.63004630339206,0.006000000000000227,0.006000000000000227,0.0,0.0050643291415184075,0.00010768468800392839,-0.0015295316213359256,0.001637216309339854
09:13:20,136.438,136.44,136.429,136.429,0.017788227905327858,17.71860842268046,0.01099999999999568,0.01099999999999568,0.0,0.00585575192264871,-0.0005275161533973005,-0.0013291285277482008,0.0008016123743509003
09:13:25,136.429,136.431,136.42,136.423,0.020653532879975955,20.400742797250867,0.011000000000024102,0.008000000000009777,0.0030000000000143245,0.006541651666298763,-0.0014978015288136248,-0.0013628631279612856,-0.0001349384008523392
09:13:30,136.423,136.429,136.418,136.429,0.020961116869557372,22.398353500385657,0.01099999999999568,0.0,0.01099999999999568,0.007136098110791685,-0.0017622951815781107,-0.0014427495386846508,-0.0003195456428934599
09:13:35,136.429,136.434,136.425,136.425,0.021481938543104206,22.734953607399483,0.00899999999998613,0.00899999999998613,0.0,0.007384618362684278,-0.002268524736564359,-0.0016079045782605927,-0.0006606201583037664
09:13:40,136.425,136.43,136.424,136.425,0.022607870063893643,23.97588667247652,0.006000000000000227,0.0049999999999954525,0.0010000000000047748,0.007200002580993072,-0.002639291199983518,-0.0018141819026051779,-0.0008251092973783399
09:13:45,136.423,136.423,136.417,136.42,0.024797283369309753,26.04814947188425,0.006000000000000227,0.0030000000000143245,0.002999999999985903,0.007306668903528633,-0.0032985607516877735,-0.002111057672421697,-0.0011875030792660767
09:13:50,136.421,136.421,136.414,136.419,0.027222281882870902,29.122548697520248,0.007000000000005002,0.001999999999981128,0.005000000000023874,0.007265779716392149,-0.003857264124064841,-0.0024602989627503257,-0.0013969651613145151
09:13:55,136.419,136.419,136.412,136.414,0.031143809038496784,31.234926920246643,0.007000000000005002,0.005000000000023874,0.001999999999981128,0.0072303424208738625,-0.004649897659419366,-0.002898218702084134,-0.0017516789573352324
09:14:00,136.415,136.422,136.415,136.422,0.031936779644354374,31.796504592240446,0.007000000000005002,0.0,0.007000000000005002,0.007332963431425319,-0.004579739914646552,-0.003234522944596618,-0.0013452169700499342
09:14:05,136.422,136.422,136.42,136.422,0.03266416029435959,33.23343393437141,0.0020000000000095497,0.0,0.0020000000000095497,0.006621901640569883,-0.004472582252333268,-0.0034821348061439485,-0.0009904474461893196
09:14:10,136.422,136.422,136.41,136.412,0.035880503419207344,36.23870011595129,0.012000000000000455,0.009999999999990905,0.0020000000000095497,0.007338981421827292,-0.005135378018309211,-0.003812783448577001,-0.00132259456973221
09:14:15,136.412,136.413,136.409,136.409,0.039390621369989276,38.96406400801759,0.004000000000019099,0.004000000000019099,0.0,0.006893783898919534,-0.005835455863234529,-0.004217317931508507,-0.0016181379317260214
09:14:20,136.408,136.416,136.408,136.416,0.040191122341411756,38.45133909069108,0.008000000000009777,0.0,0.008000000000009777,0.0070412793790649,-0.00575904442135311,-0.0045256632294774285,-0.0012333811918756815
09:14:25,136.418,136.423,136.418,136.423,0.040039980010817544,35.626646427092844,0.0049999999999954525,0.0,0.0049999999999954525,0.007035775461856915,-0.005075143212820876,-0.004635559226146118,-0.00043958398667475786
09:14:30,136.423,136.427,136.423,136.423,0.03969303265517965,35.11194645775045,0.003999999999990678,0.003999999999990678,0.0,0.0066310054002747506,-0.004481486787739186,-0.004604744738464732,0.0001232579507255459
09:14:35,136.423,136.425,136.417,136.417,0.03852873157973136,33.26445765744164,0.008000000000009777,0.008000000000009777,0.0,0.006813538013572755,-0.0044439327591305755,-0.004572582342597901,0.00012864958346732545
09:14:40,136.418,136.419,136.409,136.409,0.03924497955512152,32.513322679719,0.010000000000019327,0.010000000000019327,0.0,0.007238399611765631,-0.005002043616940455,-0.0046584745974664115,-0.0003435690194740432
09:14:45,136.413,136.414,136.411,136.414,0.037372097658931125,33.08986720252894,0.002999999999985903,0.0,0.002999999999985903,0.006939946330196275,-0.004983446213600473,-0.0047234689206932245,-0.0002599772929072486
09:14:50,136.414,136.424,136.414,136.424,0.029816985608590585,32.10928148271459,0.010000000000019327,0.0,0.010000000000019327,0.007347953486172682,-0.004114363390897324,-0.0046016478147340445,0.0004872844238367202
09:14:55,136.422,136.427,136.422,136.427,0.024551556907169925,30.458849146048237,0.0049999999999954525,0.0,0.0049999999999954525,0.007034893021349052,-0.0031472544740722697,-0.00431076914660169,0.0011635146725294202
09:15:00,136.426,136.429,136.426,136.428,0.024260862987148357,28.759759931134756,0.0030000000000143245,0.0010000000000047748,0.0020000000000095497,0.006496907285171089,-0.0022739098301371996,-0.003903397283308792,0.0016294874531715925
09:15:05,136.428,136.43,136.424,136.429,0.025440125770160193,26.178866017681607,0.006000000000000227,0.0010000000000047748,0.0049999999999954525,0.0064306529804816406,-0.0014839798688512928,-0.0034195138004172927,0.0019355339315659998
09:15:10,136.429,136.432,136.427,136.432,0.026421681671706665,25.238355607752535,0.0049999999999954525,0.0,0.0049999999999954525,0.0062398992497501495,-0.0006088611827408386,-0.002857383276882002,0.0022485220941411634
09:15:15,136.432,136.444,136.432,136.438,0.0305259164998688,26.229834974833558,0.012000000000000455,0.006000000000000227,0.006000000000000227,0.007007912683116857,0.000562344183094865,-0.0021734377848866286,0.0027357819679814936
09:15:20,136.439,136.441,136.439,136.44,0.034772039572942504,25.24455315985926,0.0020000000000095497,0.0010000000000047748,0.0010000000000047748,0.006473524325369853,0.001633090903538914,-0.0014121320472015202,0.0030452229507404345
09:15:25,136.44,136.445,136.439,136.445,0.04036204573702662,24.73927853037477,0.006000000000000227,0.0,0.006000000000000227,0.006410387748653903,0.002852244705564999,-0.0005592566966482164,0.0034115014022132154
09:15:30,136.447,136.452,136.447,136.452,0.04764076095653991,26.296427323566782,0.0049999999999954525,0.0,0.0049999999999954525,0.006489002715500717,0.004333322531010708,0.00041925914888356856,0.00391406338212714
09:15:35,136.453,136.456,136.449,136.456,0.054008186507303435,30.523159320347723,0.0069999999999765805,0.0,0.0069999999999765805,0.006557135686764165,0.005763416866841453,0.0014880906924751457,0.004275326174366307
09:15:40,136.454,136.455,136.449,136.452,0.05821774010092895,34.72128234954701,0.006000000000000227,0.0030000000000143245,0.002999999999985903,0.006616184261859154,0.006499092863634814,0.0024902911267070797,0.004008801736927735
09:15:45,136.455,136.46,136.453,136.46,0.06430322902070884,38.95673622890642,0.007000000000005002,0.0,0.007000000000005002,0.006800693026945904,0.007639590093447168,0.0035201509200550977,0.004119439173392071
09:15:50,136.461,136.463,136.46,136.462,0.0677779656742814,42.01723179041522,0.002999999999985903,0.0010000000000047748,0.001999999999981128,0.006293933956684571,0.00860562535791587,0.004537245807627252,0.004068379550288617
09:15:55,136.465,136.466,136.46,136.46,0.06804673316287335,45.609420131126,0.006000000000000227,0.006000000000000227,0.0,0.006254742762459992,0.009104876629407954,0.005450771971983392,0.003654104657424562
09:16:00,136.461,136.463,136.461,136.462,0.06945532452374437,51.11979977845737,0.001999999999981128,0.0010000000000047748,0.0009999999999763531,0.00582077706079678,0.009551812792210512,0.006270980136028817,0.003280832656181695
09:16:05,136.462,136.462,136.459,136.459,0.07051659005611555,54.801666703183756,0.002999999999985903,0.002999999999985903,0.0,0.005444673452688663,0.009553807645801271,0.006927545637983309,0.0026262620078179623
09:16:10,136.458,136.458,136.453,136.455,0.07003728330050762,55.153808628718195,0.0049999999999954525,0.002999999999985903,0.0020000000000095497,0.005518716992330206,0.009127406945367511,0.007367517899460149,0.0017598890459073618
09:16:15,136.455,136.458,136.451,136.457,0.06756486162072406,55.328581285430914,0.007000000000005002,0.0010000000000047748,0.006000000000000227,0.005716221393353512,0.008848860448495088,0.007663786409267137,0.0011850740392279511
09:16:20,136.464,136.464,136.457,136.457,0.060461035730895674,56.421589522274395,0.007000000000005002,0.007000000000005002,0.0,0.005887391874240377,0.008529784299156518,0.007836985987245014,0.0006927983119115032
09:16:25,136.459,136.462,136.457,136.457,0.05345179825252444,55.582607982107774,0.0049999999999954525,0.0049999999999954525,0.0,0.005769072957674388,0.008182590343977836,0.00790610685859158,0.00027648348538625647
09:16:30,136.458,136.465,136.458,136.464,0.050469792942067215,55.76326464099662,0.007000000000005002,0.0010000000000047748,0.006000000000000227,0.006066529896652439,0.008375727953534806,0.008000031077580225,0.00037569687595458146
09:16:35,136.464,136.464,136.461,136.462,0.04685071475790892,55.13211358397535,0.002999999999985903,0.0020000000000095497,0.0009999999999763531,0.005657659243763568,0.008272052542707797,0.00805443537060574,0.0002176171721020581
09:16:40,136.462,136.462,136.459,136.462,0.04222196983215554,52.58791774632901,0.002999999999985903,0.0,0.002999999999985903,0.0053033046779265465,0.008096556963948842,0.00806285968927436,3.369727467448201e-05
09:16:45,136.462,136.464,136.462,136.463,0.03647349433725822,50.28738101986967,0.0020000000000095497,0.0010000000000047748,0.0010000000000047748,0.0048628640542042805,0.007946564052218719,0.008039600561863232,-9.303650964451356e-05
09:16:50,136.461,136.463,136.461,136.463,0.030188181719154272,47.40202783498181,0.001999999999981128,0.0,0.001999999999981128,0.004481148846974527,0.00773848910370134,0.007979378270230854,-0.00024088916652951348
09:16:55,136.463,136.466,136.462,136.465,0.02573631470266946,45.01698507059371,0.004000000000019099,0.0010000000000047748,0.0030000000000143245,0.00441699566738047,0.007646823669915648,0.007912867350167812,-0.00026604368025216416
09:17:00,136.465,136.466,136.463,136.464,0.02024169744726123,42.41483712984916,0.0030000000000143245,0.0020000000000095497,0.0010000000000047748,0.0042280629117316506,0.007408090652916144,0.007811912010717479,-0.00040382135780133496
09:17:05,136.464,136.466,136.459,136.461,0.015534003441644018,37.269585396476536,0.007000000000005002,0.0049999999999954525,0.0020000000000095497,0.004597654523501431,0.006897310190566941,0.007628991646687371,-0.0007316814561204301
09:17:10,136.461,136.464,136.461,136.464,0.014208966768137543,31.554996896603903,0.002999999999985903,0.0,0.002999999999985903,0.004384633920366028,0.006657840481409494,0.007434761413631796,-0.0007769209322223023
09:17:15,136.464,136.464,136.461,136.464,0.013993983661919174,27.084487130120383,0.002999999999985903,0.0,0.002999999999985903,0.004200016064315345,0.006394348937419636,0.007226678918389365,-0.0008323299809697288
09:17:20,136.464,136.467,136.456,136.457,0.011957820598638591,27.089162120948867,0.011000000000024102,0.010000000000019327,0.0010000000000047748,0.005106680589076512,0.005556635061793713,0.006892670147070235,-0.0013360350852765221
09:17:25,136.457,136.46,136.456,136.46,0.011957820598638591,27.875932503646766,0.004000000000019099,0.0,0.004000000000019099,0.004959123177202191,0.0050762992895556636,0.006529395975567322,-0.0014530966860116581
09:17:30,136.46,136.461,136.46,136.46,0.011936675010701947,26.590533197227707,0.0010000000000047748,0.0010000000000047748,0.0,0.004431240086909202,0.004642118279548413,0.006151940436363541,-0.0015098221568151278
09:17:35,136.46,136.46,136.458,136.458,0.012181089735804562,26.192912733137064,0.0020000000000095497,0.0020000000000095497,0.0,0.004107074741989249,0.004089502180192994,0.005739452785129432,-0.0016499506049364376
09:17:40,136.458,136.458,136.454,136.458,0.012345892127029856,26.47551624857426,0.003999999999990678,0.0,0.003999999999990678,0.004092798109722773,0.0036099368353461614,0.005313549595172778,-0.0017036127598266167
09:17:45,136.458,136.458,136.45,136.456,0.01293058389160251,27.82523607454405,0.008000000000009777,0.0020000000000095497,0.006000000000000227,0.00461375836176104,0.003033525960205452,0.004857544868179313,-0.0018240189079738612
09:17:50,136.455,136.455,136.451,136.453,0.013726654814945505,30.083183721194548,0.004000000000019099,0.0020000000000095497,0.0020000000000095497,0.004665257246858962,0.002308035662451857,0.004347643027033822,-0.002039607364581965
09:17:55,136.453,136.457,136.453,136.457,0.013726654814945505,30.16360368497681,0.003999999999990678,0.0,0.003999999999990678,0.004576556280609858,0.0020324175014252432,0.0038845979219121066,-0.0018521804204868634
09:18:00,136.457,136.457,136.45,136.45,0.016307570078822664,31.737098705927625,0.007000000000005002,0.007000000000005002,0.0,0.004899682109862543,0.0012349113353593566,0.003354660604601557,-0.0021197492692422003
09:18:05,136.449,136.45,136.444,136.444,0.02155531439598235,33.54472920234724,0.006000000000000227,0.006000000000000227,0.0,0.005046391161880902,0.00011737902477193529,0.002707204288635633,-0.002589825263863698
09:18:10,136.444,136.444,136.436,136.436,0.029458981290702013,36.1851741702008,0.007999999999981355,0.007999999999981355,0.0,0.0054402056736276285,-0.0013976947686842323,0.0018862244771716602,-0.0032839192458558927
09:18:15,136.436,136.441,136.434,136.439,0.03361954318449989,41.318975122910615,0.007000000000005002,0.0020000000000095497,0.0049999999999954525,0.005648178250477946,-0.0023294740112191903,0.00104308477949349,-0.0033725587907126806
09:18:20,136.439,136.44,136.433,136.439,0.036717413045550984,46.52751262997843,0.007000000000005002,0.0010000000000047748,0.006000000000000227,0.0058284211504148874,-0.0030329537709121723,0.0002278770694123575,-0.0032608308403245297
09:18:25,136.439,136.44,136.436,136.44,0.03850686882952914,51.736050137046234,0.003999999999990678,0.0,0.003999999999990678,0.00558463166369166,-0.003469777471281077,-0.0005116538387263294,-0.0029581236325547473
09:18:30,136.44,136.442,136.432,136.432,0.04245666520955638,55.719698152149526,0.010000000000019327,0.010000000000019327,0.0,0.006173347441868682,-0.004410653276750054,-0.0012914537263310744,-0.0031191995504189795
09:18:35,136.432,136.443,136.432,136.44,0.042320083569507005,58.990296567783226,0.011000000000024102,0.0030000000000143245,0.008000000000009777,0.0068169011162894045,-0.004459366192406833,-0.0019250362195462262,-0.0025343299728606064
09:18:40,136.44,136.44,136.438,136.438,0.04229420763681446,65.835881342438,0.0020000000000095497,0.0020000000000095497,0.0,0.006174647634118758,-0.004606256753760363,-0.0024612803263890535,-0.002144976427371309
09:18:45,136.428,136.428,136.424,136.427,0.045835403457658686,71.26526184208316,0.003999999999990678,0.0010000000000047748,0.002999999999985903,0.007218027949567134,-0.005546341874435257,-0.0030782926359982947,-0.002468049238436962
09:18:50,136.427,136.429,136.427,136.428,0.04694632993437153,74.75853643349969,0.0020000000000095497,0.0010000000000047748,0.0010000000000047748,0.006522290889626124,-0.006139897545921258,-0.0036906136179828877,-0.0024492839279383703
09:18:55,136.428,136.43,136.423,136.423,0.04859066403247425,77.43710161017673,0.007000000000005002,0.007000000000005002,0.0,0.0065859854376766405,-0.0069338240971319465,-0.004339255713812699,-0.0025945683833192472
09:19:00,136.423,136.426,136.422,136.424,0.05051148904777847,80.32713934654643,0.003999999999990678,0.001999999999981128,0.0020000000000095497,0.006241187379318513,-0.007397056305677552,-0.00495081583218567,-0.0024462404734918817
09:19:05,136.424,136.427,136.424,136.424,0.050631381983748724,84.07804920869333,0.002999999999985903,0.002999999999985903,0.0,0.0058090290620741655,-0.007675690585216444,-0.005495790782791825,-0.002179899802424619
09:19:10,136.424,136.424,136.418,136.418,0.05149716394305415,87.1525497589905,0.006000000000000227,0.006000000000000227,0.0,0.005834491853797641,-0.008285154016931529,-0.006053663429619766,-0.0022314905873117626
09:19:15,136.418,136.422,136.418,136.422,0.05048647551512886,89.06542520443334,0.003999999999990678,0.0,0.003999999999990678,0.005589892939956713,-0.008349147827942716,-0.006512760309284356,-0.0018363875186583594
09:19:20,136.422,136.422,136.418,136.418,0.04940743604174713,90.14548617844221,0.003999999999990678,0.003999999999990678,0.0,0.005377907214627909,-0.008623226764427727,-0.006934853600313031,-0.0016883731641146957
09:19:25,136.416,136.43,136.416,136.43,0.04560517052163959,86.34437013063925,0.014000000000010004,0.0,0.014000000000010004,0.006527519586012188,-0.007782425626203349,-0.007104368005491095,-0.0006780576207122534
09:19:30,136.43,136.433,136.428,136.428,0.04223792258858339,81.30665072071096,0.0049999999999954525,0.0049999999999954525,0.0,0.006323850307876624,-0.007194533844085527,-0.007122401173209982,-7.213267087554428e-05
09:19:35,136.428,136.428,136.42,136.42,0.03707176538529211,78.14848633376377,0.008000000000009777,0.008000000000009777,0.0,0.006547336933494378,-0.0072901225179862195,-0.00715594544216523,-0.00013417707582098932
09:19:40,136.416,136.422,136.416,136.422,0.033249297567920166,75.35051435898393,0.006000000000000227,0.0,0.006000000000000227,0.006474358675695157,-0.007122391450337773,-0.007149234643799739,2.6843193461966418e-05
09:19:45,136.423,136.427,136.423,136.424,0.030666971763821493,71.51965044853038,0.003999999999990678,0.002999999999985903,0.0010000000000047748,0.006277777518935197,-0.006750267207024763,-0.007069441156444744,0.0003191739494199817
09:19:50,136.423,136.423,136.417,136.417,0.031503383265089724,65.90868861756385,0.006000000000000227,0.006000000000000227,0.0,0.006374073849744505,-0.006940195310335184,-0.007043591987222833,0.00010339667688764875
09:19:55,136.417,136.418,136.416,136.416,0.031240998691373534,60.99085203755008,0.0020000000000095497,0.0020000000000095497,0.0,0.005790864003113178,-0.007089680914788232,-0.007052809772735913,-3.687114205231951e-05
09:20:00,136.418,136.418,136.412,136.418,0.02977741990270033,57.34815237723169,0.006000000000000227,0.0,0.006000000000000227,0.005818748802698118,-0.006966461021818304,-0.007035540022552392,6.90790007340878e-05
09:20:05,136.419,136.42,136.416,136.418,0.02710680627757256,52.88806367003235,0.003999999999990678,0.001999999999981128,0.0020000000000095497,0.0055762489623371264,-0.006790531350446827,-0.00698653828813128,0.00019600693768445296
09:20:10,136.418,136.419,136.415,136.419,0.026504418682861797,48.61167392434151,0.004000000000019099,0.0,0.004000000000019099,0.005366082434028057,-0.006495537660896389,-0.006888338162684302,0.0003928005017879129
09:20:15,136.422,136.422,136.413,136.414,0.023011210064737497,43.81845849727829,0.00899999999998613,0.008000000000009777,0.0009999999999763531,0.0058506047761558,-0.0065892544265011566,-0.006828521415447673,0.00023926698894651682
09:20:20,136.414,136.414,136.406,136.409,0.020985207802539207,40.22775690704269,0.007999999999981355,0.0049999999999954525,0.002999999999985903,0.006137190805999207,-0.006986448423191405,-0.0068601068169964205,-0.00012634160619498427
09:20:25,136.411,136.419,136.411,136.419,0.02025001622308764,34.90976923560023,0.008000000000009777,0.0,0.008000000000009777,0.0066522320318685565,-0.006420301857389177,-0.006772145825074972,0.00035184396768579533
09:20:30,136.419,136.422,136.413,136.413,0.020046262262781056,28.707221312597863,0.00899999999998613,0.00899999999998613,0.0,0.006965267760950899,-0.006382206378674482,-0.006694157935794875,0.00031195155712039277
09:20:35,136.413,136.414,136.41,136.413,0.02068714320193976,27.988180111528695,0.003999999999990678,0.0009999999999763531,0.0030000000000143245,0.006569898726156204,-0.0062796277970278425,-0.006611251908041469,0.0003316241110136262
09:20:40,136.411,136.421,136.411,136.421,0.020283257268829402,28.22939869685896,0.009999999999990905,0.0,0.009999999999990905,0.007027245562667497,-0.005489520614275989,-0.006386905649288373,0.0008973850350123842
09:20:45,136.423,136.427,136.421,136.426,0.020759271845122385,27.750944199088746,0.006000000000000227,0.0010000000000047748,0.0049999999999954525,0.006890279487645194,-0.0044090717319136274,-0.005991338865813424,0.0015822671338997967
09:20:50,136.428,136.43,136.427,136.427,0.021835750482352978,27.102731291410134,0.0030000000000143245,0.0030000000000143245,0.0,0.006504908889295048,-0.0034325482858150735,-0.005479580749813755,0.0020470324639986813
09:20:55,136.427,136.428,136.424,136.426,0.022474312803126395,27.24208283168927,0.003999999999990678,0.0020000000000095497,0.001999999999981128,0.0061709210373878,-0.002708120534208547,-0.004925288706692713,0.002217168172484166
09:21:00,136.429,136.431,136.426,136.426,0.02303681262628743,26.863650340649905,0.005000000000023874,0.005000000000023874,0.0,0.0060147982324059435,-0.0021096871614361135,-0.0043621683976413925,0.002252481236205279
09:21:05,136.426,136.427,136.424,136.424,0.02148193853781777,25.641442141475068,0.002999999999985903,0.002999999999985903,0.0,0.005612825134749939,-0.001776331246475138,-0.0038450009674081418,0.002068669720933004
09:21:10,136.426,136.426,136.422,136.422,0.020234415684001306,23.119478280401427,0.003999999999990678,0.003999999999990678,0.0,0.005397781783448704,-0.001654456028234108,-0.003406891979573335,0.0017524359513392271
09:21:15,136.423,136.423,136.419,136.421,0.02026664356111496,20.807816158755067,0.003999999999990678,0.0020000000000095497,0.001999999999981128,0.005211410878987635,-0.0016198876261626083,-0.00304949110889119,0.0014296034827285817
09:21:20,136.421,136.426,136.421,136.423,0.02037955629833732,18.81817964527604,0.0049999999999954525,0.002999999999985903,0.0020000000000095497,0.005183222761788678,-0.0014147997028715054,-0.002722552827687253,0.0013077531248157476
09:21:25,136.423,136.424,136.421,136.422,0.02010917567912429,18.060749801756163,0.0030000000000143245,0.0020000000000095497,0.0010000000000047748,0.004892126393552097,-0.001317767287702054,-0.002441595719690213,0.0011238284319881591
09:21:30,136.423,136.423,136.419,136.419,0.01996206927287858,15.228790218234527,0.003999999999990678,0.003999999999990678,0.0,0.0047731762077439085,-0.0014660436885378658,-0.0022464853134597437,0.0007804416249218779
09:21:35,136.419,136.42,136.418,136.42,0.01963884440738184,14.498959155669409,0.001999999999981128,0.0,0.001999999999981128,0.004403419380042205,-0.0014857355274955353,-0.0020943353562669024,0.0006085998287713671
09:21:40,136.42,136.423,136.417,136.417,0.019744686138551515,14.957735810912213,0.006000000000000227,0.006000000000000227,0.0,0.004616296796036608,-0.0017235483867636958,-0.002020177962366261,0.00029662957560256525
09:21:45,136.417,136.417,136.404,136.404,0.024344025510742995,16.627357442872317,0.01300000000000523,0.01300000000000523,0.0,0.005734123889899091,-0.0029272644629543265,-0.0022015952624838742,-0.0007256692004704523
09:21:50,136.401,136.404,136.4,136.402,0.02882688801776112,19.094473651943584,0.003999999999990678,0.0020000000000095497,0.001999999999981128,0.005502907371244636,-0.003996531879209897,-0.002560582585829079,-0.001435949293380818
09:21:55,136.402,136.41,136.401,136.41,0.029553875854958278,18.43482290231822,0.00899999999998613,0.0,0.00899999999998613,0.005969186388410169,-0.004150555844887549,-0.0028785772376407727,-0.0012719786072467763
09:22:00,136.41,136.41,136.404,136.404,0.03115935272523984,17.281285779364623,0.006000000000000227,0.006000000000000227,0.0,0.005973294869955511,-0.004702562588988712,-0.0032433743079103607,-0.0014591882810783517
09:22:05,136.404,136.404,136.4,136.401,0.03461608994808785,17.919032157758643,0.003999999999990678,0.002999999999985903,0.0010000000000047748,0.0057101888872935335,-0.005320772287745967,-0.0036588539038774825,-0.0016619183838684848
09:22:10,136.406,136.411,136.406,136.411,0.034858510991625735,15.889912256302077,0.0049999999999954525,0.0,0.0049999999999954525,0.006282163702319849,-0.004946768236493426,-0.003916436770400671,-0.0010303314660927553
09:22:15,136.409,136.415,136.409,136.414,0.034774461275162594,15.321283680782711,0.006000000000000227,0.0010000000000047748,0.0049999999999954525,0.006244541875343899,-0.004358055452911458,-0.004004760506902828,-0.0003532949460086296
09:22:20,136.414,136.429,136.414,136.423,0.03501338088773309,17.574069830187565,0.01500000000001478,0.006000000000000227,0.009000000000014552,0.0074119362919666835,-0.003129200075989047,-0.0038296484207200722,0.0007004483447310252
09:22:25,136.423,136.427,136.421,136.422,0.034333350352824255,20.149143266073242,0.006000000000000227,0.0049999999999954525,0.0010000000000047748,0.00722367811970449,-0.002210533326802988,-0.0035058254019366556,0.0012952920751336675
09:22:30,136.422,136.422,136.412,136.413,0.033127504856452106,19.86347714268704,0.009999999999990905,0.00899999999998613,0.0010000000000047748,0.007593854370409345,-0.002183537630742194,-0.0032413678476977633,0.0010578302169555695
09:22:35,136.413,136.415,136.411,136.411,0.032091317059837365,19.355028159834113,0.003999999999990678,0.003999999999990678,0.0,0.007114673787686857,-0.0022970476964019326,-0.003052503817438597,0.0007554561210366645
09:22:40,136.411,136.416,136.411,136.411,0.03071361774249226,19.715422806984712,0.0049999999999954525,0.0049999999999954525,0.0,0.0068327172826613365,-0.0023598029023332856,-0.0029139636344175353,0.0005541607320842497
09:22:45,136.411,136.411,136.405,136.407,0.030137229975650826,20.26366796818054,0.006000000000000227,0.003999999999990678,0.0020000000000095497,0.006721688311639856,-0.002701166064781546,-0.0028714041204903375,0.00017023805570879139
09:22:50,136.406,136.412,136.406,136.408,0.02954461388378604,20.227984981811854,0.006000000000000227,0.004000000000019099,0.001999999999981128,0.00662546320342124,-0.002858061236878484,-0.0028687355437679667,1.067430688948259e-05
09:22:55,136.408,136.409,136.402,136.403,0.029901592970190904,19.1138580963494,0.007000000000005002,0.006000000000000227,0.0010000000000047748,0.006675401442965741,-0.0033472747052201157,-0.002964443376058397,-0.00038283132916171886
09:23:00,136.403,136.411,136.403,136.41,0.028176884872038954,16.76372283014987,0.008000000000009777,0.0010000000000047748,0.007000000000005002,0.006852014583904947,-0.0031340114715305845,-0.0029983569951528345,-0.00013565447637775
09:23:05,136.41,136.412,136.408,136.409,0.026484553572288405,16.05214399757694,0.004000000000019099,0.0030000000000143245,0.0010000000000047748,0.0064717459727201675,-0.0030109817417383056,-0.003000881944469929,-1.009979726837671e-05
09:23:10,136.408,136.408,136.402,136.407,0.02557218882043344,16.771912862677365,0.006000000000000227,0.0009999999999763531,0.005000000000023874,0.006542179843024812,-0.0030398219051051,-0.0030086699365969635,-3.115196850813663e-05
09:23:15,136.407,136.412,136.407,136.412,0.023981571850697492,15.33164980530529,0.0049999999999954525,0.0,0.0049999999999954525,0.006336555863954231,-0.0026289152307583663,-0.002932718995429244,0.0003038037646708779
09:23:20,136.412,136.42,136.412,136.42,0.0248583354443781,16.500786538914276,0.007999999999981355,0.0,0.007999999999981355,0.006558348415424514,-0.0016388440160426399,-0.0026739439995519232,0.0010350999835092834
09:23:25,136.42,136.421,136.417,136.419,0.025373836484050116,17.093753321812585,0.003999999999990678,0.001999999999981128,0.0020000000000095497,0.006217235293366669,-0.0009242429900666593,-0.002324003797654871,0.0013997608075882115
09:23:30,136.427,136.427,136.422,136.422,0.025801672712816526,16.639867735613247,0.0049999999999954525,0.0049999999999954525,0.0,0.006454937254248627,-0.00011452146841861577,-0.0018821073318076198,0.001767585863389004
09:23:35,136.422,136.422,136.413,136.414,0.025808199411983423,13.99474286374516,0.00899999999998613,0.008000000000009777,0.0009999999999763531,0.006794278953680294,-0.00011699581506263712,-0.0015290850284586234,0.0014120892133959863
09:23:40,136.414,136.414,136.41,136.411,0.02470542235494122,14.10512476660369,0.003999999999990678,0.002999999999985903,0.0010000000000047748,0.006421708426521679,-0.00035691735939735736,-0.0012946514946463703,0.0009377341352490129
09:23:45,136.411,136.411,136.399,136.399,0.025533466152012352,16.23665738510729,0.012000000000000455,0.012000000000000455,0.0,0.007165480636318849,-0.001498087602300302,-0.0013353387161771568,-0.00016274888612314523
09:23:50,136.4,136.407,136.4,136.407,0.02595218273035016,17.998101176524706,0.007000000000005002,0.0,0.007000000000005002,0.0072767498848109735,-0.001736917990854181,-0.0014156545711125617,-0.0003212634197416193
09:23:55,136.406,136.411,136.406,136.409,0.02602913345589286,18.0848010605731,0.0049999999999954525,0.0020000000000095497,0.002999999999985903,0.006973183233502238,-0.0017446977199142566,-0.0014814632008729007,-0.0002632345190413559
09:24:00,136.409,136.411,136.402,136.404,0.024688373548030995,19.186040887829645,0.009000000000014552,0.007000000000005002,0.0020000000000095497,0.007243425469037213,-0.002129770752986815,-0.0016111247112956836,-0.0005186460416911312
09:24:05,136.404,136.408,136.401,136.408,0.022463069083414666,19.583941096550976,0.0069999999999765805,0.0,0.0069999999999765805,0.007210968739829128,-0.002088106938401779,-0.0017065211567169028,-0.0003815857816848764
09:24:10,136.408,136.408,136.407,136.407,0.022474312799317886,20.62196213026609,0.0009999999999763531,0.0009999999999763531,0.0,0.006382839574515425,-0.002111440337927206,-0.0017875049929589636,-0.0003239353449682426
09:24:15,136.402,136.402,136.394,136.394,0.02654806958980771,23.889356541235248,0.007999999999981355,0.007999999999981355,0.0,0.0072651276312473995,-0.003142696530289868,-0.0020585433004251447,-0.0010841532298647232
09:24:20,136.394,136.397,136.392,136.392,0.03051556977885639,25.9254224509919,0.0049999999999954525,0.0049999999999954525,0.0,0.006963110613747141,-0.004074390737656586,-0.002461712787871433,-0.0016126779497851527
09:24:25,136.392,136.394,136.392,136.394,0.033022480364820694,29.288613869058963,0.0020000000000095497,0.0,0.0020000000000095497,0.006301362531915462,-0.004598374623896007,-0.002889045155076348,-0.0017093294688196588
09:24:30,136.397,136.407,136.397,136.406,0.03304287484257884,28.23442452779267,0.010000000000019327,0.0010000000000047748,0.009000000000014552,0.007194514194327431,-0.003999235222835296,-0.0031110831686281372,-0.0008881520542071584
09:24:35,136.407,136.417,136.407,136.417,0.0338535545670311,28.322769617789408,0.009999999999990905,0.0,0.009999999999990905,0.007701912301749864,-0.0026067558034981175,-0.0030102176956021335,0.000403461892104016
09:24:40,136.417,136.417,136.405,136.406,0.033848579212644836,26.858510329461527,0.012000000000000455,0.01099999999999568,0.0010000000000047748,0.008274990661516608,-0.00236356815810268,-0.0028808877881022427,0.0005173196299995625
09:24:45,136.406,136.41,136.406,136.41,0.03388898282361197,28.08503030115666,0.003999999999990678,0.0,0.003999999999990678,0.007704991906646485,-0.0018270129583584094,-0.0026701128221534765,0.0008430998637950671
09:24:50,136.41,136.411,136.404,136.405,0.03398079951625732,28.342085008513887,0.007000000000005002,0.006000000000000227,0.0010000000000047748,0.007610992985760954,-0.0017846746912084654,-0.0024930251959644745,0.0007083505047560091
09:24:55,136.405,136.405,136.403,136.404,0.03390140501625183,26.50990793818747,0.0020000000000095497,0.0010000000000047748,0.0010000000000047748,0.006862860587660767,-0.0018109375908181846,-0.002356607674935217,0.0005456700841170322
09:25:00,136.405,136.405,136.402,136.402,0.032039449350634186,24.50898444433066,0.0030000000000143245,0.0030000000000143245,0.0,0.006347812509307909,-0.0019704206308119865,-0.002279370266110571,0.00030894963529858434
09:25:05,136.407,136.408,136.403,136.403,0.029907928872034972,24.47856845564674,0.0049999999999954525,0.0049999999999954525,0.0,0.0063014375080668854,-0.0019931447147882864,-0.002222125155846114,0.00022898044105782757
09:25:10,136.402,136.402,136.4,136.4,0.02603317719098186,22.694419749444158,0.001999999999981128,0.001999999999981128,0.0,0.005861245840322755,-0.002227550823704405,-0.0022232102894177725,-4.340534286632544e-06
09:25:15,136.401,136.406,136.401,136.406,0.024541264903689353,21.87565186815152,0.0049999999999954525,0.0,0.0049999999999954525,0.0058797463949464175,-0.0019071846603537779,-0.0021600051636049738,0.0002528205032511959
09:25:20,136.406,136.413,136.406,136.411,0.024541264903689353,22.522036269240072,0.007000000000005002,0.0020000000000095497,0.0049999999999954525,0.006029113542287563,-0.0012355908325218934,-0.0019751222973883576,0.0007395314648664642
09:25:25,136.411,136.415,136.411,136.414,0.025512845039941112,21.604738215825485,0.003999999999990678,0.0010000000000047748,0.002999999999985903,0.005758565069981312,-0.00045601628556823925,-0.001671301095024334,0.0012152848094560947
09:25:30,136.412,136.413,136.411,136.412,0.026232964375594747,20.487420965950054,0.0020000000000095497,0.0010000000000047748,0.0010000000000047748,0.005390756393981924,4.1410064000046987e-07,-0.0013369580558914673,0.0013373721565314678
09:25:35,136.413,136.417,136.412,136.416,0.027787918596743566,20.063253154282467,0.0049999999999954525,0.0010000000000047748,0.003999999999990678,0.005338655541450395,0.000677099855039387,-0.0009341464737052965,0.0016112463287446836
09:25:40,136.416,136.424,136.416,136.423,0.03180201911754921,24.40919197021996,0.008000000000009777,0.0010000000000047748,0.007000000000005002,0.005693501469258313,0.001757955077380302,-0.0003957261634881768,0.002153681240868479
09:25:45,136.423,136.434,136.423,136.434,0.040222538837099364,28.170636840874348,0.01099999999999568,0.0,0.01099999999999568,0.006401034606689962,0.0034622381709255023,0.000375866703394559,0.0030863714675309433
09:25:50,136.434,136.439,136.431,136.437,0.04793153010177775,32.64587028241037,0.007999999999981355,0.001999999999981128,0.006000000000000227,0.006614229992462147,0.004997363236583396,0.0013001660100323267,0.0036971972265510697
09:25:55,136.437,136.439,136.436,136.439,0.0525152609302495,36.868828782878445,0.002999999999985903,0.0,0.002999999999985903,0.006132332660131982,0.006302690701289748,0.002300670948283811,0.004002019753005937
09:26:00,136.436,136.436,136.434,136.434,0.05278396884898484,40.74428404663002,0.0020000000000095497,0.0020000000000095497,0.0,0.005981354972113779,0.006854697225463724,0.003211476203719794,0.00364322102174393
09:26:05,136.433,136.438,136.43,136.438,0.053654253759020776,43.24050576881614,0.007999999999981355,0.0,0.007999999999981355,0.006250507642496122,0.007528153080869515,0.004074811579149738,0.0034533415017197772
09:26:10,136.438,136.443,136.438,136.439,0.05659086776938693,46.75142102228209,0.005000000000023874,0.004000000000019099,0.0010000000000047748,0.00608377329016649,0.008049770596301187,0.004869803382580027,0.0031799672137211594
09:26:15,136.44,136.44,136.43,136.434,0.05847572595047268,46.82126515536215,0.009999999999990905,0.006000000000000227,0.003999999999990678,0.006605936851476412,0.007967849611560496,0.005489412628376121,0.0024784369831843747
09:26:20,136.434,136.435,136.432,136.432,0.05847572595070005,48.51948039412419,0.0030000000000143245,0.0030000000000143245,0.0,0.006125145271281467,0.007653320639349204,0.005922194230570737,0.0017311264087784663
09:26:25,136.433,136.438,136.432,136.438,0.0599294321788193,49.6870042814492,0.006000000000000227,0.0,0.006000000000000227,0.006108459235110636,0.007798309955830973,0.006297417375622785,0.0015008925802081881
09:26:30,136.438,136.438,136.436,136.436,0.059349455717267574,49.38937588639301,0.001999999999981128,0.001999999999981128,0.0,0.005560664670426702,0.007663491785478982,0.006570632257594025,0.001092859527884957
09:26:35,136.439,136.441,136.439,136.439,0.058360404739289606,49.38490718091299,0.0020000000000095497,0.0020000000000095497,0.0,0.005485909381035869,0.007709848013462306,0.006798475408767681,0.0009113726046946248
09:26:40,136.439,136.439,136.433,136.436,0.05523500033871187,47.033235057240006,0.006000000000000227,0.002999999999985903,0.0030000000000143245,0.005554454796897784,0.00741898924033535,0.0069225781750812156,0.0004964110652541341
09:26:45,136.437,136.439,136.434,136.434,0.05114931701268688,43.98841349535917,0.0049999999999954525,0.0049999999999954525,0.0,0.0054805274906441406,0.006947017389677512,0.006927466018000475,1.9551371677036834e-05
09:26:50,136.434,136.438,136.433,136.438,0.0447778140477908,39.689136470694685,0.0049999999999954525,0.0,0.0049999999999954525,0.005416457158557649,0.0068171589039707214,0.006905404595194525,-8.82456912238037e-05
09:26:55,136.438,136.442,136.435,136.442,0.040212069402969064,35.90068880500556,0.007000000000005002,0.0,0.007000000000005002,0.005627596204083964,0.006956817823663641,0.0069156872408883486,4.1130582775292766e-05
09:27:00,136.443,136.445,136.443,136.444,0.0368776069467458,32.621198265501775,0.001999999999981128,0.0010000000000047748,0.0009999999999763531,0.005277250043537556,0.0071465013895419816,0.006961850070619076,0.00018465131892290553
09:27:05,136.446,136.447,136.446,136.447,0.03432108450380156,29.806818190359564,0.0010000000000047748,0.0,0.0010000000000047748,0.004973616704401125,0.007452988497959723,0.007060077756087206,0.00039291074187251633
09:27:10,136.447,136.447,136.445,136.445,0.028161190156311022,27.38239598802259,0.0020000000000095497,0.0020000000000095497,0.0,0.004577134477148915,0.007448635223965994,0.007137789249662964,0.00031084597430302945
09:27:15,136.446,136.446,136.442,136.443,0.0213403497108402,25.18973806453966,0.003999999999990678,0.002999999999985903,0.0010000000000047748,0.0045001832135278174,0.007200795647776204,0.007150390529285612,5.0405118490591365e-05
09:27:20,136.443,136.443,136.438,136.44,0.016388699556841857,22.219460437506687,0.005000000000023874,0.0030000000000143245,0.0020000000000095497,0.004566825451727292,0.006685242753064813,0.007057360974041453,-0.00037211822097664004
09:27:25,136.438,136.438,136.434,136.435,0.01618316212375248,22.991207886867084,0.003999999999990678,0.002999999999985903,0.0010000000000047748,0.004757915391497017,0.005806274043493431,0.006807143587931849,-0.0010008695444384177
09:27:30,136.435,136.437,136.433,136.437,0.01618316212375248,23.414152348766,0.004000000000019099,0.0,0.004000000000019099,0.004656860005966628,0.005210999139478645,0.006487914698241209,-0.001276915558762564
09:27:35,136.437,136.439,136.431,136.431,0.017503082420262217,23.22240230214057,0.007999999999981355,0.007999999999981355,0.0,0.0051026120051685915,0.004206598583493815,0.00603165147529173,-0.0018250528917979156
09:27:40,136.431,136.433,136.429,136.429,0.018996952650240928,23.613158373202776,0.003999999999990678,0.003999999999990678,0.0,0.00495559707114487,0.0032121924660373224,0.005467759673440849,-0.0022555672074035266
09:27:45,136.429,136.429,136.422,136.425,0.022199099068586747,24.786995713632717,0.007000000000005002,0.003999999999990678,0.0030000000000143245,0.0052281841283262215,0.002077404853025655,0.004789688709357811,-0.0027122838563321556
09:27:50,136.425,136.426,136.422,136.424,0.0250464830911028,28.30803647225562,0.003999999999990678,0.001999999999981128,0.0020000000000095497,0.0050644262445481494,0.0010848800296514582,0.004048726973416541,-0.0029638469437650826
09:27:55,136.423,136.43,136.423,136.425,0.02700487284414521,29.621261729396455,0.007000000000005002,0.0049999999999954525,0.0020000000000095497,0.00532250274527573,0.00037466964064947206,0.003313915506863127,-0.002939245866213655
09:28:00,136.423,136.425,136.423,136.423,0.029235162668783232,31.314755674678484,0.0020000000000095497,0.0020000000000095497,0.0,0.004879502379240239,-0.00034557689934899827,0.0025820170256207024,-0.0029275939249697007
09:28:05,136.423,136.423,136.417,136.418,0.033047971502981,33.199236450028415,0.006000000000000227,0.0049999999999954525,0.0010000000000047748,0.005028902062008237,-0.0013047948221469596,0.0018046546560671701,-0.00310944947821413
09:28:10,136.418,136.424,136.417,136.424,0.03432292466112585,33.76801819681591,0.007000000000005002,0.0,0.007000000000005002,0.005291715120407806,-0.0015628169004173742,0.0011311603447702614,-0.0026939772451876356
09:28:15,136.423,136.426,136.423,136.426,0.034679889507174266,32.813963309498774,0.002999999999985903,0.0,0.002999999999985903,0.004986153104351553,-0.0015876169115927041,0.0005874048934976682,-0.0021750218050903725
09:28:20,136.426,136.426,136.419,136.419,0.03683190835482719,33.42702233997966,0.0069999999999765805,0.0069999999999765805,0.0,0.0052546660237682225,-0.0021473591777692036,4.0452079244293864e-05,-0.0021878112570134973
09:28:25,136.419,136.419,136.414,136.416,0.03960807997566462,36.42637664659935,0.005000000000023874,0.0030000000000143245,0.0020000000000095497,0.005220710553935643,-0.002800748597991287,-0.0005277880562028223,-0.002272960541788465
09:28:30,136.416,136.43,136.415,136.43,0.03915475368580701,35.83732665993255,0.01500000000001478,0.0,0.01500000000001478,0.0065246158134128615,-0.002163936906129038,-0.0008550178261880655,-0.0013089190799409726
09:28:35,136.43,136.438,136.43,136.438,0.03837707648256128,35.71182747157871,0.007999999999981355,0.0,0.007999999999981355,0.006721333704955327,-0.001002173479122348,-0.000884448956774922,-0.00011772452234742599
09:28:40,136.438,136.44,136.437,136.438,0.03700981376789514,35.66309426051459,0.002999999999985903,0.0020000000000095497,0.0009999999999763531,0.006225155877626071,-8.053918756445455e-05,-0.0007236670029328286,0.000643127815368374
09:28:45,136.44,136.448,136.44,136.446,0.036646820776525146,36.74643406949731,0.008000000000009777,0.0020000000000095497,0.006000000000000227,0.006728468427278506,0.0012806334247841278,-0.0003228069173894373,0.0016034403421735651
09:28:50,136.446,136.454,136.446,136.452,0.03939489680260522,37.883860790672315,0.008000000000009777,0.0020000000000095497,0.006000000000000227,0.006898005970309342,0.002811117569194721,0.00030397797992739436,0.0025071395892673266
09:28:55,136.441,136.445,136.441,136.442,0.039146687691868465,36.12093948901856,0.003999999999990678,0.002999999999985903,0.0010000000000047748,0.007444938507600854,0.0031804585077850334,0.0008792740854989222,0.002301184422286111
09:29:00,136.442,136.444,136.436,136.444,0.04008202116165194,33.074427779274274,0.007999999999981355,0.0,0.007999999999981355,0.00751894670658492,0.0035931278071643646,0.0014220448298320107,0.002171082977332354
09:29:05,136.444,136.448,136.444,136.445,0.041859916757459814,32.905772513220725,0.004000000000019099,0.0030000000000143245,0.0010000000000047748,0.007049753812376144,0.0039552689641482175,0.0019286896566952524,0.002026579307452965
09:29:10,136.445,136.451,136.444,136.45,0.04478486585782093,33.20768041217816,0.007000000000005002,0.0010000000000047748,0.006000000000000227,0.007043119970726659,0.0045927838995112324,0.0024615085052584486,0.002131275394252784
09:29:15,136.45,136.453,136.45,136.453,0.04844139160314853,32.35399380764496,0.0030000000000143245,0.0,0.0030000000000143245,0.006504037307965015,0.005279238234635386,0.003025054451133836,0.00225418378350155
09:29:20,136.453,136.453,136.445,136.445,0.04933707903632012,30.551045047904896,0.008000000000009777,0.008000000000009777,0.0,0.00670349900023765,0.005118719685412998,0.003443787497989669,0.001674932187423329
09:29:25,136.445,136.449,136.444,136.449,0.050250320758038924,29.524926273815982,0.005000000000023874,0.0,0.005000000000023874,0.006476365800209147,0.005253712620515216,0.003805772522494778,0.0014479400980204381
09:29:30,136.449,136.451,136.447,136.447,0.05008624140833717,27.916773911533458,0.003999999999990678,0.003999999999990678,0.0,0.006146183693513351,0.0051400607876814774,0.004072630175532118,0.0010674306121493593
09:29:35,136.448,136.45,136.44,136.44,0.04897045295524549,24.799784883024678,0.009999999999990905,0.009999999999990905,0.0,0.006660025867710358,0.004434036579169742,0.004144911456259643,0.0002891251229100991
09:29:40,136.438,136.438,136.429,136.429,0.04777975787555988,27.238061911153288,0.00899999999998613,0.00899999999998613,0.0,0.0072386890853484015,0.002952860500386123,0.003906501265084939,-0.0009536407646988159
09:29:45,136.429,136.431,136.428,136.428,0.04509592115442729,28.189659595134334,0.0030000000000143245,0.0030000000000143245,0.0,0.006673530540637192,0.0016789719998939745,0.0034609954120467462,-0.0017820234121527717
09:29:50,136.428,136.432,136.428,136.432,0.04353776339706883,28.47651921943467,0.003999999999990678,0.0,0.003999999999990678,0.006317059801884324,0.0009808659439727307,0.0029649695184319432,-0.0019841035744592125
09:29:55,136.432,136.435,136.432,136.435,0.042090629030155924,26.64852520808907,0.0030000000000143245,0.0,0.0030000000000143245,0.0058747851616349905,0.0006620550346951859,0.002504386621684592,-0.0018423315869894063
09:30:00,136.435,136.435,136.43,136.432,0.038355127284489754,24.606596558997303,0.0049999999999954525,0.0030000000000143245,0.001999999999981128,0.005758147140083053,0.00016541338175102283,0.0020365919736978783,-0.0018711785919468555
09:30:05,136.432,136.434,136.431,136.433,0.03206309568366805,24.051412636228914,0.002999999999985903,0.0010000000000047748,0.001999999999981128,0.0053903941880701,-0.00014580629942884116,0.0016001123190725346,-0.0017459186185013757
09:30:10,136.433,136.436,136.418,136.418,0.03678901437234572,26.8504361336358,0.018000000000000682,0.018000000000000682,0.0,0.0070716749629941775,-0.0015845589693128659,0.0009631780613954546,-0.0025477370307083204
09:30:15,136.418,136.419,136.415,136.415,0.042969266857312505,29.2847054491744,0.004000000000019099,0.004000000000019099,0.0,0.006662118301264167,-0.0029330454318028387,0.00018393336275579594,-0.0031169787945586344
09:30:20,136.417,136.421,136.417,136.42,0.04610057654076627,30.48504129119534,0.003999999999990678,0.0010000000000047748,0.002999999999985903,0.006573835861095643,-0.0035572665014740323,-0.0005643066100901698,-0.0029929598913838625
09:30:25,136.42,136.421,136.42,136.42,0.04800833260452464,31.375869476321135,0.0010000000000047748,0.0010000000000047748,0.0,0.0058306577462835275,-0.004005789943533955,-0.001252603276778927,-0.0027531866667550283
09:30:30,136.42,136.426,136.42,136.426,0.0465260538156258,31.820338739856645,0.006000000000000227,0.0,0.006000000000000227,0.005853236713445755,-0.003832914692225131,-0.0017686655598681679,-0.0020642491323569633
09:30:35,136.426,136.427,136.42,136.42,0.04793811799930836,32.195537532550745,0.007000000000005002,0.007000000000005002,0.0,0.0060061384849869875,-0.004132423658376183,-0.0022414171795697713,-0.0018910064788064118
09:30:40,136.419,136.42,136.418,136.42,0.048545583564362005,32.61658936637974,0.001999999999981128,0.0,0.001999999999981128,0.0054719866869862065,-0.004319988533211472,-0.0026571314502981114,-0.0016628570829133604
09:30:45,136.425,136.425,136.423,136.423,0.047892423303665055,32.02317241319065,0.0020000000000095497,0.0020000000000095497,0.0,0.0054090551287245625,-0.004178394192592805,-0.00296138399875705,-0.0012170101938357549
09:30:50,136.425,136.428,136.42,136.428,0.04477358242934315,30.240170954370427,0.008000000000009777,0.0,0.008000000000009777,0.005754514444895924,-0.003620981028944925,-0.0030933034047946253,-0.0005276776241502999
09:30:55,136.428,136.432,136.428,136.431,0.03954424569701587,27.986195310770007,0.003999999999990678,0.0009999999999763531,0.0030000000000143245,0.005520579185575226,-0.0029036803334463457,-0.00305537879052497,0.0001516984570786241
09:31:00,136.431,136.437,136.431,136.437,0.037507051959437376,27.291047434587824,0.006000000000000227,0.0,0.006000000000000227,0.005584501960831892,-0.0018299697562440542,-0.002810296983668787,0.0009803272274247327
09:31:05,136.432,136.435,136.432,136.435,0.033098894866839146,27.970235727310975,0.0030000000000143245,0.0,0.0030000000000143245,0.00550656836605749,-0.0011274333239157386,-0.0024737242517181776,0.001346290927802439
09:31:10,136.436,136.436,136.429,136.431,0.028292457602333343,26.99967686098425,0.007000000000005002,0.0049999999999954525,0.0020000000000095497,0.005705692583917158,-0.0008832531182463299,-0.002155630025023808,0.0012723769067774782
09:31:15,136.431,136.432,136.427,136.427,0.025792695810366695,25.28685128340545,0.0049999999999954525,0.0049999999999954525,0.0,0.005611600239394264,-0.0010009665967913861,-0.0019246973393773237,0.0009237307425859376
09:31:20,136.426,136.426,136.42,136.425,0.025779632909575412,23.268146784325246,0.006000000000000227,0.0009999999999763531,0.005000000000023874,0.005796720207475696,-0.0012413293894155686,-0.0017880237493849728,0.0005466943599694042
09:31:25,136.425,136.427,136.423,136.423,0.025970833829262574,20.55629305144933,0.003999999999990678,0.003999999999990678,0.0,0.005557157513144361,-0.0015750457723697764,-0.0017454281539819336,0.0001703823816121572
09:31:30,136.418,136.418,136.412,136.412,0.028476398339648767,20.60694636044484,0.006000000000000227,0.006000000000000227,0.0,0.006282869844724537,-0.002696048114870564,-0.00193555214615966,-0.000760495968710904
09:31:35,136.412,136.412,136.409,136.409,0.03062506711921742,21.023780467876612,0.0030000000000143245,0.0030000000000143245,0.0,0.005845153865429842,-0.0037829183476958406,-0.0023050253864668963,-0.0014778929612289443
09:31:40,136.412,136.415,136.411,136.415,0.030776614485603204,22.23910903179816,0.003999999999990678,0.0,0.003999999999990678,0.005865800016705893,-0.004112712195677659,-0.002666562748309049,-0.00144614944736861
09:31:45,136.414,136.414,136.402,136.402,0.03485367909610204,24.973401379320645,0.012000000000000455,0.012000000000000455,0.0,0.006817026681145804,-0.00536126621111066,-0.0032055034408693716,-0.0021557627702412886
09:31:50,136.402,136.406,136.402,136.402,0.03902981315530951,27.194690555141868,0.004000000000019099,0.004000000000019099,0.0,0.006441423123662244,-0.0062783809957238645,-0.0038200789518402704,-0.002458302043883594
09:31:55,136.402,136.403,136.389,136.389,0.04826025933107303,32.0893287984368,0.013999999999981583,0.013999999999981583,0.0,0.007449233373838156,-0.007962406755780194,-0.004648544512628255,-0.0033138622431519386
09:32:00,136.389,136.394,136.388,136.394,0.05346873163125565,36.34256008367485,0.006000000000000227,0.0,0.006000000000000227,0.007256002257326432,-0.00879220008053494,-0.005477275626209592,-0.0033149244543253477
09:32:05,136.393,136.393,136.388,136.388,0.05995471974853217,40.930483591921465,0.0049999999999954525,0.0049999999999954525,0.0,0.007088535289682939,-0.009820759522114031,-0.00634597240539048,-0.003474787116723551
09:32:10,136.39,136.39,136.386,136.388,0.064530368200451,44.437752422211055,0.003999999999990678,0.001999999999981128,0.0020000000000095497,0.006676730584390638,-0.010514693449010792,-0.007179716614114543,-0.0033349768348962493
09:32:15,136.388,136.39,136.383,136.39,0.06803683212291389,47.768862594610766,0.0069999999999765805,0.0,0.0069999999999765805,0.00671983317313543,-0.01077900415015165,-0.007899574121321964,-0.0028794300288296857
09:32:20,136.39,136.39,136.373,136.376,0.0754481348450895,52.84442824635452,0.016999999999995907,0.013999999999981583,0.0030000000000143245,0.008090522083383494,-0.011980056646478943,-0.00871567062635336,-0.003264386020125583
09:32:25,136.376,136.384,136.376,136.384,0.07834176139124338,58.522082686482925,0.007999999999981355,0.0,0.007999999999981355,0.00807845247226321,-0.012146350691807584,-0.009401806639444205,-0.002744544052363379
09:32:30,136.38,136.39,136.38,136.39,0.07807580661034308,59.723422126027515,0.009999999999990905,0.0,0.009999999999990905,0.00833465880929357,-0.0116595856196966,-0.009853362435494683,-0.0018062231842019168
09:32:35,136.39,136.401,136.39,136.4,0.07504973788610414,58.30742248649209,0.011000000000024102,0.0010000000000047748,0.010000000000019327,0.008690037634724307,-0.010347623405152717,-0.009952214629426291,-0.0003954087757264257
09:32:40,136.4,136.404,136.4,136.403,0.06909063459198705,55.51627746642726,0.003999999999990678,0.0010000000000047748,0.002999999999985903,0.00806469928342649,-0.008962494907677865,-0.009754270685076607,0.0007917757773987424
09:32:45,136.402,136.404,136.4,136.403,0.0626902157973177,52.358951647926176,0.003999999999990678,0.0010000000000047748,0.002999999999985903,0.007522739378968382,-0.007775143578811594,-0.009358445263823605,0.0015833016850120112
09:32:50,136.402,136.403,136.402,136.403,0.056706446295208934,50.076252028297425,0.0010000000000047748,0.0,0.0010000000000047748,0.006653040795106568,-0.0067562769413029855,-0.008838011599319483,0.002081734658016497
09:32:55,136.403,136.407,136.403,136.407,0.05162251649528571,47.687258540777485,0.004000000000019099,0.0,0.004000000000019099,0.0062993020224282395,-0.005561936676144796,-0.008182796614684545,0.002620859938539749
09:33:00,136.407,136.407,136.4,136.402,0.04610285981340212,44.25835592037953,0.007000000000005002,0.005000000000023874,0.001999999999981128,0.006392728419438476,-0.004961676506269441,-0.007538572593001525,0.0025768960867320837
09:33:05,136.402,136.405,136.399,136.399,0.04020159722944072,39.39523219500103,0.006000000000000227,0.006000000000000227,0.0,0.006340364630180043,-0.0046741601166786495,-0.0069656900977369506,0.002291529981058301
09:33:10,136.396,136.396,136.39,136.39,0.03843463348800924,36.52557938368682,0.006000000000000227,0.006000000000000227,0.0,0.006694982679491311,-0.005113579924085343,-0.006595268063006629,0.001481688138921286
09:33:15,136.39,136.394,136.384,136.384,0.038201129754213525,34.62556111363921,0.010000000000019327,0.010000000000019327,0.0,0.007135651655561713,-0.005878212765509261,-0.0064518570035071564,0.0005736442379978956
09:33:20,136.382,136.386,136.382,136.384,0.03474781324052856,32.85410348952174,0.003999999999990678,0.0020000000000095497,0.001999999999981128,0.006717564768152242,-0.006410295900337815,-0.006443544782873289,3.3248882535474e-05
09:33:25,136.382,136.385,136.376,136.376,0.037329824378559806,31.591519236555456,0.00899999999998613,0.00899999999998613,0.0,0.007021889465730093,-0.007392294984327918,-0.006633294823164215,-0.0007590001611637032
09:33:30,136.376,136.377,136.374,136.375,0.03936068033630136,30.02032033204918,0.0030000000000143245,0.0020000000000095497,0.0010000000000047748,0.006485637536967992,-0.008157196887935925,-0.006938075236118557,-0.0012191216518173675
09:33:35,136.375,136.377,136.373,136.373,0.042599233977512085,28.697022606913112,0.004000000000019099,0.004000000000019099,0.0,0.00615421919870814,-0.00882306365696195,-0.007315072920287236,-0.0015079907366747133
09:33:40,136.372,136.387,136.371,136.385,0.04272802603850323,26.508959872333598,0.015999999999991132,0.0020000000000095497,0.013999999999981583,0.007466989972212538,-0.008286941454286989,-0.007509446627087187,-0.0007774948271998018
09:33:45,136.388,136.395,136.386,136.395,0.042910433017937066,27.335296125684795,0.009000000000014552,0.0,0.009000000000014552,0.007804724642586777,-0.006974743814538442,-0.0074025060645774386,0.0004277622500389964
09:33:50,136.395,136.396,136.395,136.396,0.04313747910919119,27.73109714982122,0.0009999999999763531,0.0,0.0009999999999763531,0.006897428023572055,-0.005787412400906078,-0.007079487331843166,0.0012920749309370885
09:33:55,136.396,136.401,136.396,136.399,0.043752413451727534,29.044552287550314,0.005000000000023874,0.0020000000000095497,0.0030000000000143245,0.006644437620432298,-0.004551897334380328,-0.006573969332350599,0.002022071997970271
09:34:00,136.4,136.4,136.387,136.387,0.04158694125396778,28.80119336090144,0.01300000000000523,0.01300000000000523,0.0,0.007491845937708689,-0.0044892926829902535,-0.00615703400247853,0.0016677413194882765
09:34:05,136.385,136.387,136.385,136.385,0.04143936596136655,27.897702362227047,0.0020000000000095497,0.0020000000000095497,0.0,0.0067595998126821375,-0.004548627583659481,-0.005835352718714721,0.0012867251350552394
09:34:10,136.384,136.384,136.378,136.379,0.042981023948868824,29.275248499020233,0.006000000000000227,0.0049999999999954525,0.0010000000000047748,0.0067916531709918525,-0.005021911308290328,-0.0056726644366298425,0.0006507531283395148
09:34:15,136.379,136.379,136.375,136.375,0.044485361266822565,31.44396064816425,0.003999999999990678,0.003999999999990678,0.0,0.006419432748191696,-0.005654576205841977,-0.00566904679047227,1.4470584630292896e-05
09:34:20,136.375,136.379,136.375,136.378,0.04394973203523023,31.556415992748242,0.003999999999990678,0.0010000000000047748,0.002999999999985903,0.006096841715098228,-0.005846497977927356,-0.005704537027963287,-0.00014196094996406922
09:34:25,136.378,136.38,136.372,136.372,0.044230972699551785,31.196419344385138,0.007999999999981355,0.007999999999981355,0.0,0.006350596153082645,-0.006408869759752633,-0.0058454035743211565,-0.0005634661854314769
09:34:30,136.372,136.375,136.372,136.375,0.04287754900974505,30.557166380428164,0.002999999999985903,0.0,0.002999999999985903,0.005903849999336413,-0.006537122639969084,-0.005983747387450742,-0.0005533752525183422
09:34:35,136.375,136.376,136.372,136.372,0.039608079965205434,28.762623381773913,0.003999999999990678,0.003999999999990678,0.0,0.005650003332756982,-0.006802424781000127,-0.00614748286616062,-0.0006549419148395071
09:34:40,136.372,136.372,136.362,136.365,0.03931197753166771,28.359520894905508,0.010000000000019327,0.007000000000005002,0.0030000000000143245,0.006230002888391962,-0.007491166631893975,-0.006416219619307292,-0.0010749470125866831
09:34:45,136.365,136.365,136.362,136.362,0.039921501903904755,27.848695151534308,0.0030000000000143245,0.0030000000000143245,0.0,0.005799335836608277,-0.00818472601213216,-0.006769920897872267,-0.001414805114259893
09:34:50,136.363,136.363,136.358,136.36,0.04273344553007519,31.396195961098417,0.0049999999999954525,0.002999999999985903,0.0020000000000095497,0.005692757725059901,-0.008794383919592974,-0.007174813502216408,-0.0016195704173765663
09:34:55,136.36,136.36,136.347,136.347,0.05099432371406465,35.8124769395667,0.01300000000000523,0.01300000000000523,0.0,0.006667056695052611,-0.010208852263957624,-0.007781621254564651,-0.0024272310093929727
09:35:00,136.347,136.347,136.336,136.336,0.06227139242201929,40.53393585310825,0.01099999999999568,0.01099999999999568,0.0,0.007244782469045021,-0.012078206639017708,-0.008640938331455263,-0.0034372683075624445
09:35:05,136.335,136.339,136.335,136.337,0.07072883725476231,44.37476023965074,0.003999999999990678,0.0020000000000095497,0.001999999999981128,0.006812144806504442,-0.013325385062330497,-0.00957782767763031,-0.003747557384700187
09:35:10,136.337,136.338,136.336,136.336,0.07787817746100245,50.03518128045487,0.001999999999981128,0.001999999999981128,0.0,0.006170525498968001,-0.014230434994431107,-0.01050834914099047,-0.0037220858534406376
09:35:15,136.336,136.338,136.334,136.338,0.08312299066597006,55.382476558695025,0.003999999999990678,0.0,0.003999999999990678,0.005881122099104358,-0.014617805340151335,-0.011330240380822643,-0.0032875649593286926
09:35:20,136.338,136.338,136.337,136.337,0.08634301238515718,59.488643834345616,0.0010000000000047748,0.0010000000000047748,0.0,0.005230305819224414,-0.014834488028782289,-0.012031089910414574,-0.0028033981183677153
09:35:25,136.337,136.342,136.334,136.342,0.08463320238297456,61.11528517472431,0.008000000000009777,0.0,0.008000000000009777,0.005599598376662462,-0.014436339274539023,-0.012512139783239465,-0.001924199491299558
09:35:30,136.342,136.343,136.341,136.342,0.08109357816277907,62.269427321023485,0.001999999999981128,0.0009999999999763531,0.0010000000000047748,0.005119651926438285,-0.013959882680495639,-0.0128016883626907,-0.0011581943178049382
09:35:35,136.342,136.343,136.333,136.334,0.07627622929874178,63.97476453963232,0.009999999999990905,0.00899999999998613,0.0010000000000047748,0.005770365002911968,-0.014065680133228398,-0.013054486716798241,-0.0010111934164301565
09:35:40,136.336,136.339,136.336,136.338,0.07308538624317862,65.30945073535695,0.002999999999985903,0.0010000000000047748,0.001999999999981128,0.005667649669189766,-0.013669188905225838,-0.013177427154483761,-0.0004917617507420764
09:35:45,136.341,136.341,136.337,136.338,0.06909063458630271,65.98406415839025,0.004000000000019099,0.0030000000000143245,0.0010000000000047748,0.0054452963799670115,-0.013202773397182455,-0.0131824964030235,-2.027699415895444e-05
09:35:50,136.339,136.351,136.339,136.34,0.0655162494760475,62.65596301798395,0.012000000000000455,0.01099999999999568,0.0010000000000047748,0.006452590195972108,-0.012527345025972636,-0.013051466127613327,0.0005241211016406913
09:35:55,136.34,136.341,136.335,136.336,0.06281635722370993,59.18694759898915,0.006000000000000227,0.0049999999999954525,0.0010000000000047748,0.00639224483650919,-0.012174489806056954,-0.012876070863302055,0.0007015810572451008
09:36:00,136.336,136.339,136.328,136.331,0.058628536235687534,56.72056101689727,0.01099999999999568,0.008000000000009777,0.002999999999985903,0.007006612191640722,-0.012158156060479541,-0.012732487902737554,0.0005743318422580124
09:36:05,136.33,136.33,136.317,136.318,0.05905358849156528,54.86615539708352,0.01300000000000523,0.012000000000000455,0.0010000000000047748,0.007939063899419504,-0.013043841518367572,-0.012794758625863559,-0.00024908289250401283
09:36:10,136.318,136.319,136.316,136.316,0.05667079446482148,52.62116599215254,0.002999999999985903,0.002999999999985903,0.0,0.007280522046161691,-0.013748651019341196,-0.012985537104559087,-0.0007631139147821087
09:36:15,136.316,136.316,136.307,136.309,0.05589313109072691,51.17423016206592,0.009000000000014552,0.007000000000005002,0.0020000000000095497,0.007509785773342072,-0.01470257697005195,-0.01332894507765766,-0.0013736318923942906
09:36:20,136.309,136.31,136.307,136.307,0.056458275212150966,49.727294331979294,0.0030000000000143245,0.0030000000000143245,0.0,0.00690848100356504,-0.01544194827647516,-0.013751545717421161,-0.0016904025590539981
09:36:25,136.307,136.308,136.305,136.305,0.05669159408495261,48.36830525975953,0.002999999999985903,0.002999999999985903,0.0,0.006387350203087822,-0.01600479533107091,-0.014202195640151112,-0.0018025996909197973
09:36:30,136.305,136.306,136.303,136.305,0.055431702860005316,47.18730719885474,0.0030000000000143245,0.0010000000000047748,0.0020000000000095497,0.005935703509344689,-0.016263381538180965,-0.014614432819757084,-0.001648948718423882
09:36:35,136.305,136.307,136.302,136.304,0.057373751543195795,48.12277595133507,0.0049999999999954525,0.002999999999985903,0.0020000000000095497,0.005810943041431458,-0.016360411967809796,-0.014963628649367627,-0.0013967833184421689
09:36:40,136.304,136.304,136.292,136.292,0.06486098493013515,50.23687007309333,0.012000000000000455,0.012000000000000455,0.0,0.006636150635907325,-0.017207254475749778,-0.015412353814644059,-0.001794900661105719
09:36:45,136.294,136.294,136.28,136.285,0.07308279369652837,51.77759837153722,0.014000000000010004,0.009000000000014552,0.0049999999999954525,0.0076179972177876825,-0.01823304556342009,-0.015976492164399267,-0.0022565533990208247
09:36:50,136.28,136.282,136.28,136.281,0.08077414905466185,53.688977692865315,0.0020000000000095497,0.0010000000000047748,0.0010000000000047748,0.007268930922082052,-0.01914803236360285,-0.016610800204239985,-0.002537232159362867
09:36:55,136.282,136.292,136.281,136.292,0.08255294950072312,53.41467889523027,0.01099999999999568,0.0,0.01099999999999568,0.007766406799137203,-0.01876919829118151,-0.017042479821628292,-0.0017267184695532178
09:37:00,136.292,136.295,136.29,136.29,0.08394359006700824,54.75842051742506,0.0049999999999954525,0.0049999999999954525,0.0,0.007397552559251636,-0.018418041131411655,-0.017317592083584965,-0.0011004490478266904
09:37:05,136.288,136.288,136.284,136.285,0.08412922389578625,57.04394587337869,0.004000000000019099,0.0030000000000143245,0.0010000000000047748,0.0072112122180181155,-0.01833188619278303,-0.01752045090542458,-0.0008114352873584522
09:37:10,136.286,136.292,136.286,136.292,0.08114859662572371,56.791133687951096,0.006000000000000227,0.0,0.006000000000000227,0.007183050588949701,-0.017497070942368964,-0.017515774912813455,1.8703970444490514e-05
09:37:15,136.293,136.296,136.292,136.296,0.07872670915452318,54.08056245126081,0.003999999999990678,0.0,0.003999999999990678,0.0067586438437551655,-0.016324528271042027,-0.01727752558445917,0.0009529973134171435
09:37:20,136.296,136.298,136.295,136.298,0.07387044133275822,50.794111824326684,0.0030000000000143245,0.0,0.0030000000000143245,0.006257491331256387,-0.015060290813210031,-0.016834078630209342,0.0017737878169993108
09:37:25,136.297,136.3,136.296,136.296,0.06785619467154902,46.593766439543565,0.004000000000019099,0.004000000000019099,0.0,0.005956492487091416,-0.014057708294274107,-0.016278804563022296,0.002221096268748189
09:37:30,136.297,136.304,136.297,136.301,0.05873723823327737,43.28773729942076,0.007000000000005002,0.0030000000000143245,0.003999999999990678,0.006228960155480532,-0.012713146966945033,-0.015565673043806844,0.0028525260768618114
09:37:35,136.302,136.303,136.301,136.303,0.0492828570331767,39.571090571569655,0.0020000000000095497,0.0,0.0020000000000095497,0.005665098801417735,-0.01135529240031019,-0.014723596915107514,0.0033683045147973236
09:37:40,136.303,136.305,136.296,136.303,0.04010302518406661,35.415054369486526,0.009000000000014552,0.0020000000000095497,0.007000000000005002,0.006109752294563977,-0.01016204118829478,-0.013811285769744969,0.0036492445814501895
09:37:45,136.303,136.305,136.3,136.305,0.036404163981899273,31.167126675768447,0.0049999999999954525,0.0,0.0049999999999954525,0.005961785321954841,-0.008951806863336742,-0.012839389988463325,0.0038875831251265827
09:37:50,136.306,136.315,136.306,136.312,0.03490679314762701,27.544905877060188,0.00899999999998613,0.002999999999985903,0.006000000000000227,0.006500213945692983,-0.007343198125965955,-0.011740151615963852,0.004396953489997897
09:37:55,136.312,136.312,136.3,136.3,0.033426116443251885,21.77506119908396,0.012000000000000455,0.012000000000000455,0.0,0.007233518752933979,-0.006956473922883788,-0.010783416077347839,0.0038269421544640508
09:38:00,136.3,136.3,136.293,136.293,0.032441688538142444,16.96267823158637,0.007000000000005002,0.007000000000005002,0.0,0.0072023829192101145,-0.00713261337719473,-0.010053255537317217,0.0029206421601224875
09:38:05,136.293,136.295,136.29,136.29,0.03205981247992895,15.957794844677725,0.0049999999999954525,0.0049999999999954525,0.0,0.006908731863314827,-0.007428647270160127,-0.0095283338838858,0.0020996866137256726
09:38:10,136.29,136.292,136.286,136.286,0.03214703059745716,16.390810747225256,0.006000000000000227,0.006000000000000227,0.0,0.006787567614872881,-0.007895014026530589,-0.009201669912414757,0.0013066558858841684
09:38:15,136.283,136.283,136.273,136.274,0.0361773409369448,17.50422638621972,0.009999999999990905,0.00899999999998613,0.0010000000000047748,0.007615891932890528,-0.00912769437377392,-0.00918687480468659,5.9180430912669085e-05
09:38:20,136.274,136.278,136.272,136.272,0.04106169937000459,19.759352762900765,0.006000000000000227,0.006000000000000227,0.0,0.007400439675171821,-0.010148994425065894,-0.009379298728762451,-0.0007696956963034428
09:38:25,136.276,136.279,136.276,136.279,0.04233997734371542,22.647024866321203,0.002999999999985903,0.0,0.002999999999985903,0.007347047718482913,-0.010275095668390577,-0.009558458116688076,-0.0007166375517025005
09:38:30,136.279,136.279,136.275,136.276,0.04368837009388926,26.120630444952837,0.003999999999990678,0.002999999999985903,0.0010000000000047748,0.006900774689350615,-0.010496114070775775,-0.009745989307505616,-0.0007501247632701585
09:38:35,136.275,136.277,136.275,136.277,0.045743449313931706,29.673057619995497,0.001999999999981128,0.0,0.001999999999981128,0.006247338064101351,-0.010469890721424235,-0.00989076959028934,-0.0005791211311348948
09:38:40,136.277,136.28,136.276,136.28,0.04686194727599968,31.040704938352594,0.003999999999990678,0.0,0.003999999999990678,0.005947692988886595,-0.010090714128949685,-0.00993075849802141,-0.00015995563092827472
09:38:45,136.279,136.281,136.278,136.279,0.047796057945504344,32.22330827021885,0.0030000000000143245,0.0020000000000095497,0.0010000000000047748,0.0055546672570369595,-0.00975841663765209,-0.009896290125947548,0.00013787348829545805
09:38:50,136.278,136.278,136.266,136.27,0.05118387901381993,35.58694073183307,0.012000000000000455,0.007999999999981355,0.004000000000019099,0.006547378289432729,-0.010104811291057558,-0.00993799435896955,-0.00016681693208800766
09:38:55,136.27,136.28,136.268,136.28,0.05147262938839958,38.20121349371994,0.012000000000000455,0.0,0.012000000000000455,0.007274394517508426,-0.009463327771157992,-0.009843061041407239,0.00037973327024924675
09:39:00,136.28,136.282,136.278,136.282,0.051025690096537346,38.73560532587113,0.004000000000019099,0.0,0.004000000000019099,0.006837808581843183,-0.008693352617171968,-0.009613119356560186,0.000919766739388218
09:39:05,136.282,136.288,136.282,136.286,0.05046979291807929,39.020843131309654,0.006000000000000227,0.0020000000000095497,0.003999999999990678,0.0067261007709307884,-0.007671937865552536,-0.009224883058358656,0.00155294519280612
09:39:10,136.286,136.288,136.286,136.288,0.04883268962623788,38.348619226269534,0.0020000000000095497,0.0,0.0020000000000095497,0.006095954001474623,-0.0066247104919057165,-0.008704848545068068,0.0020801380531623517
09:39:15,136.288,136.294,136.286,136.291,0.0465983961472034,37.67760508402945,0.008000000000009777,0.0030000000000143245,0.0049999999999954525,0.006349826801279311,-0.00548942168924782,-0.00806176317390402,0.0025723414846561994
09:39:20,136.291,136.306,136.291,136.306,0.04757885418547403,38.33616740192946,0.01500000000001478,0.0,0.01500000000001478,0.007503183227777374,-0.003340811696403989,-0.0071175728784040136,0.0037767611820000244
09:39:25,136.306,136.309,136.303,136.303,0.04694632990890568,37.865396267226615,0.006000000000000227,0.006000000000000227,0.0,0.007302758797407088,-0.0018586721100462,-0.0060657927247324515,0.0042071206146862515
09:39:30,136.303,136.304,136.301,136.304,0.04367535734576222,36.65092281931554,0.0030000000000143245,0.0,0.0030000000000143245,0.006729057624421386,-0.0005964981080808229,-0.0049719338014021265,0.004375435693321304
09:39:35,136.304,136.304,136.3,136.303,0.04456999223356206,35.42919416278962,0.003999999999990678,0.0010000000000047748,0.002999999999985903,0.006365183274497292,0.0003194102764609852,-0.003913664985829504,0.004233075262290489
09:39:40,136.303,136.307,136.301,136.301,0.04618088004127685,34.5956297908782,0.006000000000000227,0.006000000000000227,0.0,0.006316492171231017,0.0008738181529395206,-0.002956168358075699,0.00382998651101522
09:39:45,136.301,136.301,136.297,136.299,0.04746367028775467,32.34026338664951,0.003999999999990678,0.001999999999981128,0.0020000000000095497,0.006007626548398972,0.001138681097160088,-0.0021371984670285416,0.0032758795641886296
09:39:50,136.299,136.299,136.297,136.299,0.048687618628548535,31.375360594446075,0.0020000000000095497,0.0,0.0020000000000095497,0.00547327634194705,0.0013332183771410655,-0.0014431150981946202,0.0027763334753356855
09:39:55,136.299,136.3,136.295,136.297,0.047672567388531206,30.08611407962311,0.005000000000023874,0.0030000000000143245,0.0020000000000095497,0.0054101728296906265,0.001310896093627889,-0.0008923128598301185,0.0022032089534580078
09:40:00,136.297,136.297,136.294,136.295,0.045308300591386796,26.504056350763907,0.002999999999985903,0.0020000000000095497,0.0009999999999763531,0.005088816452396664,0.001118923978708608,-0.0004900654921223732,0.0016089894708309813
09:40:05,136.295,136.295,136.285,136.287,0.04426285120979401,25.389351759794092,0.009999999999990905,0.007999999999981355,0.0020000000000095497,0.00574364092540923,0.0003175905669650092,-0.0003285342803048967,0.0006461248472699059
09:40:10,136.286,136.29,136.286,136.287,0.042353897445309485,24.800336194472738,0.003999999999990678,0.002999999999985903,0.0010000000000047748,0.005511155468686756,-0.00031385402135697404,-0.0003255982285153122,1.1744207158338174e-05
09:40:15,136.287,136.296,136.286,136.296,0.04054938506089911,24.49137820209328,0.009999999999990905,0.0,0.009999999999990905,0.006109668072860642,-8.70501629606224e-05,-0.0002778886154043742,0.00019083845244375182
09:40:20,136.296,136.308,136.296,136.308,0.04149774879618917,26.603771845845845,0.012000000000000455,0.0,0.012000000000000455,0.006895045663145951,0.001048902149591413,-1.2530462405216754e-05,0.0010614326119966298
09:40:25,136.308,136.315,136.306,136.315,0.04366909056716395,29.04082340784583,0.00899999999998613,0.0,0.00899999999998613,0.007175706241391308,0.002485344535216427,0.00048704453711911205,0.001998299998097315
09:40:30,136.314,136.314,136.296,136.297,0.0368804612003828,26.9453035828907,0.018000000000000682,0.016999999999995907,0.0010000000000047748,0.008752278742539862,0.0021465419081607706,0.0008189440113274438,0.0013275978968333268
09:40:35,136.296,136.296,136.289,136.29,0.03416615742361273,23.887420865189107,0.007000000000005002,0.006000000000000227,0.0010000000000047748,0.008651974910202517,0.0012982316800389526,0.0009148015450697457,0.00038343013496920696
09:40:40,136.295,136.297,136.294,136.297,0.03124032477506944,21.29036941357936,0.002999999999985903,0.0,0.002999999999985903,0.00843171158884285,0.0011772110548236014,0.0009672834470205168,0.0002099276078030846
09:40:45,136.298,136.298,136.287,136.288,0.030669031138927494,20.248581409491518,0.01099999999999568,0.009999999999990905,0.0010000000000047748,0.008774150043663227,0.0003510300971356628,0.0008440327770435461,-0.0004930026799078833
09:40:50,136.288,136.288,136.278,136.28,0.033473320050518396,19.882889322398302,0.010000000000019327,0.008000000000009777,0.0020000000000095497,0.008937596704510707,-0.0009384396571476827,0.00048753829020530036,-0.001425977947352983
09:40:55,136.28,136.281,136.279,136.281,0.03611152312720378,20.815205612554937,0.0020000000000095497,0.0,0.0020000000000095497,0.00801258381057722,-0.0018582414343484288,1.8382345294554506e-05,-0.0018766237796429834
09:41:00,136.282,136.289,136.282,136.288,0.03577414528643885,19.840315340219746,0.0069999999999765805,0.0009999999999763531,0.006000000000000227,0.008010905969164438,-0.0019993027534042085,-0.0003851546744451981,-0.0016141480789590105
09:41:05,136.286,136.286,136.281,136.282,0.03709674403950203,19.793265661679573,0.0049999999999954525,0.003999999999990678,0.0010000000000047748,0.007876118506609847,-0.0025656692825464233,-0.0008212575960654431,-0.00174441168648098
09:41:10,136.285,136.285,136.282,136.283,0.037417136482247315,20.119396530344723,0.002999999999985903,0.0020000000000095497,0.0009999999999763531,0.007225969372393322,-0.002900393266543233,-0.0012370847301610012,-0.0016633085363822319
09:41:15,136.283,136.283,136.279,136.282,0.037711369183227816,19.373784924006056,0.003999999999990678,0.0009999999999763531,0.0030000000000143245,0.006795840122739637,-0.0032093605672400827,-0.0016315398975768176,-0.0015778206696632651
09:41:20,136.28,136.285,136.279,136.285,0.03742445017536511,18.24158669489464,0.006000000000000227,0.0,0.006000000000000227,0.006689728106374382,-0.0031755388162935105,-0.0019403396813201562,-0.0012351991349733543
09:41:25,136.286,136.286,136.284,136.284,0.037399127450726155,18.437919276568042,0.0020000000000095497,0.0020000000000095497,0.0,0.006064431025525738,-0.0031926238967230347,-0.002190796524400732,-0.0010018273723223026
09:41:30,136.285,136.289,136.285,136.289,0.03667151479316999,16.269012575914363,0.003999999999990678,0.0,0.003999999999990678,0.005922506888788367,-0.002770766066333863,-0.0023067904327873584,-0.00046397563354650447
09:41:35,136.287,136.287,136.278,136.278,0.0377783006131267,14.145047518279203,0.009000000000014552,0.009000000000014552,0.0,0.006599505970282676,-0.0032861678679410034,-0.0025026659198180874,-0.0007835019481229159
09:41:40,136.278,136.278,136.275,136.278,0.03877872446184938,15.19377437890745,0.002999999999985903,0.0,0.002999999999985903,0.006119571840909773,-0.003652523491808779,-0.002732637434216226,-0.0009198860575925531
09:41:45,136.278,136.278,136.272,136.272,0.04156921934793445,17.4228737079676,0.006000000000000227,0.006000000000000227,0.0,0.006103628928788501,-0.004376562530524097,-0.0030614224534778003,-0.001315140077046297
09:41:50,136.273,136.273,136.27,136.271,0.04426903393579096,20.205921389356295,0.002999999999985903,0.0020000000000095497,0.0009999999999763531,0.005689811738281488,-0.00497372630695736,-0.0034438832241737126,-0.0015298430827836475
09:41:55,136.271,136.274,136.269,136.272,0.04544053369448875,21.776215589783536,0.0049999999999954525,0.0020000000000095497,0.002999999999985903,0.00559783683984335,-0.005305136943121624,-0.0038161339679632952,-0.0014890029751583292
09:42:00,136.273,136.273,136.27,136.272,0.042044587827376745,22.164145230057677,0.002999999999985903,0.0010000000000047748,0.001999999999981128,0.005251458594529025,-0.005504331749875746,-0.004153773524345786,-0.0013505582255299601
09:42:05,136.272,136.273,136.266,136.273,0.03162677076005593,23.49433481192032,0.007000000000005002,0.0,0.007000000000005002,0.005484597448592489,-0.0055178965500317645,-0.004426598129482982,-0.0010912984205487825
09:42:10,136.272,136.272,136.263,136.263,0.03273883895400331,27.219860173884747,0.00899999999998613,0.00899999999998613,0.0,0.006086651122112277,-0.006263363028210733,-0.004793951109228533,-0.0014694119189822006
09:42:15,136.263,136.266,136.262,136.266,0.03383178196281733,30.912584785881936,0.003999999999990678,0.0,0.003999999999990678,0.005808430972496064,-0.006536724365531654,-0.005142505760489157,-0.001394218605042497
09:42:20,136.266,136.273,136.266,136.272,0.029918485699511166,31.16654714135478,0.007000000000005002,0.0010000000000047748,0.006000000000000227,0.00596730684283059,-0.006197771289436105,-0.005353558866278547,-0.000844212423157558
09:42:25,136.272,136.279,136.271,136.279,0.02841793350057742,30.69966492674978,0.008000000000009777,0.0,0.008000000000009777,0.006238332597121149,-0.005303175331931698,-0.005343482159409178,4.0306827477480135e-05
09:42:30,136.281,136.281,136.267,136.268,0.029533923353426417,30.268262442343627,0.014000000000010004,0.01300000000000523,0.0010000000000047748,0.007273221584172996,-0.0054193388941996545,-0.005358653506367274,-6.068538783238035e-05
09:42:35,136.272,136.273,136.264,136.267,0.030534880782909113,30.930296123687217,0.00899999999998613,0.006000000000000227,0.002999999999985903,0.007503458706281414,-0.005528363464151198,-0.005392595497924059,-0.00013576796622713928
09:42:40,136.265,136.269,136.265,136.268,0.02923876297319339,31.25817987998558,0.004000000000019099,0.0010000000000047748,0.0030000000000143245,0.007036330878779772,-0.005471008201681116,-0.00540827803867547,-6.273016300564586e-05
09:42:45,136.268,136.272,136.268,136.269,0.029003810950769093,30.149236482750805,0.003999999999990678,0.002999999999985903,0.0010000000000047748,0.006631486761607894,-0.005283951990918467,-0.0053834128291240695,9.946083820560215e-05
09:42:50,136.267,136.268,136.265,136.268,0.028420896633463144,28.875068846294738,0.0030000000000143245,0.0,0.0030000000000143245,0.006280621860062722,-0.0051569540823095394,-0.005338121079761163,0.00018116699745162387
09:42:55,136.268,136.268,136.262,136.264,0.028606955303757786,27.90376353539453,0.006000000000000227,0.003999999999990678,0.0020000000000095497,0.00624320561205439,-0.005317773907961509,-0.005334051645401233,1.6277737439723307e-05
09:43:00,136.264,136.266,136.263,136.265,0.02703292334120988,26.267398484194217,0.002999999999985903,0.0010000000000047748,0.001999999999981128,0.005810778197111925,-0.0053033988550055255,-0.005327921087322092,2.452223231656607e-05
09:43:05,136.265,136.267,136.265,136.265,0.0251471458491892,24.124495068009686,0.0020000000000095497,0.0020000000000095497,0.0,0.005302674437498275,-0.005231698755352454,-0.005308676620928164,7.697786557570984e-05
09:43:10,136.263,136.271,136.263,136.271,0.01855744983419072,22.109968140147604,0.007999999999981355,0.0,0.007999999999981355,0.005662317845829352,-0.004637270486341549,-0.005174395394010841,0.0005371249076692921
09:43:15,136.269,136.274,136.269,136.274,0.01742472523773131,20.25927156872984,0.0049999999999954525,0.0,0.0049999999999954525,0.005574008799718166,-0.0038793877059219994,-0.004915393856393073,0.0010360061504710739
09:43:20,136.276,136.277,136.272,136.277,0.017049772251255035,18.72767324625303,0.0049999999999954525,0.0,0.0049999999999954525,0.0054974742930884715,-0.003002079114907019,-0.004532730908095863,0.0015306517931888437
09:43:25,136.277,136.278,136.269,136.269,0.016934548837923558,15.555140500649713,0.00899999999998613,0.00899999999998613,0.0,0.0059644777206748255,-0.00291869398961353,-0.004209923524399396,0.0012912295347858663
09:43:30,136.267,136.267,136.258,136.258,0.019809620127546168,16.63266766482965,0.00899999999998613,0.00899999999998613,0.0,0.0066358806912509396,-0.0036975951707631793,-0.004107457853672153,0.0004098626829089737
09:43:35,136.258,136.262,136.258,136.261,0.020824075062819247,17.78478843592921,0.003999999999990678,0.0010000000000047748,0.002999999999985903,0.006284429932416238,-0.004026391307888844,-0.004091244544515492,6.48532366266481e-05
09:43:40,136.261,136.261,136.25,136.251,0.025707668262043626,20.909606506434873,0.01099999999999568,0.009999999999990905,0.0010000000000047748,0.006913172608093497,-0.00503583111552075,-0.004280161858716543,-0.0007556692568042069
09:43:45,136.251,136.251,136.247,136.247,0.03092673850932215,23.64709757877345,0.003999999999990678,0.003999999999990678,0.0,0.006524749593679788,-0.006088402689982786,-0.004641810024969792,-0.0014465926650129935
09:43:50,136.247,136.251,136.247,136.25,0.034051972615770865,26.662626222352323,0.003999999999990678,0.0010000000000047748,0.002999999999985903,0.006188116314521241,-0.0066043672831881395,-0.005034321476613462,-0.0015700458065746777
09:43:55,136.244,136.244,136.24,136.24,0.040942064291868974,31.034360975307123,0.003999999999990678,0.003999999999990678,0.0,0.006696367472583863,-0.007731070400012641,-0.005573671261293298,-0.0021573991387193424
09:44:00,136.237,136.238,136.228,136.229,0.05086204248055992,35.768020424347306,0.009999999999990905,0.00899999999998613,0.0010000000000047748,0.007403518476239409,-0.009403204518292796,-0.006339577912693198,-0.003063626605599598
09:44:05,136.229,136.238,136.229,136.238,0.052515260909785866,39.62887223313178,0.00899999999998613,0.0,0.00899999999998613,0.007616382679405638,-0.009888173362924135,-0.0070492970027393855,-0.00283887636018475
09:44:10,136.238,136.24,136.232,136.232,0.057502768784388536,42.93793378517209,0.008000000000009777,0.008000000000009777,0.0,0.00766753165548619,-0.010634081450717758,-0.007766253892335061,-0.0028678275583826976
09:44:15,136.232,136.232,136.228,136.231,0.06169910002716961,47.0968558586438,0.003999999999990678,0.0010000000000047748,0.002999999999985903,0.007178527434753455,-0.011177068340572305,-0.00844841678198251,-0.0027286515585897946
09:44:20,136.231,136.234,136.228,136.234,0.06375314231212315,50.24928716729996,0.006000000000000227,0.0,0.006000000000000227,0.007021390443453025,-0.01123579518204565,-0.009005892461995138,-0.002229902720050511
09:44:25,136.234,136.242,136.231,136.242,0.06320692830877306,49.60392719495474,0.01099999999999568,0.0,0.01099999999999568,0.007551871717658713,-0.010515586352056516,-0.009307831240007414,-0.0012077551120491022
09:44:30,136.242,136.252,136.242,136.249,0.06175367022467526,47.86135051508809,0.010000000000019327,0.0030000000000143245,0.007000000000005002,0.007878288821973462,-0.0092730798744185,-0.009300880966889632,2.7801092471132355e-05
09:44:35,136.249,136.252,136.247,136.252,0.06077222354520018,47.60748152730502,0.0049999999999954525,0.0,0.0049999999999954525,0.007494516979043062,-0.007954613775126518,-0.00903162752853701,0.001077013753410492
09:44:40,136.249,136.249,136.243,136.244,0.05981163411632906,45.604844690203755,0.006000000000000227,0.0049999999999954525,0.0010000000000047748,0.007695248048505927,-0.007469153283949481,-0.008719132679619504,0.0012499793956700228
09:44:45,136.244,136.246,136.244,136.246,0.05838348718310726,43.79731353908961,0.0020000000000095497,0.0,0.0020000000000095497,0.006935881642039743,-0.0068441440297988265,-0.00834413494965537,0.001499990919856543
09:44:50,136.246,136.248,136.245,136.246,0.054898950204346875,41.13561667029093,0.002999999999985903,0.001999999999981128,0.0010000000000047748,0.006411097423099231,-0.006276468471355656,-0.007930601653995426,0.00165413318263977
09:44:55,136.245,136.245,136.24,136.24,0.049784377139815206,37.999076062626436,0.0049999999999954525,0.0049999999999954525,0.0,0.006356284433352698,-0.006238814190851372,-0.007592244161366616,0.0013534299705152443
09:45:00,136.24,136.24,136.235,136.239,0.04124177744932922,35.99867053480343,0.0049999999999954525,0.0010000000000047748,0.003999999999990678,0.006175446508905066,-0.006217987456068386,-0.007317392820306971,0.001099405364238585
09:45:05,136.239,136.241,136.235,136.237,0.03494597329114413,32.82692778038547,0.006000000000000227,0.004000000000019099,0.001999999999981128,0.006152053641051088,-0.006290354117368224,-0.007111985079719222,0.0008216309623509978
09:45:10,136.237,136.237,136.234,136.237,0.03246698722978181,29.079654529886422,0.002999999999985903,0.0,0.002999999999985903,0.005731779822242398,-0.006275366696797846,-0.006944661403134947,0.0006692947063371008
09:45:15,136.242,136.245,136.242,136.243,0.02729256688434134,24.411566487308555,0.0030000000000143245,0.0020000000000095497,0.0010000000000047748,0.006034209179278048,-0.0057134777867133835,-0.006698424679850634,0.0009849468931372504
09:45:20,136.242,136.249,136.242,136.246,0.026146147885299342,21.495941671310707,0.007000000000005002,0.002999999999985903,0.004000000000019099,0.006162981288708309,-0.0049688243353784856,-0.006352504610956204,0.0013836802755777186
09:45:25,136.246,136.248,136.244,136.248,0.02635067155398474,18.00592300727339,0.003999999999990678,0.0,0.003999999999990678,0.005874583783545958,-0.00416923745089548,-0.005915851178944059,0.001746613728048579
09:45:30,136.248,136.25,136.243,136.243,0.025084278925987746,15.900314816321023,0.007000000000005002,0.007000000000005002,0.0,0.006024639279073832,-0.003894128211442194,-0.005511506585443687,0.001617378374001493
09:45:35,136.238,136.239,136.236,136.237,0.025307373520320198,15.08026901819727,0.0030000000000143245,0.0020000000000095497,0.0010000000000047748,0.006154687375197988,-0.004112841733700634,-0.005231773615095077,0.0011189318813944428
09:45:40,136.233,136.241,136.233,136.241,0.0228081240554161,15.3260391675277,0.008000000000009777,0.0,0.008000000000009777,0.006400729058506227,-0.00391824017154363,-0.004969066926384788,0.0010508267548411578
09:45:45,136.241,136.248,136.241,136.248,0.023355377985126324,15.123472435734708,0.0069999999999765805,0.0,0.0069999999999765805,0.006480631850702274,-0.0031627176921062983,-0.00460779707952909,0.001445079387422792
09:45:50,136.248,136.248,136.239,136.239,0.02167317033593008,15.283577167005333,0.00899999999998613,0.00899999999998613,0.0,0.006816547603940121,-0.0032526904766996267,-0.004336775758963198,0.0010840852822635713
09:45:55,136.239,136.239,136.234,136.234,0.020514436426253724,16.13104126048467,0.0049999999999954525,0.0049999999999954525,0.0,0.006574341256747499,-0.0036849746757070534,-0.0042064155423119694,0.000521440866604916
09:46:00,136.234,136.235,136.233,136.233,0.02086951936985315,16.666647097208404,0.0020000000000095497,0.0020000000000095497,0.0,0.0059644290891824395,-0.004061436943601393,-0.004177419822569854,0.0001159828789684611
09:46:05,136.233,136.233,136.23,136.23,0.023553745858862385,17.969221077983235,0.0030000000000143245,0.0030000000000143245,0.0,0.005569171877293358,-0.004549418071491118,-0.004251819472354108,-0.00029759859913701045
09:46:10,136.23,136.231,136.225,136.226,0.026293084877806905,19.08412363953825,0.006000000000000227,0.0049999999999954525,0.0010000000000047748,0.005626615626987607,-0.005198982566895438,-0.004441252091262374,-0.000757730475633064
09:46:15,136.226,136.226,136.214,136.216,0.032059812468673954,21.887612619138842,0.012000000000000455,0.009999999999990905,0.0020000000000095497,0.006476400210055988,-0.006446373751998635,-0.004842276423409626,-0.001604097328589009
09:46:20,136.214,136.219,136.213,136.219,0.036091112723454444,24.539360556299737,0.006000000000000227,0.0,0.006000000000000227,0.006412880182048553,-0.00711089534996745,-0.005296000208721192,-0.0018148951412462581
09:46:25,136.219,136.225,136.219,136.224,0.03702858066446879,26.004763005181132,0.006000000000000227,0.0010000000000047748,0.0049999999999954525,0.006357829491108776,-0.007151635686284408,-0.005667127304233835,-0.0014845083820505724
09:46:30,136.224,136.234,136.223,136.234,0.035920379741185116,24.31236965737071,0.01099999999999568,0.0,0.01099999999999568,0.006976785558960363,-0.006304333833696774,-0.005794568610126423,-0.0005097652235703503
09:46:35,136.235,136.235,136.226,136.226,0.03668356862493738,23.056822491349703,0.009000000000014552,0.009000000000014552,0.0,0.007246547484434255,-0.006206825728867216,-0.005877020033874582,-0.0003298056949926336
09:46:40,136.226,136.227,136.225,136.227,0.03714891790872343,21.120728624592626,0.0020000000000095497,0.0,0.0020000000000095497,0.0065470078198442945,-0.00597992535352887,-0.00589760109780544,-8.232425572343022e-05
09:46:45,136.227,136.232,136.225,136.23,0.03726378228526528,21.80214980163314,0.007000000000005002,0.0020000000000095497,0.0049999999999954525,0.0066074067771990565,-0.005494690867379859,-0.005817019051720324,0.00032232818434046497
09:46:50,136.23,136.231,136.219,136.219,0.03947604199061061,20.97141138067304,0.012000000000000455,0.012000000000000455,0.0,0.00732641920690591,-0.005929396715913526,-0.005839494584558964,-8.990213135456199e-05
09:46:55,136.219,136.219,136.216,136.216,0.04115388319166868,21.233103555959136,0.002999999999985903,0.002999999999985903,0.0,0.0067495633126499095,-0.006441722987972298,-0.005959940265241631,-0.000481782722730667
09:47:00,136.215,136.216,136.204,136.204,0.04582989137924187,23.93717471055527,0.012000000000000455,0.012000000000000455,0.0,0.007449621537629982,-0.007726973224038147,-0.006313346857000935,-0.0014136263670372125
09:47:05,136.203,136.205,136.202,136.205,0.04747919208085705,25.994346737685643,0.0030000000000143245,0.0,0.0030000000000143245,0.006856338665947895,-0.008566106905021798,-0.006763898866605108,-0.0018022080384166896
09:47:10,136.211,136.212,136.206,136.206,0.048853809813181215,25.93664614214469,0.006000000000000227,0.006000000000000227,0.0,0.0068754935104850525,-0.009046156291475427,-0.007220350351579172,-0.0018258059398962544
09:47:15,136.209,136.21,136.2,136.201,0.052329321523757244,26.09702804907959,0.010000000000019327,0.009000000000014552,0.0010000000000047748,0.007292094375756289,-0.009718033659311232,-0.007719887013125585,-0.0019981466461856468
09:47:20,136.202,136.204,136.2,136.2,0.05387353609251022,25.308946295392794,0.004000000000019099,0.004000000000019099,0.0,0.006853148458991331,-0.01021345856392486,-0.00821860132328544,-0.001994857240639419
09:47:25,136.199,136.199,136.197,136.199,0.05162455552527945,23.64458182409084,0.0020000000000095497,0.0,0.0020000000000095497,0.006339395331123941,-0.010564991368795518,-0.008687879332387457,-0.0018771120364080608
09:47:30,136.204,136.21,136.202,136.21,0.0487912847751204,19.400568606466454,0.008000000000009777,0.0,0.008000000000009777,0.006960809286973507,-0.009842517169005305,-0.008918806899711026,-0.000923710269294279
09:47:35,136.209,136.214,136.206,136.214,0.04647534713205914,18.004523145585438,0.008000000000009777,0.0,0.008000000000009777,0.007099368048711677,-0.008845222372343642,-0.00890408999423755,5.886762189390854e-05
09:47:40,136.205,136.205,136.204,136.205,0.04505855834918293,18.411237010356388,0.0010000000000047748,0.0,0.0010000000000047748,0.007486118975548907,-0.00868101451320058,-0.008859474898030156,0.00017846038482957627
09:47:45,136.207,136.208,136.205,136.208,0.0433827518050407,19.220982276212034,0.002999999999985903,0.0,0.002999999999985903,0.006887969778807174,-0.008214116452450071,-0.008730403208914139,0.000516286756464068
09:47:50,136.208,136.211,136.208,136.21,0.042138118715797646,20.783549060538537,0.0030000000000143245,0.0010000000000047748,0.0020000000000095497,0.006369573808301461,-0.0075951608042714724,-0.008503354727985607,0.0009081939237141345
09:47:55,136.208,136.211,136.206,136.208,0.04236930364078262,20.666272720831042,0.005000000000023874,0.0030000000000143245,0.0020000000000095497,0.006186963967197784,-0.00718321366332475,-0.008239326515053436,0.0010561128517286855
09:48:00,136.211,136.213,136.207,136.208,0.04225436752818723,21.730337914005144,0.006000000000000227,0.0049999999999954525,0.0010000000000047748,0.0061620354382381105,-0.006778603069562905,-0.00794718182595533,0.0011685787563924244
09:48:05,136.208,136.21,136.205,136.205,0.04138395311224485,21.48680772020044,0.0049999999999954525,0.0049999999999954525,0.0,0.006007097379805757,-0.006623667669089173,-0.0076824789945820985,0.0010588113254929258
09:48:10,136.202,136.204,136.201,136.204,0.03617210318549269,19.000289507553013,0.0030000000000143245,0.0,0.0030000000000143245,0.005739484395834203,-0.006506568222363285,-0.007447296840138336,0.0009407286177750508
09:48:15,136.204,136.206,136.2,136.2,0.03405197260542536,16.060586627932164,0.006000000000000227,0.006000000000000227,0.0,0.005774219809723006,-0.006659763035059996,-0.007289790079122668,0.0006300270440626719
09:48:20,136.2,136.204,136.2,136.204,0.029724347567423592,15.002548772469567,0.004000000000019099,0.0,0.004000000000019099,0.005537657168429152,-0.0063848044064229725,-0.007108792944582729,0.0007239885381597564
09:48:25,136.206,136.206,136.203,136.203,0.021382727815193903,13.712071569914333,0.002999999999985903,0.002999999999985903,0.0,0.0051993028793033864,-0.006176391755417399,-0.006922312706749664,0.0007459209513322653
09:48:30,136.203,136.203,136.198,136.198,0.01913497751752402,12.435632099797983,0.0049999999999954525,0.0049999999999954525,0.0,0.005172729162062329,-0.006341579658425189,-0.00680616609708477,0.00046458643865958035
09:48:35,136.198,136.198,136.194,136.194,0.018989193501738555,11.745794968184498,0.004000000000019099,0.004000000000019099,0.0,0.005016365273789899,-0.006717819985169626,-0.006788496874701741,7.067688953211505e-05
09:48:40,136.196,136.206,136.196,136.203,0.0190235310340654,12.215415655947064,0.009999999999990905,0.002999999999985903,0.007000000000005002,0.005947516570617973,-0.006218090098911944,-0.006674415519543782,0.000456325420631838
09:48:45,136.205,136.208,136.203,136.207,0.019173446450622578,12.431014958506148,0.0049999999999954525,0.0010000000000047748,0.003999999999990678,0.005821181027868304,-0.005436614090029934,-0.006426855233641012,0.000990241143611078
09:48:50,136.207,136.208,136.206,136.206,0.019173446450622578,13.106973530657529,0.0020000000000095497,0.0020000000000095497,0.0,0.005311690224153804,-0.004842162925370985,-0.006109916771987007,0.001267753846616022
09:48:55,136.206,136.21,136.205,136.208,0.019165758841154457,13.719934669760798,0.0049999999999954525,0.0020000000000095497,0.002999999999985903,0.005270131527599357,-0.0041616993299555816,-0.005720273283580722,0.0015585739536251404
09:49:00,136.208,136.209,136.203,136.209,0.01899695256349787,12.927739139642922,0.006000000000000227,0.0,0.006000000000000227,0.005367447323919474,-0.0035013737286249125,-0.00527649337258956,0.0017751196439646476
09:49:05,136.209,136.209,136.204,136.205,0.01809797884521913,12.727803934968815,0.0049999999999954525,0.003999999999990678,0.0010000000000047748,0.005318454347396272,-0.00326321123498019,-0.004873836945067687,0.0016106257100874967
09:49:10,136.206,136.206,136.204,136.204,0.017616977348836826,12.082860088930076,0.001999999999981128,0.001999999999981128,0.0,0.00487599376774092,-0.0031192011760197147,-0.004522909791258092,0.0014037086152383776
09:49:15,136.204,136.204,136.195,136.197,0.01697552406307068,13.624308198537282,0.009000000000014552,0.007000000000005002,0.0020000000000095497,0.005425861265377404,-0.00352923088848911,-0.004324174010704296,0.0007949431222151861
09:49:20,136.207,136.213,136.207,136.213,0.018676187945288802,13.845661128451772,0.006000000000000227,0.0,0.006000000000000227,0.006835746429992568,-0.0025339068069456516,-0.003966120569952567,0.0014322137630069154
09:49:25,136.213,136.213,136.208,136.21,0.019055597226099508,14.284632804609606,0.0049999999999954525,0.002999999999985903,0.0020000000000095497,0.006590980239326286,-0.001964534300810783,-0.0035658033161242103,0.0016012690153134274
09:49:30,136.209,136.217,136.209,136.215,0.020661685781419692,15.740086560530926,0.008000000000009777,0.0020000000000095497,0.006000000000000227,0.0067788495407507515,-0.0010971964763371034,-0.0030720819481667894,0.001974885471829686
09:49:35,136.215,136.22,136.211,136.22,0.024530110313037312,17.178765029764143,0.00899999999998613,0.0,0.00899999999998613,0.007075002935315469,-6.294232377968001e-06,-0.0024589244050090254,0.0024526301726310574
09:49:40,136.22,136.222,136.22,136.221,0.028078086536595492,19.009367298601912,0.0020000000000095497,0.0010000000000047748,0.0010000000000047748,0.00639833587727468,0.0009282450668308684,-0.001781490510641047,0.0027097355774719153
09:49:45,136.221,136.223,136.221,136.223,0.03175166794443385,19.996139175665235,0.0020000000000095497,0.0,0.0020000000000095497,0.005811891093639329,0.00180939984466022,-0.0010633124395807937,0.002872712284241014
09:49:50,136.223,136.225,136.223,136.224,0.034933922533525674,22.71766752565912,0.001999999999981128,0.0010000000000047748,0.0009999999999763531,0.0053036389478182365,0.0025589154131182568,-0.00033886686904098366,0.00289778228215924
09:49:55,136.224,136.226,136.222,136.225,0.03708255365665991,24.95240978447143,0.003999999999990678,0.0010000000000047748,0.002999999999985903,0.005129820421441229,0.0031967533608963095,0.000368257176946475,0.0028284961839498343
09:50:00,136.225,136.233,136.225,136.233,0.042210500021155895,28.37061487787317,0.008000000000009777,0.0,0.008000000000009777,0.005512511031917036,0.004298230347217213,0.0011542518110006228,0.0031439785362165906
09:50:05,136.231,136.232,136.23,136.231,0.04512625559061689,31.1011043461881,0.0020000000000095497,0.0010000000000047748,0.0010000000000047748,0.005177509560996675,0.00495268405046545,0.0019139382588935884,0.0030387457915718617
09:50:10,136.232,136.242,136.232,136.242,0.0502540911816709,35.72282664999834,0.009999999999990905,0.0,0.009999999999990905,0.005953841619529876,0.006286484711978346,0.00278844754951054,0.0034980371624678064
09:50:15,136.242,136.243,136.238,136.243,0.052483180227966386,40.417138118207895,0.0049999999999954525,0.0,0.0049999999999954525,0.005826662736925286,0.0073396164586370105,0.003698681331335834,0.0036409351273011766
09:50:20,136.244,136.244,136.244,136.244,0.05599999996729821,45.18792724957986,0.0,0.0,0.0,0.005183107705335885,0.008160849405896897,0.004591114946248047,0.00356973445964885
09:50:25,136.243,136.243,136.243,136.243,0.05869600539210751,47.78736613596653,0.0,0.0,0.0,0.004625360011291738,0.008631492320091638,0.005399190421016766,0.0032323018990748726
09:50:30,136.243,136.243,136.236,136.241,0.05960536885532974,48.56152695406347,0.007000000000005002,0.001999999999981128,0.005000000000023874,0.004941978676453506,0.008742320901632183,0.006067816517139849,0.002674504384492334
09:50:35,136.241,136.243,136.238,136.238,0.05947808085051065,49.335687772160384,0.0049999999999954525,0.0049999999999954525,0.0,0.004949714852925766,0.008490208583424419,0.006552294930396764,0.0019379136530276548
09:50:40,136.24,136.245,136.24,136.24,0.05933526506743192,49.66615152421574,0.0049999999999954525,0.0049999999999954525,0.0,0.005223086205869663,0.008355474333171742,0.00691293081095176,0.0014425435222199818
09:50:45,136.24,136.242,136.227,136.227,0.056076639254797556,49.28918199306027,0.014999999999986358,0.014999999999986358,0.0,0.00652667471175189,0.007117657193163041,0.006953876087394017,0.00016378110576902374
09:50:50,136.227,136.227,136.225,136.226,0.05187190697557753,48.87476903384994,0.0020000000000095497,0.0010000000000047748,0.0010000000000047748,0.005923118083519578,0.005986972457321826,0.006760495361379579,-0.0007735229040577527
09:50:55,136.226,136.233,136.226,136.232,0.0430710550826916,46.40110796836022,0.007000000000005002,0.0010000000000047748,0.006000000000000227,0.006066702339050968,0.005511513220312736,0.0065106989331662115,-0.0009991857128534756
09:51:00,136.232,136.234,136.229,136.229,0.04017383275930797,43.244202562142334,0.0049999999999954525,0.0049999999999954525,0.0,0.005924475360510233,0.004836876915334187,0.006175934529599807,-0.0013390576142656195
09:51:05,136.23,136.234,136.229,136.233,0.03533896011128945,40.08729715592443,0.0049999999999954525,0.0010000000000047748,0.003999999999990678,0.005801211979108263,0.004572282922367776,0.005855204208153402,-0.0012829212857856254
09:51:10,136.233,136.236,136.232,136.234,0.031774865881004644,36.06378886971434,0.003999999999990678,0.001999999999981128,0.0020000000000095497,0.005561050381892585,0.004392646227898922,0.005562692612102506,-0.001170046384203584
09:51:15,136.234,136.234,136.228,136.228,0.02988469061813248,32.51110609290484,0.006000000000000227,0.006000000000000227,0.0,0.00561957699764027,0.00372321410284826,0.005194796910251658,-0.0014715828074033975
09:51:20,136.226,136.229,136.223,136.228,0.02815296556644853,29.137278909718983,0.006000000000000227,0.0010000000000047748,0.0049999999999954525,0.005670300064621598,0.0031563004538668338,0.004787097618974693,-0.0016307971651078595
09:51:25,136.228,136.229,136.227,136.228,0.026957276074313086,25.690862562133805,0.0020000000000095497,0.0010000000000047748,0.0010000000000047748,0.005180926722673325,0.002676168102595966,0.004364911715698948,-0.001688743613102982
09:51:30,136.228,136.232,136.228,136.232,0.025506242717483474,20.92098067393377,0.003999999999990678,0.0,0.003999999999990678,0.005023469826315639,0.0025885867094075365,0.004009646714440666,-0.0014210600050331293
09:51:35,136.232,136.233,136.228,136.228,0.02475989959771141,16.405528141686997,0.0049999999999954525,0.0049999999999954525,0.0,0.005020340516139614,0.0021713809260290873,0.0036419935567583504,-0.0014706126307292631
09:51:40,136.228,136.228,136.224,136.224,0.026325093025889146,16.66382826757499,0.004000000000019099,0.004000000000019099,0.0,0.0048842951139902125,0.0015006768971659312,0.003213730224839867,-0.0017130533276739357
09:51:45,136.224,136.224,136.213,136.215,0.031089006293029797,18.956133573308232,0.01099999999999568,0.00899999999998613,0.0020000000000095497,0.005699722432124275,0.00024014608371203394,0.0026190133966143003,-0.0023788673129022664
09:51:50,136.215,136.218,136.212,136.212,0.03491644156008533,20.804748989920267,0.006000000000000227,0.006000000000000227,0.0,0.005739759441174401,-0.0009895022297996547,0.0018973102713315095,-0.0028868125011311642
09:51:55,136.212,136.214,136.212,136.212,0.037074036831654666,22.706873973219206,0.0020000000000095497,0.0020000000000095497,0.0,0.005241124849019088,-0.0019416255269391058,0.0011295231116773864,-0.0030711486386164923
09:52:00,136.212,136.213,136.205,136.205,0.04064480282204386,25.098622130280436,0.007999999999981355,0.007999999999981355,0.0,0.00560897486914739,-0.0032238688448842368,0.0002588447203650617,-0.0034827135652492985
09:52:05,136.206,136.206,136.203,136.205,0.042792522669515165,29.53812136853918,0.002999999999985903,0.0009999999999763531,0.0020000000000095497,0.0052611115532591925,-0.004191736186953676,-0.0006312714610986859,-0.0035604647258549904
09:52:10,136.205,136.216,136.204,136.213,0.04176072187050295,30.501035652151216,0.012000000000000455,0.0030000000000143245,0.00899999999998613,0.006159630012824695,-0.004264091099543066,-0.001357835388787562,-0.002906255710755504
09:52:15,136.213,136.214,136.207,136.207,0.04248888395272843,32.10589420539398,0.007000000000005002,0.007000000000005002,0.0,0.006271679344448736,-0.00475081826922974,-0.0020364319648759977,-0.002714386304353742
09:52:20,136.207,136.208,136.205,136.208,0.04126627266333571,33.83559492805165,0.002999999999985903,0.0,0.002999999999985903,0.0058354554318536915,-0.004998244760912485,-0.0026287945240832953,-0.0023694502368291894
09:52:25,136.208,136.208,136.206,136.208,0.04253592904257175,35.23637730816181,0.0020000000000095497,0.0,0.0020000000000095497,0.005324061374274473,-0.005135137371098608,-0.003130063093486358,-0.00200507427761225
09:52:30,136.209,136.216,136.202,136.216,0.042357376745655984,33.8195100548901,0.014000000000010004,0.0,0.014000000000010004,0.0064808531910392105,-0.004545692693938008,-0.0034131890135766885,-0.0011325036803613198
09:52:35,136.218,136.219,136.214,136.215,0.040956973527727314,33.159974533995346,0.0049999999999954525,0.003999999999990678,0.0010000000000047748,0.006283406098900044,-0.004111846377696793,-0.0035529204864007094,-0.0005589258912960834
09:52:40,136.215,136.219,136.215,136.216,0.03992150187707466,33.74742689055304,0.003999999999990678,0.002999999999985903,0.0010000000000047748,0.005978951952378795,-0.003645307567239797,-0.0035713979025685273,-7.390966467126989e-05
09:52:45,136.215,136.217,136.215,136.217,0.037466616670656094,34.72890985235285,0.0020000000000095497,0.0,0.0020000000000095497,0.005448425025396229,-0.0031584716608392682,-0.003488812654222676,0.0003303409933834078
09:52:50,136.217,136.217,136.214,136.214,0.03420003072477584,33.97717392998357,0.0030000000000143245,0.0030000000000143245,0.0,0.005121968355345309,-0.0029803697779300364,-0.003387124078964148,0.00040675430103411176
09:52:55,136.215,136.217,136.211,136.216,0.03245661065562899,30.676590179840304,0.006000000000000227,0.0010000000000047748,0.0049999999999954525,0.005239039241299297,-0.0026473227781877995,-0.003239163818808879,0.0005918410406210795
09:53:00,136.216,136.22,136.216,136.219,0.030587234979122968,27.642437876708282,0.003999999999990678,0.0010000000000047748,0.002999999999985903,0.005073834009124816,-0.0021169033592514097,-0.0030147117268973854,0.0008978083676459757
09:53:05,136.222,136.226,136.221,136.223,0.029160174652588466,26.30677886046416,0.0049999999999954525,0.002999999999985903,0.0020000000000095497,0.005330656141242174,-0.0013581200155385886,-0.0026833933846256266,0.001325273369087038
09:53:10,136.225,136.243,136.225,136.24,0.03357379925330406,26.282434610517786,0.018000000000000682,0.002999999999985903,0.01500000000001478,0.007286568655740792,0.0006079708664685768,-0.002025120534406786,0.0026330914008753626
09:53:15,136.24,136.244,136.236,136.237,0.03713758199324957,26.141065472824064,0.008000000000009777,0.007000000000005002,0.0010000000000047748,0.007381692834976656,0.0019021107783885327,-0.0012396742718477224,0.003141785050236255
09:53:20,136.237,136.239,136.237,136.238,0.04150028530654026,30.188703590298015,0.0020000000000095497,0.0010000000000047748,0.0010000000000047748,0.006664133790314376,0.0029741336634572235,-0.0003969126847867331,0.0033710463482439566
09:53:25,136.237,136.249,136.235,136.248,0.049934272551809045,34.18000981086019,0.013999999999981583,0.0010000000000047748,0.012999999999976808,0.00764224928493667,0.004577865169835604,0.0005980428861377344,0.00397982228369787
09:53:30,136.248,136.252,136.248,136.251,0.05732860034402165,37.858701305134694,0.004000000000019099,0.0010000000000047748,0.0030000000000143245,0.007156616046947661,0.006021496803981563,0.0016827336697065004,0.004338763134275062
09:53:35,136.251,136.26,136.251,136.257,0.06534475371813642,41.81710882334217,0.00899999999998613,0.002999999999985903,0.006000000000000227,0.007402400574019457,0.007562558662016272,0.0028586986681684553,0.004703859993847817
09:53:40,136.257,136.269,136.256,136.269,0.07512824121454287,47.56834277924404,0.01300000000000523,0.0,0.01300000000000523,0.008148747164150894,0.00964102526120314,0.004215163986775392,0.005425861274427748
09:53:45,136.269,136.277,136.269,136.277,0.08522391557494302,52.70357762300886,0.007999999999981355,0.0,0.007999999999981355,0.008128914208928289,0.01179776091282747,0.005731683371985808,0.006066077540841663
09:53:50,136.275,136.283,136.274,136.281,0.09528041714452229,57.92435250624335,0.00899999999998613,0.001999999999981128,0.007000000000005002,0.008245058981069335,0.013672151968535218,0.00731977709129569,0.006352374877239528
09:53:55,136.281,136.282,136.279,136.281,0.10118019359282471,63.130581379047605,0.0030000000000143245,0.0010000000000047748,0.0020000000000095497,0.007545717783595334,0.014984883969816565,0.008852798466999866,0.006132085502816699
09:54:00,136.281,136.281,136.278,136.281,0.10483551023912696,68.39351554380099,0.0030000000000143245,0.0,0.0030000000000143245,0.006939622079117866,0.015842609794503915,0.010250760732500676,0.005591849062003239
09:54:05,136.282,136.295,136.282,136.295,0.11102944131499726,74.4923311765579,0.012999999999976808,0.0,0.012999999999976808,0.007881005801899694,0.01745088376205217,0.011690785338410975,0.005760098423641197
09:54:10,136.294,136.296,136.294,136.295,0.11628277691545463,80.21281430662638,0.001999999999981128,0.0010000000000047748,0.0009999999999763531,0.007096871694977219,0.0185120569986168,0.01305503967045214,0.00545701732816466
09:54:15,136.289,136.289,136.287,136.288,0.11690229837392963,81.81470327033807,0.001999999999981128,0.0009999999999763531,0.0010000000000047748,0.007217288802311104,0.01857409236060903,0.01415885020848352,0.00441524215212551
09:54:20,136.288,136.29,136.288,136.288,0.11588651434590247,81.33362831492119,0.001999999999981128,0.001999999999981128,0.0,0.006521650295333774,0.018411024996225933,0.015009285166032003,0.00340173983019393
09:54:25,136.29,136.29,136.286,136.286,0.11285090302050094,80.08037492789211,0.003999999999990678,0.003999999999990678,0.0,0.006185430255954695,0.017913909254957616,0.015590209983817127,0.002323699271140489
09:54:30,136.286,136.289,136.284,136.284,0.10642595645475694,77.68698634266278,0.0049999999999954525,0.0049999999999954525,0.0,0.006027372888493463,0.01716073983649835,0.015904315954353373,0.0012564238821449782
09:54:35,136.283,136.285,136.281,136.284,0.098373295461613,73.68743333430363,0.003999999999990678,0.0010000000000047748,0.002999999999985903,0.005757056503359759,0.01637508584957459,0.015998469933397617,0.0003766159161769714
09:54:40,136.284,136.288,136.283,136.283,0.08875371006035948,70.129615134211,0.005000000000023874,0.005000000000023874,0.0,0.005656115636248308,0.015493162231905444,0.015897408393099183,-0.0004042461611937394
09:54:45,136.277,136.284,136.277,136.284,0.07808524354851443,64.42897501460577,0.007000000000005002,0.0,0.007000000000005002,0.0058353002180825345,0.01470540826099409,0.015659008366678166,-0.000953600105684075
09:54:50,136.283,136.291,136.283,136.291,0.07348068129255125,59.90653996434179,0.008000000000009777,0.0,0.008000000000009777,0.006123926855672833,0.014479043659719082,0.01542301542528635,-0.0009439717655672676
09:54:55,136.291,136.292,136.291,136.292,0.06564048812384726,55.41876332623189,0.0010000000000047748,0.0,0.0010000000000047748,0.0054407366082504256,0.014216461209599629,0.015181704582149007,-0.0009652433725493778
09:55:00,136.292,136.293,136.285,136.288,0.05449519531794067,49.12265209901758,0.008000000000009777,0.0049999999999954525,0.0030000000000143245,0.0057819717271516725,0.013529634945768976,0.014851290654873003,-0.001321655709104027
09:55:05,136.288,136.289,136.283,136.285,0.045403454507095375,42.705352496192326,0.006000000000000227,0.003999999999990678,0.0020000000000095497,0.005811042163531481,0.012598023087235788,0.014400637141345561,-0.0018026140541097732
09:55:10,136.287,136.287,136.284,136.284,0.03478112006212086,36.62632259630219,0.0030000000000143245,0.0030000000000143245,0.0,0.005436236541729193,0.011644788462007227,0.013849467405477895,-0.0022046789434706678
09:55:15,136.284,136.284,136.276,136.276,0.025411145444195427,31.996826803280545,0.007999999999981355,0.007999999999981355,0.0,0.005778071669496148,0.010127071437011637,0.013104988211784643,-0.0029779167747730068
09:55:20,136.276,136.283,136.274,136.28,0.02129591008792886,27.733305392497414,0.00899999999998613,0.002999999999985903,0.006000000000000227,0.006207662113561479,0.009141656999332781,0.012312321969294271,-0.0031706649699614897
09:55:25,136.28,136.28,136.267,136.268,0.025334810608626412,26.999375310624544,0.01300000000000523,0.012000000000000455,0.0010000000000047748,0.007113307165087313,0.007308165266124433,0.011311490628660305,-0.004003325362535871
09:55:30,136.268,136.279,136.266,136.279,0.025642070635342407,26.3152557182564,0.01300000000000523,0.0,0.01300000000000523,0.007898199543076368,0.006665877836780965,0.010382368070284437,-0.003716490233503473
09:55:35,136.279,136.28,136.276,136.276,0.026605104321163253,25.902344654554263,0.003999999999990678,0.003999999999990678,0.0,0.007378439603998277,0.005847380530724422,0.009475370562372434,-0.0036279900316480117
09:55:40,136.276,136.28,136.275,136.28,0.02672589907189149,26.37253849381569,0.0049999999999954525,0.0,0.0049999999999954525,0.007061314323464568,0.0054585592165494745,0.008672008293207842,-0.0032134490766583673
09:55:45,136.28,136.28,136.276,136.276,0.02570357331563855,27.863284383487947,0.003999999999990678,0.003999999999990678,0.0,0.006653139080334716,0.004772633010645677,0.007892133236695409,-0.0031195002260497318
09:55:50,136.275,136.281,136.275,136.281,0.023297616709498925,28.783208067169273,0.006000000000000227,0.0,0.006000000000000227,0.006566053869623452,0.004579697857764131,0.007229646160909153,-0.002649948303145022
09:55:55,136.281,136.285,136.28,136.285,0.022868042447782955,29.35234756693306,0.0049999999999954525,0.0,0.0049999999999954525,0.006357246687006386,0.004695435867802189,0.0067228041022877605,-0.0020273682344855715
09:56:00,136.285,136.286,136.281,136.281,0.022300342152675512,28.051086824278716,0.0049999999999954525,0.0049999999999954525,0.0,0.0061762804620715955,0.004413516236155601,0.006260946529061329,-0.001847430292905728
09:56:05,136.279,136.284,136.279,136.283,0.022023910382699796,27.34898503385546,0.0049999999999954525,0.0010000000000047748,0.003999999999990678,0.0060194430671281106,0.004301886710095459,0.005869134565268156,-0.0015672478551726965
09:56:10,136.282,136.283,136.282,136.283,0.02196552315547251,28.98837861674379,0.0009999999999763531,0.0,0.0009999999999763531,0.005350183991507876,0.004165403329722039,0.005528388318158933,-0.0013629849884368933
09:56:15,136.283,136.284,136.279,136.282,0.0218810178998865,31.808629793829528,0.0049999999999954525,0.001999999999981128,0.0030000000000143245,0.005303492792639554,0.0039312308427668086,0.005208956823080509,-0.0012777259803137004
09:56:20,136.282,136.283,136.279,136.283,0.0218810178998865,34.714153222576165,0.003999999999990678,0.0,0.003999999999990678,0.005129693753619704,0.003782734098365381,0.004923712278137484,-0.0011409781797721025
09:56:25,136.285,136.285,136.279,136.283,0.021816459192621096,34.30923425688284,0.006000000000000227,0.0020000000000095497,0.003999999999990678,0.00524573458647044,0.0036232824143098696,0.004663626305371961,-0.0010403438910620913
09:56:30,136.279,136.286,136.279,136.286,0.02045688655414324,32.82825603216961,0.007000000000005002,0.0,0.007000000000005002,0.005479636641608382,0.003696381152849426,0.004470177274867454,-0.0007737961220180278
09:56:35,136.286,136.286,136.274,136.276,0.018484701985187257,32.25879105931504,0.012000000000000455,0.009999999999990905,0.0020000000000095497,0.006349018422727325,0.0029138074448553652,0.004158903308865036,-0.001245095864009671
09:56:40,136.276,136.281,136.276,136.28,0.01718138518720025,30.806866786396803,0.0049999999999954525,0.0010000000000047748,0.003999999999990678,0.006169149299696409,0.0025865624320715597,0.003844435133506341,-0.0012578727014347815
09:56:45,136.28,136.281,136.278,136.279,0.016643633114881595,29.779778707976654,0.0030000000000143245,0.0020000000000095497,0.0010000000000047748,0.005746596059738798,0.0022209253145888397,0.003519733169722841,-0.0012988078551340013
09:56:50,136.28,136.281,136.275,136.275,0.016790974928483138,29.87375895707235,0.006000000000000227,0.006000000000000227,0.0,0.005780383251773656,0.0015900594782181088,0.003133798431421895,-0.001543738953203786
09:56:55,136.273,136.274,136.266,136.266,0.02055646900589636,31.74831867577534,0.008000000000009777,0.008000000000009777,0.0,0.006209665484872442,0.0003597223189331089,0.002578983208924138,-0.002219260889991029
09:57:00,136.266,136.266,136.259,136.259,0.027267871919775644,34.22013301860697,0.007000000000005002,0.007000000000005002,0.0,0.006315043420223451,-0.0011667210089569835,0.001829842365347914,-0.0029965633743048977
09:57:05,136.259,136.259,136.244,136.244,0.040131887794757404,39.50579253304921,0.014999999999986358,0.014999999999986358,0.0,0.007473037630858505,-0.0035459376218511807,0.000754686367908095,-0.004300623989759275
09:57:10,136.245,136.245,136.239,136.239,0.0523996785551617,45.379540498757265,0.006000000000000227,0.006000000000000227,0.0,0.007276632613410735,-0.005768447075013228,-0.0005499403206761695,-0.0052185067543370585
09:57:15,136.239,136.24,136.231,136.231,0.0654107668348729,50.62274003500985,0.009000000000014552,0.009000000000014552,0.0,0.007506414931624577,-0.008082168759727892,-0.002056386008486514,-0.0060257827512413785
09:57:20,136.231,136.242,136.231,136.24,0.07113397291112733,54.48015056166709,0.01099999999999568,0.001999999999981128,0.009000000000014552,0.007972226274074058,-0.009084860464128042,-0.0034620808996148195,-0.005622779564513222
09:57:25,136.24,136.256,136.24,136.256,0.07209817865430068,53.26221366952177,0.015999999999991132,0.0,0.015999999999991132,0.009042596104196334,-0.008490560683100057,-0.0044677768563118675,-0.004022783826788189
09:57:30,136.256,136.264,136.255,136.263,0.07149648498534589,50.524974047218414,0.009000000000014552,0.0010000000000047748,0.008000000000009777,0.009036916623638763,-0.0073697781118085,-0.005048177107411195,-0.002321601004397306
09:57:35,136.263,136.267,136.263,136.267,0.06983408907422017,49.30332802664195,0.003999999999990678,0.0,0.003999999999990678,0.008365327740485684,-0.006088597714239086,-0.005256261228776773,-0.0008323364854623131
09:57:40,136.266,136.266,136.262,136.262,0.06887089368387933,48.58479095184008,0.003999999999990678,0.003999999999990678,0.0,0.007916617375086987,-0.005414298568382492,-0.005287868696697917,-0.00012642987168457517
09:57:45,136.262,136.262,136.258,136.258,0.06755146184065097,46.50389262165766,0.003999999999990678,0.003999999999990678,0.0,0.007394401725074146,-0.00514338842771167,-0.005258972642900667,0.000115584215188997
09:57:50,136.257,136.259,136.254,136.255,0.06610486085287448,45.87031262417314,0.0049999999999954525,0.003999999999990678,0.0010000000000047748,0.007075148161730321,-0.005111839019150466,-0.005229545918150627,0.00011770689900016118
09:57:55,136.253,136.262,136.252,136.252,0.06473394941843935,44.499278159978815,0.009999999999990905,0.009999999999990905,0.0,0.007465128406831732,-0.005268182485195894,-0.005237273231559681,-3.09092536362127e-05
09:58:00,136.252,136.254,136.252,136.253,0.06232816375256789,41.827918529416465,0.001999999999981128,0.0010000000000047748,0.0009999999999763531,0.006736444619251652,-0.005250865457327336,-0.005239991676713213,-1.0873780614123474e-05
09:58:05,136.253,136.256,136.252,136.256,0.05896332488049438,36.820369120595565,0.003999999999990678,0.0,0.003999999999990678,0.006371585336683522,-0.004938142823448288,-0.005179621906060228,0.00024147908261194003
09:58:10,136.256,136.257,136.249,136.249,0.054243117408589114,31.984959280445526,0.008000000000009777,0.008000000000009777,0.0,0.006588707291793689,-0.005195261639386217,-0.005182749852725427,-1.25117866607901e-05
09:58:15,136.247,136.248,136.245,136.248,0.05216007746281548,27.451611063221154,0.002999999999985903,0.0,0.002999999999985903,0.006243546319553288,-0.00541727482405463,-0.005229654846991267,-0.0001876199770633625
09:58:20,136.247,136.247,136.242,136.243,0.04855599043605707,23.397586836115078,0.005000000000023874,0.004000000000019099,0.0010000000000047748,0.006211073476946214,-0.005928341851074492,-0.005369392247807913,-0.0005589496032665795
09:58:25,136.243,136.247,136.242,136.247,0.043242766317462156,19.198961053839383,0.005000000000023874,0.0,0.005000000000023874,0.00604959701335657,-0.005942102720126741,-0.005483934342271678,-0.00045816837785506246
09:58:30,136.248,136.248,136.245,136.245,0.038547851286068635,15.3203219332737,0.002999999999985903,0.002999999999985903,0.0,0.005642984078240481,-0.006044711916985079,-0.005596089857214359,-0.0004486220597707206
09:58:35,136.245,136.247,136.244,136.244,0.03662555904833198,15.739317936806502,0.0030000000000143245,0.0030000000000143245,0.0,0.005290586201143661,-0.006135990211788567,-0.0057040699281292,-0.00043192028365936653
09:58:40,136.244,136.247,136.238,136.238,0.03735463047195253,18.973113236707565,0.009000000000014552,0.009000000000014552,0.0,0.005785174707659779,-0.00661621120957534,-0.005886498184418429,-0.0007297130251569112
09:58:45,136.238,136.241,136.238,136.238,0.03846748451695703,22.231184402378357,0.0030000000000143245,0.0030000000000143245,0.0,0.005413818079973719,-0.006917054313703375,-0.006092609410275418,-0.0008244449034279563
09:58:50,136.238,136.238,136.233,136.235,0.03951282265967393,26.500273492192367,0.0049999999999954525,0.002999999999985903,0.0020000000000095497,0.0053586423359766175,-0.007313247009960833,-0.006336736930212502,-0.0009765100797483311
09:58:55,136.236,136.24,136.236,136.24,0.03678615295564214,29.030321527381705,0.004000000000019099,0.0,0.004000000000019099,0.005310823357845796,-0.007141452147919836,-0.006497679973753968,-0.0006437721741658674
09:59:00,136.235,136.24,136.235,136.238,0.03725926231447829,31.06042275354206,0.0049999999999954525,0.0020000000000095497,0.002999999999985903,0.005269380243465751,-0.007085015123266203,-0.0066151470036564155,-0.0004698681196097874
09:59:05,136.238,136.241,136.231,136.231,0.04010302517525588,34.53944417002311,0.010000000000019327,0.010000000000019327,0.0,0.005900129544339561,-0.007518461726476744,-0.006795809948220481,-0.0007226517782562628
09:59:10,136.231,136.238,136.231,136.238,0.03848225834258301,38.018465586504156,0.007000000000005002,0.0,0.007000000000005002,0.006046778938428287,-0.007213971609587588,-0.006879442280493903,-0.00033452932909368554
09:59:15,136.241,136.252,136.24,136.252,0.033938644279885466,39.083880716942154,0.012000000000000455,0.0,0.012000000000000455,0.00710720841330585,-0.0057763913572443926,-0.006658832095844001,0.0008824407385996085
09:59:20,136.252,136.263,136.252,136.262,0.033938644279885466,41.16693223793311,0.01099999999999568,0.0010000000000047748,0.009999999999990905,0.00762624729153116,-0.0037865334232662917,-0.0060843723613284596,0.002297838938062168
09:59:25,136.262,136.266,136.262,136.265,0.036487344551233036,42.70771276726738,0.003999999999990678,0.0010000000000047748,0.002999999999985903,0.0071427476526590965,-0.001945060302091406,-0.005256509949481049,0.003311449647389643
09:59:30,136.265,136.271,136.265,136.271,0.04203006438740431,44.19682868849611,0.006000000000000227,0.0,0.006000000000000227,0.0069903812989712474,-1.5122977288228867e-06,-0.004205510419130604,0.0042039981214017814
09:59:35,136.271,136.273,136.27,136.273,0.0478260003807236,45.88738050585233,0.002999999999985903,0.0,0.002999999999985903,0.006458330459106535,0.0016807718914151337,-0.0030282539570214567,0.0047090258484365904
09:59:40,136.273,136.28,136.273,136.28,0.055536048006842975,48.636314756825804,0.007000000000005002,0.0,0.007000000000005002,0.006530553064559665,0.003538051277331533,-0.001714992910150859,0.005253044187482393
09:59:45,136.28,136.287,136.28,136.285,0.063774603069362,51.57706531942347,0.007000000000005002,0.0020000000000095497,0.0049999999999954525,0.0065931459892857106,0.005351725425526865,-0.0003016492430153142,0.005653374668542179
09:59:50,136.284,136.286,136.283,136.283,0.06979790372986372,53.15881499009686,0.0030000000000143245,0.0030000000000143245,0.0,0.00611405985738286,0.006552162716275234,0.0010691131488427955,0.005483049567432438
09:59:55,136.282,136.285,136.282,136.285,0.07528500232865554,54.30802174217473,0.002999999999985903,0.0,0.002999999999985903,0.005698851876396599,0.0075775519017042825,0.002370800899415093,0.00520675100228919
