time,open,high,low,close
2025-05-11 07:15:35,55.325,55.325,55.325,55.325
2025-05-11 07:15:40,55.328,55.334,55.328,55.333
2025-05-11 07:15:45,55.333,55.338,55.333,55.337
2025-05-11 07:15:50,55.337,55.338,55.336,55.337
2025-05-11 07:15:55,55.338,55.338,55.326,55.326
2025-05-11 07:16:00,55.326,55.33,55.326,55.327
2025-05-11 07:16:05,55.327,55.327,55.325,55.326
2025-05-11 07:16:10,55.325,55.325,55.321,55.321
2025-05-11 07:16:15,55.32,55.32,55.314,55.316
2025-05-11 07:16:20,55.316,55.321,55.316,55.317
2025-05-11 07:16:25,55.316,55.316,55.311,55.312
2025-05-11 07:16:30,55.312,55.317,55.312,55.317
2025-05-11 07:16:35,55.317,55.327,55.317,55.321
2025-05-11 07:16:40,55.323,55.324,55.322,55.322
2025-05-11 07:16:45,55.322,55.322,55.32,55.322
2025-05-11 07:16:50,55.322,55.325,55.319,55.319
2025-05-11 07:16:55,55.319,55.328,55.319,55.328
2025-05-11 07:17:00,55.329,55.329,55.325,55.325
2025-05-11 07:17:05,55.324,55.326,55.322,55.326
2025-05-11 07:17:10,55.329,55.329,55.327,55.327
2025-05-11 07:17:15,55.327,55.331,55.319,55.319
2025-05-11 07:17:20,55.322,55.324,55.32,55.321
2025-05-11 07:17:25,55.324,55.33,55.324,55.33
2025-05-11 07:17:30,55.33,55.331,55.324,55.325
2025-05-11 07:17:35,55.325,55.328,55.321,55.321
2025-05-11 07:17:40,55.321,55.326,55.315,55.326
2025-05-11 07:17:45,55.326,55.332,55.325,55.332
2025-05-11 07:17:50,55.332,55.343,55.332,55.341
2025-05-11 07:17:55,55.341,55.348,55.341,55.346
2025-05-11 07:18:00,55.347,55.348,55.346,55.348
2025-05-11 07:18:05,55.349,55.349,55.349,55.349
2025-05-11 07:18:10,55.349,55.352,55.349,55.351
2025-05-11 07:18:15,55.351,55.355,55.35,55.352
2025-05-11 07:18:20,55.352,55.356,55.351,55.354
2025-05-11 07:18:25,55.354,55.354,55.352,55.353
2025-05-11 07:18:30,55.353,55.356,55.353,55.353
2025-05-11 07:18:35,55.353,55.36,55.351,55.36
2025-05-11 07:18:40,55.362,55.364,55.358,55.363
2025-05-11 07:18:45,55.361,55.364,55.36,55.36
2025-05-11 07:18:50,55.36,55.361,55.353,55.353
2025-05-11 07:18:55,55.353,55.353,55.348,55.35
2025-05-11 07:19:00,55.35,55.35,55.347,55.347
2025-05-11 07:19:05,55.347,55.356,55.345,55.352
2025-05-11 07:19:10,55.352,55.352,55.349,55.351
2025-05-11 07:19:15,55.351,55.354,55.351,55.352
2025-05-11 07:19:20,55.353,55.359,55.353,55.359
2025-05-11 07:19:25,55.359,55.374,55.359,55.374
2025-05-11 07:19:30,55.374,55.377,55.374,55.376
2025-05-11 07:19:35,55.376,55.379,55.376,55.379
2025-05-11 07:19:40,55.378,55.391,55.378,55.388
2025-05-11 07:19:45,55.39,55.392,55.389,55.391
2025-05-11 07:19:50,55.391,55.396,55.391,55.394
2025-05-11 07:19:55,55.394,55.396,55.392,55.396
2025-05-11 07:20:00,55.395,55.407,55.394,55.407
2025-05-11 07:20:05,55.407,55.408,55.407,55.408
2025-05-11 07:20:10,55.408,55.408,55.405,55.405
2025-05-11 07:20:15,55.405,55.405,55.404,55.404
2025-05-11 07:20:20,55.407,55.41,55.406,55.409
2025-05-11 07:20:25,55.408,55.409,55.405,55.408
2025-05-11 07:20:30,55.408,55.416,55.408,55.414
2025-05-11 07:20:35,55.414,55.429,55.414,55.423
2025-05-11 07:20:40,55.425,55.427,55.424,55.424
2025-05-11 07:20:45,55.427,55.427,55.421,55.426
2025-05-11 07:20:50,55.426,55.437,55.426,55.437
2025-05-11 07:20:55,55.437,55.441,55.434,55.441
2025-05-11 07:21:00,55.441,55.443,55.439,55.442
2025-05-11 07:21:05,55.442,55.444,55.439,55.439
2025-05-11 07:21:10,55.439,55.447,55.439,55.447
2025-05-11 07:21:15,55.447,55.451,55.447,55.448
2025-05-11 07:21:20,55.451,55.456,55.451,55.455
2025-05-11 07:21:25,55.455,55.456,55.454,55.454
2025-05-11 07:21:30,55.454,55.458,55.452,55.453
2025-05-11 07:21:35,55.453,55.453,55.448,55.449
2025-05-11 07:21:40,55.449,55.452,55.449,55.452
2025-05-11 07:21:45,55.452,55.467,55.45,55.467
2025-05-11 07:21:50,55.467,55.468,55.464,55.465
2025-05-11 07:21:55,55.465,55.47,55.465,55.47
2025-05-11 07:22:00,55.47,55.47,55.462,55.467
2025-05-11 07:22:05,55.468,55.469,55.46,55.462
2025-05-11 07:22:10,55.462,55.474,55.462,55.474
2025-05-11 07:22:15,55.474,55.481,55.474,55.479
2025-05-11 07:22:20,55.479,55.483,55.479,55.483
2025-05-11 07:22:25,55.494,55.499,55.494,55.498
2025-05-11 07:22:30,55.498,55.513,55.498,55.513
2025-05-11 07:22:35,55.516,55.526,55.513,55.526
2025-05-11 07:22:40,55.526,55.532,55.524,55.526
2025-05-11 07:22:45,55.525,55.527,55.52,55.522
2025-05-11 07:22:50,55.521,55.524,55.521,55.521
2025-05-11 07:22:55,55.52,55.52,55.516,55.516
2025-05-11 07:23:00,55.516,55.521,55.514,55.52
2025-05-11 07:23:05,55.52,55.527,55.52,55.527
2025-05-11 07:23:10,55.529,55.531,55.524,55.524
2025-05-11 07:23:15,55.524,55.528,55.524,55.527
2025-05-11 07:23:20,55.527,55.531,55.527,55.531
2025-05-11 07:23:25,55.531,55.532,55.527,55.529
2025-05-11 07:23:30,55.529,55.529,55.516,55.516
2025-05-11 07:23:35,55.516,55.521,55.516,55.521
2025-05-11 07:23:40,55.521,55.523,55.521,55.522
2025-05-11 07:23:45,55.52,55.534,55.519,55.534
2025-05-11 07:23:50,55.534,55.534,55.532,55.534
2025-05-11 07:23:55,55.534,55.534,55.53,55.532
2025-05-11 07:24:00,55.532,55.534,55.529,55.532
2025-05-11 07:24:05,55.533,55.534,55.524,55.528
2025-05-11 07:24:10,55.532,55.538,55.53,55.536
2025-05-11 07:24:15,55.536,55.537,55.535,55.537
2025-05-11 07:24:20,55.537,55.538,55.535,55.537
2025-05-11 07:24:25,55.538,55.544,55.536,55.544
2025-05-11 07:24:30,55.544,55.547,55.544,55.547
2025-05-11 07:24:35,55.545,55.545,55.539,55.541
2025-05-11 07:24:40,55.541,55.544,55.54,55.542
2025-05-11 07:24:45,55.541,55.543,55.532,55.532
2025-05-11 07:24:50,55.532,55.541,55.531,55.541
2025-05-11 07:24:55,55.541,55.543,55.536,55.537
2025-05-11 07:25:00,55.537,55.539,55.537,55.539
2025-05-11 07:25:05,55.539,55.541,55.535,55.535
2025-05-11 07:25:10,55.535,55.542,55.535,55.542
2025-05-11 07:25:15,55.54,55.544,55.529,55.529
2025-05-11 07:25:20,55.529,55.532,55.529,55.531
2025-05-11 07:25:25,55.529,55.53,55.527,55.527
2025-05-11 07:25:30,55.527,55.53,55.527,55.527
2025-05-11 07:25:35,55.529,55.53,55.527,55.527
2025-05-11 07:25:40,55.527,55.527,55.518,55.518
2025-05-11 07:25:45,55.519,55.519,55.51,55.51
2025-05-11 07:25:50,55.51,55.516,55.51,55.514
2025-05-11 07:25:55,55.515,55.517,55.51,55.51
2025-05-11 07:26:00,55.51,55.515,55.509,55.509
2025-05-11 07:26:05,55.509,55.509,55.5,55.502
2025-05-11 07:26:10,55.501,55.501,55.497,55.498
2025-05-11 07:26:15,55.496,55.497,55.492,55.496
2025-05-11 07:26:20,55.496,55.499,55.494,55.499
2025-05-11 07:26:25,55.499,55.509,55.499,55.503
2025-05-11 07:26:30,55.503,55.511,55.503,55.509
2025-05-11 07:26:35,55.509,55.51,55.506,55.506
2025-05-11 07:26:40,55.506,55.508,55.504,55.504
2025-05-11 07:26:45,55.504,55.504,55.494,55.494
2025-05-11 07:26:50,55.49,55.491,55.487,55.49
2025-05-11 07:26:55,55.49,55.492,55.49,55.492
2025-05-11 07:27:00,55.492,55.494,55.492,55.494
2025-05-11 07:27:05,55.494,55.495,55.491,55.495
2025-05-11 07:27:10,55.495,55.495,55.489,55.489
2025-05-11 07:27:15,55.489,55.491,55.484,55.491
2025-05-11 07:27:20,55.491,55.493,55.491,55.492
2025-05-11 07:27:25,55.491,55.496,55.489,55.494
2025-05-11 07:27:30,55.488,55.488,55.484,55.488
2025-05-11 07:27:35,55.488,55.494,55.487,55.494
2025-05-11 07:27:40,55.494,55.5,55.494,55.498
2025-05-11 07:27:45,55.498,55.498,55.493,55.493
2025-05-11 07:27:50,55.493,55.5,55.493,55.5
2025-05-11 07:27:55,55.501,55.504,55.501,55.502
2025-05-11 07:28:00,55.5,55.502,55.498,55.502
2025-05-11 07:28:05,55.502,55.502,55.496,55.496
2025-05-11 07:28:10,55.492,55.495,55.492,55.493
2025-05-11 07:28:15,55.493,55.493,55.485,55.485
2025-05-11 07:28:20,55.485,55.498,55.484,55.498
2025-05-11 07:28:25,55.498,55.513,55.498,55.512
2025-05-11 07:28:30,55.512,55.515,55.507,55.507
2025-05-11 07:28:35,55.507,55.512,55.507,55.51
2025-05-11 07:28:40,55.511,55.521,55.511,55.519
2025-05-11 07:28:45,55.519,55.522,55.514,55.522
2025-05-11 07:28:50,55.522,55.522,55.518,55.518
2025-05-11 07:28:55,55.515,55.518,55.513,55.514
2025-05-11 07:29:00,55.513,55.515,55.513,55.515
2025-05-11 07:29:05,55.515,55.516,55.511,55.513
2025-05-11 07:29:10,55.514,55.519,55.506,55.506
2025-05-11 07:29:15,55.517,55.518,55.515,55.515
2025-05-11 07:29:20,55.506,55.507,55.501,55.504
2025-05-11 07:29:25,55.504,55.506,55.496,55.497
2025-05-11 07:29:30,55.495,55.498,55.493,55.498
2025-05-11 07:29:35,55.498,55.506,55.498,55.506
2025-05-11 07:29:40,55.506,55.51,55.506,55.51
2025-05-11 07:29:45,55.51,55.517,55.51,55.517
2025-05-11 07:29:50,55.519,55.521,55.516,55.516
2025-05-11 07:29:55,55.516,55.516,55.514,55.516
2025-05-11 07:30:00,55.518,55.519,55.518,55.519
2025-05-11 07:30:05,55.519,55.52,55.511,55.511
2025-05-11 07:30:10,55.511,55.512,55.507,55.512
2025-05-11 07:30:15,55.511,55.515,55.511,55.513
2025-05-11 07:30:20,55.513,55.515,55.511,55.515
2025-05-11 07:30:25,55.515,55.518,55.515,55.517
2025-05-11 07:30:30,55.517,55.522,55.517,55.521
2025-05-11 07:30:35,55.52,55.524,55.519,55.521
2025-05-11 07:30:40,55.523,55.523,55.51,55.51
2025-05-11 07:30:45,55.51,55.518,55.51,55.515
2025-05-11 07:30:50,55.515,55.516,55.513,55.514
2025-05-11 07:30:55,55.516,55.517,55.505,55.505
2025-05-11 07:31:00,55.505,55.512,55.505,55.512
2025-05-11 07:31:05,55.512,55.514,55.51,55.511
2025-05-11 07:31:10,55.511,55.515,55.504,55.515
2025-05-11 07:31:15,55.514,55.516,55.514,55.514
2025-05-11 07:31:20,55.515,55.515,55.508,55.511
2025-05-11 07:31:25,55.511,55.515,55.51,55.515
2025-05-11 07:31:30,55.515,55.522,55.515,55.522
2025-05-11 07:31:35,55.522,55.522,55.518,55.519
2025-05-11 07:31:40,55.52,55.52,55.514,55.518
2025-05-11 07:31:45,55.518,55.519,55.514,55.514
2025-05-11 07:31:50,55.514,55.518,55.512,55.517
2025-05-11 07:31:55,55.515,55.515,55.51,55.515
2025-05-11 07:32:00,55.514,55.514,55.511,55.513
2025-05-11 07:32:05,55.513,55.517,55.51,55.51
2025-05-11 07:32:10,55.51,55.512,55.51,55.51
2025-05-11 07:32:15,55.509,55.512,55.508,55.508
2025-05-11 07:32:20,55.508,55.513,55.508,55.51
2025-05-11 07:32:25,55.51,55.514,55.51,55.514
2025-05-11 07:32:30,55.514,55.519,55.513,55.518
2025-05-11 07:32:35,55.519,55.525,55.517,55.524
2025-05-11 07:32:40,55.529,55.532,55.527,55.527
2025-05-11 07:32:45,55.527,55.536,55.527,55.535
2025-05-11 07:32:50,55.535,55.537,55.533,55.537
2025-05-11 07:32:55,55.533,55.537,55.533,55.537
2025-05-11 07:33:00,55.537,55.537,55.527,55.533
2025-05-11 07:33:05,55.533,55.535,55.528,55.528
2025-05-11 07:33:10,55.526,55.536,55.526,55.536
2025-05-11 07:33:15,55.531,55.532,55.531,55.531
2025-05-11 07:33:20,55.531,55.54,55.529,55.54
2025-05-11 07:33:25,55.539,55.539,55.532,55.532
2025-05-11 07:33:30,55.532,55.532,55.527,55.527
2025-05-11 07:33:35,55.527,55.527,55.522,55.525
2025-05-11 07:33:40,55.528,55.536,55.528,55.534
2025-05-11 07:33:45,55.535,55.538,55.534,55.535
2025-05-11 07:33:50,55.535,55.543,55.535,55.535
2025-05-11 07:33:55,55.534,55.536,55.528,55.53
2025-05-11 07:34:00,55.53,55.53,55.526,55.528
2025-05-11 07:34:05,55.528,55.528,55.524,55.524
2025-05-11 07:34:10,55.523,55.531,55.523,55.527
2025-05-11 07:34:15,55.527,55.533,55.524,55.529
2025-05-11 07:34:20,55.533,55.533,55.521,55.521
2025-05-11 07:34:25,55.517,55.518,55.515,55.515
2025-05-11 07:34:30,55.515,55.52,55.515,55.517
2025-05-11 07:34:35,55.517,55.517,55.514,55.514
2025-05-11 07:34:40,55.514,55.514,55.501,55.501
2025-05-11 07:34:45,55.494,55.498,55.494,55.498
2025-05-11 07:34:50,55.498,55.499,55.493,55.499
2025-05-11 07:34:55,55.499,55.507,55.497,55.507
2025-05-11 07:35:00,55.508,55.515,55.508,55.515
2025-05-11 07:35:05,55.517,55.524,55.515,55.524
2025-05-11 07:35:10,55.524,55.526,55.524,55.525
2025-05-11 07:35:15,55.525,55.54,55.525,55.54
2025-05-11 07:35:20,55.538,55.543,55.538,55.543
2025-05-11 07:35:25,55.543,55.543,55.538,55.542
2025-05-11 07:35:30,55.542,55.544,55.542,55.544
2025-05-11 07:35:35,55.544,55.544,55.536,55.537
2025-05-11 07:35:40,55.537,55.537,55.532,55.536
2025-05-11 07:35:45,55.534,55.537,55.531,55.535
2025-05-11 07:35:50,55.535,55.537,55.53,55.534
2025-05-11 07:35:55,55.534,55.536,55.526,55.529
2025-05-11 07:36:00,55.529,55.536,55.526,55.536
2025-05-11 07:36:05,55.535,55.549,55.535,55.542
2025-05-11 07:36:10,55.542,55.543,55.536,55.543
2025-05-11 07:36:15,55.543,55.548,55.542,55.546
2025-05-11 07:36:20,55.546,55.551,55.546,55.549
2025-05-11 07:36:25,55.549,55.555,55.549,55.554
2025-05-11 07:36:30,55.554,55.558,55.554,55.555
2025-05-11 07:36:35,55.555,55.556,55.554,55.554
2025-05-11 07:36:40,55.554,55.556,55.553,55.553
2025-05-11 07:36:45,55.561,55.568,55.561,55.566
2025-05-11 07:36:50,55.566,55.571,55.563,55.564
2025-05-11 07:36:55,55.564,55.565,55.557,55.558
2025-05-11 07:37:00,55.556,55.566,55.554,55.564
2025-05-11 07:37:05,55.564,55.566,55.563,55.566
2025-05-11 07:37:10,55.566,55.566,55.564,55.564
2025-05-11 07:37:15,55.564,55.569,55.557,55.566
2025-05-11 07:37:20,55.577,55.585,55.575,55.584
2025-05-11 07:37:25,55.584,55.593,55.582,55.593
2025-05-11 07:37:30,55.593,55.594,55.59,55.592
2025-05-11 07:37:35,55.592,55.6,55.59,55.6
2025-05-11 07:37:40,55.6,55.6,55.596,55.596
2025-05-11 07:37:45,55.596,55.611,55.596,55.608
2025-05-11 07:37:50,55.608,55.61,55.604,55.604
2025-05-11 07:37:55,55.604,55.606,55.602,55.603
2025-05-11 07:38:00,55.604,55.613,55.604,55.611
2025-05-11 07:38:05,55.608,55.61,55.605,55.605
2025-05-11 07:38:10,55.607,55.613,55.607,55.613
2025-05-11 07:38:15,55.613,55.613,55.607,55.613
2025-05-11 07:38:20,55.613,55.613,55.611,55.613
2025-05-11 07:38:25,55.613,55.613,55.602,55.604
2025-05-11 07:38:30,55.604,55.607,55.604,55.607
2025-05-11 07:38:35,55.608,55.613,55.606,55.613
2025-05-11 07:38:40,55.616,55.62,55.616,55.617
2025-05-11 07:38:45,55.621,55.625,55.621,55.624
2025-05-11 07:38:50,55.625,55.627,55.624,55.627
2025-05-11 07:38:55,55.627,55.63,55.624,55.63
2025-05-11 07:39:00,55.626,55.629,55.624,55.626
2025-05-11 07:39:05,55.626,55.627,55.625,55.626
2025-05-11 07:39:10,55.628,55.628,55.621,55.623
2025-05-11 07:39:15,55.623,55.63,55.623,55.626
2025-05-11 07:39:20,55.626,55.631,55.626,55.631
2025-05-11 07:39:25,55.631,55.632,55.628,55.628
2025-05-11 07:39:30,55.628,55.63,55.627,55.63
2025-05-11 07:39:35,55.63,55.638,55.63,55.638
2025-05-11 07:39:40,55.638,55.64,55.638,55.639
2025-05-11 07:39:45,55.639,55.64,55.636,55.636
2025-05-11 07:39:50,55.636,55.639,55.63,55.633
2025-05-11 07:39:55,55.633,55.633,55.628,55.63
2025-05-11 07:40:00,55.63,55.63,55.622,55.626
2025-05-11 07:40:05,55.626,55.635,55.626,55.635
2025-05-11 07:40:10,55.635,55.639,55.635,55.637
2025-05-11 07:40:15,55.637,55.637,55.613,55.613
2025-05-11 07:40:20,55.613,55.613,55.605,55.605
2025-05-11 07:40:25,55.605,55.607,55.602,55.605
2025-05-11 07:40:30,55.605,55.605,55.602,55.603
2025-05-11 07:40:35,55.604,55.606,55.601,55.601
2025-05-11 07:40:40,55.601,55.602,55.6,55.602
2025-05-11 07:40:45,55.599,55.605,55.599,55.605
2025-05-11 07:40:50,55.604,55.605,55.599,55.6
2025-05-11 07:40:55,55.598,55.608,55.598,55.608
2025-05-11 07:41:00,55.608,55.615,55.608,55.615
2025-05-11 07:41:05,55.615,55.617,55.613,55.615
2025-05-11 07:41:10,55.613,55.619,55.612,55.619
2025-05-11 07:41:15,55.62,55.626,55.62,55.626
2025-05-11 07:41:20,55.626,55.633,55.624,55.633
2025-05-11 07:41:25,55.634,55.642,55.634,55.642
2025-05-11 07:41:30,55.643,55.643,55.641,55.643
2025-05-11 07:41:35,55.642,55.642,55.639,55.639
2025-05-11 07:41:40,55.639,55.645,55.639,55.643
2025-05-11 07:41:45,55.643,55.648,55.641,55.647
2025-05-11 07:41:50,55.647,55.65,55.645,55.65
2025-05-11 07:41:55,55.65,55.654,55.648,55.654
2025-05-11 07:42:00,55.654,55.66,55.654,55.66
2025-05-11 07:42:05,55.661,55.663,55.66,55.66
2025-05-11 07:42:10,55.66,55.664,55.658,55.664
2025-05-11 07:42:15,55.664,55.664,55.659,55.663
2025-05-11 07:42:20,55.663,55.669,55.663,55.665
2025-05-11 07:42:25,55.663,55.673,55.663,55.673
2025-05-11 07:42:30,55.673,55.673,55.671,55.673
2025-05-11 07:42:35,55.672,55.676,55.67,55.676
2025-05-11 07:42:40,55.676,55.676,55.673,55.674
2025-05-11 07:42:45,55.671,55.672,55.67,55.67
2025-05-11 07:42:50,55.671,55.671,55.659,55.661
2025-05-11 07:42:55,55.661,55.663,55.659,55.661
2025-05-11 07:43:00,55.661,55.662,55.658,55.658
2025-05-11 07:43:05,55.658,55.661,55.658,55.661
2025-05-11 07:43:10,55.661,55.661,55.658,55.658
2025-05-11 07:43:15,55.657,55.663,55.657,55.661
2025-05-11 07:43:20,55.661,55.667,55.661,55.666
2025-05-11 07:43:25,55.666,55.671,55.666,55.67
2025-05-11 07:43:30,55.67,55.672,55.665,55.665
2025-05-11 07:43:35,55.665,55.665,55.66,55.661
2025-05-11 07:43:40,55.661,55.661,55.655,55.655
2025-05-11 07:43:45,55.655,55.655,55.65,55.651
2025-05-11 07:43:50,55.649,55.649,55.646,55.647
2025-05-11 07:43:55,55.647,55.649,55.645,55.648
2025-05-11 07:44:00,55.648,55.653,55.648,55.653
2025-05-11 07:44:05,55.653,55.657,55.652,55.657
2025-05-11 07:44:10,55.654,55.654,55.647,55.647
2025-05-11 07:44:15,55.647,55.649,55.644,55.644
2025-05-11 07:44:20,55.644,55.644,55.636,55.638
2025-05-11 07:44:25,55.638,55.642,55.637,55.642
2025-05-11 07:44:30,55.643,55.645,55.634,55.634
2025-05-11 07:44:35,55.634,55.64,55.634,55.637
2025-05-11 07:44:40,55.637,55.639,55.637,55.639
2025-05-11 07:44:45,55.633,55.635,55.63,55.631
2025-05-11 07:44:50,55.631,55.635,55.63,55.635
2025-05-11 07:44:55,55.636,55.636,55.634,55.634
2025-05-11 07:45:00,55.631,55.641,55.631,55.641
2025-05-11 07:45:05,55.642,55.644,55.642,55.643
2025-05-11 07:45:10,55.632,55.632,55.627,55.627
2025-05-11 07:45:15,55.627,55.627,55.624,55.625
2025-05-11 07:45:20,55.622,55.625,55.622,55.623
2025-05-11 07:45:25,55.623,55.627,55.621,55.627
2025-05-11 07:45:30,55.626,55.638,55.626,55.638
2025-05-11 07:45:35,55.638,55.644,55.635,55.635
2025-05-11 07:45:40,55.635,55.637,55.635,55.637
2025-05-11 07:45:45,55.637,55.644,55.637,55.644
2025-05-11 07:45:50,55.644,55.647,55.644,55.644
2025-05-11 07:45:55,55.643,55.65,55.643,55.65
2025-05-11 07:46:00,55.652,55.652,55.644,55.647
2025-05-11 07:46:05,55.647,55.647,55.642,55.642
2025-05-11 07:46:10,55.643,55.655,55.643,55.655
2025-05-11 07:46:15,55.655,55.655,55.648,55.651
2025-05-11 07:46:20,55.652,55.652,55.651,55.651
2025-05-11 07:46:25,55.651,55.651,55.648,55.65
2025-05-11 07:46:30,55.648,55.648,55.636,55.639
2025-05-11 07:46:35,55.639,55.639,55.635,55.635
2025-05-11 07:46:40,55.635,55.636,55.634,55.636
2025-05-11 07:46:45,55.636,55.642,55.636,55.638
2025-05-11 07:46:50,55.638,55.64,55.633,55.634
2025-05-11 07:46:55,55.634,55.637,55.632,55.634
2025-05-11 07:47:00,55.634,55.645,55.634,55.643
2025-05-11 07:47:05,55.643,55.646,55.633,55.633
2025-05-11 07:47:10,55.633,55.633,55.63,55.631
2025-05-11 07:47:15,55.631,55.634,55.63,55.631
2025-05-11 07:47:20,55.631,55.631,55.628,55.628
2025-05-11 07:47:25,55.628,55.63,55.618,55.619
2025-05-11 07:47:30,55.619,55.62,55.615,55.615
2025-05-11 07:47:35,55.621,55.624,55.621,55.623
2025-05-11 07:47:40,55.631,55.64,55.631,55.64
2025-05-11 07:47:45,55.64,55.641,55.638,55.641
2025-05-11 07:47:50,55.644,55.652,55.644,55.651
2025-05-11 07:47:55,55.651,55.653,55.65,55.653
2025-05-11 07:48:00,55.66,55.66,55.66,55.66
2025-05-11 07:48:05,55.66,55.666,55.66,55.664
2025-05-11 07:48:10,55.664,55.664,55.651,55.651
2025-05-11 07:48:15,55.651,55.651,55.645,55.645
2025-05-11 07:48:20,55.652,55.652,55.647,55.647
2025-05-11 07:48:25,55.647,55.651,55.644,55.651
2025-05-11 07:48:30,55.651,55.652,55.65,55.651
2025-05-11 07:48:35,55.651,55.656,55.651,55.656
2025-05-11 07:48:40,55.658,55.661,55.654,55.654
2025-05-11 07:48:45,55.654,55.654,55.648,55.649
2025-05-11 07:48:50,55.649,55.653,55.649,55.652
2025-05-11 07:48:55,55.652,55.652,55.645,55.645
2025-05-11 07:49:00,55.645,55.645,55.64,55.64
2025-05-11 07:49:05,55.64,55.641,55.637,55.637
2025-05-11 07:49:10,55.637,55.646,55.637,55.644
2025-05-11 07:49:15,55.642,55.644,55.64,55.641
2025-05-11 07:49:20,55.64,55.642,55.629,55.629
2025-05-11 07:49:25,55.629,55.633,55.628,55.633
2025-05-11 07:49:30,55.633,55.634,55.63,55.63
2025-05-11 07:49:35,55.63,55.63,55.627,55.627
2025-05-11 07:49:40,55.627,55.632,55.627,55.629
2025-05-11 07:49:45,55.629,55.633,55.629,55.63
2025-05-11 07:49:50,55.63,55.63,55.628,55.629
2025-05-11 07:49:55,55.63,55.632,55.629,55.63
2025-05-11 07:50:00,55.63,55.637,55.63,55.637
2025-05-11 07:50:05,55.637,55.639,55.634,55.634
2025-05-11 07:50:10,55.634,55.64,55.634,55.638
2025-05-11 07:50:15,55.637,55.637,55.633,55.637
2025-05-11 07:50:20,55.638,55.639,55.629,55.629
2025-05-11 07:50:25,55.628,55.632,55.628,55.631
2025-05-11 07:50:30,55.622,55.627,55.619,55.627
2025-05-11 07:50:35,55.627,55.627,55.625,55.625
2025-05-11 07:50:40,55.621,55.623,55.621,55.622
2025-05-11 07:50:45,55.624,55.624,55.619,55.623
2025-05-11 07:50:50,55.615,55.615,55.607,55.609
2025-05-11 07:50:55,55.608,55.608,55.605,55.606
2025-05-11 07:51:00,55.606,55.614,55.606,55.614
2025-05-11 07:51:05,55.614,55.618,55.614,55.618
2025-05-11 07:51:10,55.62,55.621,55.618,55.619
2025-05-11 07:51:15,55.62,55.628,55.62,55.628
2025-05-11 07:51:20,55.63,55.631,55.627,55.627
2025-05-11 07:51:25,55.627,55.627,55.616,55.616
2025-05-11 07:51:30,55.615,55.615,55.606,55.606
2025-05-11 07:51:35,55.605,55.605,55.59,55.59
2025-05-11 07:51:40,55.59,55.593,55.59,55.592
2025-05-11 07:51:45,55.59,55.591,55.588,55.589
2025-05-11 07:51:50,55.588,55.596,55.588,55.594
2025-05-11 07:51:55,55.599,55.601,55.597,55.599
2025-05-11 07:52:00,55.599,55.603,55.597,55.597
2025-05-11 07:52:05,55.597,55.597,55.594,55.594
2025-05-11 07:52:10,55.597,55.6,55.593,55.597
2025-05-11 07:52:15,55.597,55.6,55.597,55.598
2025-05-11 07:52:20,55.597,55.597,55.595,55.596
2025-05-11 07:52:25,55.595,55.595,55.583,55.583
2025-05-11 07:52:30,55.585,55.588,55.584,55.587
2025-05-11 07:52:35,55.587,55.589,55.583,55.583
2025-05-11 07:52:40,55.58,55.583,55.579,55.58
2025-05-11 07:52:45,55.58,55.591,55.579,55.589
2025-05-11 07:52:50,55.591,55.591,55.59,55.59
2025-05-11 07:52:55,55.59,55.59,55.585,55.59
2025-05-11 07:53:00,55.59,55.59,55.585,55.585
2025-05-11 07:53:05,55.587,55.591,55.587,55.591
2025-05-11 07:53:10,55.591,55.591,55.588,55.588
2025-05-11 07:53:15,55.588,55.588,55.583,55.584
2025-05-11 07:53:20,55.583,55.589,55.582,55.589
2025-05-11 07:53:25,55.589,55.593,55.588,55.589
2025-05-11 07:53:30,55.591,55.6,55.591,55.597
2025-05-11 07:53:35,55.597,55.602,55.597,55.601
2025-05-11 07:53:40,55.601,55.601,55.596,55.596
2025-05-11 07:53:45,55.596,55.596,55.588,55.592
2025-05-11 07:53:50,55.592,55.593,55.585,55.585
2025-05-11 07:53:55,55.585,55.585,55.581,55.584
2025-05-11 07:54:00,55.587,55.596,55.587,55.596
2025-05-11 07:54:05,55.595,55.595,55.591,55.593
2025-05-11 07:54:10,55.592,55.6,55.592,55.6
2025-05-11 07:54:15,55.6,55.6,55.596,55.597
2025-05-11 07:54:20,55.595,55.6,55.594,55.599
2025-05-11 07:54:25,55.6,55.602,55.599,55.602
2025-05-11 07:54:30,55.602,55.602,55.591,55.591
2025-05-11 07:54:35,55.587,55.588,55.586,55.586
2025-05-11 07:54:40,55.586,55.588,55.579,55.58
2025-05-11 07:54:45,55.579,55.588,55.579,55.587
2025-05-11 07:54:50,55.587,55.591,55.587,55.588
2025-05-11 07:54:55,55.588,55.594,55.584,55.586
2025-05-11 07:55:00,55.583,55.584,55.576,55.576
2025-05-11 07:55:05,55.575,55.575,55.572,55.574
2025-05-11 07:55:10,55.574,55.576,55.574,55.575
2025-05-11 07:55:15,55.575,55.575,55.572,55.572
2025-05-11 07:55:20,55.57,55.573,55.567,55.569
2025-05-11 07:55:25,55.567,55.567,55.555,55.555
2025-05-11 07:55:30,55.555,55.561,55.555,55.561
2025-05-11 07:55:35,55.561,55.562,55.558,55.562
2025-05-11 07:55:40,55.561,55.568,55.561,55.568
2025-05-11 07:55:45,55.568,55.571,55.568,55.57
2025-05-11 07:55:50,55.57,55.578,55.57,55.577
2025-05-11 07:55:55,55.577,55.582,55.577,55.581
2025-05-11 07:56:00,55.581,55.585,55.579,55.585
2025-05-11 07:56:05,55.587,55.587,55.573,55.573
2025-05-11 07:56:10,55.573,55.573,55.568,55.573
2025-05-11 07:56:15,55.573,55.573,55.568,55.569
2025-05-11 07:56:20,55.565,55.57,55.565,55.566
2025-05-11 07:56:25,55.566,55.57,55.566,55.569
2025-05-11 07:56:30,55.569,55.575,55.569,55.571
2025-05-11 07:56:35,55.571,55.572,55.567,55.567
2025-05-11 07:56:40,55.567,55.567,55.556,55.556
2025-05-11 07:56:45,55.559,55.56,55.554,55.554
2025-05-11 07:56:50,55.554,55.556,55.551,55.551
2025-05-11 07:56:55,55.552,55.552,55.547,55.548
2025-05-11 07:57:00,55.548,55.557,55.545,55.557
2025-05-11 07:57:05,55.557,55.563,55.557,55.563
2025-05-11 07:57:10,55.564,55.564,55.559,55.559
2025-05-11 07:57:15,55.557,55.558,55.553,55.553
2025-05-11 07:57:20,55.553,55.559,55.553,55.559
2025-05-11 07:57:25,55.557,55.56,55.554,55.56
2025-05-11 07:57:30,55.56,55.562,55.557,55.561
2025-05-11 07:57:35,55.561,55.572,55.56,55.567
2025-05-11 07:57:40,55.567,55.574,55.567,55.574
2025-05-11 07:57:45,55.57,55.571,55.568,55.569
2025-05-11 07:57:50,55.576,55.582,55.576,55.581
2025-05-11 07:57:55,55.58,55.591,55.579,55.589
2025-05-11 07:58:00,55.589,55.59,55.58,55.58
2025-05-11 07:58:05,55.579,55.579,55.574,55.575
2025-05-11 07:58:10,55.575,55.586,55.575,55.586
2025-05-11 07:58:15,55.586,55.589,55.582,55.582
2025-05-11 07:58:20,55.582,55.582,55.574,55.577
2025-05-11 07:58:25,55.579,55.58,55.574,55.574
2025-05-11 07:58:30,55.575,55.575,55.567,55.567
2025-05-11 07:58:35,55.568,55.571,55.564,55.565
2025-05-11 07:58:40,55.565,55.566,55.563,55.563
2025-05-11 07:58:45,55.563,55.564,55.562,55.562
2025-05-11 07:58:50,55.562,55.564,55.559,55.559
2025-05-11 07:58:55,55.559,55.56,55.555,55.555
2025-05-11 07:59:00,55.555,55.56,55.554,55.559
2025-05-11 07:59:05,55.56,55.56,55.55,55.555
2025-05-11 07:59:10,55.554,55.554,55.549,55.55
2025-05-11 07:59:15,55.549,55.55,55.546,55.548
2025-05-11 07:59:20,55.548,55.549,55.543,55.543
2025-05-11 07:59:25,55.539,55.541,55.537,55.54
2025-05-11 07:59:30,55.54,55.54,55.535,55.535
2025-05-11 07:59:35,55.536,55.536,55.534,55.535
2025-05-11 07:59:40,55.535,55.535,55.531,55.531
2025-05-11 07:59:45,55.532,55.532,55.529,55.529
2025-05-11 07:59:50,55.528,55.53,55.522,55.524
2025-05-11 07:59:55,55.524,55.526,55.521,55.526
2025-05-11 08:00:00,55.526,55.526,55.518,55.518
2025-05-11 08:00:05,55.515,55.521,55.515,55.521
2025-05-11 08:00:10,55.521,55.523,55.52,55.521
2025-05-11 08:00:15,55.521,55.527,55.52,55.527
2025-05-11 08:00:20,55.527,55.529,55.526,55.528
2025-05-11 08:00:25,55.527,55.527,55.521,55.521
2025-05-11 08:00:30,55.52,55.527,55.519,55.527
2025-05-11 08:00:35,55.527,55.529,55.516,55.516
2025-05-11 08:00:40,55.516,55.516,55.512,55.514
2025-05-11 08:00:45,55.514,55.514,55.504,55.505
2025-05-11 08:00:50,55.504,55.504,55.498,55.5
2025-05-11 08:00:55,55.5,55.5,55.496,55.499
2025-05-11 08:01:00,55.499,55.502,55.499,55.502
2025-05-11 08:01:05,55.502,55.502,55.5,55.502
2025-05-11 08:01:10,55.5,55.505,55.5,55.503
2025-05-11 08:01:15,55.503,55.503,55.493,55.494
2025-05-11 08:01:20,55.495,55.498,55.495,55.496
2025-05-11 08:01:25,55.496,55.503,55.496,55.503
2025-05-11 08:01:30,55.502,55.503,55.499,55.5
2025-05-11 08:01:35,55.502,55.505,55.502,55.505
2025-05-11 08:01:40,55.506,55.506,55.493,55.494
2025-05-11 08:01:45,55.495,55.513,55.495,55.513
2025-05-11 08:01:50,55.513,55.517,55.509,55.51
2025-05-11 08:01:55,55.51,55.51,55.504,55.508
2025-05-11 08:02:00,55.507,55.511,55.498,55.498
2025-05-11 08:02:05,55.508,55.51,55.508,55.509
2025-05-11 08:02:10,55.509,55.512,55.509,55.512
2025-05-11 08:02:15,55.508,55.509,55.5,55.504
2025-05-11 08:02:20,55.504,55.506,55.497,55.503
2025-05-11 08:02:25,55.503,55.506,55.5,55.5
2025-05-11 08:02:30,55.503,55.511,55.503,55.507
2025-05-11 08:02:35,55.509,55.509,55.503,55.503
2025-05-11 08:02:40,55.503,55.505,55.497,55.497
2025-05-11 08:02:45,55.497,55.498,55.496,55.497
2025-05-11 08:02:50,55.499,55.5,55.498,55.5
2025-05-11 08:02:55,55.502,55.504,55.496,55.496
2025-05-11 08:03:00,55.497,55.5,55.478,55.48
2025-05-11 08:03:05,55.48,55.489,55.48,55.485
2025-05-11 08:03:10,55.485,55.485,55.481,55.484
2025-05-11 08:03:15,55.481,55.487,55.481,55.486
2025-05-11 08:03:20,55.489,55.492,55.485,55.487
2025-05-11 08:03:25,55.487,55.497,55.487,55.497
2025-05-11 08:03:30,55.496,55.5,55.494,55.499
2025-05-11 08:03:35,55.499,55.502,55.497,55.501
2025-05-11 08:03:40,55.501,55.502,55.497,55.498
2025-05-11 08:03:45,55.498,55.501,55.494,55.5
2025-05-11 08:03:50,55.499,55.507,55.499,55.507
2025-05-11 08:03:55,55.507,55.508,55.496,55.496
2025-05-11 08:04:00,55.498,55.498,55.492,55.493
2025-05-11 08:04:05,55.493,55.493,55.487,55.491
2025-05-11 08:04:10,55.493,55.493,55.491,55.491
2025-05-11 08:04:15,55.491,55.496,55.491,55.495
2025-05-11 08:04:20,55.495,55.503,55.495,55.5
2025-05-11 08:04:25,55.5,55.502,55.498,55.502
2025-05-11 08:04:30,55.502,55.502,55.5,55.5
2025-05-11 08:04:35,55.499,55.499,55.491,55.491
2025-05-11 08:04:40,55.49,55.49,55.483,55.483
2025-05-11 08:04:45,55.483,55.485,55.476,55.477
2025-05-11 08:04:50,55.477,55.48,55.477,55.477
2025-05-11 08:04:55,55.477,55.482,55.471,55.482
2025-05-11 08:05:00,55.482,55.491,55.481,55.489
2025-05-11 08:05:05,55.489,55.49,55.487,55.49
2025-05-11 08:05:10,55.488,55.493,55.488,55.493
2025-05-11 08:05:15,55.495,55.497,55.493,55.493
2025-05-11 08:05:20,55.491,55.497,55.491,55.497
2025-05-11 08:05:25,55.497,55.497,55.491,55.491
2025-05-11 08:05:30,55.489,55.491,55.488,55.49
2025-05-11 08:05:35,55.488,55.488,55.482,55.482
2025-05-11 08:05:40,55.481,55.481,55.469,55.469
2025-05-11 08:05:45,55.469,55.476,55.468,55.476
2025-05-11 08:05:50,55.476,55.48,55.476,55.477
2025-05-11 08:05:55,55.474,55.476,55.473,55.473
2025-05-11 08:06:00,55.473,55.473,55.469,55.473
2025-05-11 08:06:05,55.473,55.485,55.472,55.484
2025-05-11 08:06:10,55.484,55.492,55.484,55.491
2025-05-11 08:06:15,55.491,55.494,55.49,55.494
2025-05-11 08:06:20,55.495,55.502,55.494,55.502
2025-05-11 08:06:25,55.502,55.502,55.5,55.501
2025-05-11 08:06:30,55.501,55.503,55.501,55.501
2025-05-11 08:06:35,55.504,55.518,55.502,55.518
2025-05-11 08:06:40,55.518,55.523,55.516,55.521
2025-05-11 08:06:45,55.521,55.521,55.515,55.517
2025-05-11 08:06:50,55.517,55.521,55.516,55.518
2025-05-11 08:06:55,55.518,55.518,55.514,55.517
2025-05-11 08:07:00,55.517,55.523,55.517,55.519
2025-05-11 08:07:05,55.519,55.521,55.518,55.52
2025-05-11 08:07:10,55.52,55.524,55.511,55.511
2025-05-11 08:07:15,55.511,55.514,55.507,55.507
2025-05-11 08:07:20,55.5,55.502,55.5,55.501
2025-05-11 08:07:25,55.501,55.507,55.501,55.506
2025-05-11 08:07:30,55.506,55.507,55.502,55.503
2025-05-11 08:07:35,55.502,55.504,55.5,55.502
2025-05-11 08:07:40,55.503,55.507,55.496,55.496
2025-05-11 08:07:45,55.485,55.491,55.485,55.491
2025-05-11 08:07:50,55.491,55.494,55.491,55.493
2025-05-11 08:07:55,55.492,55.499,55.492,55.499
2025-05-11 08:08:00,55.501,55.507,55.499,55.505
2025-05-11 08:08:05,55.502,55.514,55.502,55.514
2025-05-11 08:08:10,55.514,55.514,55.502,55.502
2025-05-11 08:08:15,55.502,55.502,55.496,55.496
2025-05-11 08:08:20,55.495,55.499,55.491,55.498
2025-05-11 08:08:25,55.498,55.498,55.482,55.482
2025-05-11 08:08:30,55.484,55.493,55.484,55.49
2025-05-11 08:08:35,55.493,55.494,55.483,55.483
2025-05-11 08:08:40,55.483,55.486,55.483,55.485
2025-05-11 08:08:45,55.488,55.488,55.487,55.487
2025-05-11 08:08:50,55.487,55.495,55.487,55.495
2025-05-11 08:08:55,55.495,55.5,55.495,55.5
2025-05-11 08:09:00,55.498,55.498,55.492,55.493
2025-05-11 08:09:05,55.493,55.493,55.491,55.493
2025-05-11 08:09:10,55.493,55.493,55.489,55.491
2025-05-11 08:09:15,55.493,55.496,55.49,55.492
2025-05-11 08:09:20,55.491,55.496,55.49,55.492
2025-05-11 08:09:25,55.492,55.497,55.489,55.497
2025-05-11 08:09:30,55.497,55.501,55.496,55.501
2025-05-11 08:09:35,55.502,55.502,55.494,55.494
2025-05-11 08:09:40,55.494,55.495,55.49,55.491
2025-05-11 08:09:45,55.491,55.493,55.491,55.493
2025-05-11 08:09:50,55.493,55.493,55.49,55.49
2025-05-11 08:09:55,55.488,55.503,55.488,55.5
2025-05-11 08:10:00,55.495,55.495,55.492,55.492
2025-05-11 08:10:05,55.491,55.506,55.491,55.506
2025-05-11 08:10:10,55.506,55.511,55.502,55.511
2025-05-11 08:10:15,55.514,55.516,55.513,55.516
2025-05-11 08:10:20,55.515,55.52,55.513,55.52
2025-05-11 08:10:25,55.52,55.524,55.516,55.516
2025-05-11 08:10:30,55.516,55.518,55.514,55.518
2025-05-11 08:10:35,55.518,55.523,55.517,55.523
2025-05-11 08:10:40,55.522,55.524,55.519,55.524
2025-05-11 08:10:45,55.522,55.523,55.521,55.521
2025-05-11 08:10:50,55.521,55.521,55.517,55.517
2025-05-11 08:10:55,55.517,55.519,55.517,55.519
2025-05-11 08:11:00,55.519,55.519,55.51,55.51
2025-05-11 08:11:05,55.512,55.512,55.51,55.511
2025-05-11 08:11:10,55.511,55.513,55.51,55.513
2025-05-11 08:11:15,55.513,55.513,55.507,55.509
2025-05-11 08:11:20,55.509,55.509,55.506,55.506
2025-05-11 08:11:25,55.507,55.507,55.504,55.504
2025-05-11 08:11:30,55.504,55.511,55.504,55.506
2025-05-11 08:11:35,55.506,55.506,55.501,55.504
2025-05-11 08:11:40,55.504,55.506,55.502,55.506
2025-05-11 08:11:45,55.506,55.508,55.503,55.508
2025-05-11 08:11:50,55.508,55.508,55.504,55.507
2025-05-11 08:11:55,55.507,55.509,55.504,55.507
2025-05-11 08:12:00,55.505,55.505,55.502,55.502
2025-05-11 08:12:05,55.5,55.507,55.5,55.504
2025-05-11 08:12:10,55.504,55.504,55.491,55.495
2025-05-11 08:12:15,55.495,55.503,55.495,55.502
2025-05-11 08:12:20,55.502,55.508,55.502,55.506
2025-05-11 08:12:25,55.499,55.5,55.497,55.498
2025-05-11 08:12:30,55.498,55.498,55.493,55.493
2025-05-11 08:12:35,55.493,55.503,55.493,55.503
2025-05-11 08:12:40,55.505,55.505,55.501,55.502
2025-05-11 08:12:45,55.503,55.503,55.499,55.5
2025-05-11 08:12:50,55.5,55.506,55.5,55.506
2025-05-11 08:12:55,55.506,55.508,55.503,55.504
2025-05-11 08:13:00,55.504,55.505,55.503,55.505
2025-05-11 08:13:05,55.505,55.505,55.502,55.504
2025-05-11 08:13:10,55.504,55.509,55.503,55.503
2025-05-11 08:13:15,55.503,55.51,55.503,55.51
2025-05-11 08:13:20,55.51,55.514,55.509,55.511
2025-05-11 08:13:25,55.511,55.511,55.506,55.506
2025-05-11 08:13:30,55.506,55.506,55.501,55.506
2025-05-11 08:13:35,55.506,55.506,55.501,55.501
2025-05-11 08:13:40,55.503,55.504,55.501,55.504
2025-05-11 08:13:45,55.506,55.506,55.506,55.506
2025-05-11 08:13:50,55.506,55.511,55.503,55.511
2025-05-11 08:13:55,55.514,55.514,55.512,55.512
2025-05-11 08:14:00,55.513,55.515,55.511,55.515
2025-05-11 08:14:05,55.515,55.516,55.509,55.512
2025-05-11 08:14:10,55.512,55.512,55.509,55.509
2025-05-11 08:14:15,55.508,55.508,55.503,55.503
2025-05-11 08:14:20,55.503,55.508,55.502,55.508
2025-05-11 08:14:25,55.511,55.512,55.509,55.511
2025-05-11 08:14:30,55.511,55.514,55.505,55.507
2025-05-11 08:14:35,55.507,55.511,55.507,55.51
2025-05-11 08:14:40,55.51,55.516,55.51,55.513
2025-05-11 08:14:45,55.509,55.51,55.507,55.508
2025-05-11 08:14:50,55.508,55.508,55.504,55.505
2025-05-11 08:14:55,55.503,55.512,55.503,55.509
2025-05-11 08:15:00,55.509,55.513,55.508,55.508
2025-05-11 08:15:05,55.508,55.524,55.508,55.524
2025-05-11 08:15:10,55.522,55.524,55.514,55.514
2025-05-11 08:15:15,55.513,55.515,55.513,55.515
2025-05-11 08:15:20,55.515,55.522,55.509,55.509
2025-05-11 08:15:25,55.509,55.512,55.509,55.51
2025-05-11 08:15:30,55.51,55.51,55.5,55.5
2025-05-11 08:15:35,55.503,55.507,55.501,55.506
2025-05-11 08:15:40,55.506,55.506,55.505,55.505
2025-05-11 08:15:45,55.504,55.504,55.501,55.501
2025-05-11 08:15:50,55.501,55.501,55.497,55.501
2025-05-11 08:15:55,55.501,55.507,55.499,55.505
2025-05-11 08:16:00,55.505,55.513,55.505,55.508
2025-05-11 08:16:05,55.507,55.509,55.506,55.508
2025-05-11 08:16:10,55.506,55.508,55.505,55.506
2025-05-11 08:16:15,55.502,55.508,55.502,55.507
2025-05-11 08:16:20,55.507,55.507,55.502,55.502
2025-05-11 08:16:25,55.505,55.505,55.501,55.501
2025-05-11 08:16:30,55.501,55.503,55.501,55.503
2025-05-11 08:16:35,55.503,55.505,55.495,55.495
2025-05-11 08:16:40,55.495,55.499,55.494,55.494
2025-05-11 08:16:45,55.492,55.492,55.49,55.492
2025-05-11 08:16:50,55.493,55.497,55.489,55.492
2025-05-11 08:16:55,55.492,55.498,55.492,55.498
2025-05-11 08:17:00,55.498,55.499,55.492,55.496
2025-05-11 08:17:05,55.496,55.496,55.491,55.491
2025-05-11 08:17:10,55.489,55.489,55.483,55.483
2025-05-11 08:17:15,55.483,55.488,55.482,55.483
2025-05-11 08:17:20,55.483,55.494,55.483,55.494
2025-05-11 08:17:25,55.495,55.502,55.494,55.5
2025-05-11 08:17:30,55.502,55.506,55.502,55.506
2025-05-11 08:17:35,55.509,55.509,55.506,55.507
2025-05-11 08:17:40,55.507,55.507,55.502,55.505
2025-05-11 08:17:45,55.505,55.511,55.503,55.51
2025-05-11 08:17:50,55.509,55.51,55.508,55.51
2025-05-11 08:17:55,55.509,55.515,55.509,55.513
2025-05-11 08:18:00,55.513,55.516,55.512,55.515
2025-05-11 08:18:05,55.515,55.518,55.514,55.514
2025-05-11 08:18:10,55.514,55.516,55.512,55.512
2025-05-11 08:18:15,55.512,55.514,55.508,55.508
2025-05-11 08:18:20,55.508,55.51,55.506,55.506
2025-05-11 08:18:25,55.506,55.507,55.505,55.506
2025-05-11 08:18:30,55.509,55.517,55.508,55.517
2025-05-11 08:18:35,55.517,55.523,55.517,55.523
2025-05-11 08:18:40,55.523,55.523,55.522,55.523
2025-05-11 08:18:45,55.523,55.526,55.523,55.526
2025-05-11 08:18:50,55.526,55.526,55.517,55.517
2025-05-11 08:18:55,55.517,55.529,55.516,55.529
2025-05-11 08:19:00,55.529,55.529,55.52,55.521
2025-05-11 08:19:05,55.521,55.53,55.52,55.53
2025-05-11 08:19:10,55.53,55.534,55.528,55.528
2025-05-11 08:19:15,55.528,55.532,55.527,55.53
2025-05-11 08:19:20,55.53,55.538,55.53,55.536
2025-05-11 08:19:25,55.534,55.534,55.531,55.531
2025-05-11 08:19:30,55.531,55.531,55.527,55.527
2025-05-11 08:19:35,55.529,55.535,55.529,55.533
2025-05-11 08:19:40,55.533,55.544,55.533,55.544
2025-05-11 08:19:45,55.544,55.548,55.544,55.547
2025-05-11 08:19:50,55.545,55.55,55.545,55.545
2025-05-11 08:19:55,55.546,55.546,55.543,55.544
2025-05-11 08:20:00,55.542,55.542,55.537,55.541
2025-05-11 08:20:05,55.541,55.546,55.541,55.542
2025-05-11 08:20:10,55.543,55.546,55.543,55.546
2025-05-11 08:20:15,55.544,55.544,55.532,55.536
2025-05-11 08:20:20,55.537,55.537,55.535,55.537
2025-05-11 08:20:25,55.537,55.538,55.535,55.536
2025-05-11 08:20:30,55.537,55.541,55.537,55.541
2025-05-11 08:20:35,55.54,55.54,55.535,55.536
2025-05-11 08:20:40,55.536,55.536,55.535,55.535
2025-05-11 08:20:45,55.535,55.537,55.532,55.532
2025-05-11 08:20:50,55.532,55.532,55.524,55.524
2025-05-11 08:20:55,55.523,55.523,55.519,55.521
2025-05-11 08:21:00,55.521,55.522,55.517,55.519
2025-05-11 08:21:05,55.519,55.529,55.519,55.525
2025-05-11 08:21:10,55.526,55.526,55.521,55.521
2025-05-11 08:21:15,55.521,55.521,55.51,55.51
2025-05-11 08:21:20,55.509,55.514,55.5,55.5
2025-05-11 08:21:25,55.5,55.505,55.499,55.505
2025-05-11 08:21:30,55.504,55.506,55.503,55.503
2025-05-11 08:21:35,55.503,55.504,55.502,55.502
2025-05-11 08:21:40,55.498,55.505,55.498,55.505
2025-05-11 08:21:45,55.505,55.505,55.499,55.5
2025-05-11 08:21:50,55.502,55.504,55.501,55.504
2025-05-11 08:21:55,55.505,55.506,55.501,55.501
2025-05-11 08:22:00,55.502,55.505,55.499,55.499
2025-05-11 08:22:05,55.499,55.501,55.495,55.497
2025-05-11 08:22:10,55.498,55.499,55.488,55.488
2025-05-11 08:22:15,55.487,55.488,55.467,55.467
2025-05-11 08:22:20,55.47,55.481,55.47,55.481
2025-05-11 08:22:25,55.481,55.481,55.475,55.476
2025-05-11 08:22:30,55.475,55.477,55.475,55.475
2025-05-11 08:22:35,55.477,55.481,55.477,55.48
2025-05-11 08:22:40,55.48,55.493,55.48,55.493
2025-05-11 08:22:45,55.493,55.493,55.489,55.493
2025-05-11 08:22:50,55.493,55.495,55.486,55.486
2025-05-11 08:22:55,55.488,55.488,55.483,55.484
2025-05-11 08:23:00,55.485,55.485,55.478,55.485
2025-05-11 08:23:05,55.485,55.486,55.469,55.469
2025-05-11 08:23:10,55.469,55.478,55.468,55.478
2025-05-11 08:23:15,55.479,55.482,55.479,55.482
2025-05-11 08:23:20,55.482,55.485,55.481,55.483
2025-05-11 08:23:25,55.483,55.484,55.481,55.482
2025-05-11 08:23:30,55.482,55.488,55.478,55.478
2025-05-11 08:23:35,55.481,55.483,55.481,55.482
2025-05-11 08:23:40,55.481,55.493,55.481,55.492
2025-05-11 08:23:45,55.492,55.493,55.488,55.491
2025-05-11 08:23:50,55.491,55.492,55.488,55.492
2025-05-11 08:23:55,55.492,55.499,55.492,55.499
2025-05-11 08:24:00,55.497,55.497,55.489,55.489
2025-05-11 08:24:05,55.489,55.493,55.484,55.484
2025-05-11 08:24:10,55.484,55.499,55.484,55.497
2025-05-11 08:24:15,55.497,55.504,55.497,55.503
2025-05-11 08:24:20,55.503,55.507,55.503,55.507
2025-05-11 08:24:25,55.507,55.512,55.507,55.509
2025-05-11 08:24:30,55.509,55.509,55.495,55.495
2025-05-11 08:24:35,55.495,55.495,55.494,55.494
2025-05-11 08:24:40,55.491,55.496,55.489,55.495
2025-05-11 08:24:45,55.495,55.497,55.488,55.494
2025-05-11 08:24:50,55.494,55.499,55.489,55.489
2025-05-11 08:24:55,55.487,55.487,55.48,55.482
2025-05-11 08:25:00,55.482,55.482,55.479,55.481
2025-05-11 08:25:05,55.481,55.484,55.477,55.477
2025-05-11 08:25:10,55.477,55.483,55.477,55.482
2025-05-11 08:25:15,55.483,55.49,55.483,55.49
2025-05-11 08:25:20,55.49,55.495,55.49,55.495
2025-05-11 08:25:25,55.495,55.51,55.495,55.507
2025-05-11 08:25:30,55.507,55.508,55.506,55.508
2025-05-11 08:25:35,55.508,55.508,55.499,55.503
2025-05-11 08:25:40,55.503,55.505,55.499,55.499
2025-05-11 08:25:45,55.499,55.505,55.498,55.501
2025-05-11 08:25:50,55.501,55.501,55.497,55.5
2025-05-11 08:25:55,55.5,55.505,55.5,55.501
2025-05-11 08:26:00,55.501,55.501,55.498,55.5
2025-05-11 08:26:05,55.503,55.505,55.491,55.491
2025-05-11 08:26:10,55.491,55.495,55.49,55.49
2025-05-11 08:26:15,55.49,55.495,55.49,55.494
2025-05-11 08:26:20,55.496,55.502,55.493,55.5
2025-05-11 08:26:25,55.501,55.504,55.499,55.501
2025-05-11 08:26:30,55.498,55.499,55.491,55.491
2025-05-11 08:26:35,55.491,55.497,55.487,55.487
2025-05-11 08:26:40,55.487,55.489,55.484,55.489
2025-05-11 08:26:45,55.489,55.489,55.485,55.487
2025-05-11 08:26:50,55.487,55.497,55.487,55.492
2025-05-11 08:26:55,55.491,55.497,55.491,55.493
2025-05-11 08:27:00,55.492,55.492,55.478,55.478
2025-05-11 08:27:05,55.478,55.486,55.478,55.484
2025-05-11 08:27:10,55.484,55.484,55.481,55.483
2025-05-11 08:27:15,55.487,55.491,55.487,55.49
2025-05-11 08:27:20,55.49,55.496,55.49,55.496
2025-05-11 08:27:25,55.496,55.498,55.492,55.492
2025-05-11 08:27:30,55.489,55.491,55.487,55.487
2025-05-11 08:27:35,55.487,55.496,55.486,55.496
2025-05-11 08:27:40,55.5,55.503,55.5,55.5
2025-05-11 08:27:45,55.501,55.503,55.5,55.503
2025-05-11 08:27:50,55.503,55.509,55.503,55.509
2025-05-11 08:27:55,55.509,55.513,55.509,55.512
2025-05-11 08:28:00,55.51,55.511,55.507,55.509
2025-05-11 08:28:05,55.508,55.513,55.508,55.512
2025-05-11 08:28:10,55.511,55.516,55.508,55.516
2025-05-11 08:28:15,55.516,55.518,55.515,55.518
2025-05-11 08:28:20,55.52,55.52,55.514,55.514
2025-05-11 08:28:25,55.514,55.52,55.514,55.516
2025-05-11 08:28:30,55.516,55.524,55.516,55.521
2025-05-11 08:28:35,55.521,55.524,55.52,55.524
2025-05-11 08:28:40,55.524,55.525,55.522,55.522
2025-05-11 08:28:45,55.522,55.527,55.522,55.527
2025-05-11 08:28:50,55.527,55.527,55.522,55.523
2025-05-11 08:28:55,55.523,55.523,55.518,55.519
2025-05-11 08:29:00,55.519,55.525,55.518,55.518
2025-05-11 08:29:05,55.518,55.519,55.51,55.513
2025-05-11 08:29:10,55.513,55.514,55.506,55.506
2025-05-11 08:29:15,55.506,55.512,55.506,55.512
2025-05-11 08:29:20,55.512,55.512,55.503,55.505
2025-05-11 08:29:25,55.508,55.516,55.506,55.516
2025-05-11 08:29:30,55.516,55.522,55.516,55.521
2025-05-11 08:29:35,55.521,55.521,55.507,55.513
2025-05-11 08:29:40,55.514,55.514,55.51,55.51
2025-05-11 08:29:45,55.51,55.514,55.508,55.51
2025-05-11 08:29:50,55.51,55.514,55.508,55.514
2025-05-11 08:29:55,55.514,55.521,55.514,55.517
2025-05-11 08:30:00,55.517,55.52,55.517,55.517
2025-05-11 08:30:05,55.519,55.524,55.512,55.513
2025-05-11 08:30:10,55.513,55.518,55.512,55.518
2025-05-11 08:30:15,55.518,55.518,55.513,55.515
2025-05-11 08:30:20,55.515,55.517,55.514,55.517
2025-05-11 08:30:25,55.517,55.526,55.517,55.524
2025-05-11 08:30:30,55.524,55.525,55.514,55.516
2025-05-11 08:30:35,55.516,55.524,55.516,55.519
2025-05-11 08:30:40,55.519,55.524,55.518,55.524
2025-05-11 08:30:45,55.524,55.524,55.523,55.523
2025-05-11 08:30:50,55.523,55.534,55.523,55.534
2025-05-11 08:30:55,55.534,55.536,55.534,55.536
2025-05-11 08:31:00,55.537,55.538,55.532,55.536
2025-05-11 08:31:05,55.534,55.535,55.532,55.532
2025-05-11 08:31:10,55.532,55.535,55.531,55.535
2025-05-11 08:31:15,55.535,55.535,55.524,55.526
2025-05-11 08:31:20,55.527,55.528,55.524,55.527
2025-05-11 08:31:25,55.525,55.525,55.521,55.524
2025-05-11 08:31:30,55.524,55.526,55.522,55.522
2025-05-11 08:31:35,55.522,55.522,55.512,55.516
2025-05-11 08:31:40,55.513,55.518,55.512,55.515
2025-05-11 08:31:45,55.513,55.514,55.511,55.511
2025-05-11 08:31:50,55.511,55.515,55.508,55.508
2025-05-11 08:31:55,55.509,55.515,55.508,55.511
2025-05-11 08:32:00,55.509,55.513,55.507,55.512
2025-05-11 08:32:05,55.512,55.514,55.503,55.503
2025-05-11 08:32:10,55.503,55.507,55.499,55.499
2025-05-11 08:32:15,55.499,55.5,55.497,55.497
2025-05-11 08:32:20,55.497,55.504,55.497,55.502
2025-05-11 08:32:25,55.502,55.503,55.494,55.503
2025-05-11 08:32:30,55.5,55.508,55.5,55.507
2025-05-11 08:32:35,55.507,55.51,55.507,55.509
2025-05-11 08:32:40,55.509,55.509,55.504,55.504
2025-05-11 08:32:45,55.504,55.506,55.495,55.495
2025-05-11 08:32:50,55.495,55.498,55.493,55.495
2025-05-11 08:32:55,55.5,55.5,55.5,55.5
2025-05-11 08:33:00,55.5,55.503,55.495,55.497
2025-05-11 08:33:05,55.496,55.517,55.496,55.517
2025-05-11 08:33:10,55.519,55.522,55.517,55.517
2025-05-11 08:33:15,55.517,55.518,55.513,55.513
2025-05-11 08:33:20,55.513,55.513,55.51,55.511
2025-05-11 08:33:25,55.513,55.513,55.508,55.508
2025-05-11 08:33:30,55.51,55.512,55.51,55.511
2025-05-11 08:33:35,55.52,55.522,55.512,55.513
2025-05-11 08:33:40,55.513,55.52,55.513,55.52
2025-05-11 08:33:45,55.52,55.527,55.519,55.525
2025-05-11 08:33:50,55.524,55.525,55.517,55.517
2025-05-11 08:33:55,55.513,55.514,55.512,55.514
2025-05-11 08:34:00,55.514,55.516,55.511,55.511
2025-05-11 08:34:05,55.511,55.513,55.511,55.513
2025-05-11 08:34:10,55.513,55.513,55.512,55.513
2025-05-11 08:34:15,55.514,55.514,55.507,55.508
2025-05-11 08:34:20,55.508,55.509,55.503,55.504
2025-05-11 08:34:25,55.504,55.51,55.504,55.505
2025-05-11 08:34:30,55.505,55.505,55.498,55.5
2025-05-11 08:34:35,55.5,55.506,55.5,55.506
2025-05-11 08:34:40,55.506,55.511,55.506,55.51
2025-05-11 08:34:45,55.51,55.51,55.503,55.51
2025-05-11 08:34:50,55.51,55.529,55.51,55.528
2025-05-11 08:34:55,55.521,55.525,55.52,55.525
2025-05-11 08:35:00,55.525,55.525,55.522,55.523
2025-05-11 08:35:05,55.523,55.53,55.523,55.53
2025-05-11 08:35:10,55.53,55.53,55.527,55.527
2025-05-11 08:35:15,55.527,55.527,55.522,55.522
2025-05-11 08:35:20,55.522,55.527,55.522,55.527
2025-05-11 08:35:25,55.527,55.528,55.52,55.521
2025-05-11 08:35:30,55.512,55.521,55.512,55.521
2025-05-11 08:35:35,55.521,55.523,55.519,55.519
2025-05-11 08:35:40,55.519,55.52,55.515,55.518
2025-05-11 08:35:45,55.518,55.518,55.509,55.51
2025-05-11 08:35:50,55.51,55.515,55.508,55.508
2025-05-11 08:35:55,55.508,55.508,55.501,55.504
2025-05-11 08:36:00,55.504,55.516,55.504,55.513
2025-05-11 08:36:05,55.515,55.518,55.514,55.518
2025-05-11 08:36:10,55.518,55.521,55.518,55.521
2025-05-11 08:36:15,55.523,55.527,55.523,55.527
2025-05-11 08:36:20,55.527,55.539,55.527,55.538
2025-05-11 08:36:25,55.538,55.544,55.538,55.543
2025-05-11 08:36:30,55.541,55.543,55.539,55.543
2025-05-11 08:36:35,55.543,55.547,55.541,55.547
2025-05-11 08:36:40,55.547,55.551,55.546,55.548
2025-05-11 08:36:45,55.548,55.551,55.547,55.547
2025-05-11 08:36:50,55.546,55.546,55.544,55.544
2025-05-11 08:36:55,55.544,55.544,55.534,55.536
2025-05-11 08:37:00,55.536,55.536,55.529,55.529
2025-05-11 08:37:05,55.529,55.531,55.528,55.53
2025-05-11 08:37:10,55.53,55.53,55.525,55.527
2025-05-11 08:37:15,55.527,55.533,55.526,55.533
2025-05-11 08:37:20,55.533,55.534,55.531,55.534
2025-05-11 08:37:25,55.534,55.534,55.527,55.532
2025-05-11 08:37:30,55.53,55.533,55.529,55.533
2025-05-11 08:37:35,55.533,55.536,55.531,55.536
2025-05-11 08:37:40,55.536,55.536,55.527,55.531
2025-05-11 08:37:45,55.531,55.537,55.531,55.534
2025-05-11 08:37:50,55.536,55.536,55.526,55.526
2025-05-11 08:37:55,55.526,55.526,55.521,55.523
2025-05-11 08:38:00,55.525,55.529,55.525,55.527
2025-05-11 08:38:05,55.526,55.533,55.523,55.524
2025-05-11 08:38:10,55.523,55.53,55.523,55.53
2025-05-11 08:38:15,55.53,55.53,55.526,55.526
2025-05-11 08:38:20,55.526,55.526,55.522,55.524
2025-05-11 08:38:25,55.524,55.539,55.524,55.533
2025-05-11 08:38:30,55.538,55.541,55.538,55.54
2025-05-11 08:38:35,55.541,55.55,55.541,55.55
2025-05-11 08:38:40,55.55,55.552,55.548,55.55
2025-05-11 08:38:45,55.549,55.551,55.549,55.551
2025-05-11 08:38:50,55.552,55.554,55.545,55.546
2025-05-11 08:38:55,55.546,55.55,55.546,55.547
2025-05-11 08:39:00,55.548,55.55,55.548,55.55
2025-05-11 08:39:05,55.55,55.563,55.549,55.561
2025-05-11 08:39:10,55.561,55.561,55.559,55.561
2025-05-11 08:39:15,55.562,55.564,55.56,55.564
2025-05-11 08:39:20,55.561,55.569,55.561,55.569
2025-05-11 08:39:25,55.569,55.573,55.569,55.571
2025-05-11 08:39:30,55.571,55.571,55.567,55.568
2025-05-11 08:39:35,55.568,55.569,55.567,55.568
2025-05-11 08:39:40,55.567,55.571,55.567,55.571
2025-05-11 08:39:45,55.571,55.571,55.565,55.565
2025-05-11 08:39:50,55.566,55.567,55.565,55.567
2025-05-11 08:39:55,55.567,55.568,55.565,55.568
2025-05-11 08:40:00,55.566,55.566,55.557,55.558
2025-05-11 08:40:05,55.558,55.56,55.548,55.55
2025-05-11 08:40:10,55.552,55.556,55.548,55.556
2025-05-11 08:40:15,55.557,55.557,55.551,55.553
2025-05-11 08:40:20,55.552,55.553,55.541,55.547
2025-05-11 08:40:25,55.547,55.556,55.547,55.554
2025-05-11 08:40:30,55.554,55.56,55.554,55.56
2025-05-11 08:40:35,55.56,55.56,55.557,55.557
2025-05-11 08:40:40,55.557,55.558,55.555,55.555
2025-05-11 08:40:45,55.555,55.558,55.552,55.558
2025-05-11 08:40:50,55.558,55.558,55.552,55.553
2025-05-11 08:40:55,55.552,55.561,55.551,55.561
2025-05-11 08:41:00,55.561,55.563,55.561,55.561
2025-05-11 08:41:05,55.561,55.579,55.561,55.579
2025-05-11 08:41:10,55.579,55.589,55.576,55.587
2025-05-11 08:41:15,55.587,55.59,55.584,55.584
2025-05-11 08:41:20,55.584,55.586,55.583,55.586
2025-05-11 08:41:25,55.586,55.595,55.585,55.595
2025-05-11 08:41:30,55.595,55.6,55.594,55.599
2025-05-11 08:41:35,55.6,55.606,55.594,55.606
2025-05-11 08:41:40,55.604,55.62,55.604,55.62
2025-05-11 08:41:45,55.62,55.62,55.617,55.617
2025-05-11 08:41:50,55.617,55.617,55.613,55.613
2025-05-11 08:41:55,55.612,55.618,55.61,55.614
2025-05-11 08:42:00,55.614,55.62,55.614,55.619
2025-05-11 08:42:05,55.619,55.63,55.617,55.63
2025-05-11 08:42:10,55.63,55.631,55.625,55.625
2025-05-11 08:42:15,55.625,55.628,55.623,55.628
2025-05-11 08:42:20,55.628,55.631,55.628,55.631
2025-05-11 08:42:25,55.631,55.634,55.631,55.632
2025-05-11 08:42:30,55.632,55.634,55.618,55.618
2025-05-11 08:42:35,55.62,55.625,55.62,55.625
2025-05-11 08:42:40,55.627,55.632,55.627,55.632
2025-05-11 08:42:45,55.63,55.631,55.627,55.631
2025-05-11 08:42:50,55.629,55.636,55.629,55.633
2025-05-11 08:42:55,55.637,55.641,55.636,55.64
2025-05-11 08:43:00,55.64,55.642,55.64,55.641
2025-05-11 08:43:05,55.641,55.645,55.641,55.644
2025-05-11 08:43:10,55.646,55.649,55.645,55.646
2025-05-11 08:43:15,55.648,55.649,55.646,55.647
2025-05-11 08:43:20,55.647,55.648,55.647,55.648
2025-05-11 08:43:25,55.647,55.647,55.637,55.637
2025-05-11 08:43:30,55.638,55.638,55.632,55.633
2025-05-11 08:43:35,55.629,55.636,55.629,55.636
2025-05-11 08:43:40,55.635,55.638,55.631,55.631
2025-05-11 08:43:45,55.634,55.638,55.633,55.638
2025-05-11 08:43:50,55.638,55.644,55.631,55.644
2025-05-11 08:43:55,55.644,55.646,55.644,55.646
2025-05-11 08:44:00,55.647,55.647,55.643,55.643
2025-05-11 08:44:05,55.643,55.661,55.643,55.659
2025-05-11 08:44:10,55.659,55.659,55.655,55.655
2025-05-11 08:44:15,55.654,55.655,55.65,55.654
2025-05-11 08:44:20,55.646,55.646,55.641,55.644
2025-05-11 08:44:25,55.647,55.648,55.645,55.647
2025-05-11 08:44:30,55.646,55.646,55.639,55.64
2025-05-11 08:44:35,55.639,55.639,55.632,55.634
2025-05-11 08:44:40,55.633,55.637,55.633,55.637
2025-05-11 08:44:45,55.633,55.633,55.618,55.618
2025-05-11 08:44:50,55.617,55.617,55.61,55.615
2025-05-11 08:44:55,55.619,55.619,55.615,55.618
2025-05-11 08:45:00,55.619,55.623,55.612,55.612
2025-05-11 08:45:05,55.613,55.622,55.611,55.615
2025-05-11 08:45:10,55.613,55.617,55.61,55.617
2025-05-11 08:45:15,55.617,55.618,55.615,55.618
2025-05-11 08:45:20,55.618,55.621,55.618,55.619
2025-05-11 08:45:25,55.618,55.623,55.617,55.621
2025-05-11 08:45:30,55.621,55.63,55.618,55.63
2025-05-11 08:45:35,55.63,55.63,55.623,55.626
2025-05-11 08:45:40,55.626,55.633,55.625,55.633
2025-05-11 08:45:45,55.633,55.636,55.631,55.633
2025-05-11 08:45:50,55.633,55.637,55.633,55.634
2025-05-11 08:45:55,55.634,55.636,55.632,55.632
2025-05-11 08:46:00,55.631,55.639,55.631,55.638
2025-05-11 08:46:05,55.638,55.651,55.638,55.647
2025-05-11 08:46:10,55.647,55.649,55.646,55.648
2025-05-11 08:46:15,55.648,55.648,55.645,55.645
2025-05-11 08:46:20,55.645,55.646,55.642,55.646
2025-05-11 08:46:25,55.644,55.644,55.642,55.642
2025-05-11 08:46:30,55.642,55.644,55.642,55.643
2025-05-11 08:46:35,55.643,55.645,55.637,55.637
2025-05-11 08:46:40,55.637,55.65,55.637,55.65
2025-05-11 08:46:45,55.647,55.648,55.642,55.642
2025-05-11 08:46:50,55.642,55.645,55.637,55.637
2025-05-11 08:46:55,55.637,55.637,55.635,55.637
2025-05-11 08:47:00,55.636,55.642,55.636,55.636
2025-05-11 08:47:05,55.636,55.639,55.636,55.637
2025-05-11 08:47:10,55.637,55.644,55.633,55.633
2025-05-11 08:47:15,55.633,55.639,55.631,55.639
2025-05-11 08:47:20,55.639,55.649,55.635,55.649
2025-05-11 08:47:25,55.649,55.656,55.649,55.655
2025-05-11 08:47:30,55.655,55.657,55.651,55.653
2025-05-11 08:47:35,55.653,55.662,55.653,55.662
2025-05-11 08:47:40,55.662,55.676,55.658,55.676
2025-05-11 08:47:45,55.676,55.676,55.666,55.666
2025-05-11 08:47:50,55.666,55.672,55.666,55.672
2025-05-11 08:47:55,55.672,55.676,55.671,55.673
2025-05-11 08:48:00,55.674,55.68,55.672,55.68
2025-05-11 08:48:05,55.68,55.684,55.676,55.677
2025-05-11 08:48:10,55.677,55.686,55.677,55.682
2025-05-11 08:48:15,55.682,55.688,55.682,55.688
2025-05-11 08:48:20,55.689,55.697,55.689,55.697
2025-05-11 08:48:25,55.696,55.698,55.696,55.698
2025-05-11 08:48:30,55.698,55.707,55.697,55.707
2025-05-11 08:48:35,55.707,55.707,55.706,55.706
2025-05-11 08:48:40,55.706,55.71,55.705,55.709
2025-05-11 08:48:45,55.712,55.712,55.71,55.71
2025-05-11 08:48:50,55.71,55.717,55.71,55.717
2025-05-11 08:48:55,55.717,55.723,55.717,55.721
2025-05-11 08:49:00,55.721,55.721,55.711,55.711
2025-05-11 08:49:05,55.712,55.72,55.711,55.72
2025-05-11 08:49:10,55.72,55.72,55.705,55.705
2025-05-11 08:49:15,55.705,55.705,55.702,55.704
2025-05-11 08:49:20,55.702,55.705,55.702,55.705
2025-05-11 08:49:25,55.706,55.71,55.706,55.708
2025-05-11 08:49:30,55.708,55.712,55.708,55.709
2025-05-11 08:49:35,55.709,55.71,55.696,55.696
2025-05-11 08:49:40,55.696,55.7,55.695,55.7
2025-05-11 08:49:45,55.705,55.708,55.704,55.704
2025-05-11 08:49:50,55.704,55.711,55.704,55.711
2025-05-11 08:49:55,55.711,55.716,55.711,55.716
2025-05-11 08:50:00,55.716,55.716,55.714,55.716
2025-05-11 08:50:05,55.716,55.717,55.714,55.717
2025-05-11 08:50:10,55.716,55.724,55.716,55.724
2025-05-11 08:50:15,55.722,55.726,55.719,55.726
2025-05-11 08:50:20,55.726,55.737,55.726,55.737
2025-05-11 08:50:25,55.738,55.738,55.732,55.734
2025-05-11 08:50:30,55.733,55.738,55.732,55.732
2025-05-11 08:50:35,55.733,55.734,55.732,55.734
2025-05-11 08:50:40,55.734,55.734,55.73,55.73
2025-05-11 08:50:45,55.731,55.731,55.717,55.717
2025-05-11 08:50:50,55.716,55.716,55.715,55.716
2025-05-11 08:50:55,55.716,55.724,55.716,55.721
2025-05-11 08:51:00,55.721,55.725,55.721,55.721
2025-05-11 08:51:05,55.721,55.725,55.72,55.72
2025-05-11 08:51:10,55.719,55.719,55.715,55.715
2025-05-11 08:51:15,55.719,55.72,55.718,55.719
2025-05-11 08:51:20,55.719,55.72,55.716,55.716
2025-05-11 08:51:25,55.71,55.712,55.7,55.7
2025-05-11 08:51:30,55.702,55.702,55.701,55.702
2025-05-11 08:51:35,55.702,55.706,55.701,55.701
2025-05-11 08:51:40,55.701,55.705,55.699,55.703
2025-05-11 08:51:45,55.7,55.707,55.7,55.707
2025-05-11 08:51:50,55.707,55.707,55.702,55.702
2025-05-11 08:51:55,55.703,55.716,55.703,55.716
2025-05-11 08:52:00,55.716,55.72,55.716,55.717
2025-05-11 08:52:05,55.717,55.717,55.714,55.715
2025-05-11 08:52:10,55.718,55.72,55.71,55.713
2025-05-11 08:52:15,55.713,55.719,55.713,55.719
2025-05-11 08:52:20,55.719,55.729,55.719,55.729
2025-05-11 08:52:25,55.729,55.729,55.723,55.723
2025-05-11 08:52:30,55.726,55.73,55.726,55.73
2025-05-11 08:52:35,55.73,55.737,55.73,55.737
2025-05-11 08:52:40,55.737,55.746,55.734,55.734
2025-05-11 08:52:45,55.734,55.736,55.733,55.733
2025-05-11 08:52:50,55.732,55.734,55.732,55.734
2025-05-11 08:52:55,55.734,55.734,55.729,55.729
2025-05-11 08:53:00,55.729,55.73,55.726,55.73
2025-05-11 08:53:05,55.73,55.731,55.726,55.728
2025-05-11 08:53:10,55.728,55.728,55.722,55.722
2025-05-11 08:53:15,55.722,55.724,55.721,55.724
2025-05-11 08:53:20,55.724,55.724,55.712,55.715
2025-05-11 08:53:25,55.714,55.722,55.714,55.721
2025-05-11 08:53:30,55.721,55.721,55.715,55.716
2025-05-11 08:53:35,55.716,55.718,55.713,55.713
2025-05-11 08:53:40,55.713,55.715,55.71,55.714
2025-05-11 08:53:45,55.714,55.721,55.713,55.72
2025-05-11 08:53:50,55.719,55.721,55.707,55.709
2025-05-11 08:53:55,55.709,55.709,55.7,55.7
2025-05-11 08:54:00,55.7,55.701,55.696,55.696
2025-05-11 08:54:05,55.694,55.699,55.693,55.696
2025-05-11 08:54:10,55.694,55.695,55.692,55.692
2025-05-11 08:54:15,55.692,55.695,55.687,55.688
2025-05-11 08:54:20,55.689,55.696,55.689,55.696
2025-05-11 08:54:25,55.696,55.696,55.682,55.682
2025-05-11 08:54:30,55.686,55.687,55.682,55.682
2025-05-11 08:54:35,55.682,55.682,55.681,55.681
2025-05-11 08:54:40,55.681,55.684,55.677,55.68
2025-05-11 08:54:45,55.68,55.683,55.679,55.681
2025-05-11 08:54:50,55.682,55.686,55.672,55.673
2025-05-11 08:54:55,55.673,55.676,55.672,55.673
2025-05-11 08:55:00,55.672,55.674,55.664,55.664
2025-05-11 08:55:05,55.664,55.664,55.655,55.657
2025-05-11 08:55:10,55.659,55.664,55.657,55.659
2025-05-11 08:55:15,55.659,55.667,55.657,55.667
2025-05-11 08:55:20,55.667,55.667,55.655,55.655
2025-05-11 08:55:25,55.655,55.659,55.655,55.659
2025-05-11 08:55:30,55.66,55.663,55.659,55.661
2025-05-11 08:55:35,55.652,55.654,55.649,55.654
2025-05-11 08:55:40,55.654,55.655,55.652,55.652
2025-05-11 08:55:45,55.652,55.654,55.651,55.654
2025-05-11 08:55:50,55.655,55.655,55.648,55.651
2025-05-11 08:55:55,55.648,55.648,55.644,55.645
2025-05-11 08:56:00,55.647,55.656,55.645,55.651
2025-05-11 08:56:05,55.651,55.652,55.642,55.642
2025-05-11 08:56:10,55.642,55.642,55.63,55.63
2025-05-11 08:56:15,55.633,55.638,55.632,55.638
2025-05-11 08:56:20,55.638,55.647,55.638,55.646
2025-05-11 08:56:25,55.646,55.649,55.645,55.649
2025-05-11 08:56:30,55.65,55.654,55.65,55.651
2025-05-11 08:56:35,55.649,55.651,55.646,55.646
2025-05-11 08:56:40,55.646,55.647,55.643,55.644
2025-05-11 08:56:45,55.644,55.649,55.644,55.646
2025-05-11 08:56:50,55.645,55.652,55.645,55.652
2025-05-11 08:56:55,55.652,55.652,55.643,55.643
2025-05-11 08:57:00,55.644,55.657,55.64,55.654
2025-05-11 08:57:05,55.654,55.656,55.652,55.654
2025-05-11 08:57:10,55.653,55.658,55.653,55.657
2025-05-11 08:57:15,55.657,55.665,55.657,55.665
2025-05-11 08:57:20,55.666,55.668,55.664,55.666
2025-05-11 08:57:25,55.666,55.668,55.666,55.667
2025-05-11 08:57:30,55.665,55.665,55.657,55.657
2025-05-11 08:57:35,55.659,55.663,55.657,55.662
2025-05-11 08:57:40,55.664,55.664,55.655,55.655
2025-05-11 08:57:45,55.655,55.665,55.655,55.655
2025-05-11 08:57:50,55.653,55.655,55.652,55.652
2025-05-11 08:57:55,55.652,55.662,55.652,55.661
2025-05-11 08:58:00,55.661,55.666,55.661,55.666
2025-05-11 08:58:05,55.666,55.675,55.666,55.675
2025-05-11 08:58:10,55.674,55.68,55.674,55.68
2025-05-11 08:58:15,55.681,55.684,55.681,55.684
2025-05-11 08:58:20,55.682,55.685,55.678,55.685
2025-05-11 08:58:25,55.685,55.685,55.679,55.68
2025-05-11 08:58:30,55.681,55.689,55.681,55.686
2025-05-11 08:58:35,55.69,55.69,55.685,55.685
2025-05-11 08:58:40,55.685,55.685,55.678,55.678
2025-05-11 08:58:45,55.678,55.68,55.672,55.674
2025-05-11 08:58:50,55.676,55.684,55.676,55.684
2025-05-11 08:58:55,55.686,55.686,55.678,55.68
2025-05-11 08:59:00,55.68,55.686,55.68,55.683
2025-05-11 08:59:05,55.683,55.688,55.682,55.685
2025-05-11 08:59:10,55.685,55.69,55.684,55.69
2025-05-11 08:59:15,55.692,55.698,55.692,55.697
2025-05-11 08:59:20,55.697,55.697,55.693,55.693
2025-05-11 08:59:25,55.693,55.698,55.693,55.696
2025-05-11 08:59:30,55.696,55.699,55.694,55.699
2025-05-11 08:59:35,55.701,55.708,55.701,55.708
2025-05-11 08:59:40,55.708,55.708,55.697,55.7
2025-05-11 08:59:45,55.7,55.716,55.7,55.716
2025-05-11 08:59:50,55.716,55.721,55.714,55.715
2025-05-11 08:59:55,55.715,55.718,55.712,55.718
2025-05-11 09:00:00,55.718,55.719,55.715,55.716
2025-05-11 09:00:05,55.713,55.717,55.711,55.717
2025-05-11 09:00:10,55.717,55.717,55.707,55.707
2025-05-11 09:00:15,55.707,55.708,55.703,55.707
2025-05-11 09:00:20,55.707,55.709,55.703,55.705
2025-05-11 09:00:25,55.705,55.705,55.701,55.703
2025-05-11 09:00:30,55.703,55.708,55.702,55.708
2025-05-11 09:00:35,55.706,55.706,55.693,55.693
2025-05-11 09:00:40,55.693,55.693,55.691,55.691
2025-05-11 09:00:45,55.691,55.694,55.69,55.694
2025-05-11 09:00:50,55.694,55.697,55.689,55.69
2025-05-11 09:00:55,55.689,55.694,55.688,55.688
2025-05-11 09:01:00,55.687,55.688,55.679,55.682
2025-05-11 09:01:05,55.677,55.678,55.675,55.675
2025-05-11 09:01:10,55.675,55.676,55.673,55.675
2025-05-11 09:01:15,55.674,55.674,55.671,55.671
2025-05-11 09:01:20,55.672,55.679,55.67,55.679
2025-05-11 09:01:25,55.679,55.68,55.673,55.673
2025-05-11 09:01:30,55.673,55.673,55.668,55.67
2025-05-11 09:01:35,55.671,55.677,55.671,55.677
2025-05-11 09:01:40,55.677,55.681,55.677,55.679
2025-05-11 09:01:45,55.679,55.686,55.678,55.686
2025-05-11 09:01:50,55.686,55.69,55.686,55.687
2025-05-11 09:01:55,55.686,55.691,55.684,55.684
2025-05-11 09:02:00,55.682,55.683,55.678,55.683
2025-05-11 09:02:05,55.683,55.685,55.68,55.685
2025-05-11 09:02:10,55.685,55.685,55.678,55.678
2025-05-11 09:02:15,55.678,55.678,55.674,55.675
2025-05-11 09:02:20,55.675,55.678,55.667,55.667
2025-05-11 09:02:25,55.666,55.669,55.663,55.668
2025-05-11 09:02:30,55.668,55.673,55.668,55.672
2025-05-11 09:02:35,55.672,55.674,55.67,55.674
2025-05-11 09:02:40,55.671,55.671,55.666,55.666
2025-05-11 09:02:45,55.664,55.669,55.664,55.669
2025-05-11 09:02:50,55.669,55.669,55.665,55.665
2025-05-11 09:02:55,55.665,55.666,55.66,55.66
2025-05-11 09:03:00,55.66,55.664,55.66,55.664
2025-05-11 09:03:05,55.664,55.665,55.662,55.665
2025-05-11 09:03:10,55.665,55.671,55.665,55.671
2025-05-11 09:03:15,55.672,55.677,55.672,55.677
2025-05-11 09:03:20,55.676,55.687,55.676,55.685
2025-05-11 09:03:25,55.685,55.685,55.681,55.685
2025-05-11 09:03:30,55.685,55.685,55.679,55.679
2025-05-11 09:03:35,55.683,55.687,55.683,55.687
2025-05-11 09:03:40,55.689,55.697,55.689,55.697
2025-05-11 09:03:45,55.696,55.699,55.696,55.698
2025-05-11 09:03:50,55.698,55.701,55.697,55.698
2025-05-11 09:03:55,55.698,55.701,55.698,55.7
2025-05-11 09:04:00,55.7,55.701,55.69,55.694
2025-05-11 09:04:05,55.696,55.698,55.696,55.697
2025-05-11 09:04:10,55.697,55.707,55.697,55.705
2025-05-11 09:04:15,55.705,55.708,55.702,55.708
2025-05-11 09:04:20,55.716,55.718,55.713,55.717
2025-05-11 09:04:25,55.717,55.717,55.715,55.716
2025-05-11 09:04:30,55.716,55.719,55.71,55.719
2025-05-11 09:04:35,55.719,55.72,55.702,55.702
2025-05-11 09:04:40,55.708,55.711,55.708,55.709
2025-05-11 09:04:45,55.714,55.72,55.713,55.72
2025-05-11 09:04:50,55.72,55.724,55.719,55.721
2025-05-11 09:04:55,55.721,55.722,55.718,55.722
2025-05-11 09:05:00,55.723,55.724,55.721,55.724
2025-05-11 09:05:05,55.724,55.733,55.722,55.732
2025-05-11 09:05:10,55.732,55.746,55.732,55.746
2025-05-11 09:05:15,55.746,55.746,55.741,55.745
2025-05-11 09:05:20,55.743,55.743,55.739,55.741
2025-05-11 09:05:25,55.741,55.741,55.735,55.735
2025-05-11 09:05:30,55.735,55.742,55.732,55.732
2025-05-11 09:05:35,55.732,55.732,55.72,55.723
2025-05-11 09:05:40,55.724,55.724,55.72,55.72
2025-05-14 06:01:00,55.472,55.474,55.472,55.472
2025-05-14 06:01:05,55.472,55.483,55.472,55.483
2025-05-14 06:01:10,55.482,55.485,55.482,55.483
2025-05-14 06:01:15,55.484,55.485,55.48,55.48
2025-05-14 06:01:20,55.479,55.481,55.479,55.48
2025-05-14 06:01:25,55.48,55.48,55.475,55.476
2025-05-14 06:01:30,55.475,55.481,55.475,55.479
2025-05-14 06:01:35,55.479,55.479,55.467,55.467
2025-05-14 06:01:40,55.465,55.469,55.465,55.469
2025-05-14 06:01:45,55.469,55.474,55.469,55.474
2025-05-14 06:01:50,55.472,55.472,55.471,55.472
2025-05-14 06:01:55,55.472,55.476,55.469,55.476
2025-05-14 06:02:00,55.476,55.476,55.47,55.472
2025-05-14 06:02:05,55.472,55.475,55.471,55.475
2025-05-14 06:02:10,55.476,55.48,55.474,55.48
2025-05-14 06:02:15,55.478,55.478,55.474,55.476
2025-05-14 06:02:20,55.476,55.478,55.47,55.471
2025-05-14 06:02:25,55.471,55.488,55.469,55.488
2025-05-14 06:02:30,55.488,55.491,55.488,55.49
2025-05-14 06:02:35,55.489,55.503,55.489,55.503
2025-05-14 06:02:40,55.504,55.505,55.5,55.5
2025-05-14 06:02:45,55.5,55.501,55.499,55.5
2025-05-14 06:02:50,55.5,55.503,55.498,55.501
2025-05-14 06:02:55,55.5,55.506,55.5,55.505
2025-05-14 06:03:00,55.505,55.51,55.504,55.505
2025-05-14 06:03:05,55.505,55.515,55.505,55.515
2025-05-14 06:03:10,55.52,55.52,55.513,55.513
2025-05-14 06:03:15,55.512,55.516,55.512,55.513
2025-05-14 06:03:20,55.512,55.519,55.511,55.513
2025-05-14 06:03:25,55.513,55.513,55.509,55.509
2025-05-14 06:03:30,55.509,55.521,55.507,55.521
2025-05-14 06:03:35,55.521,55.521,55.511,55.511
2025-05-14 06:03:40,55.513,55.514,55.51,55.51
2025-05-14 06:03:45,55.51,55.516,55.51,55.516
2025-05-14 06:03:50,55.514,55.524,55.514,55.52
2025-05-14 06:03:55,55.522,55.528,55.522,55.528
2025-05-14 06:04:00,55.531,55.535,55.529,55.535
2025-05-14 06:04:05,55.535,55.537,55.534,55.537
2025-05-14 06:04:10,55.537,55.539,55.535,55.537
2025-05-14 06:04:15,55.535,55.548,55.533,55.548
2025-05-14 06:04:20,55.547,55.547,55.544,55.546
2025-05-14 06:04:25,55.546,55.546,55.54,55.54
2025-05-14 06:04:30,55.54,55.544,55.538,55.544
2025-05-14 06:04:35,55.545,55.545,55.535,55.536
2025-05-14 06:04:40,55.536,55.538,55.532,55.532
2025-05-14 06:04:45,55.532,55.542,55.532,55.537
2025-05-14 06:04:50,55.537,55.541,55.537,55.54
2025-05-14 06:04:55,55.541,55.541,55.537,55.537
2025-05-14 06:05:00,55.537,55.537,55.533,55.533
2025-05-14 06:05:05,55.533,55.534,55.531,55.534
2025-05-14 06:05:10,55.534,55.54,55.53,55.531
2025-05-14 06:05:15,55.529,55.529,55.527,55.527
2025-05-14 06:05:20,55.527,55.532,55.527,55.532
2025-05-14 06:05:25,55.532,55.534,55.529,55.529
2025-05-14 06:05:30,55.529,55.54,55.529,55.54
2025-05-14 06:05:35,55.546,55.546,55.539,55.54
2025-05-14 06:05:40,55.541,55.541,55.533,55.533
2025-05-14 06:05:45,55.533,55.536,55.524,55.524
2025-05-14 06:05:50,55.524,55.525,55.523,55.525
2025-05-14 06:05:55,55.525,55.527,55.524,55.525
2025-05-14 06:06:00,55.525,55.533,55.519,55.533
2025-05-14 06:06:05,55.533,55.54,55.533,55.54
2025-05-14 06:06:10,55.54,55.54,55.534,55.534
2025-05-14 06:06:15,55.533,55.537,55.533,55.537
2025-05-14 06:06:20,55.536,55.54,55.533,55.54
2025-05-14 06:06:25,55.54,55.544,55.536,55.54
2025-05-14 06:06:30,55.54,55.545,55.54,55.545
2025-05-14 06:06:35,55.544,55.557,55.544,55.555
2025-05-14 06:06:40,55.555,55.557,55.555,55.556
2025-05-14 06:06:45,55.556,55.557,55.554,55.556
2025-05-14 06:06:50,55.556,55.567,55.556,55.565
2025-05-14 06:06:55,55.565,55.569,55.565,55.568
2025-05-14 06:07:00,55.567,55.568,55.56,55.561
2025-05-14 06:07:05,55.56,55.565,55.56,55.561
2025-05-14 06:07:10,55.561,55.564,55.557,55.564
2025-05-14 06:07:15,55.57,55.581,55.568,55.581
2025-05-14 06:07:20,55.581,55.586,55.581,55.586
2025-05-14 06:07:25,55.586,55.587,55.583,55.586
2025-05-14 06:07:30,55.586,55.595,55.585,55.595
2025-05-14 06:07:35,55.594,55.596,55.591,55.596
2025-05-14 06:07:40,55.603,55.61,55.603,55.606
2025-05-14 06:07:45,55.609,55.609,55.603,55.603
2025-05-14 06:07:50,55.603,55.606,55.603,55.606
2025-05-14 06:07:55,55.606,55.608,55.606,55.608
2025-05-14 06:08:00,55.606,55.606,55.596,55.596
2025-05-14 06:08:05,55.596,55.6,55.596,55.6
2025-05-14 06:08:10,55.598,55.599,55.593,55.598
2025-05-14 06:08:15,55.599,55.599,55.591,55.595
2025-05-14 06:08:20,55.599,55.599,55.595,55.595
2025-05-14 06:08:25,55.596,55.598,55.595,55.598
2025-05-14 06:08:30,55.598,55.599,55.595,55.598
2025-05-14 06:08:35,55.598,55.598,55.593,55.593
2025-05-14 06:08:40,55.591,55.595,55.591,55.594
2025-05-14 06:08:45,55.595,55.595,55.588,55.592
2025-05-14 06:08:50,55.592,55.598,55.592,55.594
2025-05-14 06:08:55,55.594,55.604,55.594,55.604
2025-05-14 06:09:00,55.602,55.604,55.6,55.6
2025-05-14 06:09:05,55.6,55.6,55.598,55.598
2025-05-14 06:09:10,55.598,55.61,55.598,55.607
2025-05-14 06:09:15,55.607,55.607,55.583,55.583
2025-05-14 06:09:20,55.582,55.584,55.58,55.58
2025-05-14 06:09:25,55.582,55.587,55.582,55.587
2025-05-14 06:09:30,55.587,55.595,55.587,55.592
2025-05-14 06:09:35,55.592,55.6,55.592,55.597
2025-05-14 06:09:40,55.596,55.597,55.593,55.597
2025-05-14 06:09:45,55.594,55.595,55.594,55.595
2025-05-14 06:09:50,55.595,55.596,55.587,55.587
2025-05-14 06:09:55,55.587,55.593,55.587,55.591
2025-05-14 06:10:00,55.591,55.591,55.583,55.583
2025-05-14 06:10:05,55.581,55.583,55.581,55.581
2025-05-14 06:10:10,55.581,55.581,55.573,55.574
2025-05-14 06:10:15,55.574,55.581,55.573,55.581
2025-05-14 06:10:20,55.581,55.587,55.576,55.587
2025-05-14 06:10:25,55.589,55.59,55.587,55.587
2025-05-14 06:10:30,55.587,55.587,55.581,55.582
2025-05-14 06:10:35,55.582,55.582,55.58,55.58
2025-05-14 06:10:40,55.583,55.589,55.581,55.582
2025-05-14 06:10:45,55.581,55.581,55.571,55.573
2025-05-14 06:10:50,55.573,55.573,55.569,55.569
2025-05-14 06:10:55,55.569,55.571,55.564,55.565
2025-05-14 06:11:00,55.565,55.573,55.565,55.57
2025-05-14 06:11:05,55.57,55.57,55.564,55.564
2025-05-14 06:11:10,55.564,55.575,55.564,55.572
2025-05-14 06:11:15,55.572,55.573,55.571,55.572
2025-05-14 06:11:20,55.574,55.58,55.571,55.58
2025-05-14 06:11:25,55.586,55.588,55.584,55.584
2025-05-14 06:11:30,55.584,55.584,55.581,55.582
2025-05-14 06:11:35,55.583,55.583,55.576,55.577
2025-05-14 06:11:40,55.578,55.579,55.569,55.572
2025-05-14 06:11:45,55.572,55.576,55.571,55.574
2025-05-14 06:11:50,55.58,55.581,55.568,55.569
2025-05-14 06:11:55,55.569,55.571,55.568,55.57
2025-05-14 06:12:00,55.572,55.573,55.568,55.568
2025-05-14 06:12:05,55.568,55.577,55.568,55.577
2025-05-14 06:12:10,55.577,55.579,55.574,55.574
2025-05-14 06:12:15,55.574,55.575,55.572,55.574
2025-05-14 06:12:20,55.575,55.578,55.574,55.578
2025-05-14 06:12:25,55.577,55.578,55.574,55.574
2025-05-14 06:12:30,55.565,55.565,55.56,55.56
2025-05-14 06:12:35,55.562,55.562,55.553,55.553
2025-05-14 06:12:40,55.551,55.556,55.551,55.555
2025-05-14 06:12:45,55.552,55.555,55.551,55.551
2025-05-14 06:12:50,55.551,55.551,55.542,55.542
2025-05-14 06:12:55,55.542,55.542,55.533,55.533
2025-05-14 06:13:00,55.533,55.533,55.528,55.531
2025-05-14 06:13:05,55.535,55.536,55.534,55.536
2025-05-14 06:13:10,55.536,55.537,55.53,55.53
2025-05-14 06:13:15,55.531,55.531,55.522,55.528
2025-05-14 06:13:20,55.528,55.532,55.528,55.532
2025-05-14 06:13:25,55.533,55.539,55.533,55.539
2025-05-14 06:13:30,55.539,55.541,55.538,55.539
2025-05-14 06:13:35,55.541,55.541,55.535,55.535
2025-05-14 06:13:40,55.535,55.536,55.533,55.536
2025-05-14 06:13:45,55.54,55.546,55.54,55.546
2025-05-14 06:13:50,55.546,55.546,55.539,55.539
2025-05-14 06:13:55,55.537,55.544,55.537,55.541
2025-05-14 06:14:00,55.541,55.541,55.533,55.539
2025-05-14 06:14:05,55.54,55.543,55.54,55.541
2025-05-14 06:14:10,55.543,55.543,55.532,55.532
2025-05-14 06:14:15,55.532,55.54,55.532,55.534
2025-05-14 06:14:20,55.534,55.536,55.531,55.536
2025-05-14 06:14:25,55.536,55.545,55.536,55.545
2025-05-14 06:14:30,55.544,55.544,55.538,55.538
2025-05-14 06:14:35,55.537,55.539,55.536,55.538
2025-05-14 06:14:40,55.538,55.542,55.536,55.542
2025-05-14 06:14:45,55.542,55.544,55.539,55.539
2025-05-14 06:14:50,55.536,55.544,55.536,55.544
2025-05-14 06:14:55,55.542,55.55,55.542,55.55
2025-05-14 06:15:00,55.55,55.55,55.539,55.541
2025-05-14 06:15:05,55.544,55.545,55.541,55.541
2025-05-14 06:15:10,55.541,55.548,55.539,55.548
2025-05-14 06:15:15,55.554,55.554,55.549,55.552
2025-05-14 06:15:20,55.552,55.563,55.552,55.563
2025-05-14 06:15:25,55.563,55.573,55.563,55.57
2025-05-14 06:15:30,55.57,55.574,55.569,55.573
2025-05-14 06:15:35,55.573,55.575,55.565,55.565
2025-05-14 06:15:40,55.565,55.567,55.563,55.563
2025-05-14 06:15:45,55.563,55.563,55.562,55.562
2025-05-14 06:15:50,55.561,55.562,55.555,55.558
2025-05-14 06:15:55,55.558,55.56,55.558,55.559
2025-05-14 06:16:00,55.559,55.559,55.552,55.552
2025-05-14 06:16:05,55.552,55.554,55.552,55.553
2025-05-14 06:16:10,55.553,55.558,55.553,55.558
2025-05-14 06:16:15,55.558,55.558,55.555,55.557
2025-05-14 06:16:20,55.557,55.557,55.553,55.553
2025-05-14 06:16:25,55.557,55.567,55.555,55.567
2025-05-14 06:16:30,55.567,55.567,55.563,55.566
2025-05-14 06:16:35,55.566,55.566,55.56,55.563
2025-05-14 06:16:40,55.563,55.564,55.553,55.554
2025-05-14 06:16:45,55.554,55.558,55.551,55.555
2025-05-14 06:16:50,55.555,55.555,55.546,55.546
2025-05-14 06:16:55,55.546,55.546,55.541,55.542
2025-05-14 06:17:00,55.542,55.542,55.536,55.537
2025-05-14 06:17:05,55.539,55.539,55.534,55.534
2025-05-14 06:17:10,55.534,55.54,55.533,55.54
2025-05-14 06:17:15,55.54,55.54,55.533,55.533
2025-05-14 06:17:20,55.533,55.537,55.53,55.537
2025-05-14 06:17:25,55.534,55.544,55.534,55.544
2025-05-14 06:17:30,55.542,55.542,55.537,55.537
2025-05-14 06:17:35,55.537,55.543,55.537,55.543
2025-05-14 06:17:40,55.543,55.545,55.541,55.542
2025-05-14 06:17:45,55.542,55.546,55.542,55.544
2025-05-14 06:17:50,55.544,55.553,55.544,55.551
2025-05-14 06:17:55,55.551,55.564,55.551,55.564
2025-05-14 06:18:00,55.566,55.567,55.565,55.565
2025-05-14 06:18:05,55.565,55.565,55.557,55.56
2025-05-14 06:18:10,55.56,55.56,55.552,55.554
2025-05-14 06:18:15,55.553,55.553,55.55,55.55
2025-05-14 06:18:20,55.546,55.548,55.539,55.54
2025-05-14 06:18:25,55.54,55.543,55.536,55.543
2025-05-14 06:18:30,55.544,55.545,55.543,55.543
2025-05-14 06:18:35,55.543,55.543,55.532,55.539
2025-05-14 06:18:40,55.538,55.538,55.531,55.533
2025-05-14 06:18:45,55.533,55.536,55.533,55.533
2025-05-14 06:18:50,55.533,55.533,55.528,55.528
2025-05-14 06:18:55,55.53,55.53,55.529,55.529
2025-05-14 06:19:00,55.531,55.533,55.531,55.531
2025-05-14 06:19:05,55.531,55.546,55.531,55.546
2025-05-14 06:19:10,55.545,55.546,55.542,55.544
2025-05-14 06:19:15,55.544,55.547,55.544,55.546
2025-05-14 06:19:20,55.544,55.544,55.537,55.537
2025-05-14 06:19:25,55.537,55.537,55.519,55.519
2025-05-14 06:19:30,55.519,55.522,55.519,55.521
2025-05-14 06:19:35,55.523,55.525,55.519,55.521
2025-05-14 06:19:40,55.524,55.527,55.523,55.527
2025-05-14 06:19:45,55.527,55.533,55.523,55.533
2025-05-14 06:19:50,55.534,55.537,55.534,55.534
2025-05-14 06:19:55,55.534,55.538,55.533,55.533
2025-05-14 06:20:00,55.533,55.533,55.519,55.521
2025-05-14 06:20:05,55.521,55.521,55.516,55.516
2025-05-14 06:20:10,55.516,55.522,55.516,55.522
2025-05-14 06:20:15,55.523,55.523,55.515,55.515
2025-05-14 06:20:20,55.521,55.532,55.52,55.532
2025-05-14 06:20:25,55.532,55.532,55.527,55.528
2025-05-14 06:20:30,55.528,55.533,55.527,55.531
2025-05-14 06:20:35,55.53,55.53,55.525,55.528
2025-05-14 06:20:40,55.528,55.534,55.527,55.531
2025-05-14 06:20:45,55.531,55.532,55.53,55.532
2025-05-14 06:20:50,55.533,55.533,55.52,55.522
2025-05-14 06:20:55,55.522,55.522,55.516,55.516
2025-05-14 06:21:00,55.516,55.522,55.516,55.522
2025-05-14 06:21:05,55.522,55.524,55.516,55.517
2025-05-14 06:21:10,55.517,55.518,55.513,55.516
2025-05-14 06:21:15,55.524,55.525,55.522,55.522
2025-05-14 06:21:20,55.522,55.526,55.522,55.525
2025-05-14 06:21:25,55.525,55.526,55.523,55.523
2025-05-14 06:21:30,55.524,55.524,55.518,55.519
2025-05-14 06:21:35,55.518,55.518,55.515,55.517
2025-05-14 06:21:40,55.517,55.518,55.514,55.514
2025-05-14 06:21:45,55.514,55.516,55.511,55.516
2025-05-14 06:21:50,55.516,55.52,55.51,55.519
2025-05-14 06:21:55,55.52,55.522,55.517,55.521
2025-05-14 06:22:00,55.521,55.521,55.516,55.518
2025-05-14 06:22:05,55.518,55.527,55.515,55.527
2025-05-14 06:22:10,55.527,55.529,55.526,55.527
2025-05-14 06:22:15,55.529,55.532,55.529,55.53
2025-05-14 06:22:20,55.53,55.535,55.53,55.535
2025-05-14 06:22:25,55.535,55.535,55.53,55.532
2025-05-14 06:22:30,55.532,55.538,55.529,55.538
2025-05-14 06:22:35,55.537,55.538,55.535,55.535
2025-05-14 06:22:40,55.535,55.538,55.535,55.538
2025-05-14 06:22:45,55.538,55.54,55.538,55.538
2025-05-14 06:22:50,55.538,55.55,55.538,55.546
2025-05-14 06:22:55,55.547,55.547,55.546,55.546
2025-05-14 06:23:00,55.553,55.553,55.55,55.55
2025-05-14 06:23:05,55.551,55.552,55.546,55.546
2025-05-14 06:23:10,55.546,55.548,55.544,55.546
2025-05-14 06:23:15,55.545,55.548,55.544,55.544
2025-05-14 06:23:20,55.539,55.548,55.539,55.548
2025-05-14 06:23:25,55.548,55.55,55.547,55.55
2025-05-14 06:23:30,55.552,55.554,55.551,55.553
2025-05-14 06:23:35,55.553,55.561,55.553,55.559
2025-05-14 06:23:40,55.558,55.558,55.552,55.552
2025-05-14 06:23:45,55.552,55.553,55.544,55.544
2025-05-14 06:23:50,55.544,55.546,55.541,55.546
2025-05-14 06:23:55,55.536,55.539,55.536,55.539
2025-05-14 06:24:00,55.541,55.545,55.538,55.54
2025-05-14 06:24:05,55.54,55.54,55.536,55.536
2025-05-14 06:24:10,55.536,55.538,55.535,55.536
2025-05-14 06:24:15,55.536,55.536,55.529,55.535
2025-05-14 06:24:20,55.533,55.534,55.53,55.53
2025-05-14 06:24:25,55.53,55.537,55.53,55.536
2025-05-14 06:24:30,55.534,55.536,55.533,55.533
2025-05-14 06:24:35,55.533,55.538,55.532,55.538
2025-05-14 06:24:40,55.538,55.538,55.533,55.534
2025-05-14 06:24:45,55.537,55.537,55.53,55.53
2025-05-14 06:24:50,55.528,55.528,55.526,55.526
2025-05-14 06:24:55,55.525,55.525,55.514,55.52
2025-05-14 06:25:00,55.522,55.525,55.522,55.525
2025-05-14 06:25:05,55.523,55.523,55.519,55.52
2025-05-14 06:25:10,55.52,55.524,55.52,55.524
2025-05-14 06:25:15,55.524,55.529,55.524,55.529
2025-05-14 06:25:20,55.529,55.529,55.527,55.527
2025-05-14 06:25:25,55.527,55.529,55.526,55.526
2025-05-14 06:25:30,55.528,55.534,55.525,55.533
2025-05-14 06:25:35,55.533,55.537,55.533,55.537
2025-05-14 06:25:40,55.537,55.537,55.526,55.527
2025-05-14 06:25:45,55.528,55.532,55.527,55.53
2025-05-14 06:25:50,55.53,55.538,55.53,55.538
2025-05-14 06:25:55,55.538,55.546,55.538,55.546
2025-05-14 06:26:00,55.546,55.556,55.546,55.555
2025-05-14 06:26:05,55.555,55.559,55.555,55.559
2025-05-14 06:26:10,55.559,55.581,55.559,55.576
2025-05-14 06:26:15,55.576,55.577,55.573,55.577
2025-05-14 06:26:20,55.575,55.58,55.575,55.58
2025-05-14 06:26:25,55.581,55.582,55.579,55.582
2025-05-14 06:26:30,55.582,55.583,55.577,55.579
2025-05-14 06:26:35,55.579,55.582,55.571,55.573
2025-05-14 06:26:40,55.573,55.574,55.567,55.574
2025-05-14 06:26:45,55.573,55.573,55.568,55.568
2025-05-14 06:26:50,55.568,55.571,55.568,55.571
2025-05-14 06:26:55,55.571,55.574,55.571,55.571
2025-05-14 06:27:00,55.574,55.575,55.572,55.574
2025-05-14 06:27:05,55.574,55.59,55.574,55.587
2025-05-14 06:27:10,55.587,55.589,55.587,55.588
2025-05-14 06:27:15,55.588,55.592,55.587,55.59
2025-05-14 06:27:20,55.59,55.596,55.59,55.594
2025-05-14 06:27:25,55.596,55.596,55.592,55.593
2025-05-14 06:27:30,55.593,55.599,55.593,55.597
2025-05-14 06:27:35,55.597,55.598,55.594,55.595
2025-05-14 06:27:40,55.597,55.603,55.597,55.603
2025-05-14 06:27:45,55.601,55.604,55.599,55.603
2025-05-14 06:27:50,55.603,55.605,55.596,55.599
2025-05-14 06:27:55,55.599,55.604,55.598,55.604
2025-05-14 06:28:00,55.604,55.606,55.602,55.606
2025-05-14 06:28:05,55.608,55.616,55.608,55.615
2025-05-14 06:28:10,55.615,55.62,55.615,55.62
2025-05-14 06:28:15,55.62,55.62,55.615,55.617
2025-05-14 06:28:20,55.617,55.625,55.615,55.623
2025-05-14 06:28:25,55.622,55.622,55.614,55.614
2025-05-14 06:28:30,55.614,55.624,55.614,55.622
2025-05-14 06:28:35,55.622,55.622,55.614,55.617
2025-05-14 06:28:40,55.617,55.617,55.615,55.615
2025-05-14 06:28:45,55.614,55.618,55.613,55.613
2025-05-14 06:28:50,55.613,55.613,55.608,55.609
2025-05-14 06:28:55,55.609,55.615,55.609,55.614
2025-05-14 06:29:00,55.614,55.617,55.614,55.617
2025-05-14 06:29:05,55.616,55.623,55.615,55.623
2025-05-14 06:29:10,55.623,55.623,55.611,55.611
2025-05-14 06:29:15,55.611,55.611,55.605,55.605
2025-05-14 06:29:20,55.607,55.619,55.607,55.619
2025-05-14 06:29:25,55.619,55.619,55.614,55.615
2025-05-14 06:29:30,55.615,55.619,55.615,55.618
2025-05-14 06:29:35,55.618,55.618,55.61,55.613
2025-05-14 06:29:40,55.605,55.607,55.605,55.607
2025-05-14 06:29:45,55.606,55.606,55.601,55.601
2025-05-14 06:29:50,55.603,55.603,55.602,55.602
2025-05-14 06:29:55,55.601,55.607,55.6,55.607
2025-05-14 06:30:00,55.607,55.608,55.604,55.604
2025-05-14 06:30:05,55.607,55.612,55.607,55.612
2025-05-14 06:30:10,55.616,55.618,55.615,55.615
2025-05-14 06:30:15,55.614,55.617,55.613,55.616
2025-05-14 06:30:20,55.616,55.619,55.613,55.616
2025-05-14 06:30:25,55.616,55.616,55.61,55.612
2025-05-14 06:30:30,55.61,55.622,55.61,55.622
2025-05-14 06:30:35,55.621,55.621,55.615,55.616
2025-05-14 06:30:40,55.616,55.62,55.615,55.62
2025-05-14 06:30:45,55.62,55.623,55.612,55.612
2025-05-14 06:30:50,55.608,55.61,55.605,55.61
2025-05-14 06:30:55,55.61,55.61,55.606,55.606
2025-05-14 06:31:00,55.606,55.606,55.602,55.605
2025-05-14 06:31:05,55.602,55.616,55.602,55.616
2025-05-14 06:31:10,55.615,55.619,55.615,55.618
2025-05-14 06:31:15,55.617,55.623,55.617,55.623
2025-05-14 06:31:20,55.623,55.627,55.623,55.626
2025-05-14 06:31:25,55.626,55.626,55.622,55.622
2025-05-14 06:31:30,55.622,55.629,55.622,55.628
2025-05-14 06:31:35,55.625,55.629,55.625,55.629
2025-05-14 06:31:40,55.629,55.641,55.628,55.628
2025-05-14 06:31:45,55.628,55.63,55.623,55.626
2025-05-14 06:31:50,55.625,55.629,55.624,55.629
2025-05-14 06:31:55,55.628,55.63,55.628,55.63
2025-05-14 06:32:00,55.63,55.635,55.63,55.634
2025-05-14 06:32:05,55.635,55.635,55.631,55.632
2025-05-14 06:32:10,55.634,55.643,55.633,55.643
2025-05-14 06:32:15,55.643,55.643,55.635,55.635
2025-05-14 06:32:20,55.635,55.635,55.627,55.629
2025-05-14 06:32:25,55.626,55.632,55.626,55.631
2025-05-14 06:32:30,55.631,55.631,55.621,55.621
2025-05-14 06:32:35,55.621,55.631,55.621,55.631
2025-05-14 06:32:40,55.631,55.633,55.631,55.633
2025-05-14 06:32:45,55.634,55.634,55.628,55.63
2025-05-14 06:32:50,55.632,55.632,55.629,55.629
2025-05-14 06:32:55,55.629,55.632,55.629,55.632
2025-05-14 06:33:00,55.632,55.637,55.63,55.636
2025-05-14 06:33:05,55.637,55.646,55.637,55.646
2025-05-14 06:33:10,55.646,55.65,55.645,55.645
2025-05-14 06:33:15,55.639,55.642,55.639,55.642
2025-05-14 06:33:20,55.642,55.642,55.636,55.639
2025-05-14 06:33:25,55.641,55.649,55.639,55.644
2025-05-14 06:33:30,55.644,55.646,55.641,55.641
2025-05-14 06:33:35,55.641,55.646,55.641,55.643
2025-05-14 06:33:40,55.643,55.645,55.643,55.645
2025-05-14 06:33:45,55.645,55.645,55.639,55.639
2025-05-14 06:33:50,55.642,55.643,55.632,55.633
2025-05-14 06:33:55,55.633,55.636,55.629,55.629
2025-05-14 06:34:00,55.629,55.631,55.625,55.629
2025-05-14 06:34:05,55.629,55.639,55.629,55.639
2025-05-14 06:34:10,55.639,55.639,55.633,55.633
2025-05-14 06:34:15,55.633,55.637,55.632,55.637
2025-05-14 06:34:20,55.637,55.638,55.627,55.629
2025-05-14 06:34:25,55.629,55.631,55.626,55.626
2025-05-14 06:34:30,55.622,55.628,55.622,55.628
2025-05-14 06:34:35,55.628,55.632,55.625,55.631
2025-05-14 06:34:40,55.631,55.641,55.631,55.64
2025-05-14 06:34:45,55.64,55.645,55.64,55.642
2025-05-14 06:34:50,55.642,55.649,55.642,55.646
2025-05-14 06:34:55,55.645,55.645,55.639,55.643
2025-05-14 06:35:00,55.643,55.645,55.64,55.641
2025-05-14 06:35:05,55.64,55.641,55.636,55.641
2025-05-14 06:35:10,55.643,55.65,55.643,55.65
2025-05-14 06:35:15,55.652,55.652,55.647,55.647
2025-05-14 06:35:20,55.645,55.645,55.639,55.639
2025-05-14 06:35:25,55.639,55.641,55.639,55.641
2025-05-14 06:35:30,55.642,55.644,55.64,55.641
2025-05-14 06:35:35,55.637,55.645,55.636,55.645
2025-05-14 06:35:40,55.644,55.655,55.644,55.654
2025-05-14 06:35:45,55.654,55.662,55.654,55.662
2025-05-14 06:35:50,55.663,55.664,55.659,55.661
2025-05-14 06:35:55,55.664,55.665,55.661,55.661
2025-05-14 06:36:00,55.661,55.661,55.657,55.66
2025-05-14 06:36:05,55.66,55.666,55.66,55.666
2025-05-14 06:36:10,55.668,55.672,55.668,55.672
2025-05-14 06:36:15,55.672,55.674,55.665,55.668
2025-05-14 06:36:20,55.673,55.676,55.673,55.674
2025-05-14 06:36:25,55.67,55.672,55.668,55.672
2025-05-14 06:36:30,55.674,55.675,55.673,55.674
2025-05-14 06:36:35,55.673,55.674,55.672,55.673
2025-05-14 06:36:40,55.674,55.674,55.665,55.665
2025-05-14 06:36:45,55.666,55.666,55.657,55.658
2025-05-14 06:36:50,55.657,55.669,55.657,55.667
2025-05-14 06:36:55,55.669,55.671,55.668,55.671
2025-05-14 06:37:00,55.668,55.669,55.667,55.668
2025-05-14 06:37:05,55.668,55.67,55.664,55.664
2025-05-14 06:37:10,55.663,55.665,55.66,55.665
2025-05-14 06:37:15,55.665,55.674,55.658,55.66
2025-05-14 06:37:20,55.66,55.666,55.66,55.662
2025-05-14 06:37:25,55.662,55.672,55.662,55.665
2025-05-14 06:37:30,55.668,55.668,55.667,55.668
2025-05-14 06:37:35,55.668,55.668,55.662,55.663
2025-05-14 06:37:40,55.663,55.666,55.659,55.66
2025-05-14 06:37:45,55.66,55.661,55.656,55.659
2025-05-14 06:37:50,55.66,55.66,55.658,55.66
2025-05-14 06:37:55,55.66,55.665,55.657,55.665
2025-05-14 06:38:00,55.665,55.673,55.665,55.672
2025-05-14 06:38:05,55.672,55.676,55.672,55.676
2025-05-14 06:38:10,55.677,55.677,55.672,55.672
2025-05-14 06:38:15,55.67,55.673,55.67,55.67
2025-05-14 06:38:20,55.67,55.675,55.667,55.672
2025-05-14 06:38:25,55.672,55.674,55.672,55.674
2025-05-14 06:38:30,55.674,55.68,55.674,55.68
2025-05-14 06:38:35,55.68,55.691,55.68,55.691
2025-05-14 06:38:40,55.695,55.697,55.694,55.697
2025-05-14 06:38:45,55.697,55.702,55.697,55.699
2025-05-14 06:38:50,55.699,55.699,55.697,55.699
2025-05-14 06:38:55,55.699,55.703,55.698,55.703
2025-05-14 06:39:00,55.703,55.703,55.698,55.698
2025-05-14 06:39:05,55.698,55.706,55.698,55.703
2025-05-14 06:39:10,55.703,55.703,55.694,55.697
2025-05-14 06:39:15,55.699,55.714,55.699,55.712
2025-05-14 06:39:20,55.712,55.715,55.711,55.711
2025-05-14 06:39:25,55.711,55.715,55.711,55.714
2025-05-14 06:39:30,55.714,55.714,55.704,55.704
2025-05-14 06:39:35,55.716,55.716,55.715,55.715
2025-05-14 06:39:40,55.716,55.716,55.709,55.71
2025-05-14 06:39:45,55.71,55.71,55.707,55.708
2025-05-14 06:39:50,55.708,55.708,55.7,55.7
2025-05-14 06:39:55,55.701,55.701,55.692,55.699
2025-05-14 06:40:00,55.699,55.709,55.697,55.707
2025-05-14 06:40:05,55.707,55.713,55.706,55.712
2025-05-14 06:40:10,55.712,55.712,55.707,55.707
2025-05-14 06:40:15,55.702,55.702,55.696,55.697
2025-05-14 06:40:20,55.7,55.702,55.698,55.698
2025-05-14 06:40:25,55.698,55.703,55.697,55.703
2025-05-14 06:40:30,55.703,55.704,55.699,55.699
2025-05-14 06:40:35,55.699,55.699,55.694,55.698
2025-05-14 06:40:40,55.698,55.701,55.698,55.699
2025-05-14 06:40:45,55.699,55.709,55.699,55.709
2025-05-14 06:40:50,55.709,55.71,55.705,55.706
2025-05-14 06:40:55,55.706,55.711,55.706,55.71
2025-05-14 06:41:00,55.71,55.712,55.702,55.702
2025-05-14 06:41:05,55.701,55.703,55.7,55.702
2025-05-14 06:41:10,55.703,55.708,55.702,55.708
2025-05-14 06:41:15,55.708,55.711,55.705,55.705
2025-05-14 06:41:20,55.705,55.71,55.704,55.709
2025-05-14 06:41:25,55.709,55.71,55.706,55.706
2025-05-14 06:41:30,55.706,55.707,55.703,55.703
2025-05-14 06:41:35,55.704,55.709,55.704,55.704
2025-05-14 06:41:40,55.704,55.708,55.704,55.708
2025-05-14 06:41:45,55.709,55.721,55.709,55.719
2025-05-14 06:41:50,55.719,55.725,55.717,55.723
2025-05-14 06:41:55,55.724,55.726,55.724,55.726
2025-05-14 06:42:00,55.726,55.726,55.721,55.725
2025-05-14 06:42:05,55.723,55.724,55.72,55.72
2025-05-14 06:42:10,55.72,55.721,55.717,55.717
2025-05-14 06:42:15,55.716,55.728,55.715,55.715
2025-05-14 06:42:20,55.715,55.721,55.715,55.721
2025-05-14 06:42:25,55.72,55.723,55.715,55.715
2025-05-14 06:42:30,55.715,55.723,55.715,55.723
2025-05-14 06:42:35,55.721,55.727,55.719,55.727
2025-05-14 06:42:40,55.727,55.727,55.718,55.718
2025-05-14 06:42:45,55.718,55.722,55.718,55.719
2025-05-14 06:42:50,55.719,55.724,55.719,55.724
2025-05-14 06:42:55,55.725,55.727,55.725,55.725
2025-05-14 06:43:00,55.721,55.722,55.719,55.719
2025-05-14 06:43:05,55.719,55.721,55.718,55.721
2025-05-14 06:43:10,55.721,55.723,55.72,55.722
2025-05-14 06:43:15,55.722,55.728,55.72,55.728
2025-05-14 06:43:20,55.725,55.729,55.724,55.724
2025-05-14 06:43:25,55.729,55.731,55.729,55.73
2025-05-14 06:43:30,55.73,55.732,55.73,55.732
2025-05-14 06:43:35,55.732,55.733,55.727,55.727
2025-05-14 06:43:40,55.726,55.726,55.721,55.722
2025-05-14 06:43:45,55.722,55.722,55.717,55.718
2025-05-14 06:43:50,55.718,55.721,55.716,55.721
2025-05-14 06:43:55,55.721,55.725,55.71,55.725
2025-05-14 06:44:00,55.727,55.732,55.727,55.732
2025-05-14 06:44:05,55.732,55.733,55.729,55.733
2025-05-14 06:44:10,55.733,55.734,55.731,55.732
2025-05-14 06:44:15,55.732,55.732,55.729,55.73
2025-05-14 06:44:20,55.73,55.736,55.73,55.735
2025-05-14 06:44:25,55.734,55.737,55.733,55.733
2025-05-14 06:44:30,55.733,55.733,55.724,55.726
2025-05-14 06:44:35,55.726,55.731,55.724,55.727
2025-05-14 06:44:40,55.727,55.727,55.724,55.724
2025-05-14 06:44:45,55.722,55.722,55.712,55.712
2025-05-14 06:44:50,55.712,55.712,55.708,55.71
2025-05-14 06:44:55,55.71,55.71,55.703,55.703
2025-05-14 06:45:00,55.703,55.703,55.698,55.698
2025-05-14 06:45:05,55.697,55.697,55.692,55.692
2025-05-14 06:45:10,55.692,55.692,55.687,55.687
2025-05-14 06:45:15,55.687,55.687,55.683,55.684
2025-05-14 06:45:20,55.683,55.686,55.683,55.686
2025-05-14 06:45:25,55.687,55.687,55.679,55.682
2025-05-14 06:45:30,55.682,55.692,55.681,55.692
2025-05-14 06:45:35,55.692,55.703,55.692,55.703
2025-05-14 06:45:40,55.703,55.711,55.703,55.711
2025-05-14 06:45:45,55.711,55.713,55.709,55.711
2025-05-14 06:45:50,55.711,55.711,55.707,55.709
2025-05-14 06:45:55,55.709,55.71,55.705,55.709
2025-05-14 06:46:00,55.709,55.709,55.703,55.708
2025-05-14 06:46:05,55.708,55.712,55.708,55.712
2025-05-14 06:46:10,55.712,55.712,55.71,55.711
2025-05-14 06:46:15,55.711,55.726,55.711,55.726
2025-05-14 06:46:20,55.729,55.731,55.725,55.728
2025-05-14 06:46:25,55.728,55.728,55.717,55.722
2025-05-14 06:46:30,55.722,55.726,55.722,55.724
2025-05-14 06:46:35,55.725,55.726,55.717,55.72
2025-05-14 06:46:40,55.715,55.719,55.715,55.719
2025-05-14 06:46:45,55.719,55.719,55.713,55.718
2025-05-14 06:46:50,55.717,55.718,55.714,55.714
2025-05-14 06:46:55,55.716,55.716,55.708,55.708
2025-05-14 06:47:00,55.709,55.712,55.706,55.712
2025-05-14 06:47:05,55.712,55.712,55.705,55.705
2025-05-14 06:47:10,55.705,55.714,55.705,55.713
2025-05-14 06:47:15,55.713,55.717,55.713,55.715
2025-05-14 06:47:20,55.715,55.719,55.715,55.716
2025-05-14 06:47:25,55.716,55.716,55.714,55.714
2025-05-14 06:47:30,55.715,55.717,55.713,55.716
2025-05-14 06:47:35,55.716,55.724,55.715,55.724
2025-05-14 06:47:40,55.724,55.729,55.722,55.727
2025-05-14 06:47:45,55.725,55.726,55.723,55.723
2025-05-14 06:47:50,55.725,55.728,55.725,55.726
2025-05-14 06:47:55,55.726,55.731,55.726,55.731
2025-05-14 06:48:00,55.731,55.732,55.727,55.729
2025-05-14 06:48:05,55.728,55.728,55.721,55.723
2025-05-14 06:48:10,55.725,55.726,55.724,55.724
2025-05-14 06:48:15,55.724,55.727,55.723,55.723
2025-05-14 06:48:20,55.723,55.731,55.721,55.731
2025-05-14 06:48:25,55.731,55.737,55.731,55.737
2025-05-14 06:48:30,55.737,55.743,55.737,55.743
2025-05-14 06:48:35,55.742,55.747,55.742,55.746
2025-05-14 06:48:40,55.746,55.747,55.744,55.744
2025-05-14 06:48:45,55.744,55.745,55.74,55.74
2025-05-14 06:48:50,55.739,55.747,55.739,55.747
2025-05-14 06:48:55,55.747,55.747,55.743,55.743
2025-05-14 06:49:00,55.743,55.745,55.741,55.744
2025-05-14 06:49:05,55.743,55.744,55.743,55.743
2025-05-14 06:49:10,55.743,55.745,55.741,55.744
2025-05-14 06:49:15,55.74,55.745,55.74,55.745
2025-05-14 06:49:20,55.745,55.747,55.743,55.743
2025-05-14 06:49:25,55.739,55.739,55.737,55.737
2025-05-14 06:49:30,55.737,55.738,55.736,55.737
2025-05-14 06:49:35,55.737,55.737,55.734,55.735
2025-05-14 06:49:40,55.735,55.741,55.735,55.739
2025-05-14 06:49:45,55.74,55.75,55.74,55.749
2025-05-14 06:49:50,55.749,55.749,55.743,55.745
2025-05-14 06:49:55,55.745,55.749,55.745,55.747
2025-05-14 06:50:00,55.747,55.747,55.733,55.734
2025-05-14 06:50:05,55.739,55.74,55.738,55.738
2025-05-14 06:50:10,55.738,55.743,55.736,55.743
2025-05-14 06:50:15,55.744,55.746,55.744,55.744
2025-05-14 06:50:20,55.744,55.744,55.74,55.743
2025-05-14 06:50:25,55.746,55.747,55.744,55.746
2025-05-14 06:50:30,55.746,55.746,55.742,55.743
2025-05-14 06:50:35,55.742,55.743,55.739,55.739
2025-05-14 06:50:40,55.739,55.74,55.737,55.74
2025-05-14 06:50:45,55.741,55.745,55.741,55.743
2025-05-14 06:50:50,55.743,55.76,55.742,55.76
2025-05-14 06:50:55,55.762,55.762,55.757,55.76
2025-05-14 06:51:00,55.76,55.761,55.746,55.747
2025-05-14 06:51:05,55.745,55.748,55.742,55.742
2025-05-14 06:51:10,55.739,55.739,55.734,55.734
2025-05-14 06:51:15,55.734,55.735,55.73,55.73
2025-05-14 06:51:20,55.73,55.732,55.727,55.727
2025-05-14 06:51:25,55.727,55.728,55.721,55.721
2025-05-14 06:51:30,55.721,55.729,55.721,55.729
2025-05-14 06:51:35,55.729,55.732,55.726,55.73
2025-05-14 06:51:40,55.73,55.73,55.722,55.73
2025-05-14 06:51:45,55.73,55.733,55.73,55.733
2025-05-14 06:51:50,55.733,55.735,55.727,55.727
2025-05-14 06:51:55,55.727,55.733,55.726,55.733
2025-05-14 06:52:00,55.733,55.743,55.732,55.743
2025-05-14 06:52:05,55.743,55.749,55.742,55.749
2025-05-14 06:52:10,55.751,55.753,55.75,55.753
2025-05-14 06:52:15,55.753,55.758,55.753,55.756
2025-05-14 06:52:20,55.756,55.761,55.755,55.759
2025-05-14 06:52:25,55.759,55.762,55.758,55.76
2025-05-14 06:52:30,55.763,55.768,55.761,55.768
2025-05-14 06:52:35,55.768,55.774,55.766,55.774
2025-05-14 06:52:40,55.777,55.781,55.776,55.776
2025-05-14 06:52:45,55.776,55.777,55.771,55.771
2025-05-14 06:52:50,55.771,55.779,55.771,55.778
2025-05-14 06:52:55,55.778,55.779,55.77,55.779
2025-05-14 06:53:00,55.775,55.775,55.768,55.768
2025-05-14 06:53:05,55.768,55.768,55.757,55.757
2025-05-14 06:53:10,55.758,55.76,55.758,55.759
2025-05-14 06:53:15,55.761,55.761,55.748,55.75
2025-05-14 06:53:20,55.75,55.756,55.75,55.753
2025-05-14 06:53:25,55.753,55.756,55.753,55.753
2025-05-14 06:53:30,55.752,55.757,55.752,55.752
2025-05-14 06:53:35,55.753,55.753,55.749,55.75
2025-05-14 06:53:40,55.749,55.752,55.747,55.749
2025-05-14 06:53:45,55.749,55.755,55.749,55.752
2025-05-14 06:53:50,55.752,55.752,55.748,55.75
2025-05-14 06:53:55,55.748,55.748,55.738,55.738
2025-05-14 06:54:00,55.742,55.742,55.736,55.738
2025-05-14 06:54:05,55.738,55.74,55.736,55.74
2025-05-14 06:54:10,55.74,55.742,55.739,55.742
2025-05-14 06:54:15,55.742,55.742,55.733,55.733
2025-05-14 06:54:20,55.733,55.738,55.732,55.735
2025-05-14 06:54:25,55.735,55.736,55.732,55.732
2025-05-14 06:54:30,55.732,55.732,55.727,55.728
2025-05-14 06:54:35,55.729,55.729,55.724,55.726
2025-05-14 06:54:40,55.726,55.737,55.726,55.737
2025-05-14 06:54:45,55.737,55.743,55.735,55.743
2025-05-14 06:54:50,55.744,55.745,55.742,55.744
2025-05-14 06:54:55,55.749,55.754,55.748,55.75
2025-05-14 06:55:00,55.75,55.75,55.741,55.741
2025-05-14 06:55:05,55.741,55.742,55.738,55.739
2025-05-14 06:55:10,55.739,55.744,55.739,55.742
2025-05-14 06:55:15,55.748,55.756,55.748,55.752
2025-05-14 06:55:20,55.752,55.752,55.749,55.75
2025-05-14 06:55:25,55.75,55.753,55.749,55.753
2025-05-14 06:55:30,55.752,55.752,55.749,55.749
2025-05-14 06:55:35,55.749,55.749,55.743,55.745
2025-05-14 06:55:40,55.746,55.752,55.746,55.747
2025-05-14 06:55:45,55.747,55.75,55.74,55.742
2025-05-14 06:55:50,55.735,55.737,55.735,55.737
2025-05-14 06:55:55,55.735,55.737,55.734,55.737
2025-05-14 06:56:00,55.735,55.738,55.73,55.731
2025-05-14 06:56:05,55.731,55.737,55.731,55.737
2025-05-14 06:56:10,55.737,55.738,55.735,55.738
2025-05-14 06:56:15,55.738,55.738,55.736,55.738
2025-05-14 06:56:20,55.736,55.746,55.736,55.744
2025-05-14 06:56:25,55.744,55.744,55.74,55.74
2025-05-14 06:56:30,55.74,55.742,55.737,55.741
2025-05-14 06:56:35,55.741,55.741,55.732,55.732
2025-05-14 06:56:40,55.734,55.736,55.734,55.735
2025-05-14 06:56:45,55.735,55.737,55.732,55.737
2025-05-14 06:56:50,55.737,55.739,55.735,55.738
2025-05-14 06:56:55,55.727,55.727,55.723,55.723
2025-05-14 06:57:00,55.723,55.724,55.722,55.722
2025-05-14 06:57:05,55.722,55.725,55.718,55.72
2025-05-14 06:57:10,55.72,55.723,55.719,55.72
2025-05-14 06:57:15,55.72,55.726,55.719,55.723
2025-05-14 06:57:20,55.723,55.723,55.72,55.721
2025-05-14 06:57:25,55.721,55.725,55.719,55.725
2025-05-14 06:57:30,55.725,55.725,55.722,55.722
2025-05-14 06:57:35,55.721,55.724,55.719,55.724
2025-05-14 06:57:40,55.724,55.729,55.724,55.729
2025-05-14 06:57:45,55.729,55.734,55.726,55.728
2025-05-14 06:57:50,55.728,55.73,55.728,55.73
2025-05-14 06:57:55,55.73,55.738,55.73,55.738
2025-05-14 06:58:00,55.738,55.738,55.727,55.727
2025-05-14 06:58:05,55.727,55.728,55.727,55.728
2025-05-14 06:58:10,55.728,55.74,55.728,55.74
2025-05-14 06:58:15,55.741,55.741,55.73,55.73
2025-05-14 06:58:20,55.73,55.731,55.727,55.728
2025-05-14 06:58:25,55.728,55.729,55.727,55.727
2025-05-14 06:58:30,55.727,55.728,55.725,55.727
2025-05-14 06:58:35,55.725,55.732,55.724,55.732
2025-05-14 06:58:40,55.733,55.739,55.731,55.736
2025-05-14 06:58:45,55.735,55.742,55.732,55.739
2025-05-14 06:58:50,55.738,55.739,55.734,55.735
2025-05-14 06:58:55,55.738,55.739,55.738,55.738
2025-05-14 06:59:00,55.738,55.738,55.736,55.738
2025-05-14 06:59:05,55.738,55.742,55.738,55.742
2025-05-14 06:59:10,55.742,55.742,55.735,55.737
2025-05-14 06:59:15,55.736,55.736,55.726,55.727
2025-05-14 06:59:20,55.727,55.729,55.722,55.725
2025-05-14 06:59:25,55.724,55.725,55.721,55.722
2025-05-14 06:59:30,55.722,55.723,55.72,55.723
2025-05-14 06:59:35,55.723,55.727,55.722,55.727
2025-05-14 06:59:40,55.727,55.732,55.727,55.729
2025-05-14 06:59:45,55.729,55.729,55.725,55.725
2025-05-14 06:59:50,55.725,55.729,55.725,55.727
2025-05-14 06:59:55,55.729,55.732,55.728,55.732
2025-05-14 07:00:00,55.734,55.737,55.734,55.736
2025-05-14 07:00:05,55.737,55.744,55.733,55.744
2025-05-14 07:00:10,55.744,55.745,55.735,55.736
2025-05-14 07:00:15,55.736,55.736,55.736,55.736
2025-05-14 07:00:20,55.736,55.736,55.734,55.735
2025-05-14 07:00:25,55.735,55.735,55.731,55.735
2025-05-14 07:00:30,55.735,55.739,55.735,55.736
2025-05-14 07:00:35,55.734,55.736,55.732,55.736
2025-05-14 07:00:40,55.736,55.752,55.736,55.75
2025-05-14 07:00:45,55.75,55.755,55.748,55.753
2025-05-14 07:00:50,55.753,55.754,55.748,55.748
2025-05-14 07:00:55,55.746,55.75,55.744,55.75
2025-05-14 07:01:00,55.751,55.757,55.749,55.756
2025-05-14 07:01:05,55.758,55.76,55.755,55.758
2025-05-14 07:01:10,55.758,55.761,55.755,55.761
2025-05-14 07:01:15,55.759,55.759,55.755,55.755
2025-05-14 07:01:20,55.756,55.76,55.756,55.759
2025-05-14 07:01:25,55.758,55.76,55.754,55.757
2025-05-14 07:01:30,55.757,55.76,55.757,55.758
2025-05-14 07:01:35,55.757,55.757,55.751,55.751
2025-05-14 07:01:40,55.75,55.75,55.743,55.744
2025-05-14 07:01:45,55.746,55.756,55.746,55.756
2025-05-14 07:01:50,55.756,55.756,55.748,55.749
2025-05-14 07:01:55,55.749,55.753,55.749,55.753
2025-05-14 07:02:00,55.753,55.756,55.751,55.756
2025-05-14 07:02:05,55.756,55.763,55.756,55.762
2025-05-14 07:02:10,55.762,55.77,55.759,55.77
2025-05-14 07:02:15,55.77,55.774,55.767,55.768
2025-05-14 07:02:20,55.768,55.775,55.768,55.774
2025-05-14 07:02:25,55.773,55.775,55.772,55.773
2025-05-14 07:02:30,55.773,55.774,55.768,55.768
2025-05-14 07:02:35,55.768,55.771,55.765,55.765
2025-05-14 07:02:40,55.765,55.765,55.758,55.758
2025-05-14 07:02:45,55.758,55.76,55.756,55.76
2025-05-14 07:02:50,55.76,55.763,55.76,55.763
2025-05-14 07:02:55,55.763,55.766,55.761,55.766
2025-05-14 07:03:00,55.766,55.786,55.766,55.786
2025-05-14 07:03:05,55.788,55.79,55.787,55.787
2025-05-14 07:03:10,55.787,55.791,55.787,55.79
2025-05-14 07:03:15,55.79,55.795,55.782,55.784
2025-05-14 07:03:20,55.784,55.788,55.784,55.788
2025-05-14 07:03:25,55.786,55.787,55.784,55.785
2025-05-14 07:03:30,55.785,55.785,55.782,55.783
2025-05-14 07:03:35,55.783,55.787,55.782,55.787
2025-05-14 07:03:40,55.789,55.799,55.787,55.799
2025-05-14 07:03:45,55.802,55.805,55.802,55.805
2025-05-14 07:03:50,55.805,55.806,55.802,55.804
2025-05-14 07:03:55,55.804,55.804,55.794,55.797
2025-05-14 07:04:00,55.796,55.796,55.787,55.789
2025-05-14 07:04:05,55.793,55.795,55.793,55.795
2025-05-14 07:04:10,55.795,55.795,55.791,55.792
2025-05-14 07:04:15,55.792,55.794,55.79,55.791
2025-05-14 07:04:20,55.783,55.783,55.781,55.782
2025-05-14 07:04:25,55.782,55.782,55.776,55.776
2025-05-14 07:04:30,55.776,55.779,55.774,55.779
2025-05-14 07:04:35,55.777,55.779,55.777,55.777
2025-05-14 07:04:40,55.776,55.78,55.776,55.78
2025-05-14 07:04:45,55.781,55.783,55.781,55.782
2025-05-14 07:04:50,55.781,55.782,55.776,55.778
2025-05-14 07:04:55,55.778,55.787,55.776,55.787
2025-05-14 07:05:00,55.787,55.788,55.784,55.784
2025-05-14 07:05:05,55.786,55.788,55.785,55.788
2025-05-14 07:05:10,55.788,55.794,55.788,55.793
2025-05-14 07:05:15,55.793,55.793,55.787,55.787
2025-05-14 07:05:20,55.787,55.788,55.785,55.785
2025-05-14 07:05:25,55.786,55.792,55.784,55.792
2025-05-14 07:05:30,55.796,55.796,55.795,55.795
2025-05-14 07:05:35,55.795,55.8,55.795,55.797
2025-05-14 07:05:40,55.798,55.8,55.795,55.798
2025-05-14 07:05:45,55.8,55.8,55.794,55.798
2025-05-14 07:05:50,55.799,55.8,55.793,55.793
2025-05-14 07:05:55,55.791,55.791,55.784,55.784
2025-05-14 07:06:00,55.783,55.785,55.783,55.784
2025-05-14 07:06:05,55.786,55.786,55.784,55.784
2025-05-14 07:06:10,55.782,55.789,55.78,55.789
2025-05-14 07:06:15,55.789,55.791,55.786,55.786
2025-05-14 07:06:20,55.787,55.79,55.786,55.789
2025-05-14 07:06:25,55.791,55.793,55.789,55.79
2025-05-14 07:06:30,55.791,55.792,55.791,55.792
2025-05-14 07:06:35,55.792,55.793,55.78,55.788
2025-05-14 07:06:40,55.788,55.788,55.781,55.787
2025-05-14 07:06:45,55.788,55.793,55.786,55.792
2025-05-14 07:06:50,55.792,55.794,55.79,55.79
2025-05-14 07:06:55,55.79,55.79,55.787,55.788
2025-05-14 07:07:00,55.788,55.79,55.788,55.789
2025-05-14 07:07:05,55.789,55.794,55.788,55.794
2025-05-14 07:07:10,55.794,55.794,55.787,55.79
2025-05-14 07:07:15,55.79,55.792,55.79,55.79
2025-05-14 07:07:20,55.79,55.79,55.788,55.79
2025-05-14 07:07:25,55.798,55.799,55.796,55.799
2025-05-14 07:07:30,55.8,55.802,55.799,55.799
2025-05-14 07:07:35,55.799,55.801,55.788,55.788
2025-05-14 07:07:40,55.788,55.791,55.788,55.788
2025-05-14 07:07:45,55.788,55.791,55.788,55.791
2025-05-14 07:07:50,55.792,55.799,55.792,55.793
2025-05-14 07:07:55,55.793,55.798,55.792,55.798
2025-05-14 07:08:00,55.798,55.803,55.798,55.803
2025-05-14 07:08:05,55.802,55.802,55.8,55.802
2025-05-14 07:08:10,55.803,55.804,55.8,55.8
2025-05-14 07:08:15,55.8,55.803,55.796,55.803
2025-05-14 07:08:20,55.803,55.81,55.803,55.81
2025-05-14 07:08:25,55.81,55.81,55.804,55.804
2025-05-14 07:08:30,55.804,55.806,55.804,55.805
2025-05-14 07:08:35,55.805,55.805,55.802,55.802
2025-05-14 07:08:40,55.802,55.804,55.801,55.801
2025-05-14 07:08:45,55.801,55.806,55.798,55.798
2025-05-14 07:08:50,55.798,55.798,55.789,55.789
2025-05-14 07:08:55,55.789,55.792,55.789,55.79
2025-05-14 07:09:00,55.79,55.797,55.79,55.792
2025-05-14 07:09:05,55.792,55.792,55.786,55.786
2025-05-14 07:09:10,55.786,55.786,55.779,55.779
2025-05-14 07:09:15,55.779,55.779,55.776,55.776
2025-05-14 07:09:20,55.776,55.781,55.776,55.777
2025-05-14 07:09:25,55.779,55.787,55.777,55.787
2025-05-14 07:09:30,55.787,55.788,55.781,55.781
2025-05-14 07:09:35,55.781,55.781,55.779,55.78
2025-05-14 07:09:40,55.78,55.78,55.775,55.775
2025-05-14 07:09:45,55.778,55.789,55.775,55.783
2025-05-14 07:09:50,55.783,55.784,55.775,55.776
2025-05-14 07:09:55,55.776,55.781,55.772,55.775
2025-05-14 07:10:00,55.775,55.775,55.769,55.769
2025-05-14 07:10:05,55.768,55.768,55.764,55.766
2025-05-14 07:10:10,55.764,55.768,55.764,55.767
2025-05-14 07:10:15,55.767,55.767,55.764,55.764
2025-05-14 07:10:20,55.762,55.762,55.757,55.759
2025-05-14 07:10:25,55.758,55.76,55.756,55.756
2025-05-14 07:10:30,55.756,55.758,55.745,55.745
2025-05-14 07:10:35,55.746,55.749,55.743,55.749
2025-05-14 07:10:40,55.75,55.759,55.75,55.758
2025-05-14 07:10:45,55.756,55.774,55.756,55.77
2025-05-14 07:10:50,55.769,55.774,55.769,55.774
2025-05-14 07:10:55,55.775,55.775,55.768,55.768
2025-05-14 07:11:00,55.767,55.77,55.766,55.768
2025-05-14 07:11:05,55.767,55.771,55.767,55.771
2025-05-14 07:11:10,55.771,55.772,55.766,55.766
2025-05-14 07:11:15,55.764,55.766,55.764,55.766
2025-05-14 07:11:20,55.766,55.767,55.761,55.761
2025-05-14 07:11:25,55.761,55.761,55.745,55.746
2025-05-14 07:11:30,55.746,55.748,55.74,55.74
2025-05-14 07:11:35,55.74,55.741,55.736,55.738
2025-05-14 07:11:40,55.738,55.74,55.738,55.74
2025-05-14 07:11:45,55.742,55.745,55.725,55.725
2025-05-14 07:11:50,55.724,55.729,55.724,55.729
2025-05-14 07:11:55,55.729,55.733,55.724,55.724
2025-05-14 07:12:00,55.727,55.73,55.723,55.729
2025-05-14 07:12:05,55.729,55.745,55.728,55.743
2025-05-14 07:12:10,55.743,55.743,55.741,55.742
2025-05-14 07:12:15,55.742,55.743,55.738,55.738
2025-05-14 07:12:20,55.739,55.742,55.736,55.739
2025-05-14 07:12:25,55.739,55.746,55.739,55.745
2025-05-14 07:12:30,55.746,55.754,55.746,55.752
2025-05-14 07:12:35,55.752,55.758,55.75,55.758
2025-05-14 07:12:40,55.76,55.772,55.76,55.771
2025-05-14 07:12:45,55.771,55.774,55.768,55.768
2025-05-14 07:12:50,55.766,55.766,55.764,55.765
2025-05-14 07:12:55,55.761,55.766,55.761,55.766
2025-05-14 07:13:00,55.765,55.766,55.765,55.766
2025-05-14 07:13:05,55.766,55.773,55.766,55.771
2025-05-14 07:13:10,55.771,55.771,55.764,55.764
2025-05-14 07:13:15,55.763,55.764,55.761,55.761
2025-05-14 07:13:20,55.76,55.761,55.758,55.76
2025-05-14 07:13:25,55.76,55.76,55.756,55.758
2025-05-14 07:13:30,55.755,55.763,55.755,55.755
2025-05-14 07:13:35,55.758,55.764,55.758,55.759
2025-05-14 07:13:40,55.761,55.763,55.759,55.76
2025-05-14 07:13:45,55.76,55.77,55.76,55.77
2025-05-14 07:13:50,55.775,55.788,55.775,55.787
2025-05-14 07:13:55,55.788,55.789,55.786,55.786
2025-05-14 07:14:00,55.786,55.787,55.782,55.782
2025-05-14 07:14:05,55.782,55.789,55.782,55.786
2025-05-14 07:14:10,55.784,55.784,55.78,55.78
2025-05-14 07:14:15,55.779,55.791,55.779,55.785
2025-05-14 07:14:20,55.786,55.787,55.784,55.787
2025-05-14 07:14:25,55.787,55.788,55.782,55.788
2025-05-14 07:14:30,55.786,55.796,55.786,55.788
2025-05-14 07:14:35,55.789,55.794,55.789,55.792
2025-05-14 07:14:40,55.791,55.793,55.79,55.79
2025-05-14 07:14:45,55.79,55.795,55.79,55.795
2025-05-14 07:14:50,55.795,55.795,55.792,55.793
2025-05-14 07:14:55,55.793,55.797,55.793,55.796
2025-05-14 07:15:00,55.796,55.803,55.796,55.802
2025-05-14 07:15:05,55.802,55.803,55.798,55.803
2025-05-14 07:15:10,55.811,55.814,55.81,55.813
2025-05-14 07:15:15,55.813,55.819,55.813,55.815
2025-05-14 07:15:20,55.815,55.815,55.803,55.803
2025-05-14 07:15:25,55.803,55.806,55.803,55.805
2025-05-14 07:15:30,55.805,55.805,55.789,55.789
2025-05-14 07:15:35,55.789,55.791,55.788,55.788
2025-05-14 07:15:40,55.788,55.788,55.779,55.779
2025-05-14 07:15:45,55.779,55.782,55.778,55.78
2025-05-14 07:15:50,55.78,55.781,55.776,55.776
2025-05-14 07:15:55,55.777,55.78,55.775,55.78
2025-05-14 07:16:00,55.778,55.78,55.763,55.763
2025-05-14 07:16:05,55.764,55.766,55.761,55.761
2025-05-14 07:16:10,55.761,55.772,55.76,55.772
2025-05-14 07:16:15,55.771,55.771,55.766,55.767
2025-05-14 07:16:20,55.767,55.767,55.757,55.759
2025-05-14 07:16:25,55.759,55.759,55.755,55.759
2025-05-14 07:16:30,55.759,55.763,55.758,55.763
2025-05-14 07:16:35,55.763,55.765,55.763,55.765
2025-05-14 07:16:40,55.765,55.769,55.765,55.769
2025-05-14 07:16:45,55.77,55.773,55.77,55.771
2025-05-14 07:16:50,55.771,55.774,55.769,55.774
2025-05-14 07:16:55,55.774,55.778,55.773,55.773
2025-05-14 07:17:00,55.773,55.773,55.769,55.771
2025-05-14 07:17:05,55.771,55.773,55.77,55.772
2025-05-14 07:17:10,55.772,55.777,55.77,55.77
2025-05-14 07:17:15,55.772,55.773,55.771,55.771
2025-05-14 07:17:20,55.768,55.768,55.76,55.768
2025-05-14 07:17:25,55.768,55.772,55.767,55.772
2025-05-14 07:17:30,55.772,55.782,55.77,55.781
2025-05-14 07:17:35,55.781,55.784,55.78,55.78
2025-05-14 07:17:40,55.781,55.784,55.781,55.782
2025-05-14 07:17:45,55.787,55.79,55.787,55.789
2025-05-14 07:17:50,55.789,55.795,55.788,55.793
2025-05-14 07:17:55,55.792,55.806,55.792,55.806
2025-05-14 07:18:00,55.806,55.808,55.801,55.801
2025-05-14 07:18:05,55.797,55.797,55.792,55.797
2025-05-14 07:18:10,55.797,55.797,55.793,55.794
2025-05-14 07:18:15,55.794,55.801,55.794,55.8
2025-05-14 07:18:20,55.801,55.805,55.801,55.803
2025-05-14 07:18:25,55.803,55.804,55.801,55.804
2025-05-14 07:18:30,55.804,55.809,55.804,55.809
2025-05-14 07:18:35,55.807,55.812,55.806,55.81
2025-05-14 07:18:40,55.81,55.817,55.81,55.817
2025-05-14 07:18:45,55.817,55.821,55.817,55.821
2025-05-14 07:18:50,55.821,55.834,55.821,55.834
2025-05-14 07:18:55,55.834,55.84,55.834,55.836
2025-05-14 07:19:00,55.838,55.839,55.837,55.838
2025-05-14 07:19:05,55.841,55.846,55.837,55.838
2025-05-14 07:19:10,55.838,55.848,55.835,55.848
2025-05-14 07:19:15,55.848,55.857,55.848,55.857
2025-05-14 07:19:20,55.857,55.863,55.857,55.859
2025-05-14 07:19:25,55.858,55.861,55.858,55.86
2025-05-14 07:19:30,55.86,55.865,55.858,55.865
2025-05-14 07:19:35,55.865,55.865,55.86,55.86
2025-05-14 07:19:40,55.86,55.86,55.858,55.858
2025-05-14 07:19:45,55.857,55.86,55.857,55.859
2025-05-14 07:19:50,55.859,55.865,55.858,55.865
2025-05-14 07:19:55,55.865,55.865,55.854,55.857
2025-05-14 07:20:00,55.857,55.858,55.848,55.848
2025-05-14 07:20:05,55.846,55.851,55.846,55.85
2025-05-14 07:20:10,55.85,55.854,55.849,55.854
2025-05-14 07:20:15,55.854,55.854,55.849,55.849
2025-05-14 07:20:20,55.849,55.854,55.848,55.854
2025-05-14 07:20:25,55.854,55.855,55.852,55.852
2025-05-14 07:20:30,55.852,55.859,55.852,55.859
2025-05-14 07:20:35,55.859,55.863,55.858,55.863
2025-05-14 07:20:40,55.862,55.863,55.862,55.862
2025-05-14 07:20:45,55.862,55.862,55.855,55.855
2025-05-14 07:20:50,55.855,55.855,55.851,55.852
2025-05-14 07:20:55,55.852,55.86,55.851,55.86
2025-05-14 07:21:00,55.856,55.857,55.839,55.839
2025-05-14 07:21:05,55.839,55.843,55.839,55.843
2025-05-14 07:21:10,55.843,55.852,55.843,55.85
2025-05-14 07:21:15,55.85,55.85,55.846,55.847
2025-05-14 07:21:20,55.847,55.849,55.847,55.849
2025-05-14 07:21:25,55.85,55.851,55.848,55.848
2025-05-14 07:21:30,55.848,55.849,55.84,55.841
2025-05-14 07:21:35,55.841,55.841,55.837,55.839
2025-05-14 07:21:40,55.839,55.84,55.839,55.84
2025-05-14 07:21:45,55.837,55.837,55.83,55.833
2025-05-14 07:21:50,55.833,55.835,55.83,55.83
2025-05-14 07:21:55,55.83,55.834,55.828,55.829
2025-05-14 07:22:00,55.83,55.83,55.827,55.83
2025-05-14 07:22:05,55.83,55.831,55.829,55.829
2025-05-14 07:22:10,55.829,55.829,55.823,55.829
2025-05-14 07:22:15,55.829,55.837,55.829,55.836
2025-05-14 07:22:20,55.837,55.837,55.829,55.829
2025-05-14 07:22:25,55.831,55.834,55.831,55.833
2025-05-14 07:22:30,55.833,55.833,55.819,55.819
2025-05-14 07:22:35,55.819,55.82,55.818,55.818
2025-05-14 07:22:40,55.817,55.817,55.814,55.816
2025-05-14 07:22:45,55.816,55.819,55.816,55.817
2025-05-14 07:22:50,55.817,55.819,55.814,55.816
2025-05-14 07:22:55,55.815,55.82,55.815,55.82
2025-05-14 07:23:00,55.819,55.819,55.816,55.818
2025-05-14 07:23:05,55.819,55.819,55.812,55.812
2025-05-14 07:23:10,55.811,55.82,55.811,55.819
2025-05-14 07:23:15,55.819,55.82,55.813,55.815
2025-05-14 07:23:20,55.812,55.812,55.806,55.809
2025-05-14 07:23:25,55.815,55.817,55.813,55.816
2025-05-14 07:23:30,55.816,55.82,55.816,55.817
2025-05-14 07:23:35,55.817,55.82,55.817,55.817
2025-05-14 07:23:40,55.819,55.822,55.814,55.814
2025-05-14 07:23:45,55.814,55.818,55.814,55.818
2025-05-14 07:23:50,55.818,55.82,55.815,55.82
2025-05-14 07:23:55,55.821,55.821,55.817,55.819
2025-05-14 07:24:00,55.822,55.823,55.819,55.821
2025-05-14 07:24:05,55.821,55.821,55.815,55.815
2025-05-14 07:24:10,55.813,55.813,55.81,55.81
2025-05-14 07:24:15,55.808,55.808,55.804,55.805
2025-05-14 07:24:20,55.805,55.812,55.804,55.811
2025-05-14 07:24:25,55.812,55.813,55.809,55.809
2025-05-14 07:24:30,55.809,55.811,55.806,55.81
2025-05-14 07:24:35,55.81,55.813,55.81,55.813
2025-05-14 07:24:40,55.814,55.816,55.814,55.814
2025-05-14 07:24:45,55.813,55.818,55.813,55.818
2025-05-14 07:24:50,55.817,55.817,55.806,55.808
2025-05-14 07:24:55,55.809,55.809,55.802,55.804
2025-05-14 07:25:00,55.803,55.804,55.803,55.803
2025-05-14 07:25:05,55.799,55.804,55.799,55.804
2025-05-14 07:25:10,55.803,55.803,55.792,55.792
2025-05-14 07:25:15,55.792,55.792,55.791,55.792
2025-05-14 07:25:20,55.792,55.795,55.791,55.791
2025-05-14 07:25:25,55.79,55.796,55.79,55.796
2025-05-14 07:25:30,55.796,55.798,55.795,55.797
2025-05-14 07:25:35,55.797,55.799,55.795,55.796
2025-05-14 07:25:40,55.796,55.796,55.783,55.783
2025-05-14 07:25:45,55.783,55.789,55.783,55.789
2025-05-14 07:25:50,55.789,55.793,55.789,55.791
2025-05-14 07:25:55,55.791,55.792,55.786,55.786
2025-05-14 07:26:00,55.786,55.79,55.785,55.788
2025-05-14 07:26:05,55.788,55.788,55.783,55.784
2025-05-14 07:26:10,55.784,55.786,55.783,55.786
2025-05-14 07:26:15,55.786,55.787,55.785,55.786
2025-05-14 07:26:20,55.786,55.789,55.783,55.789
2025-05-14 07:26:25,55.789,55.789,55.781,55.781
2025-05-14 07:26:30,55.781,55.783,55.778,55.783
2025-05-14 07:26:35,55.783,55.783,55.773,55.775
2025-05-14 07:26:40,55.775,55.776,55.774,55.775
2025-05-14 07:26:45,55.773,55.775,55.769,55.774
2025-05-14 07:26:50,55.774,55.776,55.772,55.776
2025-05-14 07:26:55,55.776,55.783,55.774,55.778
2025-05-14 07:27:00,55.778,55.782,55.778,55.782
2025-05-14 07:27:05,55.782,55.782,55.776,55.776
2025-05-14 07:27:10,55.772,55.772,55.77,55.772
2025-05-14 07:27:15,55.772,55.778,55.772,55.776
2025-05-14 07:37:25,55.796,55.796,55.796,55.796
2025-05-14 07:37:30,55.796,55.804,55.796,55.804
2025-05-14 07:37:35,55.805,55.813,55.805,55.81
2025-05-14 07:37:40,55.81,55.813,55.806,55.806
2025-05-14 07:37:45,55.806,55.809,55.805,55.809
2025-05-14 07:37:50,55.809,55.814,55.809,55.812
2025-05-14 07:37:55,55.817,55.824,55.816,55.824
2025-05-14 07:38:00,55.823,55.823,55.819,55.819
2025-05-14 07:38:05,55.819,55.829,55.819,55.828
2025-05-14 07:38:10,55.828,55.83,55.827,55.829
2025-05-14 07:38:15,55.827,55.837,55.827,55.832
2025-05-14 07:38:20,55.832,55.832,55.822,55.822
2025-05-14 07:38:25,55.822,55.823,55.82,55.821
2025-05-14 07:38:30,55.821,55.824,55.816,55.823
2025-05-14 07:38:35,55.822,55.823,55.819,55.823
2025-05-14 07:38:40,55.822,55.833,55.821,55.83
2025-05-14 07:38:45,55.83,55.842,55.83,55.841
2025-05-14 07:38:50,55.841,55.845,55.839,55.844
2025-05-14 07:38:55,55.842,55.846,55.841,55.846
2025-05-14 07:39:00,55.846,55.848,55.845,55.848
2025-05-14 07:39:05,55.848,55.85,55.846,55.847
2025-05-14 07:39:10,55.847,55.849,55.847,55.849
2025-05-14 07:39:15,55.845,55.845,55.841,55.844
2025-05-14 07:39:20,55.845,55.846,55.844,55.846
2025-05-14 07:39:25,55.846,55.849,55.845,55.845
2025-05-14 07:39:30,55.845,55.847,55.841,55.844
2025-05-14 07:39:35,55.844,55.844,55.838,55.842
2025-05-14 07:39:40,55.842,55.845,55.841,55.844
2025-05-14 07:39:45,55.844,55.847,55.842,55.847
2025-05-14 07:39:50,55.846,55.846,55.841,55.844
2025-05-14 07:39:55,55.844,55.852,55.843,55.852
2025-05-14 07:40:00,55.851,55.851,55.842,55.842
2025-05-14 07:40:05,55.842,55.846,55.842,55.844
2025-05-14 07:40:10,55.845,55.85,55.845,55.85
2025-05-14 07:40:15,55.85,55.854,55.849,55.852
2025-05-14 07:40:20,55.853,55.856,55.851,55.856
2025-05-14 07:40:25,55.859,55.86,55.857,55.857
2025-05-14 07:40:30,55.856,55.858,55.855,55.858
2025-05-14 07:40:35,55.858,55.861,55.857,55.857
2025-05-14 07:40:40,55.86,55.865,55.86,55.861
2025-05-14 07:40:45,55.859,55.867,55.858,55.867
2025-05-14 07:40:50,55.867,55.867,55.863,55.865
2025-05-14 07:40:55,55.865,55.866,55.861,55.865
2025-05-14 07:41:00,55.865,55.865,55.86,55.862
2025-05-14 07:41:05,55.862,55.864,55.858,55.863
2025-05-14 07:41:10,55.864,55.865,55.864,55.864
2025-05-14 07:41:15,55.864,55.864,55.858,55.858
2025-05-14 07:41:20,55.858,55.858,55.855,55.856
2025-05-14 07:41:25,55.854,55.855,55.852,55.855
2025-05-14 07:41:30,55.855,55.857,55.85,55.853
2025-05-14 07:41:35,55.853,55.853,55.848,55.851
2025-05-14 07:41:40,55.851,55.855,55.851,55.853
2025-05-14 07:41:45,55.853,55.855,55.851,55.851
2025-05-14 07:41:50,55.85,55.85,55.846,55.847
2025-05-14 07:41:55,55.847,55.851,55.847,55.85
2025-05-14 07:42:00,55.85,55.852,55.85,55.851
2025-05-14 07:42:05,55.851,55.851,55.847,55.851
2025-05-14 07:42:10,55.853,55.855,55.853,55.855
2025-05-14 07:42:15,55.855,55.855,55.85,55.852
2025-05-14 07:42:20,55.854,55.854,55.849,55.852
2025-05-14 07:42:25,55.853,55.865,55.853,55.865
2025-05-14 07:42:30,55.864,55.868,55.864,55.865
2025-05-14 07:42:35,55.865,55.873,55.864,55.864
2025-05-14 07:42:40,55.864,55.882,55.862,55.881
2025-05-14 07:42:45,55.883,55.886,55.882,55.882
2025-05-14 07:42:50,55.882,55.886,55.881,55.884
2025-05-14 07:42:55,55.884,55.886,55.876,55.876
2025-05-14 07:43:00,55.875,55.877,55.875,55.877
2025-05-14 07:43:05,55.876,55.878,55.869,55.869
2025-05-14 07:43:10,55.868,55.872,55.862,55.87
2025-05-14 07:43:15,55.87,55.876,55.869,55.869
2025-05-14 07:43:20,55.869,55.872,55.864,55.867
2025-05-14 07:43:25,55.864,55.865,55.858,55.865
2025-05-14 07:43:30,55.862,55.862,55.859,55.86
2025-05-14 07:43:35,55.86,55.864,55.86,55.864
2025-05-14 07:43:40,55.864,55.867,55.864,55.867
2025-05-14 07:43:45,55.86,55.869,55.86,55.869
2025-05-14 07:43:50,55.862,55.864,55.861,55.863
2025-05-14 07:43:55,55.863,55.863,55.862,55.862
2025-05-14 07:44:00,55.86,55.86,55.858,55.859
2025-05-14 07:44:05,55.855,55.859,55.855,55.859
2025-05-14 07:44:10,55.864,55.871,55.86,55.871
2025-05-14 07:44:15,55.871,55.878,55.871,55.873
2025-05-14 07:44:20,55.873,55.873,55.871,55.872
2025-05-14 07:44:25,55.872,55.879,55.87,55.879
2025-05-14 07:44:30,55.879,55.879,55.872,55.875
2025-05-14 07:44:35,55.875,55.877,55.871,55.877
2025-05-14 07:44:40,55.877,55.878,55.877,55.877
2025-05-14 07:44:45,55.878,55.883,55.878,55.882
2025-05-14 07:44:50,55.882,55.885,55.882,55.882
2025-05-14 07:44:55,55.882,55.883,55.869,55.869
2025-05-14 07:45:00,55.869,55.871,55.865,55.87
2025-05-14 07:45:05,55.87,55.873,55.869,55.872
2025-05-14 07:45:10,55.872,55.877,55.872,55.877
2025-05-14 07:45:15,55.877,55.879,55.877,55.879
2025-05-14 07:45:20,55.879,55.879,55.874,55.874
2025-05-14 07:45:25,55.874,55.874,55.872,55.872
2025-05-14 07:45:30,55.873,55.876,55.87,55.873
2025-05-14 07:45:35,55.872,55.88,55.872,55.879
2025-05-14 07:45:40,55.878,55.878,55.875,55.877
2025-05-14 07:45:45,55.877,55.882,55.877,55.88
2025-05-14 07:45:50,55.878,55.879,55.87,55.878
2025-05-14 07:45:55,55.874,55.878,55.874,55.878
2025-05-14 07:46:00,55.878,55.888,55.878,55.887
2025-05-14 07:46:05,55.884,55.887,55.881,55.881
2025-05-14 07:46:10,55.882,55.886,55.882,55.886
2025-05-14 07:46:15,55.893,55.893,55.889,55.891
2025-05-14 07:46:20,55.893,55.893,55.885,55.885
2025-05-14 07:46:25,55.886,55.89,55.877,55.878
2025-05-14 07:46:30,55.88,55.881,55.88,55.88
2025-05-14 07:46:35,55.874,55.876,55.87,55.87
2025-05-14 07:46:40,55.87,55.875,55.87,55.875
2025-05-14 07:46:45,55.874,55.879,55.869,55.879
2025-05-14 07:46:50,55.879,55.879,55.868,55.87
2025-05-14 07:46:55,55.87,55.87,55.864,55.864
2025-05-14 07:47:00,55.864,55.865,55.863,55.864
2025-05-14 07:47:05,55.863,55.867,55.863,55.865
2025-05-14 07:47:10,55.865,55.877,55.865,55.877
2025-05-14 07:47:15,55.877,55.877,55.874,55.874
2025-05-14 07:47:20,55.874,55.876,55.873,55.873
2025-05-14 07:47:25,55.877,55.877,55.873,55.875
2025-05-14 07:47:30,55.875,55.878,55.875,55.875
2025-05-14 07:47:35,55.873,55.879,55.873,55.879
2025-05-14 07:47:40,55.879,55.882,55.879,55.881
2025-05-14 07:47:45,55.881,55.881,55.874,55.874
2025-05-14 07:47:50,55.874,55.879,55.874,55.879
2025-05-14 07:47:55,55.88,55.88,55.877,55.879
2025-05-14 07:48:00,55.879,55.883,55.879,55.882
2025-05-14 07:48:05,55.885,55.888,55.884,55.888
2025-05-14 07:48:10,55.888,55.892,55.888,55.889
2025-05-14 07:48:15,55.89,55.89,55.879,55.879
2025-05-14 07:48:20,55.879,55.886,55.879,55.886
2025-05-14 07:48:25,55.886,55.887,55.882,55.884
2025-05-14 07:48:30,55.884,55.891,55.884,55.891
2025-05-14 07:48:35,55.891,55.891,55.886,55.886
2025-05-14 07:48:40,55.886,55.897,55.883,55.893
2025-05-14 07:48:45,55.893,55.897,55.891,55.891
2025-05-14 07:48:50,55.891,55.894,55.89,55.894
2025-05-14 07:48:55,55.894,55.894,55.894,55.894
2025-05-14 07:49:00,55.894,55.896,55.894,55.896
2025-05-14 07:49:05,55.896,55.9,55.895,55.899
2025-05-14 07:49:10,55.899,55.904,55.899,55.903
2025-05-14 07:49:15,55.903,55.904,55.896,55.901
2025-05-14 07:49:20,55.901,55.911,55.9,55.911
2025-05-14 07:49:25,55.911,55.911,55.905,55.905
2025-05-14 07:49:30,55.906,55.911,55.905,55.911
2025-05-14 07:49:35,55.912,55.912,55.908,55.908
2025-05-14 07:49:40,55.908,55.913,55.907,55.911
2025-05-14 07:49:45,55.911,55.917,55.91,55.915
2025-05-14 07:49:50,55.915,55.916,55.907,55.908
2025-05-14 07:49:55,55.909,55.922,55.909,55.921
2025-05-14 07:50:00,55.921,55.934,55.921,55.934
2025-05-14 07:50:05,55.934,55.938,55.934,55.938
2025-05-14 07:50:10,55.934,55.934,55.925,55.925
2025-05-14 07:50:15,55.926,55.926,55.915,55.916
2025-05-14 07:50:20,55.916,55.919,55.916,55.918
2025-05-14 07:50:25,55.918,55.918,55.91,55.913
2025-05-14 07:50:30,55.913,55.913,55.911,55.913
2025-05-14 07:50:35,55.914,55.921,55.911,55.921
2025-05-14 07:50:40,55.921,55.921,55.914,55.917
2025-05-14 07:50:45,55.917,55.917,55.912,55.914
2025-05-14 07:50:50,55.914,55.914,55.908,55.911
2025-05-14 07:50:55,55.911,55.911,55.905,55.909
2025-05-14 07:51:00,55.909,55.91,55.908,55.909
2025-05-14 07:51:05,55.909,55.912,55.908,55.91
2025-05-14 07:51:10,55.91,55.91,55.905,55.906
2025-05-14 07:51:15,55.903,55.906,55.903,55.906
2025-05-14 07:51:20,55.906,55.908,55.905,55.905
2025-05-14 07:51:25,55.905,55.909,55.905,55.908
2025-05-14 07:51:30,55.91,55.914,55.91,55.912
2025-05-14 07:51:35,55.91,55.914,55.91,55.914
2025-05-14 07:51:40,55.915,55.916,55.914,55.916
2025-05-14 07:51:45,55.915,55.922,55.912,55.92
2025-05-14 07:51:50,55.919,55.926,55.919,55.926
2025-05-14 07:51:55,55.926,55.928,55.92,55.92
2025-05-14 07:52:00,55.922,55.922,55.918,55.918
2025-05-14 07:52:05,55.918,55.919,55.915,55.915
2025-05-14 07:52:10,55.915,55.917,55.907,55.907
2025-05-14 07:52:15,55.907,55.909,55.907,55.907
2025-05-14 07:52:20,55.907,55.907,55.902,55.902
2025-05-14 07:52:25,55.903,55.907,55.903,55.907
2025-05-14 07:52:30,55.906,55.906,55.897,55.898
2025-05-14 07:52:35,55.901,55.901,55.895,55.896
2025-05-14 07:52:40,55.893,55.894,55.889,55.893
2025-05-14 07:52:45,55.893,55.894,55.885,55.885
2025-05-14 07:52:50,55.887,55.892,55.887,55.889
2025-05-14 07:52:55,55.888,55.891,55.884,55.884
2025-05-14 07:53:00,55.883,55.883,55.881,55.881
2025-05-14 07:53:05,55.881,55.881,55.879,55.88
2025-05-14 07:53:10,55.88,55.88,55.875,55.875
2025-05-14 07:53:15,55.875,55.875,55.866,55.866
2025-05-14 07:53:20,55.867,55.873,55.867,55.869
2025-05-14 07:53:25,55.869,55.877,55.868,55.877
2025-05-14 07:53:30,55.877,55.878,55.874,55.874
2025-05-14 07:53:35,55.874,55.874,55.871,55.871
2025-05-14 07:53:40,55.87,55.873,55.87,55.872
2025-05-14 07:53:45,55.87,55.87,55.866,55.869
2025-05-14 07:53:50,55.869,55.869,55.862,55.865
2025-05-14 07:53:55,55.866,55.878,55.864,55.878
2025-05-14 07:54:00,55.878,55.881,55.877,55.881
2025-05-14 07:54:05,55.882,55.89,55.882,55.884
2025-05-14 07:54:10,55.884,55.885,55.879,55.883
2025-05-14 07:54:15,55.884,55.887,55.88,55.88
2025-05-14 07:54:20,55.884,55.888,55.88,55.88
2025-05-14 07:54:25,55.88,55.881,55.876,55.881
2025-05-14 07:54:30,55.881,55.886,55.881,55.886
2025-05-14 07:54:35,55.886,55.892,55.885,55.89
2025-05-14 07:54:40,55.892,55.892,55.88,55.881
2025-05-14 07:54:45,55.88,55.88,55.877,55.877
2025-05-14 07:54:50,55.877,55.877,55.875,55.877
2025-05-14 07:54:55,55.879,55.883,55.879,55.883
2025-05-14 07:55:00,55.883,55.883,55.876,55.876
2025-05-14 07:55:05,55.876,55.877,55.87,55.87
2025-05-14 07:55:10,55.87,55.87,55.864,55.866
2025-05-14 07:55:15,55.866,55.866,55.862,55.864
2025-05-14 07:55:20,55.864,55.864,55.856,55.857
2025-05-14 07:55:25,55.857,55.858,55.855,55.855
2025-05-14 07:55:30,55.855,55.859,55.844,55.844
2025-05-14 07:55:35,55.844,55.846,55.844,55.844
2025-05-14 07:55:40,55.844,55.848,55.844,55.848
2025-05-14 07:55:45,55.848,55.865,55.848,55.865
2025-05-14 07:55:50,55.865,55.867,55.858,55.863
2025-05-14 07:55:55,55.863,55.863,55.854,55.854
2025-05-14 07:56:00,55.857,55.859,55.855,55.858
2025-05-14 07:56:05,55.858,55.874,55.858,55.874
2025-05-14 07:56:10,55.874,55.874,55.866,55.871
2025-05-14 07:56:15,55.871,55.872,55.866,55.867
2025-05-14 07:56:20,55.867,55.869,55.865,55.865
2025-05-14 07:56:25,55.865,55.865,55.855,55.855
2025-05-14 07:56:30,55.855,55.856,55.853,55.853
2025-05-14 07:56:35,55.852,55.857,55.852,55.855
2025-05-14 07:56:40,55.853,55.854,55.853,55.853
2025-05-14 07:56:45,55.853,55.873,55.853,55.873
2025-05-14 07:56:50,55.873,55.88,55.873,55.88
2025-05-14 07:56:55,55.88,55.88,55.868,55.873
2025-05-14 07:57:00,55.873,55.875,55.871,55.871
2025-05-14 07:57:05,55.871,55.876,55.871,55.876
2025-05-14 07:57:10,55.876,55.877,55.87,55.874
2025-05-14 07:57:15,55.873,55.882,55.873,55.882
2025-05-14 07:57:20,55.881,55.897,55.881,55.895
2025-05-14 07:57:25,55.895,55.895,55.891,55.892
2025-05-14 07:57:30,55.892,55.897,55.891,55.897
2025-05-14 07:57:35,55.897,55.913,55.897,55.912
2025-05-14 07:57:40,55.913,55.913,55.911,55.912
2025-05-14 07:57:45,55.912,55.916,55.91,55.916
2025-05-14 07:57:50,55.918,55.927,55.918,55.927
2025-05-14 07:57:55,55.927,55.931,55.927,55.928
2025-05-14 07:58:00,55.927,55.928,55.925,55.926
2025-05-14 07:58:05,55.925,55.925,55.918,55.918
2025-05-14 07:58:10,55.918,55.922,55.918,55.919
2025-05-14 07:58:15,55.919,55.919,55.916,55.917
2025-05-14 07:58:20,55.92,55.922,55.916,55.916
2025-05-14 07:58:25,55.916,55.916,55.913,55.913
2025-05-14 07:58:30,55.914,55.914,55.905,55.905
2025-05-14 07:58:35,55.905,55.906,55.899,55.899
2025-05-14 07:58:40,55.899,55.906,55.899,55.906
2025-05-14 07:58:45,55.906,55.906,55.899,55.899
2025-05-14 07:58:50,55.898,55.899,55.895,55.897
2025-05-14 07:58:55,55.897,55.9,55.897,55.899
2025-05-14 07:59:00,55.899,55.899,55.897,55.898
2025-05-14 07:59:05,55.9,55.909,55.9,55.909
2025-05-14 07:59:10,55.913,55.914,55.911,55.911
2025-05-14 07:59:15,55.911,55.917,55.911,55.911
2025-05-14 07:59:20,55.911,55.913,55.911,55.911
2025-05-14 07:59:25,55.913,55.914,55.913,55.913
2025-05-14 07:59:30,55.911,55.915,55.911,55.915
2025-05-14 07:59:35,55.915,55.925,55.915,55.925
2025-05-14 07:59:40,55.925,55.927,55.922,55.926
2025-05-14 07:59:45,55.925,55.925,55.92,55.924
2025-05-14 07:59:50,55.924,55.924,55.921,55.921
2025-05-14 07:59:55,55.921,55.923,55.918,55.922
2025-05-14 08:00:00,55.922,55.925,55.922,55.923
2025-05-14 08:00:05,55.923,55.929,55.923,55.929
2025-05-14 08:00:10,55.929,55.935,55.928,55.929
2025-05-14 08:00:15,55.929,55.931,55.929,55.931
2025-05-14 08:00:20,55.931,55.934,55.931,55.932
2025-05-14 08:00:25,55.932,55.932,55.925,55.925
2025-05-14 08:00:30,55.922,55.931,55.92,55.93
2025-05-14 08:00:35,55.93,55.932,55.926,55.929
2025-05-14 08:00:40,55.929,55.929,55.924,55.926
2025-05-14 08:00:45,55.925,55.927,55.924,55.924
2025-05-14 08:00:50,55.925,55.925,55.911,55.911
2025-05-14 08:00:55,55.911,55.913,55.908,55.911
2025-05-14 08:01:00,55.911,55.917,55.904,55.904
2025-05-14 08:01:05,55.904,55.904,55.896,55.896
2025-05-14 08:01:10,55.896,55.905,55.896,55.905
2025-05-14 08:01:15,55.905,55.906,55.901,55.904
2025-05-14 08:01:20,55.904,55.907,55.9,55.9
2025-05-14 08:01:25,55.9,55.9,55.898,55.899
2025-05-14 08:01:30,55.902,55.902,55.898,55.898
2025-05-14 08:01:35,55.898,55.901,55.894,55.901
2025-05-14 08:01:40,55.901,55.906,55.901,55.906
2025-05-14 08:01:45,55.906,55.909,55.906,55.909
2025-05-14 08:01:50,55.911,55.911,55.899,55.899
2025-05-14 08:01:55,55.899,55.9,55.899,55.899
2025-05-14 08:02:00,55.899,55.912,55.899,55.912
2025-05-14 08:02:05,55.912,55.912,55.907,55.907
2025-05-14 08:02:10,55.907,55.907,55.902,55.906
2025-05-14 08:02:15,55.906,55.907,55.901,55.907
2025-05-14 08:02:20,55.908,55.91,55.902,55.91
2025-05-14 08:02:25,55.908,55.908,55.901,55.901
2025-05-14 08:02:30,55.901,55.91,55.899,55.91
2025-05-14 08:02:35,55.91,55.915,55.91,55.912
2025-05-14 08:02:40,55.912,55.921,55.912,55.921
2025-05-14 08:02:45,55.914,55.922,55.914,55.92
2025-05-14 08:02:50,55.92,55.927,55.92,55.924
2025-05-14 08:02:55,55.924,55.949,55.924,55.949
2025-05-14 08:03:00,55.949,55.95,55.948,55.948
2025-05-14 08:03:05,55.947,55.951,55.947,55.947
2025-05-14 08:03:10,55.947,55.947,55.94,55.94
2025-05-14 08:03:15,55.939,55.941,55.939,55.941
2025-05-14 08:03:20,55.941,55.943,55.94,55.942
2025-05-14 08:03:25,55.942,55.942,55.935,55.936
2025-05-14 08:03:30,55.936,55.945,55.936,55.945
2025-05-14 08:03:35,55.945,55.947,55.942,55.942
2025-05-14 08:03:40,55.942,55.942,55.932,55.932
2025-05-14 08:03:45,55.933,55.933,55.928,55.932
2025-05-14 08:03:50,55.932,55.939,55.932,55.939
2025-05-14 08:03:55,55.939,55.939,55.935,55.935
2025-05-14 08:04:00,55.937,55.948,55.937,55.948
2025-05-14 08:04:05,55.946,55.948,55.934,55.935
2025-05-14 08:04:10,55.932,55.932,55.926,55.926
2025-05-14 08:04:15,55.926,55.927,55.923,55.927
2025-05-14 08:04:20,55.927,55.933,55.926,55.933
2025-05-14 08:04:25,55.933,55.934,55.933,55.933
2025-05-14 08:04:30,55.938,55.941,55.933,55.94
2025-05-14 08:04:35,55.94,55.942,55.94,55.94
2025-05-14 08:04:40,55.94,55.942,55.939,55.942
2025-05-14 08:04:45,55.941,55.945,55.94,55.945
2025-05-14 08:04:50,55.947,55.955,55.947,55.955
2025-05-14 08:04:55,55.957,55.96,55.953,55.956
2025-05-14 08:05:00,55.956,55.956,55.954,55.955
2025-05-14 08:05:05,55.955,55.955,55.95,55.954
2025-05-14 08:05:10,55.954,55.963,55.95,55.963
2025-05-14 08:05:15,55.964,55.972,55.964,55.967
2025-05-14 08:05:20,55.967,55.969,55.963,55.966
2025-05-14 08:05:25,55.965,55.965,55.961,55.961
2025-05-14 08:05:30,55.962,55.968,55.96,55.968
2025-05-14 08:05:35,55.965,55.968,55.965,55.966
2025-05-14 08:05:40,55.966,55.966,55.963,55.965
2025-05-14 08:05:45,55.965,55.965,55.958,55.958
2025-05-14 08:05:50,55.958,55.961,55.958,55.959
2025-05-14 08:05:55,55.957,55.962,55.957,55.962
2025-05-14 08:06:00,55.962,55.972,55.961,55.972
2025-05-14 08:06:05,55.971,55.973,55.971,55.973
2025-05-14 08:06:10,55.971,55.983,55.971,55.983
2025-05-14 08:06:15,55.983,55.985,55.974,55.976
2025-05-14 08:06:20,55.976,55.978,55.974,55.977
2025-05-14 08:06:25,55.976,55.977,55.967,55.968
2025-05-14 08:06:30,55.968,55.968,55.966,55.966
2025-05-14 08:06:35,55.958,55.964,55.958,55.964
2025-05-14 08:06:40,55.964,55.968,55.964,55.968
2025-05-14 08:06:45,55.97,55.97,55.969,55.97
2025-05-14 08:06:50,55.971,55.971,55.965,55.967
2025-05-14 08:06:55,55.967,55.967,55.961,55.961
2025-05-14 08:07:00,55.961,55.961,55.955,55.957
2025-05-14 08:07:05,55.957,55.962,55.957,55.961
2025-05-14 08:07:10,55.962,55.972,55.962,55.972
2025-05-14 08:07:15,55.972,55.974,55.97,55.97
2025-05-14 08:07:20,55.97,55.971,55.968,55.968
2025-05-14 08:07:25,55.968,55.97,55.968,55.968
2025-05-14 08:07:30,55.979,55.985,55.979,55.985
2025-05-14 08:07:35,55.985,55.986,55.968,55.969
2025-05-14 08:07:40,55.969,55.971,55.96,55.96
2025-05-14 08:07:45,55.96,55.965,55.96,55.961
2025-05-14 08:07:50,55.962,55.962,55.954,55.954
2025-05-14 08:07:55,55.955,55.96,55.955,55.959
2025-05-14 08:08:00,55.959,55.961,55.957,55.957
2025-05-14 08:08:05,55.957,55.966,55.956,55.966
2025-05-14 08:08:10,55.967,55.968,55.967,55.968
2025-05-14 08:08:15,55.968,55.974,55.968,55.969
2025-05-14 08:08:20,55.969,55.973,55.967,55.971
2025-05-14 08:08:25,55.971,55.971,55.968,55.968
2025-05-14 08:08:30,55.968,55.968,55.962,55.964
2025-05-14 08:08:35,55.966,55.967,55.965,55.966
2025-05-14 08:08:40,55.966,55.967,55.959,55.96
2025-05-14 08:08:45,55.96,55.963,55.96,55.96
2025-05-14 08:08:50,55.96,55.96,55.957,55.96
2025-05-14 08:08:55,55.96,55.96,55.956,55.957
2025-05-14 08:09:00,55.957,55.957,55.952,55.954
2025-05-14 08:09:05,55.954,55.954,55.951,55.951
2025-05-14 08:09:10,55.952,55.956,55.952,55.952
2025-05-14 08:09:15,55.952,55.953,55.951,55.951
2025-05-14 08:09:20,55.951,55.952,55.949,55.952
2025-05-14 08:09:25,55.952,55.952,55.949,55.951
2025-05-14 08:09:30,55.951,55.952,55.949,55.951
2025-05-14 08:09:35,55.952,55.952,55.944,55.944
2025-05-14 08:09:40,55.947,55.951,55.947,55.949
2025-05-14 08:09:45,55.949,55.958,55.948,55.948
2025-05-14 08:09:50,55.95,55.953,55.941,55.941
2025-05-14 08:09:55,55.942,55.95,55.936,55.95
2025-05-14 08:10:00,55.95,55.96,55.95,55.958
2025-05-14 08:10:05,55.959,55.959,55.942,55.942
2025-05-14 08:10:10,55.942,55.951,55.942,55.949
2025-05-14 08:10:15,55.949,55.951,55.948,55.951
2025-05-14 08:10:20,55.952,55.954,55.95,55.95
2025-05-14 08:10:25,55.949,55.949,55.937,55.938
2025-05-14 08:10:30,55.938,55.941,55.934,55.935
2025-05-14 08:10:35,55.934,55.939,55.934,55.939
2025-05-14 08:10:40,55.939,55.94,55.937,55.94
2025-05-14 08:10:45,55.94,55.957,55.94,55.957
2025-05-14 08:10:50,55.959,55.962,55.959,55.962
2025-05-14 08:10:55,55.962,55.967,55.962,55.966
2025-05-14 08:11:00,55.966,55.967,55.964,55.967
2025-05-14 08:11:05,55.967,55.968,55.962,55.963
2025-05-14 08:11:10,55.963,55.966,55.963,55.965
2025-05-14 08:11:15,55.965,55.966,55.956,55.957
2025-05-14 08:11:20,55.955,55.965,55.955,55.963
2025-05-14 08:11:25,55.963,55.971,55.963,55.97
2025-05-14 08:11:30,55.97,55.973,55.965,55.967
2025-05-14 08:11:35,55.967,55.967,55.957,55.959
2025-05-14 08:11:40,55.959,55.969,55.959,55.969
2025-05-14 08:11:45,55.969,55.971,55.969,55.97
2025-05-14 08:11:50,55.97,55.98,55.969,55.978
2025-05-14 08:11:55,55.977,55.977,55.967,55.968
2025-05-14 08:12:00,55.971,55.984,55.971,55.984
2025-05-14 08:12:05,55.984,55.991,55.984,55.986
2025-05-14 08:12:10,55.986,55.993,55.985,55.993
2025-05-14 08:12:15,55.994,55.994,55.991,55.992
2025-05-14 08:12:20,55.993,55.995,55.993,55.993
2025-05-14 08:12:25,55.993,55.996,55.992,55.996
2025-05-14 08:12:30,55.996,55.998,55.995,55.996
2025-05-14 08:12:35,55.991,55.994,55.989,55.993
2025-05-14 08:12:40,55.996,56.003,55.996,56.003
2025-05-14 08:12:45,56.003,56.012,56.003,56.01
2025-05-14 08:12:50,56.01,56.016,56.01,56.015
2025-05-14 08:12:55,56.015,56.015,56.009,56.009
2025-05-14 08:13:00,56.01,56.012,56.005,56.007
2025-05-14 08:13:05,56.007,56.007,56.001,56.004
2025-05-14 08:13:10,56.004,56.004,55.995,55.996
2025-05-14 08:13:15,55.996,56,55.992,55.992
2025-05-14 08:13:20,55.994,55.997,55.991,55.997
2025-05-14 08:13:25,55.997,56.006,55.997,56.006
2025-05-14 08:13:30,56.006,56.012,56.004,56.007
2025-05-14 08:13:35,56.007,56.01,56.007,56.01
2025-05-14 08:13:40,56.008,56.008,56.001,56.002
2025-05-14 08:13:45,56.002,56.005,56.002,56.002
2025-05-14 08:13:50,56.002,56.002,55.997,55.998
2025-05-14 08:13:55,55.998,56.001,55.998,56
2025-05-14 08:14:00,56,56.001,55.998,56.001
2025-05-14 08:14:05,56.001,56.006,56,56.005
2025-05-14 08:14:10,56.005,56.01,56.005,56.007
2025-05-14 08:14:15,56.007,56.011,56.006,56.011
2025-05-14 08:14:20,56.009,56.009,56.003,56.005
2025-05-14 08:14:25,56.005,56.013,56.004,56.013
2025-05-14 08:14:30,56.013,56.019,56.011,56.019
2025-05-14 08:14:35,56.02,56.025,56.02,56.025
2025-05-14 08:14:40,56.03,56.03,56.027,56.027
2025-05-14 08:14:45,56.027,56.031,56.027,56.031
2025-05-14 08:14:50,56.031,56.048,56.031,56.048
2025-05-14 08:14:55,56.048,56.048,56.038,56.039
2025-05-14 08:15:00,56.039,56.039,56.036,56.036
2025-05-14 08:15:05,56.037,56.04,56.032,56.04
2025-05-14 08:15:10,56.04,56.046,56.039,56.046
2025-05-14 08:15:15,56.046,56.046,56.039,56.041
2025-05-14 08:15:20,56.041,56.044,56.039,56.039
2025-05-14 08:15:25,56.037,56.044,56.037,56.044
2025-05-14 08:15:30,56.043,56.044,56.041,56.044
2025-05-14 08:15:35,56.044,56.045,56.037,56.037
2025-05-14 08:15:40,56.036,56.044,56.036,56.042
2025-05-14 08:15:45,56.038,56.041,56.035,56.041
2025-05-14 08:15:50,56.041,56.043,56.041,56.041
2025-05-14 08:15:55,56.032,56.034,56.027,56.029
2025-05-14 08:16:00,56.03,56.03,56.023,56.023
2025-05-14 08:16:05,56.023,56.024,56.023,56.023
2025-05-14 08:16:10,56.023,56.023,56.018,56.019
2025-05-14 08:16:15,56.019,56.021,56.018,56.021
2025-05-14 08:16:20,56.021,56.025,56.021,56.025
2025-05-14 08:16:25,56.025,56.027,56.024,56.024
2025-05-14 08:16:30,56.02,56.027,56.019,56.027
2025-05-14 08:16:35,56.027,56.031,56.027,56.031
2025-05-14 08:16:40,56.031,56.033,56.031,56.033
2025-05-14 08:16:45,56.033,56.033,56.025,56.028
2025-05-14 08:16:50,56.029,56.029,56.025,56.025
2025-05-14 08:16:55,56.025,56.036,56.025,56.036
2025-05-14 08:17:00,56.036,56.036,56.032,56.033
2025-05-14 08:17:05,56.033,56.035,56.027,56.027
2025-05-14 08:17:10,56.029,56.029,56.019,56.019
2025-05-14 08:17:15,56.019,56.026,56.019,56.022
2025-05-14 08:17:20,56.021,56.021,56.017,56.021
2025-05-14 08:17:25,56.02,56.02,56.015,56.018
2025-05-14 08:17:30,56.018,56.021,56.018,56.02
2025-05-14 08:17:35,56.02,56.023,56.019,56.023
2025-05-14 08:17:40,56.023,56.026,56.022,56.026
2025-05-14 08:17:45,56.026,56.029,56.026,56.026
2025-05-14 08:17:50,56.026,56.026,56.017,56.017
2025-05-14 08:17:55,56.017,56.022,56.016,56.02
2025-05-14 08:18:00,56.019,56.023,56.015,56.016
2025-05-14 08:18:05,56.016,56.016,56.014,56.014
2025-05-14 08:18:10,56.024,56.027,56.022,56.022
2025-05-14 08:18:15,56.022,56.025,56.019,56.024
2025-05-14 08:18:20,56.023,56.023,56.017,56.019
2025-05-14 08:18:25,56.021,56.021,55.997,56.003
2025-05-14 08:18:30,56.003,56.009,56.001,56.009
2025-05-14 08:18:35,56.009,56.01,56.005,56.008
2025-05-14 08:18:40,56.008,56.008,55.994,55.997
2025-05-14 08:18:45,55.997,55.998,55.996,55.998
2025-05-14 08:18:50,56.002,56.004,55.998,56.004
2025-05-14 08:18:55,56.004,56.005,56.002,56.004
2025-05-14 08:19:00,56.004,56.006,55.994,55.994
2025-05-14 08:19:05,55.994,55.994,55.984,55.984
2025-05-14 08:19:10,55.984,55.984,55.983,55.984
2025-05-14 08:19:15,55.984,55.991,55.981,55.991
2025-05-14 08:19:20,55.99,55.99,55.987,55.99
2025-05-14 08:19:25,55.99,56.001,55.99,56.001
2025-05-14 08:19:30,55.999,56.002,55.998,55.999
2025-05-14 08:19:35,55.999,56,55.998,55.999
2025-05-14 08:19:40,56,56.002,55.998,56
2025-05-14 08:19:45,56,56,55.997,55.999
2025-05-14 08:19:50,55.999,56.001,55.995,55.995
2025-05-14 08:19:55,55.995,55.996,55.993,55.993
2025-05-14 08:20:00,55.993,55.995,55.992,55.995
2025-05-14 08:20:05,55.995,56.003,55.995,56.003
2025-05-14 08:20:10,56.003,56.01,56.002,56.007
2025-05-14 08:20:15,56.007,56.007,55.994,55.994
2025-05-14 08:20:20,55.994,55.997,55.993,55.995
2025-05-14 08:20:25,55.996,56,55.996,55.999
2025-05-14 08:20:30,55.999,56.001,55.999,56.001
2025-05-14 08:20:35,56.001,56.003,55.999,56
2025-05-14 08:20:40,56,56.005,55.997,55.998
2025-05-14 08:20:45,55.997,55.997,55.994,55.997
2025-05-14 08:20:50,55.997,56.001,55.997,56.001
2025-05-14 08:20:55,56.001,56.007,56.001,56.007
2025-05-14 08:21:00,56.007,56.01,56.006,56.008
2025-05-14 08:21:05,56.006,56.011,56.006,56.009
2025-05-14 08:21:10,56.007,56.013,56.007,56.009
2025-05-14 08:21:15,56.009,56.012,56.008,56.011
2025-05-14 08:21:20,56.013,56.013,56.01,56.01
2025-05-14 08:21:25,56.012,56.018,56.01,56.018
2025-05-14 08:21:30,56.019,56.025,56.019,56.022
2025-05-14 08:21:35,56.022,56.022,56.018,56.019
2025-05-14 08:21:40,56.017,56.02,56.015,56.019
2025-05-14 08:21:45,56.016,56.016,56.001,56.001
2025-05-14 08:21:50,56.001,56.001,55.991,56.001
2025-05-14 08:21:55,56,56,55.997,56
2025-05-14 08:22:00,56,56.018,56,56.018
2025-05-14 08:22:05,56.019,56.026,56.019,56.026
2025-05-14 08:22:10,56.022,56.03,56.022,56.03
2025-05-14 08:22:15,56.03,56.03,56.024,56.027
2025-05-14 08:22:20,56.027,56.027,56.024,56.026
2025-05-14 08:22:25,56.026,56.028,56.021,56.021
2025-05-14 08:22:30,56.021,56.021,56.016,56.017
2025-05-14 08:22:35,56.016,56.017,56.005,56.005
2025-05-14 08:22:40,56.005,56.008,56.002,56.008
2025-05-14 08:22:45,56.012,56.018,56.009,56.01
2025-05-14 08:22:50,56.01,56.01,56.006,56.007
2025-05-14 08:22:55,56.008,56.008,56.005,56.005
2025-05-14 08:23:00,56.005,56.005,55.996,55.996
2025-05-14 08:23:05,55.996,55.996,55.991,55.994
2025-05-14 08:23:10,55.994,55.994,55.98,55.98
2025-05-14 08:23:15,55.978,55.989,55.978,55.989
2025-05-14 08:23:20,55.989,55.992,55.986,55.992
2025-05-14 08:23:25,55.993,55.994,55.989,55.992
2025-05-14 08:23:30,55.992,55.992,55.988,55.99
2025-05-14 08:23:35,55.991,55.998,55.991,55.998
2025-05-14 08:23:40,55.998,55.999,55.997,55.999
2025-05-14 08:23:45,55.999,56.001,55.998,55.999
2025-05-14 08:23:50,55.995,55.997,55.995,55.995
2025-05-14 08:23:55,55.993,55.993,55.988,55.988
2025-05-14 08:24:00,55.988,55.988,55.984,55.984
2025-05-14 08:24:05,55.984,55.984,55.981,55.981
2025-05-14 08:24:10,55.982,55.985,55.982,55.982
2025-05-14 08:24:15,55.98,55.98,55.978,55.98
2025-05-14 08:24:20,55.98,55.986,55.978,55.986
2025-05-14 08:24:25,55.986,55.987,55.985,55.985
2025-05-14 08:24:30,55.987,55.996,55.987,55.996
2025-05-14 08:24:35,55.994,55.994,55.986,55.987
2025-05-14 08:24:40,55.987,55.992,55.987,55.992
2025-05-14 08:24:45,55.992,55.995,55.99,55.995
2025-05-14 08:24:50,55.995,55.999,55.995,55.999
2025-05-14 08:24:55,55.998,56,55.995,56
2025-05-14 08:25:00,56,56,55.997,55.997
2025-05-14 08:25:05,55.997,55.997,55.99,55.996
2025-05-14 08:25:10,55.994,55.995,55.991,55.991
2025-05-14 08:25:15,55.991,55.991,55.986,55.987
2025-05-14 08:25:20,55.987,55.989,55.987,55.989
2025-05-14 08:25:25,55.989,55.989,55.981,55.983
2025-05-14 08:25:30,55.983,55.984,55.974,55.974
2025-05-14 08:25:35,55.974,55.976,55.974,55.975
2025-05-14 08:25:40,55.975,55.975,55.968,55.968
2025-05-14 08:25:45,55.968,55.972,55.967,55.972
2025-05-14 08:25:50,55.971,55.973,55.969,55.973
2025-05-14 08:25:55,55.974,55.976,55.974,55.975
2025-05-14 08:26:00,55.975,55.979,55.975,55.979
2025-05-14 08:26:05,55.979,55.982,55.979,55.982
2025-05-14 08:26:10,55.982,55.983,55.975,55.976
2025-05-14 08:26:15,55.975,55.98,55.972,55.98
2025-05-14 08:26:20,55.98,55.984,55.978,55.984
2025-05-14 08:26:25,55.984,55.985,55.982,55.984
2025-05-14 08:26:30,55.989,55.998,55.989,55.997
2025-05-14 08:26:35,56,56,55.979,55.979
2025-05-14 08:26:40,55.979,55.983,55.979,55.983
2025-05-14 08:26:45,55.983,55.983,55.972,55.973
2025-05-14 08:26:50,55.979,55.981,55.977,55.981
2025-05-14 08:26:55,55.981,55.985,55.981,55.985
2025-05-14 08:27:00,55.985,55.993,55.985,55.993
2025-05-14 08:27:05,55.993,55.993,55.979,55.979
2025-05-14 08:27:10,55.978,55.978,55.975,55.975
2025-05-14 08:27:15,55.975,55.986,55.975,55.986
2025-05-14 08:27:20,55.983,55.986,55.981,55.981
2025-05-14 08:27:25,55.981,55.981,55.973,55.973
2025-05-14 08:27:30,55.971,55.971,55.968,55.97
2025-05-14 08:27:35,55.97,55.972,55.969,55.972
2025-05-14 08:27:40,55.972,55.978,55.972,55.976
2025-05-14 08:27:45,55.976,55.976,55.968,55.968
2025-05-14 08:27:50,55.969,55.97,55.969,55.97
2025-05-14 08:27:55,55.968,55.968,55.966,55.967
2025-05-14 08:28:00,55.967,55.969,55.959,55.962
2025-05-14 08:28:05,55.964,55.964,55.955,55.955
2025-05-14 08:28:10,55.956,55.957,55.953,55.957
2025-05-14 08:28:15,55.959,55.962,55.952,55.956
2025-05-14 08:28:20,55.96,55.965,55.958,55.958
2025-05-14 08:28:25,55.958,55.958,55.944,55.944
2025-05-14 08:28:30,55.945,55.945,55.936,55.938
2025-05-14 08:28:35,55.939,55.946,55.939,55.942
2025-05-14 08:28:40,55.944,55.947,55.943,55.947
2025-05-14 08:28:45,55.951,55.951,55.949,55.95
2025-05-14 08:28:50,55.95,55.953,55.948,55.953
2025-05-14 08:28:55,55.953,55.954,55.946,55.949
2025-05-14 08:29:00,55.948,55.949,55.944,55.946
2025-05-14 08:29:05,55.946,55.946,55.942,55.946
2025-05-14 08:29:10,55.946,55.958,55.946,55.955
2025-05-14 08:29:15,55.955,55.959,55.95,55.959
2025-05-14 08:29:20,55.957,55.966,55.954,55.966
2025-05-14 08:29:25,55.966,55.982,55.966,55.979
2025-05-14 08:29:30,55.979,55.984,55.979,55.983
2025-05-14 08:29:35,55.983,55.983,55.97,55.97
2025-05-14 08:29:40,55.97,55.973,55.967,55.969
2025-05-14 08:29:45,55.969,55.988,55.968,55.988
2025-05-14 08:29:50,55.988,55.99,55.986,55.99
2025-05-14 08:29:55,55.988,55.993,55.982,55.982
2025-05-14 08:30:00,55.982,55.982,55.979,55.979
2025-05-14 08:30:05,55.979,55.991,55.979,55.988
2025-05-14 08:30:10,55.988,55.989,55.986,55.988
2025-05-14 08:30:15,55.988,55.991,55.986,55.991
2025-05-14 08:30:20,55.992,55.992,55.989,55.991
2025-05-14 08:30:25,55.991,55.991,55.985,55.987
2025-05-14 08:30:30,55.987,55.987,55.984,55.984
2025-05-14 08:30:35,55.984,55.987,55.979,55.979
2025-05-14 08:30:40,55.979,55.983,55.978,55.983
2025-05-14 08:30:45,55.983,55.991,55.983,55.987
2025-05-14 08:30:50,55.987,55.988,55.981,55.988
2025-05-14 08:30:55,55.987,55.994,55.987,55.994
2025-05-14 08:31:00,55.994,56.009,55.994,56.009
2025-05-14 08:31:05,56.009,56.017,56.009,56.014
2025-05-14 08:31:10,56.014,56.014,56.009,56.012
2025-05-14 08:31:15,56.012,56.012,56.007,56.008
2025-05-14 08:31:20,56.002,56.003,56.002,56.002
2025-05-14 08:31:25,56.002,56.009,55.998,56.009
2025-05-14 08:31:30,56.009,56.016,56.006,56.016
2025-05-14 08:31:35,56.015,56.015,56.012,56.013
2025-05-14 08:31:40,56.013,56.021,56.012,56.021
2025-05-14 08:31:45,56.021,56.027,56.02,56.027
2025-05-14 08:31:50,56.027,56.029,56.024,56.024
2025-05-14 08:31:55,56.024,56.025,56.022,56.022
2025-05-14 08:32:00,56.02,56.021,56.008,56.008
2025-05-14 08:32:05,56.008,56.008,55.996,55.998
2025-05-14 08:32:10,55.998,56.002,55.998,56.002
2025-05-14 08:32:15,56,56,55.992,55.993
2025-05-14 08:32:20,55.993,55.993,55.989,55.99
2025-05-14 08:32:25,55.99,56.002,55.99,55.998
2025-05-14 08:32:30,55.998,55.998,55.993,55.996
2025-05-14 08:32:35,55.996,56.005,55.995,56.001
2025-05-14 08:32:40,56.001,56.003,56,56
2025-05-14 08:32:45,56,56.002,55.999,55.999
2025-05-14 08:32:50,55.999,56.005,55.997,56.005
2025-05-14 08:32:55,56.005,56.005,56.003,56.003
2025-05-14 08:33:00,56.003,56.003,56,56.003
2025-05-14 08:33:05,56.012,56.023,56.009,56.023
2025-05-14 08:33:10,56.023,56.023,56.018,56.018
2025-05-14 08:33:15,56.014,56.017,56.014,56.015
2025-05-14 08:33:20,56.015,56.015,56.007,56.007
2025-05-14 08:33:25,56.007,56.015,56.007,56.014
2025-05-14 08:33:30,56.014,56.015,56.01,56.013
2025-05-14 08:33:35,56.01,56.012,56.006,56.006
2025-05-14 08:33:40,55.997,56.001,55.997,55.998
2025-05-14 08:33:45,55.999,56,55.998,56
2025-05-14 08:33:50,56,56.001,55.997,55.997
2025-05-14 08:33:55,55.997,55.997,55.991,55.994
2025-05-14 08:34:00,55.993,55.997,55.993,55.997
2025-05-14 08:34:05,55.997,55.998,55.994,55.997
2025-05-14 08:34:10,55.997,56.002,55.995,56.001
2025-05-14 08:34:15,56.001,56.001,55.987,55.987
2025-05-14 08:34:20,55.986,55.99,55.986,55.99
2025-05-14 08:34:25,55.99,55.997,55.99,55.996
2025-05-14 08:34:30,55.996,56.007,55.994,56.007
2025-05-14 08:34:35,56.007,56.014,56.007,56.013
2025-05-14 08:34:40,56.012,56.012,56.008,56.01
2025-05-14 08:34:45,56.009,56.009,56.005,56.005
2025-05-14 08:34:50,56.005,56.011,56.004,56.011
2025-05-14 08:34:55,56.011,56.012,56.006,56.006
2025-05-14 08:35:00,56.008,56.013,56.008,56.012
2025-05-14 08:35:05,56.012,56.014,56.007,56.011
2025-05-14 08:35:10,56.01,56.013,56.007,56.009
2025-05-14 08:35:15,56.009,56.009,56.006,56.006
2025-05-14 08:35:20,56.006,56.007,56.002,56.002
2025-05-14 08:35:25,56.002,56.002,56,56
2025-05-14 08:35:30,56,56,55.997,55.998
2025-05-14 08:35:35,55.998,56.005,55.998,56.001
2025-05-14 08:35:40,56.001,56.007,56.001,56.007
2025-05-14 08:35:45,56.006,56.007,56.001,56.007
2025-05-14 08:35:50,56.007,56.01,56.007,56.01
2025-05-14 08:35:55,56.01,56.011,56.003,56.005
2025-05-14 08:36:00,56.006,56.008,56.003,56.008
2025-05-14 08:36:05,56.009,56.009,55.998,56
2025-05-14 08:36:10,56,56.008,55.997,56.007
2025-05-14 08:36:15,56.007,56.008,56.005,56.008
2025-05-14 08:36:20,56.008,56.008,55.999,55.999
2025-05-14 08:36:25,55.999,56.002,55.997,56.002
2025-05-14 08:36:30,56.002,56.007,56.001,56.003
2025-05-14 08:36:35,56.003,56.003,55.994,55.994
2025-05-14 08:36:40,55.994,55.995,55.992,55.992
2025-05-14 08:36:45,55.993,55.993,55.984,55.986
2025-05-14 08:36:50,55.988,55.993,55.988,55.993
2025-05-14 08:36:55,55.993,56.003,55.993,56.002
2025-05-14 08:37:00,56.001,56.012,56.001,56.012
2025-05-14 08:37:05,56.012,56.012,56.007,56.007
2025-05-14 08:37:10,56.007,56.018,56.007,56.018
2025-05-14 08:37:15,56.018,56.023,56.018,56.023
2025-05-14 08:37:20,56.024,56.028,56.024,56.027
2025-05-14 08:37:25,56.027,56.027,56.023,56.027
2025-05-14 08:37:30,56.027,56.029,56.027,56.029
2025-05-14 08:37:35,56.029,56.029,56.019,56.02
2025-05-14 08:37:40,56.021,56.021,56.013,56.016
2025-05-14 08:37:45,56.017,56.025,56.017,56.024
2025-05-14 08:37:50,56.024,56.032,56.024,56.027
2025-05-14 08:37:55,56.027,56.033,56.027,56.033
2025-05-14 08:38:00,56.033,56.045,56.032,56.045
2025-05-14 08:38:05,56.045,56.049,56.043,56.048
2025-05-14 08:38:10,56.048,56.05,56.046,56.049
2025-05-14 08:38:15,56.049,56.049,56.044,56.046
2025-05-14 08:38:20,56.046,56.046,56.041,56.041
2025-05-14 08:38:25,56.044,56.045,56.04,56.041
2025-05-14 08:38:30,56.041,56.042,56.04,56.04
2025-05-14 08:38:35,56.04,56.04,56.029,56.029
2025-05-14 08:38:40,56.029,56.033,56.025,56.025
2025-05-14 08:38:45,56.03,56.03,56.027,56.027
2025-05-14 08:38:50,56.03,56.032,56.026,56.027
2025-05-14 08:38:55,56.027,56.031,56.022,56.031
2025-05-14 08:39:00,56.031,56.036,56.031,56.036
2025-05-14 08:39:05,56.032,56.037,56.032,56.037
2025-05-14 08:39:10,56.037,56.042,56.037,56.038
2025-05-14 08:39:15,56.04,56.043,56.039,56.043
2025-05-14 08:39:20,56.043,56.057,56.043,56.054
2025-05-14 08:39:25,56.054,56.057,56.054,56.057
2025-05-14 08:39:30,56.057,56.063,56.057,56.059
2025-05-14 08:39:35,56.058,56.063,56.058,56.061
2025-05-14 08:39:40,56.061,56.065,56.061,56.064
2025-05-14 08:39:45,56.063,56.063,56.059,56.06
2025-05-14 08:39:50,56.06,56.062,56.051,56.051
2025-05-14 08:39:55,56.051,56.054,56.051,56.052
2025-05-14 08:40:00,56.052,56.052,56.049,56.051
2025-05-14 08:40:05,56.05,56.057,56.05,56.057
2025-05-14 08:40:10,56.057,56.064,56.056,56.064
2025-05-14 08:40:15,56.064,56.068,56.064,56.067
2025-05-14 08:40:20,56.067,56.068,56.061,56.066
2025-05-14 08:40:25,56.063,56.063,56.059,56.06
2025-05-14 08:40:30,56.061,56.061,56.056,56.057
2025-05-14 08:40:35,56.058,56.058,56.054,56.054
2025-05-14 08:40:40,56.054,56.061,56.054,56.06
2025-05-14 08:40:45,56.06,56.072,56.06,56.07
2025-05-14 08:40:50,56.07,56.07,56.066,56.068
2025-05-14 08:40:55,56.079,56.087,56.079,56.081
2025-05-14 08:41:00,56.081,56.084,56.081,56.084
2025-05-14 08:41:05,56.084,56.086,56.083,56.084
2025-05-14 08:41:10,56.084,56.087,56.082,56.082
2025-05-14 08:41:15,56.083,56.083,56.076,56.078
2025-05-14 08:41:20,56.078,56.089,56.078,56.089
2025-05-14 08:41:25,56.088,56.095,56.088,56.095
2025-05-14 08:41:30,56.094,56.095,56.093,56.093
2025-05-14 08:41:35,56.093,56.094,56.089,56.091
2025-05-14 08:41:40,56.091,56.095,56.089,56.095
2025-05-14 08:41:45,56.096,56.099,56.094,56.094
2025-05-14 08:41:50,56.095,56.099,56.095,56.099
2025-05-14 08:41:55,56.101,56.103,56.1,56.103
2025-05-14 08:42:00,56.103,56.108,56.101,56.108
2025-05-14 08:42:05,56.107,56.112,56.105,56.112
2025-05-14 08:42:10,56.114,56.122,56.114,56.121
2025-05-14 08:42:15,56.118,56.118,56.111,56.111
2025-05-14 08:42:20,56.111,56.111,56.106,56.106
2025-05-14 08:42:25,56.105,56.106,56.1,56.101
2025-05-14 08:42:30,56.101,56.103,56.101,56.102
2025-05-14 08:42:35,56.103,56.106,56.097,56.097
2025-05-14 08:42:40,56.097,56.101,56.096,56.101
2025-05-14 08:42:45,56.107,56.11,56.107,56.108
2025-05-14 08:42:50,56.098,56.106,56.098,56.103
2025-05-14 08:42:55,56.103,56.104,56.101,56.103
2025-05-14 08:43:00,56.103,56.111,56.103,56.111
2025-05-14 08:43:05,56.111,56.114,56.111,56.113
2025-05-14 08:43:10,56.112,56.114,56.112,56.113
2025-05-14 08:43:15,56.113,56.119,56.11,56.11
2025-05-14 08:43:20,56.11,56.111,56.109,56.11
2025-05-14 08:43:25,56.11,56.116,56.11,56.115
2025-05-14 08:43:30,56.115,56.121,56.115,56.121
2025-05-14 08:43:35,56.121,56.121,56.105,56.105
2025-05-14 08:43:40,56.105,56.107,56.101,56.101
2025-05-14 08:43:45,56.101,56.101,56.095,56.1
2025-05-14 08:43:50,56.1,56.103,56.1,56.101
2025-05-14 08:43:55,56.103,56.104,56.096,56.096
2025-05-14 08:44:00,56.096,56.097,56.096,56.096
2025-05-14 08:44:05,56.096,56.099,56.095,56.098
2025-05-14 08:44:10,56.098,56.099,56.093,56.093
2025-05-14 08:44:15,56.093,56.096,56.093,56.096
2025-05-14 08:44:20,56.096,56.098,56.096,56.096
2025-05-14 08:44:25,56.096,56.096,56.086,56.086
2025-05-14 08:44:30,56.087,56.091,56.087,56.087
2025-05-14 08:44:35,56.087,56.087,56.082,56.083
2025-05-14 08:44:40,56.083,56.084,56.082,56.084
2025-05-14 08:44:45,56.084,56.085,56.079,56.079
2025-05-14 08:44:50,56.08,56.08,56.077,56.077
2025-05-14 08:44:55,56.078,56.081,56.074,56.078
2025-05-14 08:45:00,56.078,56.08,56.078,56.078
2025-05-14 08:45:05,56.078,56.08,56.077,56.079
2025-05-14 08:45:10,56.078,56.083,56.074,56.082
2025-05-14 08:45:15,56.084,56.087,56.084,56.087
2025-05-14 08:45:20,56.087,56.091,56.087,56.089
2025-05-14 08:45:25,56.089,56.089,56.085,56.087
2025-05-14 08:45:30,56.086,56.089,56.085,56.089
2025-05-14 08:45:35,56.09,56.09,56.088,56.088
2025-05-14 08:45:40,56.088,56.088,56.085,56.088
2025-05-14 08:45:45,56.088,56.09,56.087,56.09
2025-05-14 08:45:50,56.09,56.091,56.089,56.09
2025-05-14 08:45:55,56.09,56.09,56.08,56.082
2025-05-14 08:46:00,56.084,56.093,56.084,56.093
2025-05-14 08:46:05,56.093,56.094,56.089,56.092
2025-05-14 08:46:10,56.092,56.1,56.091,56.091
2025-05-14 08:46:15,56.09,56.093,56.09,56.092
2025-05-14 08:46:20,56.093,56.095,56.091,56.092
2025-05-14 08:46:25,56.092,56.093,56.091,56.092
2025-05-14 08:46:30,56.089,56.09,56.081,56.081
2025-05-14 08:46:35,56.08,56.083,56.08,56.082
2025-05-14 08:46:40,56.082,56.088,56.082,56.087
2025-05-14 08:46:45,56.088,56.096,56.088,56.095
2025-05-14 08:46:50,56.094,56.096,56.094,56.096
2025-05-14 08:46:55,56.103,56.112,56.103,56.112
2025-05-14 08:47:00,56.112,56.113,56.105,56.106
2025-05-14 08:47:05,56.106,56.113,56.106,56.113
2025-05-14 08:47:10,56.113,56.113,56.109,56.109
2025-05-14 08:47:15,56.109,56.113,56.109,56.111
2025-05-14 08:47:20,56.112,56.115,56.112,56.115
2025-05-14 08:47:25,56.114,56.124,56.114,56.124
2025-05-14 08:47:30,56.124,56.124,56.122,56.122
2025-05-14 08:47:35,56.12,56.12,56.113,56.114
2025-05-14 08:47:40,56.114,56.116,56.112,56.114
2025-05-14 08:47:45,56.116,56.116,56.115,56.116
2025-05-14 08:47:50,56.116,56.119,56.116,56.119
2025-05-14 08:47:55,56.118,56.118,56.112,56.113
2025-05-14 08:48:00,56.113,56.119,56.11,56.119
2025-05-14 08:48:05,56.119,56.121,56.118,56.119
2025-05-14 08:48:10,56.119,56.119,56.115,56.115
2025-05-14 08:48:15,56.115,56.116,56.111,56.113
2025-05-14 08:48:20,56.113,56.117,56.112,56.113
2025-05-14 08:48:25,56.116,56.116,56.113,56.114
2025-05-14 08:48:30,56.114,56.118,56.11,56.118
2025-05-14 08:48:35,56.12,56.124,56.12,56.124
2025-05-14 08:48:40,56.124,56.126,56.122,56.125
2025-05-14 08:48:45,56.124,56.124,56.111,56.111
2025-05-14 08:48:50,56.111,56.114,56.11,56.11
2025-05-14 08:48:55,56.108,56.117,56.108,56.117
2025-05-14 08:49:00,56.117,56.117,56.114,56.117
2025-05-14 08:49:05,56.117,56.117,56.112,56.112
2025-05-14 08:49:10,56.112,56.113,56.107,56.108
2025-05-14 08:49:15,56.114,56.114,56.107,56.108
2025-05-14 08:49:20,56.11,56.116,56.11,56.116
2025-05-14 08:49:25,56.116,56.128,56.116,56.125
2025-05-14 08:49:30,56.125,56.128,56.125,56.125
2025-05-14 08:49:35,56.125,56.126,56.125,56.126
2025-05-14 08:49:40,56.126,56.126,56.121,56.123
2025-05-14 08:49:45,56.123,56.124,56.119,56.119
2025-05-14 08:49:50,56.119,56.124,56.119,56.123
2025-05-14 08:49:55,56.123,56.126,56.123,56.126
2025-05-14 08:50:00,56.126,56.127,56.123,56.124
2025-05-14 08:50:05,56.124,56.127,56.117,56.117
2025-05-14 08:50:10,56.117,56.117,56.113,56.113
2025-05-14 08:50:15,56.114,56.114,56.111,56.112
2025-05-14 08:50:20,56.11,56.11,56.106,56.11
2025-05-14 08:50:25,56.11,56.11,56.104,56.106
2025-05-14 08:50:30,56.106,56.108,56.106,56.107
2025-05-14 08:50:35,56.107,56.107,56.104,56.104
2025-05-14 08:50:40,56.104,56.105,56.097,56.097
2025-05-14 08:50:45,56.097,56.115,56.097,56.115
2025-05-14 08:50:50,56.115,56.115,56.109,56.112
2025-05-14 08:50:55,56.112,56.112,56.106,56.106
2025-05-14 08:51:00,56.108,56.108,56.103,56.106
2025-05-14 08:51:05,56.104,56.107,56.104,56.107
2025-05-14 08:51:10,56.109,56.11,56.109,56.109
2025-05-14 08:51:15,56.11,56.114,56.11,56.113
2025-05-14 08:51:20,56.112,56.112,56.105,56.106
2025-05-14 08:51:25,56.106,56.106,56.099,56.1
2025-05-14 08:51:30,56.098,56.104,56.096,56.102
2025-05-14 08:51:35,56.101,56.103,56.098,56.101
2025-05-14 08:51:40,56.101,56.103,56.099,56.1
2025-05-14 08:51:45,56.102,56.102,56.094,56.094
2025-05-14 08:51:50,56.094,56.096,56.094,56.096
2025-05-14 08:51:55,56.096,56.105,56.094,56.104
2025-05-14 08:52:00,56.106,56.112,56.105,56.105
2025-05-14 08:52:05,56.1,56.104,56.096,56.097
2025-05-14 08:52:10,56.097,56.098,56.095,56.098
2025-05-14 08:52:15,56.098,56.099,56.089,56.091
2025-05-14 08:52:20,56.091,56.091,56.087,56.091
2025-05-14 08:52:25,56.091,56.093,56.091,56.092
2025-05-14 08:52:30,56.093,56.098,56.093,56.098
2025-05-14 08:52:35,56.098,56.104,56.098,56.104
2025-05-14 08:52:40,56.104,56.109,56.103,56.108
2025-05-14 08:52:45,56.108,56.109,56.106,56.109
2025-05-14 08:52:50,56.109,56.109,56.107,56.108
2025-05-14 08:52:55,56.108,56.113,56.107,56.107
2025-05-14 08:53:00,56.109,56.111,56.105,56.107
2025-05-14 08:53:05,56.107,56.111,56.107,56.11
2025-05-14 08:53:10,56.109,56.113,56.109,56.112
2025-05-14 08:53:15,56.112,56.115,56.112,56.115
2025-05-14 08:53:20,56.111,56.116,56.111,56.113
2025-05-14 08:53:25,56.111,56.111,56.104,56.106
2025-05-14 08:53:30,56.097,56.102,56.097,56.098
2025-05-14 08:53:35,56.098,56.098,56.092,56.094
2025-05-14 08:53:40,56.094,56.096,56.094,56.095
2025-05-14 08:53:45,56.095,56.096,56.095,56.095
2025-05-14 08:53:50,56.095,56.098,56.091,56.091
2025-05-14 08:53:55,56.091,56.093,56.09,56.092
2025-05-14 08:54:00,56.09,56.09,56.084,56.088
2025-05-14 08:54:05,56.09,56.097,56.086,56.097
2025-05-14 08:54:10,56.097,56.097,56.089,56.089
2025-05-14 08:54:15,56.089,56.101,56.089,56.096
2025-05-14 08:54:20,56.096,56.1,56.096,56.1
2025-05-14 08:54:25,56.1,56.104,56.1,56.104
2025-05-14 08:54:30,56.106,56.115,56.105,56.115
2025-05-14 08:54:35,56.115,56.123,56.115,56.122
2025-05-14 08:54:40,56.122,56.129,56.121,56.129
2025-05-14 08:54:45,56.129,56.132,56.129,56.132
2025-05-14 08:54:50,56.129,56.131,56.126,56.128
2025-05-14 08:54:55,56.128,56.132,56.128,56.132
2025-05-14 08:55:00,56.131,56.131,56.125,56.127
2025-05-14 08:55:05,56.123,56.124,56.118,56.12
2025-05-14 08:55:10,56.122,56.129,56.122,56.129
2025-05-14 08:55:15,56.129,56.13,56.121,56.121
2025-05-14 08:55:20,56.124,56.124,56.12,56.121
2025-05-14 08:55:25,56.121,56.126,56.114,56.126
2025-05-14 08:55:30,56.126,56.127,56.124,56.125
2025-05-14 08:55:35,56.125,56.125,56.121,56.121
2025-05-14 08:55:40,56.119,56.122,56.118,56.12
2025-05-14 08:55:45,56.12,56.121,56.117,56.121
2025-05-14 08:55:50,56.119,56.121,56.114,56.121
2025-05-14 08:55:55,56.121,56.125,56.12,56.125
2025-05-14 08:56:00,56.124,56.129,56.124,56.125
2025-05-14 08:56:05,56.126,56.136,56.12,56.136
2025-05-14 08:56:10,56.136,56.137,56.131,56.131
2025-05-14 08:56:15,56.131,56.133,56.13,56.133
2025-05-14 08:56:20,56.133,56.133,56.129,56.13
2025-05-14 08:56:25,56.132,56.137,56.132,56.137
2025-05-14 08:56:30,56.137,56.141,56.133,56.133
2025-05-14 08:56:35,56.133,56.135,56.132,56.135
2025-05-14 08:56:40,56.135,56.135,56.131,56.131
2025-05-14 08:56:45,56.131,56.133,56.129,56.132
2025-05-14 08:56:50,56.132,56.132,56.121,56.121
2025-05-14 08:56:55,56.121,56.121,56.119,56.12
2025-05-14 08:57:00,56.12,56.12,56.117,56.118
2025-05-14 08:57:05,56.124,56.125,56.122,56.125
2025-05-14 08:57:10,56.123,56.123,56.109,56.111
2025-05-14 08:57:15,56.113,56.119,56.113,56.119
2025-05-14 08:57:20,56.12,56.125,56.12,56.123
2025-05-14 08:57:25,56.125,56.126,56.123,56.123
2025-05-14 08:57:30,56.125,56.125,56.117,56.117
2025-05-14 08:57:35,56.118,56.126,56.118,56.122
2025-05-14 08:57:40,56.123,56.13,56.122,56.124
2025-05-14 08:57:45,56.124,56.124,56.114,56.115
2025-05-14 08:57:50,56.115,56.115,56.108,56.11
2025-05-14 08:57:55,56.116,56.117,56.114,56.117
2025-05-14 08:58:00,56.117,56.119,56.115,56.115
2025-05-14 08:58:05,56.111,56.12,56.106,56.106
2025-05-14 08:58:10,56.105,56.105,56.102,56.102
2025-05-14 08:58:15,56.102,56.106,56.101,56.106
2025-05-14 08:58:20,56.106,56.114,56.106,56.109
2025-05-14 08:58:25,56.109,56.11,56.108,56.108
2025-05-14 08:58:30,56.108,56.108,56.097,56.097
2025-05-14 08:58:35,56.096,56.096,56.092,56.092
2025-05-14 08:58:40,56.092,56.102,56.091,56.102
2025-05-14 08:58:45,56.102,56.102,56.099,56.1
2025-05-14 08:58:50,56.101,56.101,56.095,56.1
2025-05-14 08:58:55,56.1,56.102,56.098,56.098
2025-05-14 08:59:00,56.098,56.102,56.097,56.099
2025-05-14 08:59:05,56.097,56.097,56.091,56.091
2025-05-14 08:59:10,56.087,56.088,56.086,56.086
2025-05-14 08:59:15,56.085,56.09,56.085,56.086
2025-05-14 08:59:20,56.086,56.086,56.076,56.078
2025-05-14 08:59:25,56.079,56.082,56.073,56.081
2025-05-14 08:59:30,56.08,56.084,56.08,56.084
2025-05-14 08:59:35,56.083,56.091,56.082,56.091
2025-05-14 08:59:40,56.091,56.091,56.089,56.09
2025-05-14 08:59:45,56.09,56.093,56.085,56.089
2025-05-14 08:59:50,56.091,56.096,56.091,56.091
2025-05-14 08:59:55,56.091,56.094,56.091,56.094
2025-05-14 09:00:00,56.094,56.095,56.092,56.095
2025-05-14 09:00:05,56.095,56.1,56.088,56.089
2025-05-14 09:00:10,56.089,56.09,56.081,56.085
2025-05-14 09:00:15,56.085,56.086,56.083,56.086
2025-05-14 09:00:20,56.086,56.086,56.082,56.082
2025-05-14 09:00:25,56.084,56.095,56.084,56.09
2025-05-14 09:00:30,56.09,56.092,56.082,56.082
2025-05-14 09:00:35,56.083,56.083,56.07,56.07
2025-05-14 09:00:40,56.07,56.082,56.07,56.082
2025-05-14 09:00:45,56.082,56.083,56.078,56.078
2025-05-14 09:00:50,56.078,56.083,56.078,56.079
2025-05-14 09:00:55,56.079,56.079,56.073,56.075
2025-05-14 09:01:00,56.075,56.076,56.074,56.076
2025-05-14 09:01:05,56.076,56.076,56.068,56.068
2025-05-14 09:01:10,56.068,56.081,56.068,56.081
2025-05-14 09:01:15,56.081,56.084,56.077,56.084
2025-05-14 09:01:20,56.084,56.084,56.076,56.076
2025-05-14 09:01:25,56.076,56.076,56.07,56.07
2025-05-14 09:01:30,56.067,56.071,56.067,56.071
2025-05-14 09:01:35,56.07,56.078,56.068,56.071
2025-05-14 09:01:40,56.071,56.071,56.068,56.071
2025-05-14 09:01:45,56.071,56.073,56.068,56.068
2025-05-14 09:01:50,56.065,56.066,56.064,56.066
2025-05-14 09:01:55,56.065,56.073,56.065,56.071
2025-05-14 09:02:00,56.071,56.083,56.071,56.083
2025-05-14 09:02:05,56.083,56.083,56.076,56.079
2025-05-14 09:02:10,56.079,56.079,56.065,56.068
2025-05-14 09:02:15,56.07,56.07,56.062,56.063
2025-05-14 09:02:20,56.063,56.076,56.063,56.073
2025-05-14 09:02:25,56.073,56.074,56.064,56.064
2025-05-14 09:02:30,56.064,56.064,56.061,56.064
2025-05-14 09:02:35,56.065,56.065,56.057,56.062
2025-05-14 09:02:40,56.062,56.063,56.053,56.053
2025-05-14 09:02:45,56.053,56.053,56.048,56.048
2025-05-14 09:02:50,56.048,56.048,56.043,56.044
2025-05-14 09:02:55,56.045,56.046,56.039,56.044
2025-05-14 09:03:00,56.044,56.047,56.039,56.04
2025-05-14 09:03:05,56.04,56.042,56.038,56.042
2025-05-14 09:03:10,56.043,56.043,56.038,56.038
2025-05-14 09:03:15,56.036,56.04,56.036,56.037
2025-05-14 09:03:20,56.037,56.043,56.037,56.043
2025-05-14 09:03:25,56.041,56.042,56.038,56.042
2025-05-14 09:03:30,56.042,56.047,56.038,56.038
2025-05-14 09:03:35,56.04,56.047,56.04,56.044
2025-05-14 09:03:40,56.045,56.054,56.045,56.054
2025-05-14 09:03:45,56.054,56.057,56.054,56.057
2025-05-14 09:03:50,56.056,56.058,56.056,56.056
2025-05-14 09:03:55,56.056,56.06,56.056,56.06
2025-05-14 09:04:00,56.061,56.063,56.059,56.059
2025-05-14 09:04:05,56.067,56.07,56.067,56.069
2025-05-14 09:04:10,56.068,56.08,56.066,56.08
2025-05-14 09:04:15,56.085,56.096,56.084,56.091
2025-05-14 09:04:20,56.091,56.091,56.08,56.08
2025-05-14 09:04:25,56.08,56.081,56.07,56.072
2025-05-14 09:04:30,56.072,56.077,56.07,56.077
2025-05-14 09:04:35,56.077,56.082,56.077,56.077
2025-05-14 09:04:40,56.077,56.081,56.077,56.081
2025-05-14 09:04:45,56.081,56.081,56.075,56.078
2025-05-14 09:04:50,56.076,56.084,56.076,56.084
2025-05-14 09:04:55,56.084,56.098,56.084,56.098
2025-05-14 09:05:00,56.098,56.098,56.088,56.089
2025-05-14 09:05:05,56.089,56.095,56.089,56.095
2025-05-14 09:05:10,56.093,56.095,56.092,56.095
2025-05-14 09:05:15,56.097,56.101,56.097,56.101
2025-05-14 09:05:20,56.102,56.102,56.102,56.102
2025-05-14 09:05:25,56.103,56.104,56.101,56.104
2025-05-14 09:05:30,56.104,56.105,56.097,56.098
2025-05-14 09:05:35,56.097,56.102,56.095,56.097
2025-05-14 09:05:40,56.097,56.1,56.096,56.096
2025-05-14 09:05:45,56.096,56.097,56.089,56.089
2025-05-14 09:05:50,56.089,56.097,56.084,56.097
2025-05-14 09:05:55,56.1,56.101,56.095,56.095
2025-05-14 09:06:00,56.095,56.097,56.092,56.092
2025-05-14 09:06:05,56.092,56.092,56.084,56.084
2025-05-14 09:06:10,56.084,56.086,56.081,56.085
2025-05-14 09:06:15,56.085,56.085,56.081,56.083
2025-05-14 09:06:20,56.083,56.085,56.081,56.083
2025-05-14 09:06:25,56.083,56.086,56.083,56.086
2025-05-14 09:06:30,56.086,56.093,56.086,56.093
2025-05-14 09:06:35,56.094,56.099,56.086,56.087
2025-05-14 09:06:40,56.088,56.092,56.088,56.092
2025-05-14 09:06:45,56.092,56.1,56.09,56.1
2025-05-14 09:06:50,56.1,56.101,56.093,56.097
2025-05-14 09:06:55,56.097,56.098,56.093,56.093
2025-05-14 09:07:00,56.097,56.097,56.094,56.094
2025-05-14 09:07:05,56.094,56.094,56.092,56.092
2025-05-14 09:07:10,56.092,56.092,56.089,56.091
2025-05-14 09:07:15,56.091,56.103,56.091,56.103
2025-05-14 09:07:20,56.102,56.116,56.102,56.106
2025-05-14 09:07:25,56.106,56.107,56.105,56.105
2025-05-14 09:07:30,56.105,56.105,56.094,56.094
2025-05-14 09:07:35,56.095,56.097,56.094,56.097
2025-05-14 09:07:40,56.098,56.102,56.098,56.102
2025-05-14 09:07:45,56.102,56.102,56.096,56.096
2025-05-14 09:07:50,56.096,56.103,56.096,56.103
2025-05-14 09:07:55,56.103,56.106,56.103,56.105
2025-05-14 09:08:00,56.106,56.111,56.106,56.11
2025-05-14 09:08:05,56.11,56.114,56.109,56.113
2025-05-14 09:08:10,56.113,56.113,56.111,56.112
2025-05-14 09:08:15,56.112,56.112,56.105,56.105
2025-05-14 09:08:20,56.105,56.105,56.096,56.096
2025-05-14 09:08:25,56.096,56.104,56.096,56.103
2025-05-14 09:08:30,56.103,56.103,56.1,56.1
2025-05-14 09:08:35,56.098,56.101,56.097,56.097
2025-05-14 09:08:40,56.097,56.099,56.095,56.098
2025-05-14 09:08:45,56.096,56.097,56.091,56.092
2025-05-14 09:08:50,56.096,56.096,56.09,56.095
2025-05-14 09:08:55,56.096,56.101,56.096,56.1
2025-05-14 09:09:00,56.099,56.099,56.093,56.093
2025-05-14 09:09:05,56.093,56.094,56.092,56.093
2025-05-14 09:09:10,56.092,56.093,56.081,56.084
2025-05-14 09:09:15,56.082,56.082,56.073,56.073
2025-05-14 09:09:20,56.073,56.079,56.073,56.077
2025-05-14 09:09:25,56.077,56.08,56.068,56.068
2025-05-14 09:09:30,56.067,56.07,56.066,56.07
2025-05-14 09:09:35,56.07,56.07,56.067,56.067
2025-05-14 09:09:40,56.067,56.08,56.067,56.08
2025-05-14 09:09:45,56.081,56.083,56.074,56.079
2025-05-14 09:09:50,56.079,56.079,56.075,56.075
2025-05-14 09:09:55,56.075,56.075,56.068,56.068
2025-05-14 09:10:00,56.065,56.065,56.061,56.062
2025-05-14 09:10:05,56.067,56.084,56.067,56.081
2025-05-14 09:10:10,56.081,56.082,56.075,56.075
2025-05-14 09:10:15,56.075,56.075,56.068,56.072
2025-05-14 09:10:20,56.072,56.073,56.063,56.066
2025-05-14 09:10:25,56.066,56.068,56.064,56.068
2025-05-14 09:10:30,56.064,56.071,56.063,56.07
2025-05-14 09:10:35,56.07,56.074,56.067,56.068
2025-05-14 09:10:40,56.066,56.066,56.061,56.061
2025-05-14 09:10:45,56.065,56.067,56.065,56.067
2025-05-14 09:10:50,56.067,56.083,56.066,56.083
2025-05-14 09:10:55,56.083,56.088,56.083,56.087
2025-05-14 09:11:00,56.087,56.09,56.085,56.087
2025-05-14 09:11:05,56.087,56.087,56.08,56.083
2025-05-14 09:11:10,56.082,56.082,56.077,56.077
2025-05-14 09:11:15,56.077,56.08,56.075,56.077
2025-05-14 09:11:20,56.077,56.078,56.064,56.065
2025-05-14 09:11:25,56.065,56.074,56.065,56.074
2025-05-14 09:11:30,56.075,56.076,56.074,56.076
2025-05-14 09:11:35,56.076,56.08,56.076,56.078
2025-05-14 09:11:40,56.075,56.077,56.075,56.075
2025-05-14 09:11:45,56.075,56.082,56.075,56.082
2025-05-14 09:11:50,56.082,56.084,56.081,56.082
2025-05-14 09:11:55,56.082,56.085,56.082,56.085
2025-05-14 09:12:00,56.085,56.085,56.081,56.081
2025-05-14 09:12:05,56.078,56.078,56.071,56.071
2025-05-14 09:12:10,56.07,56.073,56.07,56.073
2025-05-14 09:12:15,56.073,56.074,56.068,56.07
2025-05-14 09:12:20,56.071,56.079,56.071,56.079
2025-05-14 09:12:25,56.07,56.072,56.07,56.071
2025-05-14 09:12:30,56.072,56.072,56.061,56.062
2025-05-14 09:12:35,56.062,56.068,56.062,56.065
2025-05-14 09:12:40,56.077,56.077,56.071,56.075
2025-05-14 09:12:45,56.074,56.074,56.06,56.062
2025-05-14 09:12:50,56.062,56.066,56.062,56.065
2025-05-14 09:12:55,56.065,56.065,56.058,56.061
2025-05-14 09:13:00,56.065,56.067,56.065,56.067
2025-05-14 09:13:05,56.066,56.072,56.065,56.067
2025-05-14 09:13:10,56.065,56.065,56.063,56.063
2025-05-14 09:13:15,56.063,56.063,56.049,56.049
2025-05-14 09:13:20,56.051,56.052,56.05,56.05
2025-05-14 09:13:25,56.05,56.055,56.05,56.055
2025-05-14 09:13:30,56.055,56.06,56.055,56.058
2025-05-14 09:13:35,56.058,56.059,56.054,56.059
2025-05-14 09:13:40,56.059,56.063,56.058,56.06
2025-05-14 09:13:45,56.059,56.065,56.059,56.061
2025-05-14 09:13:50,56.061,56.065,56.061,56.065
2025-05-14 09:13:55,56.065,56.068,56.064,56.064
2025-05-14 09:14:00,56.064,56.069,56.064,56.069
2025-05-14 09:14:05,56.068,56.075,56.067,56.075
2025-05-14 09:14:10,56.075,56.084,56.071,56.084
2025-05-14 09:14:15,56.084,56.087,56.084,56.085
2025-05-14 09:14:20,56.085,56.086,56.08,56.085
2025-05-14 09:14:25,56.087,56.093,56.087,56.093
2025-05-14 09:14:30,56.093,56.093,56.088,56.088
2025-05-14 09:14:35,56.088,56.092,56.087,56.091
2025-05-14 09:14:40,56.091,56.096,56.089,56.089
2025-05-14 09:14:45,56.089,56.095,56.087,56.095
2025-05-14 09:14:50,56.095,56.109,56.095,56.109
2025-05-14 09:14:55,56.109,56.114,56.107,56.109
2025-05-14 09:15:00,56.109,56.114,56.109,56.113
2025-05-14 09:15:05,56.114,56.115,56.108,56.108
2025-05-14 09:15:10,56.108,56.109,56.105,56.106
2025-05-14 09:15:15,56.106,56.106,56.103,56.104
2025-05-14 09:15:20,56.107,56.116,56.106,56.116
2025-05-14 09:15:25,56.115,56.117,56.114,56.115
2025-05-14 09:15:30,56.115,56.119,56.114,56.117
2025-05-14 09:15:35,56.117,56.117,56.113,56.114
2025-05-14 09:15:40,56.116,56.127,56.116,56.127
2025-05-14 09:15:45,56.129,56.134,56.129,56.133
2025-05-14 09:15:50,56.134,56.135,56.128,56.128
2025-05-14 09:15:55,56.128,56.137,56.128,56.137
2025-05-14 09:16:00,56.137,56.139,56.137,56.139
2025-05-14 09:16:05,56.139,56.146,56.139,56.146
2025-05-14 09:16:10,56.146,56.146,56.141,56.141
2025-05-14 09:16:15,56.138,56.15,56.138,56.149
2025-05-14 09:16:20,56.149,56.155,56.149,56.151
2025-05-14 09:16:25,56.151,56.152,56.15,56.152
2025-05-14 09:16:30,56.153,56.154,56.153,56.153
2025-05-14 09:16:35,56.153,56.153,56.149,56.153
2025-05-14 09:16:40,56.15,56.153,56.147,56.15
2025-05-14 09:16:45,56.147,56.154,56.147,56.149
2025-05-14 09:16:50,56.149,56.151,56.148,56.151
2025-05-14 09:16:55,56.151,56.151,56.145,56.147
2025-05-14 09:17:00,56.147,56.149,56.145,56.145
2025-05-14 09:17:05,56.145,56.15,56.145,56.15
2025-05-14 09:17:10,56.151,56.156,56.151,56.156
2025-05-14 09:17:15,56.166,56.172,56.166,56.172
2025-05-14 09:17:20,56.172,56.172,56.169,56.169
2025-05-14 09:17:25,56.17,56.174,56.17,56.174
2025-05-14 09:17:30,56.174,56.174,56.17,56.172
2025-05-14 09:17:35,56.171,56.177,56.171,56.177
2025-05-14 09:17:40,56.177,56.186,56.177,56.186
2025-05-14 09:17:45,56.187,56.195,56.187,56.195
2025-05-14 09:17:50,56.194,56.198,56.194,56.195
2025-05-14 09:17:55,56.194,56.196,56.194,56.196
2025-05-14 09:18:00,56.196,56.196,56.189,56.189
2025-05-14 09:18:05,56.188,56.188,56.184,56.185
2025-05-14 09:18:10,56.185,56.185,56.179,56.179
2025-05-14 09:18:15,56.179,56.184,56.179,56.183
2025-05-14 09:18:20,56.183,56.191,56.182,56.191
2025-05-14 09:18:25,56.193,56.199,56.193,56.199
2025-05-14 09:18:30,56.199,56.201,56.19,56.19
2025-05-14 09:18:35,56.191,56.192,56.19,56.191
2025-05-14 09:18:40,56.191,56.195,56.191,56.195
2025-05-14 09:18:45,56.195,56.195,56.19,56.191
2025-05-14 09:18:50,56.192,56.195,56.192,56.192
2025-05-14 09:18:55,56.182,56.182,56.181,56.182
2025-05-14 09:19:00,56.182,56.188,56.179,56.188
2025-05-14 09:19:05,56.188,56.19,56.185,56.189
2025-05-14 09:19:10,56.189,56.195,56.187,56.193
2025-05-14 09:19:15,56.193,56.197,56.192,56.197
2025-05-14 09:19:20,56.197,56.2,56.197,56.2
2025-05-14 09:19:25,56.2,56.205,56.2,56.205
2025-05-14 09:19:30,56.205,56.208,56.203,56.208
2025-05-14 09:19:35,56.209,56.218,56.209,56.214
2025-05-14 09:19:40,56.214,56.22,56.214,56.218
2025-05-14 09:19:45,56.218,56.226,56.218,56.226
2025-05-14 09:19:50,56.227,56.234,56.227,56.234
2025-05-14 09:19:55,56.234,56.237,56.233,56.237
2025-05-14 09:20:00,56.237,56.24,56.237,56.238
2025-05-14 09:20:05,56.238,56.245,56.238,56.242
2025-05-14 09:20:10,56.244,56.246,56.243,56.244
2025-05-14 09:20:15,56.244,56.247,56.243,56.246
2025-05-14 09:20:20,56.246,56.25,56.243,56.248
2025-05-14 09:20:25,56.248,56.25,56.246,56.248
2025-05-14 09:20:30,56.249,56.25,56.247,56.247
2025-05-14 09:20:35,56.247,56.247,56.244,56.244
2025-05-14 09:20:40,56.248,56.251,56.247,56.251
2025-05-14 09:20:45,56.253,56.256,56.252,56.254
2025-05-14 09:20:50,56.256,56.258,56.254,56.258
2025-05-14 09:20:55,56.258,56.258,56.251,56.251
2025-05-14 09:21:00,56.249,56.256,56.249,56.253
2025-05-14 09:21:05,56.252,56.252,56.245,56.247
2025-05-14 09:21:10,56.247,56.261,56.247,56.261
2025-05-14 09:21:15,56.263,56.275,56.263,56.272
2025-05-14 09:21:20,56.273,56.274,56.27,56.274
2025-05-14 09:21:25,56.276,56.281,56.276,56.281
2025-05-14 09:21:30,56.285,56.285,56.281,56.281
2025-05-14 09:21:35,56.281,56.283,56.281,56.283
2025-05-14 09:21:40,56.295,56.298,56.283,56.283
2025-05-14 09:21:45,56.281,56.281,56.279,56.28
2025-05-14 09:21:50,56.275,56.276,56.273,56.274
2025-05-14 09:21:55,56.274,56.275,56.27,56.271
2025-05-14 09:22:00,56.271,56.271,56.265,56.265
2025-05-14 09:22:05,56.265,56.265,56.253,56.253
2025-05-14 09:22:10,56.254,56.256,56.254,56.255
2025-05-14 09:22:15,56.255,56.255,56.251,56.251
2025-05-14 09:22:20,56.252,56.255,56.251,56.253
2025-05-14 09:22:25,56.253,56.253,56.249,56.249
2025-05-14 09:22:30,56.25,56.25,56.245,56.245
2025-05-14 09:22:35,56.245,56.251,56.245,56.247
2025-05-14 09:22:40,56.247,56.248,56.245,56.248
2025-05-14 09:22:45,56.248,56.249,56.238,56.239
2025-05-14 09:22:50,56.238,56.246,56.238,56.243
2025-05-14 09:22:55,56.242,56.242,56.239,56.239
2025-05-14 09:23:00,56.239,56.239,56.226,56.227
2025-05-14 09:23:05,56.227,56.228,56.223,56.226
2025-05-14 09:23:10,56.226,56.226,56.217,56.218
2025-05-14 09:23:15,56.216,56.219,56.215,56.218
2025-05-14 09:23:20,56.218,56.219,56.217,56.218
2025-05-14 09:23:25,56.218,56.222,56.217,56.217
2025-05-14 09:23:30,56.217,56.22,56.215,56.216
2025-05-14 09:23:35,56.217,56.223,56.214,56.221
2025-05-14 09:23:40,56.22,56.22,56.215,56.219
2025-05-14 09:23:45,56.219,56.221,56.217,56.218
2025-05-14 09:23:50,56.218,56.225,56.218,56.223
2025-05-14 09:23:55,56.223,56.223,56.219,56.219
2025-05-14 09:24:00,56.217,56.218,56.206,56.206
2025-05-14 09:24:05,56.206,56.213,56.206,56.213
2025-05-14 09:24:10,56.213,56.213,56.202,56.202
2025-05-14 09:24:15,56.205,56.221,56.205,56.219
2025-05-14 09:24:20,56.22,56.22,56.21,56.215
2025-05-14 09:24:25,56.215,56.221,56.215,56.218
2025-05-14 09:24:30,56.218,56.221,56.218,56.22
2025-05-14 09:24:35,56.22,56.225,56.22,56.225
2025-05-14 09:24:40,56.225,56.23,56.224,56.23
2025-05-14 09:24:45,56.23,56.231,56.227,56.227
2025-05-14 09:24:50,56.227,56.239,56.227,56.239
2025-05-14 09:24:55,56.237,56.237,56.234,56.237
2025-05-14 09:25:00,56.234,56.234,56.229,56.233
2025-05-14 09:25:05,56.233,56.233,56.225,56.228
2025-05-14 09:25:10,56.228,56.232,56.227,56.229
2025-05-14 09:25:15,56.23,56.232,56.23,56.231
2025-05-14 09:25:20,56.231,56.233,56.227,56.227
2025-05-14 09:25:25,56.227,56.227,56.223,56.223
2025-05-14 09:25:30,56.223,56.223,56.221,56.223
2025-05-14 09:25:35,56.223,56.227,56.222,56.226
2025-05-14 09:25:40,56.228,56.235,56.227,56.232
2025-05-14 09:25:45,56.232,56.238,56.232,56.238
2025-05-14 09:25:50,56.238,56.24,56.232,56.232
2025-05-14 09:25:55,56.232,56.232,56.224,56.225
2025-05-14 09:26:00,56.225,56.229,56.223,56.229
2025-05-14 09:26:05,56.229,56.241,56.229,56.238
2025-05-14 09:26:10,56.238,56.24,56.237,56.24
2025-05-14 09:26:15,56.24,56.246,56.24,56.246
2025-05-14 09:26:20,56.244,56.244,56.238,56.239
2025-05-14 09:26:25,56.239,56.243,56.237,56.243
2025-05-14 09:26:30,56.243,56.248,56.241,56.248
2025-05-14 09:26:35,56.246,56.246,56.243,56.243
2025-05-14 09:26:40,56.244,56.244,56.237,56.239
2025-05-14 09:26:45,56.239,56.239,56.234,56.238
2025-05-14 09:26:50,56.239,56.239,56.234,56.235
2025-05-14 09:26:55,56.235,56.247,56.232,56.245
2025-05-14 09:27:00,56.245,56.245,56.24,56.24
2025-05-14 09:27:05,56.24,56.241,56.231,56.233
2025-05-14 09:27:10,56.233,56.238,56.233,56.235
2025-05-14 09:27:15,56.235,56.235,56.225,56.227
2025-05-14 09:27:20,56.228,56.232,56.226,56.232
2025-05-14 09:27:25,56.232,56.232,56.226,56.226
2025-05-14 09:27:30,56.226,56.233,56.226,56.231
2025-05-14 09:27:35,56.231,56.231,56.227,56.227
2025-05-14 09:27:40,56.225,56.228,56.223,56.223
2025-05-14 09:27:45,56.226,56.228,56.224,56.224
2025-05-14 09:27:50,56.224,56.231,56.223,56.231
2025-05-14 09:27:55,56.231,56.233,56.227,56.233
2025-05-14 09:28:00,56.233,56.236,56.229,56.229
2025-05-14 09:28:05,56.231,56.233,56.231,56.233
2025-05-14 09:28:10,56.231,56.234,56.229,56.234
2025-05-14 09:28:15,56.234,56.237,56.232,56.232
2025-05-14 09:28:20,56.23,56.235,56.23,56.235
2025-05-14 09:28:25,56.235,56.239,56.231,56.234
2025-05-14 09:28:30,56.235,56.236,56.231,56.236
2025-05-14 09:28:35,56.236,56.236,56.23,56.23
2025-05-14 09:28:40,56.235,56.239,56.234,56.239
2025-05-14 09:28:45,56.239,56.239,56.233,56.233
2025-05-14 09:28:50,56.231,56.236,56.231,56.235
2025-05-14 09:28:55,56.235,56.236,56.23,56.23
2025-05-14 09:29:00,56.231,56.237,56.231,56.232
2025-05-14 09:29:05,56.232,56.232,56.229,56.229
2025-05-14 09:29:10,56.229,56.229,56.223,56.225
2025-05-14 09:29:15,56.225,56.227,56.212,56.215
2025-05-14 09:29:20,56.215,56.215,56.212,56.212
2025-05-14 09:29:25,56.212,56.213,56.207,56.207
2025-05-14 09:29:30,56.206,56.206,56.204,56.206
2025-05-14 09:29:35,56.206,56.208,56.206,56.206
2025-05-14 09:29:40,56.206,56.209,56.202,56.209
2025-05-14 09:29:45,56.208,56.209,56.199,56.199
2025-05-14 09:29:50,56.198,56.198,56.188,56.188
2025-05-14 09:29:55,56.188,56.189,56.187,56.188
2025-05-14 09:30:00,56.188,56.191,56.187,56.191
2025-05-14 09:30:05,56.189,56.192,56.185,56.185
2025-05-14 09:30:10,56.185,56.19,56.184,56.187
2025-05-14 09:30:15,56.187,56.187,56.183,56.185
2025-05-14 09:30:20,56.185,56.187,56.185,56.187
2025-05-14 09:30:25,56.187,56.188,56.179,56.179
2025-05-14 09:30:30,56.179,56.182,56.179,56.18
2025-05-14 09:30:35,56.18,56.181,56.178,56.181
2025-05-14 09:30:40,56.181,56.181,56.171,56.171
2025-05-14 09:30:45,56.171,56.173,56.169,56.169
2025-05-14 09:30:50,56.169,56.172,56.165,56.171
2025-05-14 09:30:55,56.171,56.176,56.167,56.176
2025-05-14 09:31:00,56.18,56.18,56.177,56.179
2025-05-14 09:31:05,56.181,56.184,56.181,56.181
2025-05-14 09:31:10,56.181,56.181,56.165,56.165
2025-05-14 09:31:15,56.165,56.172,56.165,56.172
2025-05-14 09:31:20,56.17,56.174,56.17,56.173
2025-05-14 09:31:25,56.173,56.178,56.173,56.178
2025-05-14 09:31:30,56.178,56.179,56.17,56.17
2025-05-14 09:31:35,56.17,56.176,56.17,56.171
2025-05-14 09:31:40,56.171,56.171,56.166,56.166
2025-05-14 09:31:45,56.166,56.166,56.165,56.165
2025-05-14 09:31:50,56.165,56.173,56.164,56.172
2025-05-14 09:31:55,56.17,56.17,56.163,56.164
2025-05-14 09:32:00,56.164,56.166,56.153,56.154
2025-05-14 09:32:05,56.154,56.154,56.15,56.15
2025-05-14 09:32:10,56.151,56.152,56.147,56.148
2025-05-14 09:32:15,56.152,56.152,56.15,56.151
2025-05-14 09:32:20,56.151,56.158,56.151,56.157
2025-05-14 09:32:25,56.157,56.163,56.157,56.163
2025-05-14 09:32:30,56.164,56.165,56.163,56.165
2025-05-14 09:32:35,56.165,56.172,56.163,56.172
2025-05-14 09:32:40,56.172,56.172,56.163,56.163
2025-05-14 09:32:45,56.161,56.164,56.161,56.164
2025-05-14 09:32:50,56.164,56.164,56.156,56.156
2025-05-14 09:32:55,56.154,56.16,56.154,56.154
2025-05-14 09:33:00,56.154,56.156,56.152,56.152
2025-05-14 09:33:05,56.153,56.155,56.15,56.154
2025-05-14 09:33:10,56.153,56.163,56.153,56.163
2025-05-14 09:33:15,56.165,56.167,56.164,56.165
2025-05-14 09:33:20,56.165,56.169,56.16,56.16
2025-05-14 09:33:25,56.159,56.164,56.159,56.163
2025-05-14 09:33:30,56.166,56.166,56.157,56.157
2025-05-14 09:33:35,56.156,56.163,56.156,56.159
2025-05-14 09:33:40,56.159,56.176,56.159,56.176
2025-05-14 09:33:45,56.176,56.179,56.176,56.178
2025-05-14 09:33:50,56.179,56.182,56.179,56.18
2025-05-14 09:33:55,56.18,56.18,56.175,56.177
2025-05-14 09:34:00,56.177,56.177,56.166,56.166
2025-05-14 09:34:05,56.165,56.165,56.16,56.16
2025-05-14 09:34:10,56.16,56.161,56.158,56.158
2025-05-14 09:34:15,56.158,56.158,56.154,56.154
2025-05-14 09:34:20,56.154,56.156,56.153,56.155
2025-05-14 09:34:25,56.155,56.158,56.151,56.151
2025-05-14 09:34:30,56.151,56.154,56.15,56.154
2025-05-14 09:34:35,56.155,56.155,56.149,56.149
2025-05-14 09:34:40,56.149,56.15,56.145,56.148
2025-05-14 09:34:45,56.148,56.148,56.137,56.137
2025-05-14 09:34:50,56.135,56.135,56.134,56.134
2025-05-14 09:34:55,56.134,56.134,56.132,56.132
2025-05-14 09:35:00,56.132,56.135,56.132,56.132
2025-05-14 09:35:05,56.132,56.143,56.132,56.143
2025-05-14 09:35:10,56.144,56.152,56.142,56.151
2025-05-14 09:35:15,56.151,56.151,56.15,56.15
2025-05-14 09:35:20,56.15,56.15,56.143,56.143
2025-05-14 09:35:25,56.143,56.143,56.138,56.138
2025-05-14 09:35:30,56.139,56.139,56.136,56.138
2025-05-14 09:35:35,56.138,56.14,56.138,56.139
2025-05-14 09:35:40,56.139,56.14,56.138,56.139
2025-05-14 09:35:45,56.139,56.151,56.139,56.15
2025-05-14 09:35:50,56.143,56.143,56.13,56.13
2025-05-14 09:35:55,56.129,56.133,56.129,56.132
2025-05-14 09:36:00,56.132,56.133,56.13,56.13
2025-05-14 09:36:05,56.13,56.135,56.129,56.131
2025-05-14 09:36:10,56.131,56.138,56.131,56.138
2025-05-14 09:36:15,56.138,56.138,56.133,56.133
2025-05-14 09:36:20,56.133,56.139,56.133,56.138
2025-05-14 09:36:25,56.138,56.14,56.137,56.138
2025-05-14 09:36:30,56.136,56.137,56.135,56.135
2025-05-14 09:36:35,56.135,56.143,56.135,56.141
2025-05-14 09:36:40,56.141,56.141,56.137,56.137
2025-05-14 09:36:45,56.137,56.14,56.137,56.137
2025-05-14 09:36:50,56.137,56.146,56.137,56.146
2025-05-14 09:36:55,56.146,56.146,56.143,56.143
2025-05-14 09:37:00,56.143,56.143,56.137,56.139
2025-05-14 09:37:05,56.139,56.139,56.136,56.137
2025-05-14 09:37:10,56.137,56.14,56.136,56.136
2025-05-14 09:37:15,56.139,56.139,56.132,56.139
2025-05-14 09:37:20,56.139,56.139,56.132,56.135
2025-05-14 09:37:25,56.135,56.136,56.131,56.135
2025-05-14 09:37:30,56.135,56.139,56.135,56.135
2025-05-14 09:37:35,56.138,56.139,56.136,56.136
2025-05-14 09:37:40,56.136,56.137,56.129,56.129
2025-05-14 09:37:45,56.129,56.133,56.129,56.132
2025-05-14 09:37:50,56.132,56.134,56.131,56.131
2025-05-14 09:37:55,56.128,56.13,56.122,56.127
2025-05-14 09:38:00,56.127,56.13,56.125,56.128
2025-05-14 09:38:05,56.128,56.133,56.128,56.133
2025-05-14 09:38:10,56.133,56.134,56.124,56.124
2025-05-14 09:38:15,56.124,56.125,56.121,56.121
2025-05-14 09:38:20,56.123,56.134,56.123,56.134
2025-05-14 09:38:25,56.133,56.134,56.125,56.126
2025-05-14 09:38:30,56.126,56.127,56.124,56.124
2025-05-14 09:38:35,56.122,56.128,56.122,56.128
2025-05-14 09:38:40,56.13,56.13,56.129,56.13
2025-05-14 09:38:45,56.128,56.128,56.115,56.115
2025-05-14 09:38:50,56.114,56.119,56.114,56.119
2025-05-14 09:38:55,56.119,56.129,56.117,56.123
2025-05-14 09:39:00,56.118,56.118,56.114,56.115
2025-05-14 09:39:05,56.115,56.122,56.114,56.122
2025-05-14 09:39:10,56.12,56.13,56.12,56.127
2025-05-14 09:39:15,56.126,56.132,56.122,56.123
2025-05-14 09:39:20,56.122,56.125,56.119,56.119
2025-05-14 09:39:25,56.119,56.119,56.114,56.114
2025-05-14 09:39:30,56.113,56.113,56.112,56.112
2025-05-14 09:39:35,56.112,56.114,56.107,56.107
2025-05-14 09:39:40,56.107,56.107,56.106,56.107
2025-05-14 09:39:45,56.107,56.111,56.107,56.108
2025-05-14 09:39:50,56.108,56.11,56.107,56.109
2025-05-14 09:39:55,56.108,56.108,56.102,56.102
2025-05-14 09:40:00,56.102,56.103,56.1,56.103
2025-05-14 09:40:05,56.103,56.115,56.103,56.114
2025-05-14 09:40:10,56.114,56.119,56.114,56.119
2025-05-14 09:40:15,56.119,56.119,56.11,56.11
2025-05-14 09:40:20,56.104,56.107,56.097,56.097
2025-05-14 09:40:25,56.097,56.098,56.088,56.088
2025-05-14 09:40:30,56.088,56.088,56.081,56.088
2025-05-14 09:40:35,56.088,56.088,56.084,56.088
2025-05-14 09:40:40,56.088,56.095,56.088,56.094
2025-05-14 09:40:45,56.094,56.098,56.092,56.098
2025-05-14 09:40:50,56.098,56.1,56.092,56.092
2025-05-14 09:40:55,56.092,56.106,56.092,56.106
2025-05-14 09:41:00,56.105,56.105,56.102,56.104
2025-05-14 09:41:05,56.104,56.109,56.102,56.108
2025-05-14 09:41:10,56.108,56.108,56.096,56.096
2025-05-14 09:41:15,56.097,56.097,56.09,56.09
2025-05-14 09:41:20,56.09,56.1,56.09,56.094
2025-05-14 09:41:25,56.094,56.094,56.086,56.087
2025-05-14 09:41:30,56.087,56.087,56.082,56.082
2025-05-14 09:41:35,56.081,56.081,56.076,56.076
2025-05-14 09:41:40,56.076,56.076,56.071,56.073
2025-05-14 09:41:45,56.073,56.083,56.073,56.083
2025-05-14 09:41:50,56.083,56.083,56.08,56.083
2025-05-14 09:41:55,56.086,56.088,56.086,56.087
2025-05-14 09:42:00,56.083,56.083,56.077,56.077
2025-05-14 09:42:05,56.077,56.082,56.077,56.08
2025-05-14 09:42:10,56.08,56.087,56.08,56.087
2025-05-14 09:42:15,56.085,56.089,56.083,56.089
2025-05-14 09:42:20,56.088,56.088,56.087,56.088
2025-05-14 09:42:25,56.088,56.094,56.088,56.094
2025-05-14 09:42:30,56.094,56.105,56.092,56.104
2025-05-14 09:42:35,56.104,56.104,56.1,56.103
2025-05-14 09:42:40,56.103,56.103,56.089,56.089
2025-05-14 09:42:45,56.089,56.105,56.089,56.101
2025-05-14 09:42:50,56.101,56.101,56.096,56.097
2025-05-14 09:42:55,56.096,56.097,56.095,56.096
2025-05-14 09:43:00,56.093,56.097,56.093,56.094
2025-05-14 09:43:05,56.094,56.094,56.088,56.09
2025-05-14 09:43:10,56.09,56.095,56.09,56.092
2025-05-14 09:43:15,56.092,56.092,56.077,56.077
2025-05-14 09:43:20,56.077,56.082,56.077,56.082
2025-05-14 09:43:25,56.082,56.085,56.082,56.083
2025-05-14 09:43:30,56.08,56.081,56.08,56.081
2025-05-14 09:43:35,56.082,56.089,56.08,56.089
2025-05-14 09:43:40,56.091,56.093,56.09,56.09
2025-05-14 09:43:45,56.09,56.092,56.09,56.092
2025-05-14 09:43:50,56.088,56.092,56.086,56.086
2025-05-14 09:43:55,56.086,56.086,56.084,56.084
2025-05-14 09:44:00,56.085,56.085,56.08,56.08
2025-05-14 09:44:05,56.079,56.079,56.074,56.074
2025-05-14 09:44:10,56.071,56.071,56.06,56.063
2025-05-14 09:44:15,56.063,56.065,56.062,56.065
2025-05-14 09:44:20,56.066,56.067,56.064,56.064
2025-05-14 09:44:25,56.063,56.064,56.059,56.059
2025-05-14 09:44:30,56.06,56.066,56.056,56.066
2025-05-14 09:44:35,56.066,56.069,56.065,56.065
2025-05-14 09:44:40,56.064,56.07,56.06,56.07
2025-05-14 09:44:45,56.07,56.073,56.07,56.073
2025-05-14 09:44:50,56.071,56.071,56.065,56.066
2025-05-14 09:44:55,56.066,56.069,56.064,56.064
2025-05-14 09:45:00,56.065,56.069,56.065,56.065
2025-05-14 09:45:05,56.065,56.065,56.062,56.062
2025-05-14 09:45:10,56.062,56.069,56.062,56.069
2025-05-14 09:45:15,56.069,56.073,56.069,56.073
2025-05-14 09:45:20,56.073,56.079,56.073,56.076
2025-05-14 09:45:25,56.076,56.076,56.052,56.052
2025-05-14 09:45:30,56.052,56.061,56.052,56.061
2025-05-14 09:45:35,56.061,56.061,56.056,56.061
2025-05-14 09:45:40,56.061,56.061,56.053,56.053
2025-05-14 09:45:45,56.049,56.065,56.049,56.061
2025-05-14 09:45:50,56.062,56.071,56.062,56.07
2025-05-14 09:45:55,56.07,56.076,56.069,56.076
2025-05-14 09:46:00,56.076,56.09,56.076,56.09
2025-05-14 09:46:05,56.089,56.099,56.089,56.099
2025-05-14 09:46:10,56.099,56.105,56.099,56.104
2025-05-14 09:46:15,56.104,56.108,56.104,56.106
2025-05-14 09:46:20,56.106,56.107,56.099,56.099
2025-05-14 09:46:25,56.099,56.103,56.097,56.097
2025-05-14 09:46:30,56.096,56.101,56.096,56.099
2025-05-14 09:46:35,56.099,56.099,56.095,56.097
2025-05-14 09:46:40,56.098,56.101,56.097,56.097
2025-05-14 09:46:45,56.097,56.097,56.083,56.084
2025-05-14 09:46:50,56.084,56.085,56.077,56.08
2025-05-14 09:46:55,56.08,56.081,56.077,56.079
2025-05-14 09:47:00,56.078,56.078,56.072,56.072
2025-05-14 09:47:05,56.071,56.077,56.067,56.077
2025-05-14 09:47:10,56.077,56.077,56.072,56.075
2025-05-14 09:47:15,56.075,56.076,56.072,56.072
2025-05-14 09:47:20,56.072,56.072,56.066,56.066
2025-05-14 09:47:25,56.068,56.07,56.068,56.068
2025-05-14 09:47:30,56.068,56.083,56.068,56.083
2025-05-14 09:47:35,56.083,56.083,56.079,56.079
2025-05-14 09:47:40,56.08,56.083,56.08,56.081
2025-05-14 09:47:45,56.081,56.088,56.081,56.086
2025-05-14 09:47:50,56.086,56.089,56.085,56.086
2025-05-14 09:47:55,56.086,56.091,56.085,56.091
2025-05-14 09:48:00,56.092,56.092,56.087,56.09
2025-05-14 09:48:05,56.089,56.091,56.089,56.09
2025-05-14 09:48:10,56.09,56.092,56.088,56.088
2025-05-14 09:48:15,56.088,56.088,56.077,56.077
2025-05-14 09:48:20,56.08,56.095,56.08,56.095
2025-05-14 09:48:25,56.095,56.103,56.095,56.103
2025-05-14 09:48:30,56.103,56.107,56.1,56.1
2025-05-14 09:48:35,56.1,56.104,56.1,56.1
2025-05-14 09:48:40,56.103,56.103,56.101,56.101
2025-05-14 09:48:45,56.101,56.112,56.101,56.11
2025-05-14 09:48:50,56.11,56.11,56.105,56.106
2025-05-14 09:48:55,56.106,56.109,56.104,56.104
2025-05-14 09:49:00,56.104,56.105,56.094,56.1
2025-05-14 09:49:05,56.097,56.097,56.087,56.087
2025-05-14 09:49:10,56.087,56.091,56.086,56.09
2025-05-14 09:49:15,56.09,56.092,56.089,56.089
2025-05-14 09:49:20,56.089,56.096,56.089,56.096
2025-05-14 09:49:25,56.096,56.1,56.096,56.1
2025-05-14 09:49:30,56.1,56.104,56.099,56.103
2025-05-14 09:49:35,56.103,56.115,56.103,56.115
2025-05-14 09:49:40,56.112,56.115,56.112,56.115
2025-05-14 09:49:45,56.114,56.114,56.106,56.109
2025-05-14 09:49:50,56.104,56.106,56.094,56.094
2025-05-14 09:49:55,56.095,56.097,56.094,56.094
2025-05-14 09:50:00,56.094,56.101,56.094,56.101
2025-05-14 09:50:05,56.105,56.109,56.102,56.103
2025-05-14 09:50:10,56.103,56.107,56.1,56.107
2025-05-14 09:50:15,56.107,56.107,56.101,56.101
2025-05-14 09:50:20,56.101,56.103,56.101,56.103
2025-05-14 09:50:25,56.101,56.101,56.088,56.088
2025-05-14 09:50:30,56.088,56.092,56.088,56.089
2025-05-14 09:50:35,56.09,56.092,56.09,56.091
2025-05-14 09:50:40,56.091,56.093,56.091,56.093
2025-05-14 09:50:45,56.093,56.097,56.093,56.094
2025-05-14 09:50:50,56.097,56.104,56.097,56.104
2025-05-14 09:50:55,56.104,56.104,56.097,56.1
2025-05-14 09:51:00,56.1,56.104,56.1,56.104
2025-05-14 09:51:05,56.102,56.102,56.098,56.098
2025-05-14 09:51:10,56.099,56.103,56.098,56.1
2025-05-14 09:51:15,56.1,56.106,56.1,56.102
2025-05-14 09:51:20,56.102,56.106,56.099,56.099
2025-05-14 09:51:25,56.099,56.099,56.093,56.096
2025-05-14 09:51:30,56.096,56.097,56.094,56.094
2025-05-14 09:51:35,56.094,56.103,56.093,56.101
2025-05-14 09:51:40,56.101,56.101,56.097,56.097
2025-05-14 09:51:45,56.097,56.099,56.09,56.091
2025-05-14 09:51:50,56.091,56.092,56.09,56.092
2025-05-14 09:51:55,56.093,56.093,56.088,56.09
2025-05-14 09:52:00,56.09,56.097,56.088,56.097
2025-05-14 09:52:05,56.097,56.1,56.097,56.1
2025-05-14 09:52:10,56.098,56.098,56.091,56.094
2025-05-14 09:52:15,56.094,56.107,56.094,56.107
2025-05-14 09:52:20,56.107,56.11,56.107,56.11
2025-05-14 09:52:25,56.101,56.101,56.097,56.1
2025-05-14 09:52:30,56.1,56.104,56.098,56.1
2025-05-14 09:52:35,56.1,56.102,56.099,56.099
2025-05-14 09:52:40,56.099,56.102,56.099,56.099
2025-05-14 09:52:45,56.101,56.101,56.1,56.101
2025-05-14 09:52:50,56.101,56.102,56.099,56.1
2025-05-14 09:52:55,56.1,56.103,56.099,56.103
2025-05-14 09:53:00,56.103,56.103,56.094,56.094
2025-05-14 09:53:05,56.094,56.095,56.092,56.093
2025-05-14 09:53:10,56.093,56.095,56.093,56.095
2025-05-14 09:53:15,56.095,56.096,56.091,56.091
2025-05-14 09:53:20,56.091,56.095,56.091,56.095
2025-05-14 09:53:25,56.095,56.097,56.094,56.095
2025-05-14 09:53:30,56.095,56.099,56.094,56.098
2025-05-14 09:53:35,56.098,56.101,56.09,56.09
2025-05-14 09:53:40,56.09,56.09,56.086,56.086
2025-05-14 09:53:45,56.086,56.086,56.083,56.086
2025-05-14 09:53:50,56.086,56.086,56.083,56.083
2025-05-14 09:53:55,56.083,56.092,56.083,56.092
2025-05-14 09:54:00,56.092,56.093,56.087,56.091
2025-05-14 09:54:05,56.091,56.091,56.083,56.083
2025-05-14 09:54:10,56.083,56.083,56.075,56.076
2025-05-14 09:54:15,56.076,56.077,56.073,56.075
2025-05-14 09:54:20,56.075,56.075,56.057,56.059
2025-05-14 09:54:25,56.059,56.06,56.056,56.058
2025-05-14 09:54:30,56.058,56.059,56.057,56.058
2025-05-14 09:54:35,56.058,56.058,56.053,56.053
2025-05-14 09:54:40,56.054,56.056,56.051,56.051
2025-05-14 09:54:45,56.051,56.057,56.051,56.057
2025-05-14 09:54:50,56.059,56.072,56.059,56.072
2025-05-14 09:54:55,56.076,56.076,56.07,56.07
2025-05-14 09:55:00,56.072,56.076,56.072,56.073
2025-05-14 09:55:05,56.073,56.073,56.066,56.066
2025-05-14 09:55:10,56.067,56.067,56.065,56.065
2025-05-14 09:55:15,56.069,56.077,56.069,56.077
2025-05-14 09:55:20,56.076,56.081,56.076,56.08
2025-05-14 09:55:25,56.08,56.089,56.079,56.086
2025-05-14 09:55:30,56.085,56.087,56.084,56.084
2025-05-14 09:55:35,56.085,56.091,56.083,56.091
2025-05-14 09:55:40,56.091,56.096,56.091,56.096
2025-05-14 09:55:45,56.096,56.096,56.091,56.091
2025-05-14 09:55:50,56.085,56.085,56.083,56.083
2025-05-14 09:55:55,56.078,56.078,56.073,56.075
2025-05-14 09:56:00,56.075,56.075,56.072,56.073
2025-05-14 09:56:05,56.073,56.074,56.068,56.068
2025-05-14 09:56:10,56.069,56.07,56.066,56.066
2025-05-14 09:56:15,56.067,56.068,56.066,56.068
2025-05-14 09:56:20,56.068,56.068,56.063,56.064
2025-05-14 09:56:25,56.064,56.073,56.064,56.073
2025-05-14 09:56:30,56.075,56.076,56.074,56.074
2025-05-14 09:56:35,56.074,56.079,56.073,56.077
2025-05-14 09:56:40,56.078,56.083,56.078,56.083
2025-05-14 09:56:45,56.083,56.093,56.083,56.093
2025-05-14 09:56:50,56.093,56.097,56.093,56.097
2025-05-14 09:56:55,56.103,56.105,56.097,56.1
2025-05-14 09:57:00,56.1,56.103,56.1,56.102
2025-05-14 09:57:05,56.102,56.102,56.097,56.1
2025-05-14 09:57:10,56.1,56.103,56.099,56.099
2025-05-14 09:57:15,56.1,56.103,56.1,56.101
2025-05-14 09:57:20,56.099,56.099,56.096,56.097
2025-05-14 09:57:25,56.097,56.098,56.094,56.094
2025-05-14 09:57:30,56.094,56.095,56.092,56.093
2025-05-14 09:57:35,56.091,56.094,56.084,56.085
2025-05-14 09:57:40,56.086,56.087,56.084,56.087
2025-05-14 09:57:45,56.087,56.094,56.087,56.091
2025-05-14 09:57:50,56.091,56.091,56.084,56.084
2025-05-14 09:57:55,56.084,56.087,56.084,56.087
2025-05-14 09:58:00,56.087,56.089,56.084,56.087
2025-05-14 09:58:05,56.087,56.09,56.086,56.089
2025-05-14 09:58:10,56.089,56.09,56.089,56.09
2025-05-14 09:58:15,56.09,56.09,56.082,56.083
2025-05-14 09:58:20,56.082,56.082,56.08,56.08
2025-05-14 09:58:25,56.08,56.08,56.069,56.071
2025-05-14 09:58:30,56.071,56.071,56.06,56.062
2025-05-14 09:58:35,56.062,56.062,56.053,56.053
2025-05-14 09:58:40,56.054,56.057,56.054,56.056
2025-05-14 09:58:45,56.056,56.06,56.049,56.054
2025-05-14 09:58:50,56.054,56.063,56.051,56.061
2025-05-14 09:58:55,56.06,56.064,56.06,56.064
2025-05-14 09:59:00,56.064,56.064,56.053,56.053
2025-05-14 09:59:05,56.053,56.053,56.049,56.05
2025-05-14 09:59:10,56.05,56.052,56.05,56.05
2025-05-14 09:59:15,56.054,56.056,56.054,56.056
2025-05-14 09:59:20,56.056,56.064,56.056,56.061
2025-05-14 09:59:25,56.061,56.061,56.059,56.059
2025-05-14 09:59:30,56.059,56.06,56.057,56.06
2025-05-14 09:59:35,56.061,56.061,56.059,56.061
2025-05-14 09:59:40,56.061,56.062,56.058,56.059
2025-05-14 09:59:45,56.059,56.059,56.056,56.057
2025-05-14 09:59:50,56.057,56.068,56.057,56.067
2025-05-14 09:59:55,56.068,56.073,56.068,56.073
2025-05-14 10:00:00,56.075,56.075,56.071,56.075
2025-05-14 10:00:05,56.075,56.076,56.072,56.076
2025-05-14 10:00:10,56.076,56.076,56.065,56.065
2025-05-14 10:00:15,56.065,56.067,56.062,56.067
2025-05-14 10:00:20,56.067,56.068,56.046,56.046
2025-05-14 10:00:25,56.046,56.052,56.046,56.051
2025-05-14 10:00:30,56.051,56.051,56.035,56.036
2025-05-14 10:00:35,56.035,56.041,56.033,56.041
2025-05-14 10:00:40,56.042,56.045,56.04,56.044
2025-05-14 10:00:45,56.051,56.062,56.048,56.062
2025-05-14 10:00:50,56.056,56.056,56.047,56.048
2025-05-14 10:00:55,56.048,56.049,56.047,56.048
2025-05-14 10:01:00,56.048,56.055,56.048,56.055
2025-05-14 10:01:05,56.055,56.061,56.055,56.061
2025-05-14 10:01:10,56.061,56.067,56.061,56.065
2025-05-14 10:01:15,56.064,56.068,56.064,56.065
2025-05-14 10:01:20,56.064,56.068,56.064,56.066
2025-05-14 10:01:25,56.068,56.069,56.065,56.066
2025-05-14 10:01:30,56.066,56.066,56.063,56.063
2025-05-14 10:01:35,56.062,56.064,56.061,56.062
2025-05-14 10:01:40,56.062,56.068,56.062,56.067
2025-05-14 10:01:45,56.067,56.073,56.067,56.073
2025-05-14 10:01:50,56.073,56.073,56.071,56.073
2025-05-14 10:01:55,56.073,56.08,56.072,56.08
2025-05-14 10:02:00,56.08,56.08,56.077,56.077
2025-05-14 10:02:05,56.077,56.079,56.072,56.072
2025-05-14 10:02:10,56.072,56.079,56.072,56.075
2025-05-14 10:02:15,56.076,56.076,56.066,56.066
2025-05-14 10:02:20,56.066,56.067,56.064,56.066
2025-05-14 10:02:25,56.072,56.077,56.072,56.076
2025-05-14 10:02:30,56.076,56.076,56.069,56.069
2025-05-14 10:02:35,56.07,56.073,56.066,56.073
2025-05-14 10:02:40,56.074,56.078,56.074,56.076
2025-05-14 10:02:45,56.075,56.078,56.074,56.076
2025-05-14 10:02:50,56.076,56.084,56.076,56.083
2025-05-14 10:02:55,56.083,56.086,56.082,56.086
2025-05-14 10:03:00,56.086,56.088,56.083,56.084
2025-05-14 10:03:05,56.084,56.087,56.084,56.086
2025-05-14 10:03:10,56.086,56.088,56.077,56.077
2025-05-14 10:03:15,56.077,56.077,56.074,56.077
2025-05-14 10:03:20,56.079,56.079,56.076,56.078
2025-05-14 10:03:25,56.078,56.083,56.078,56.081
2025-05-14 10:03:30,56.081,56.083,56.076,56.083
2025-05-14 10:03:35,56.083,56.083,56.074,56.074
2025-05-14 10:03:40,56.074,56.076,56.058,56.058
2025-05-14 10:03:45,56.058,56.07,56.058,56.068
2025-05-14 10:03:50,56.068,56.068,56.058,56.058
2025-05-14 10:03:55,56.058,56.06,56.055,56.06
2025-05-14 10:04:00,56.058,56.06,56.057,56.06
2025-05-14 10:04:05,56.06,56.074,56.06,56.074
2025-05-14 10:04:10,56.074,56.076,56.072,56.075
2025-05-14 10:04:15,56.075,56.075,56.066,56.066
2025-05-14 10:04:20,56.067,56.075,56.067,56.072
2025-05-14 10:04:25,56.071,56.072,56.065,56.07
2025-05-14 10:04:30,56.07,56.077,56.067,56.077
2025-05-14 10:04:35,56.077,56.08,56.075,56.075
2025-05-14 10:04:40,56.076,56.082,56.076,56.082
2025-05-14 10:04:45,56.084,56.084,56.081,56.084
2025-05-14 10:04:50,56.084,56.086,56.083,56.086
2025-05-14 10:04:55,56.086,56.086,56.083,56.083
2025-05-14 10:05:00,56.083,56.086,56.082,56.086
2025-05-14 10:05:05,56.085,56.085,56.081,56.081
2025-05-14 10:05:10,56.081,56.081,56.076,56.078
2025-05-14 10:05:15,56.078,56.078,56.071,56.071
2025-05-14 10:05:20,56.07,56.07,56.067,56.07
2025-05-14 10:05:25,56.07,56.071,56.07,56.071
2025-05-14 10:05:30,56.075,56.075,56.072,56.072
2025-05-14 10:05:35,56.072,56.074,56.069,56.069
2025-05-14 10:05:40,56.069,56.071,56.066,56.07
2025-05-14 10:05:45,56.07,56.07,56.066,56.07
2025-05-14 10:05:50,56.07,56.074,56.07,56.074
2025-05-14 10:05:55,56.074,56.081,56.073,56.081
2025-05-14 10:06:00,56.079,56.079,56.069,56.075
2025-05-14 10:06:05,56.084,56.084,56.083,56.083
2025-05-14 10:06:10,56.085,56.087,56.084,56.086
2025-05-14 10:06:15,56.086,56.086,56.084,56.085
2025-05-14 10:06:20,56.078,56.079,56.076,56.077
2025-05-14 10:06:25,56.076,56.079,56.075,56.078
2025-05-14 10:06:30,56.08,56.084,56.08,56.082
2025-05-14 10:06:35,56.082,56.082,56.074,56.074
2025-05-14 10:06:40,56.074,56.083,56.074,56.079
2025-05-14 10:06:45,56.077,56.08,56.076,56.076
2025-05-14 10:06:50,56.076,56.077,56.076,56.076
2025-05-14 10:06:55,56.076,56.076,56.072,56.073
2025-05-14 10:07:00,56.073,56.075,56.07,56.073
2025-05-14 10:07:05,56.073,56.086,56.073,56.083
2025-05-14 10:07:10,56.081,56.089,56.081,56.089
2025-05-14 10:07:15,56.084,56.084,56.073,56.073
2025-05-14 10:07:20,56.073,56.074,56.07,56.071
2025-05-14 10:07:25,56.063,56.069,56.062,56.069
2025-05-14 10:07:30,56.07,56.073,56.07,56.073
2025-05-14 10:07:35,56.072,56.073,56.07,56.07
2025-05-14 10:07:40,56.07,56.078,56.069,56.077
2025-05-14 10:07:45,56.075,56.077,56.074,56.075
2025-05-14 10:07:50,56.075,56.079,56.073,56.079
2025-05-14 10:07:55,56.078,56.086,56.078,56.085
2025-05-14 10:08:00,56.085,56.095,56.085,56.095
2025-05-14 10:08:05,56.096,56.097,56.091,56.091
2025-05-14 10:08:10,56.09,56.1,56.089,56.099
2025-05-14 10:08:15,56.1,56.1,56.093,56.093
2025-05-14 10:08:20,56.093,56.095,56.093,56.095
2025-05-14 10:08:25,56.096,56.1,56.096,56.097
2025-05-14 10:08:30,56.094,56.1,56.093,56.1
2025-05-14 10:08:35,56.099,56.102,56.099,56.1
2025-05-14 10:08:40,56.1,56.1,56.098,56.098
2025-05-14 10:08:45,56.098,56.098,56.093,56.095
2025-05-14 10:08:50,56.095,56.097,56.095,56.097
2025-05-14 10:08:55,56.097,56.103,56.097,56.103
2025-05-14 10:09:00,56.103,56.103,56.098,56.098
2025-05-14 10:09:05,56.095,56.098,56.095,56.095
2025-05-14 10:09:10,56.097,56.099,56.095,56.097
2025-05-14 10:09:15,56.097,56.102,56.097,56.101
2025-05-14 10:09:20,56.101,56.102,56.095,56.095
2025-05-14 10:09:25,56.094,56.095,56.091,56.091
2025-05-14 10:09:30,56.091,56.092,56.088,56.088
2025-05-14 10:09:35,56.088,56.088,56.071,56.071
2025-05-14 10:09:40,56.071,56.071,56.063,56.065
2025-05-14 10:09:45,56.066,56.082,56.066,56.082
2025-05-14 10:09:50,56.077,56.08,56.077,56.079
2025-05-14 10:09:55,56.079,56.081,56.066,56.066
2025-05-14 10:10:00,56.066,56.071,56.066,56.071
2025-05-14 10:10:05,56.071,56.071,56.066,56.067
2025-05-14 10:10:10,56.07,56.083,56.07,56.081
2025-05-14 10:10:15,56.08,56.08,56.076,56.077
2025-05-14 10:10:20,56.077,56.079,56.075,56.076
2025-05-14 10:10:25,56.076,56.076,56.072,56.073
2025-05-14 10:10:30,56.074,56.074,56.071,56.071
2025-05-14 10:10:35,56.072,56.074,56.07,56.071
2025-05-14 10:10:40,56.071,56.075,56.071,56.073
2025-05-14 10:10:45,56.073,56.082,56.073,56.082
2025-05-14 10:10:50,56.08,56.09,56.08,56.09
2025-05-14 10:10:55,56.092,56.094,56.087,56.087
2025-05-14 10:11:00,56.087,56.087,56.084,56.085
2025-05-14 10:11:05,56.085,56.091,56.085,56.089
2025-05-14 10:11:10,56.091,56.092,56.09,56.092
2025-05-14 10:11:15,56.092,56.095,56.087,56.089
2025-05-14 10:11:20,56.089,56.091,56.087,56.087
2025-05-14 10:11:25,56.087,56.091,56.085,56.091
2025-05-14 10:11:30,56.092,56.111,56.092,56.108
2025-05-14 10:11:35,56.107,56.124,56.107,56.124
2025-05-14 10:11:40,56.124,56.128,56.124,56.126
2025-05-14 10:11:45,56.126,56.136,56.126,56.136
2025-05-14 10:11:50,56.136,56.139,56.135,56.136
2025-05-14 10:11:55,56.136,56.139,56.135,56.138
2025-05-14 10:12:00,56.138,56.139,56.134,56.134
2025-05-14 10:12:05,56.137,56.14,56.135,56.139
2025-05-14 10:12:10,56.142,56.146,56.142,56.143
2025-05-14 10:12:15,56.143,56.143,56.136,56.136
2025-05-14 10:12:20,56.134,56.134,56.129,56.13
2025-05-14 10:12:25,56.13,56.13,56.127,56.128
2025-05-14 10:12:30,56.128,56.128,56.126,56.128
2025-05-14 10:12:35,56.128,56.13,56.122,56.122
2025-05-14 10:12:40,56.119,56.128,56.119,56.128
2025-05-14 10:12:45,56.128,56.13,56.122,56.122
2025-05-14 10:12:50,56.123,56.126,56.123,56.123
2025-05-14 10:12:55,56.123,56.123,56.111,56.111
2025-05-14 10:13:00,56.112,56.116,56.111,56.116
2025-05-14 10:13:05,56.118,56.121,56.115,56.115
2025-05-14 10:13:10,56.117,56.118,56.114,56.114
2025-05-14 10:13:15,56.114,56.114,56.111,56.111
2025-05-14 10:13:20,56.111,56.118,56.11,56.118
2025-05-14 10:13:25,56.119,56.127,56.116,56.127
2025-05-14 10:13:30,56.126,56.126,56.12,56.125
2025-05-14 10:13:35,56.125,56.132,56.125,56.127
2025-05-14 10:13:40,56.127,56.131,56.125,56.13
2025-05-14 10:13:45,56.13,56.13,56.127,56.129
2025-05-14 10:13:50,56.13,56.136,56.127,56.136
2025-05-14 10:13:55,56.136,56.137,56.133,56.133
2025-05-14 10:14:00,56.133,56.135,56.129,56.131
2025-05-14 10:14:05,56.131,56.138,56.131,56.137
2025-05-14 10:14:10,56.137,56.141,56.136,56.137
2025-05-14 10:14:15,56.137,56.137,56.13,56.134
2025-05-14 10:14:20,56.134,56.134,56.124,56.128
2025-05-14 10:14:25,56.128,56.13,56.122,56.122
2025-05-14 10:14:30,56.12,56.12,56.116,56.116
2025-05-14 10:14:35,56.114,56.117,56.107,56.107
2025-05-14 10:14:40,56.107,56.107,56.106,56.106
2025-05-14 10:14:45,56.106,56.106,56.099,56.099
2025-05-14 10:14:50,56.099,56.1,56.098,56.099
2025-05-14 10:14:55,56.098,56.107,56.098,56.107
2025-05-14 10:15:00,56.107,56.109,56.106,56.109
2025-05-14 10:15:05,56.109,56.112,56.109,56.112
2025-05-14 10:15:10,56.112,56.117,56.111,56.117
2025-05-14 10:15:15,56.117,56.121,56.114,56.121
2025-05-14 10:15:20,56.121,56.124,56.119,56.12
2025-05-14 10:15:25,56.12,56.131,56.116,56.131
2025-05-14 10:15:30,56.131,56.132,56.128,56.128
2025-05-14 10:15:35,56.128,56.129,56.126,56.129
2025-05-14 10:15:40,56.129,56.129,56.128,56.129
2025-05-14 10:15:45,56.129,56.13,56.128,56.128
2025-05-14 10:15:50,56.128,56.133,56.127,56.127
2025-05-14 10:15:55,56.126,56.145,56.126,56.145
2025-05-14 10:16:00,56.145,56.145,56.136,56.138
2025-05-14 10:16:05,56.138,56.155,56.136,56.155
2025-05-14 10:16:10,56.155,56.16,56.155,56.159
2025-05-14 10:16:15,56.161,56.163,56.16,56.162
2025-05-14 10:16:20,56.159,56.163,56.158,56.162
2025-05-14 10:16:25,56.162,56.162,56.157,56.16
2025-05-14 10:16:30,56.16,56.161,56.155,56.155
2025-05-14 10:16:35,56.153,56.165,56.152,56.165
2025-05-14 10:16:40,56.166,56.176,56.165,56.176
2025-05-14 10:16:45,56.176,56.178,56.174,56.177
2025-05-14 10:16:50,56.177,56.18,56.177,56.18
2025-05-14 10:16:55,56.179,56.182,56.178,56.178
2025-05-14 10:17:00,56.178,56.191,56.178,56.191
2025-05-14 10:17:05,56.191,56.192,56.185,56.19
2025-05-14 10:17:10,56.19,56.193,56.19,56.193
2025-05-14 10:17:15,56.193,56.198,56.193,56.198
2025-05-14 10:17:20,56.197,56.2,56.195,56.195
2025-05-14 10:17:25,56.195,56.204,56.194,56.203
2025-05-14 10:17:30,56.203,56.203,56.2,56.201
2025-05-14 10:17:35,56.203,56.207,56.198,56.198
2025-05-14 10:17:40,56.198,56.2,56.197,56.2
2025-05-14 10:17:45,56.2,56.211,56.2,56.209
2025-05-14 10:17:50,56.209,56.209,56.2,56.2
2025-05-14 10:17:55,56.202,56.208,56.202,56.207
2025-05-14 10:18:00,56.207,56.207,56.199,56.199
2025-05-14 10:18:05,56.199,56.203,56.199,56.203
2025-05-14 10:18:10,56.203,56.213,56.203,56.211
2025-05-14 10:18:15,56.215,56.22,56.215,56.215
2025-05-14 10:18:20,56.213,56.215,56.208,56.208
2025-05-14 10:18:25,56.208,56.22,56.208,56.22
2025-05-14 10:18:30,56.22,56.226,56.219,56.226
2025-05-14 10:18:35,56.226,56.23,56.226,56.229
2025-05-14 10:18:40,56.23,56.23,56.225,56.225
2025-05-14 10:18:45,56.225,56.225,56.218,56.218
2025-05-14 10:18:50,56.217,56.217,56.213,56.213
2025-05-14 10:18:55,56.213,56.216,56.212,56.212
2025-05-14 10:19:00,56.212,56.214,56.21,56.211
2025-05-14 10:19:05,56.214,56.214,56.211,56.214
2025-05-14 10:19:10,56.215,56.23,56.215,56.228
2025-05-14 10:19:15,56.228,56.231,56.227,56.231
2025-05-14 10:19:20,56.23,56.25,56.23,56.25
2025-05-14 10:19:25,56.25,56.258,56.249,56.258
2025-05-14 10:19:30,56.258,56.26,56.258,56.258
2025-05-14 10:19:35,56.258,56.259,56.255,56.255
2025-05-14 10:19:40,56.255,56.255,56.25,56.25
2025-05-14 10:19:45,56.25,56.253,56.247,56.253
2025-05-14 10:19:50,56.253,56.257,56.253,56.257
2025-05-14 10:19:55,56.257,56.263,56.257,56.263
2025-05-14 10:20:00,56.264,56.271,56.264,56.271
2025-05-14 10:20:05,56.271,56.276,56.268,56.268
2025-05-14 10:20:10,56.269,56.274,56.269,56.273
2025-05-14 10:20:15,56.273,56.275,56.271,56.273
2025-05-14 10:20:20,56.273,56.28,56.273,56.28
2025-05-14 10:20:25,56.28,56.282,56.277,56.279
2025-05-14 10:20:30,56.279,56.279,56.274,56.274
2025-05-14 10:20:35,56.274,56.276,56.273,56.276
2025-05-14 10:20:40,56.275,56.275,56.269,56.27
2025-05-14 10:20:45,56.272,56.275,56.272,56.273
2025-05-14 10:20:50,56.272,56.272,56.267,56.269
2025-05-14 10:20:55,56.269,56.276,56.269,56.273
2025-05-14 10:21:00,56.273,56.274,56.266,56.266
2025-05-14 10:21:05,56.269,56.27,56.259,56.27
2025-05-14 10:21:10,56.27,56.271,56.26,56.26
2025-05-14 10:21:15,56.26,56.263,56.257,56.257
2025-05-14 10:21:20,56.255,56.257,56.251,56.253
2025-05-14 10:21:25,56.253,56.255,56.252,56.255
2025-05-14 10:21:30,56.258,56.265,56.258,56.262
2025-05-14 10:21:35,56.262,56.269,56.262,56.266
2025-05-14 10:21:40,56.266,56.273,56.266,56.273
2025-05-14 10:21:45,56.273,56.275,56.273,56.273
2025-05-14 10:21:50,56.273,56.274,56.263,56.263
2025-05-14 10:21:55,56.263,56.263,56.258,56.259
2025-05-14 10:22:00,56.258,56.258,56.246,56.246
2025-05-14 10:22:05,56.247,56.259,56.246,56.259
2025-05-14 10:22:10,56.259,56.259,56.249,56.25
2025-05-14 10:22:15,56.25,56.261,56.249,56.261
2025-05-14 10:22:20,56.261,56.261,56.258,56.259
2025-05-14 10:22:25,56.259,56.259,56.249,56.252
2025-05-14 10:22:30,56.252,56.254,56.252,56.252
2025-05-14 10:22:35,56.252,56.253,56.25,56.25
2025-05-14 10:22:40,56.25,56.25,56.242,56.242
2025-05-14 10:22:45,56.242,56.245,56.242,56.243
2025-05-14 10:22:50,56.243,56.245,56.242,56.244
2025-05-14 10:22:55,56.244,56.247,56.241,56.247
2025-05-14 10:23:00,56.246,56.246,56.242,56.242
2025-05-14 10:23:05,56.241,56.241,56.234,56.234
2025-05-14 10:23:10,56.234,56.234,56.231,56.232
2025-05-14 10:23:15,56.232,56.237,56.231,56.234
2025-05-14 10:23:20,56.234,56.234,56.229,56.229
2025-05-14 10:23:25,56.228,56.247,56.228,56.247
2025-05-14 10:23:30,56.247,56.247,56.241,56.247
2025-05-14 10:23:35,56.247,56.25,56.247,56.25
2025-05-14 10:23:40,56.25,56.25,56.246,56.25
2025-05-14 10:23:45,56.25,56.259,56.25,56.259
2025-05-14 10:23:50,56.259,56.259,56.256,56.258
2025-05-14 10:23:55,56.258,56.264,56.258,56.262
2025-05-14 10:24:00,56.262,56.262,56.254,56.254
2025-05-14 10:24:05,56.255,56.255,56.254,56.254
2025-05-14 10:24:10,56.253,56.254,56.238,56.238
2025-05-14 10:24:15,56.238,56.24,56.237,56.24
2025-05-14 10:24:20,56.24,56.244,56.238,56.243
2025-05-14 10:24:25,56.243,56.245,56.241,56.242
2025-05-14 10:24:30,56.241,56.25,56.241,56.25
2025-05-14 10:24:35,56.248,56.257,56.248,56.252
2025-05-14 10:24:40,56.252,56.258,56.251,56.258
2025-05-14 10:24:45,56.259,56.26,56.258,56.26
2025-05-14 10:24:50,56.261,56.262,56.261,56.262
2025-05-14 10:24:55,56.263,56.265,56.263,56.265
2025-05-14 10:25:00,56.265,56.268,56.265,56.267
2025-05-15 06:06:30,55.515,55.516,55.513,55.514
2025-05-15 06:06:35,55.514,55.518,55.514,55.516
2025-05-15 06:06:40,55.516,55.52,55.516,55.52
2025-05-15 06:06:45,55.521,55.522,55.517,55.517
2025-05-15 06:06:50,55.517,55.521,55.517,55.52
2025-05-15 06:06:55,55.52,55.523,55.52,55.522
2025-05-15 06:07:00,55.522,55.523,55.521,55.523
2025-05-15 06:07:05,55.525,55.529,55.525,55.529
2025-05-15 06:07:10,55.529,55.531,55.519,55.52
2025-05-15 06:07:15,55.52,55.521,55.516,55.519
2025-05-15 06:07:20,55.518,55.524,55.516,55.522
2025-05-15 06:07:25,55.522,55.525,55.522,55.525
2025-05-15 06:07:30,55.525,55.526,55.519,55.523
2025-05-15 06:07:35,55.523,55.526,55.518,55.518
2025-05-15 06:07:40,55.517,55.521,55.517,55.521
2025-05-15 06:07:45,55.519,55.519,55.512,55.512
2025-05-15 06:07:50,55.512,55.512,55.51,55.51
2025-05-15 06:07:55,55.51,55.51,55.503,55.503
2025-05-15 06:08:00,55.504,55.508,55.504,55.508
2025-05-15 06:08:05,55.508,55.508,55.506,55.506
2025-05-15 06:08:10,55.506,55.512,55.504,55.509
2025-05-15 06:08:15,55.508,55.515,55.508,55.515
2025-05-15 06:08:20,55.516,55.521,55.514,55.521
2025-05-15 06:08:25,55.521,55.523,55.516,55.516
2025-05-15 06:08:30,55.516,55.516,55.506,55.508
2025-05-15 06:08:35,55.508,55.509,55.506,55.507
2025-05-15 06:08:40,55.507,55.509,55.506,55.509
2025-05-15 06:08:45,55.509,55.513,55.509,55.513
2025-05-15 06:08:50,55.511,55.511,55.503,55.51
2025-05-15 06:08:55,55.51,55.51,55.508,55.51
2025-05-15 06:09:00,55.507,55.509,55.506,55.508
2025-05-15 06:09:05,55.508,55.509,55.505,55.505
2025-05-15 06:09:10,55.506,55.506,55.498,55.498
2025-05-15 06:09:15,55.498,55.506,55.498,55.505
2025-05-15 06:09:20,55.507,55.507,55.505,55.506
2025-05-15 06:09:25,55.51,55.512,55.506,55.507
2025-05-15 06:09:30,55.507,55.508,55.503,55.506
2025-05-15 06:09:35,55.506,55.508,55.504,55.508
2025-05-15 06:09:40,55.507,55.513,55.507,55.511
2025-05-15 06:09:45,55.511,55.511,55.509,55.509
2025-05-15 06:09:50,55.509,55.509,55.496,55.497
2025-05-15 06:09:55,55.498,55.498,55.495,55.497
2025-05-15 06:10:00,55.499,55.503,55.497,55.497
2025-05-15 06:10:05,55.496,55.502,55.496,55.502
2025-05-15 06:10:10,55.502,55.503,55.498,55.498
2025-05-15 06:10:15,55.498,55.499,55.495,55.495
2025-05-15 06:10:20,55.495,55.495,55.481,55.483
2025-05-15 06:10:25,55.483,55.485,55.482,55.483
2025-05-15 06:10:30,55.483,55.483,55.477,55.479
2025-05-15 06:10:35,55.479,55.482,55.477,55.477
2025-05-15 06:10:40,55.477,55.478,55.473,55.478
2025-05-15 06:10:45,55.478,55.483,55.478,55.483
2025-05-15 06:10:50,55.484,55.484,55.483,55.483
2025-05-15 06:10:55,55.483,55.485,55.48,55.482
2025-05-15 06:11:00,55.482,55.482,55.477,55.481
2025-05-15 06:11:05,55.481,55.482,55.477,55.477
2025-05-15 06:11:10,55.477,55.477,55.469,55.474
2025-05-15 06:11:15,55.474,55.478,55.47,55.47
2025-05-15 06:11:20,55.47,55.47,55.468,55.468
2025-05-15 06:11:25,55.468,55.468,55.464,55.464
2025-05-15 06:11:30,55.463,55.464,55.461,55.462
2025-05-15 06:11:35,55.462,55.462,55.454,55.454
2025-05-15 06:11:40,55.454,55.454,55.441,55.441
2025-05-15 06:11:45,55.441,55.441,55.439,55.44
2025-05-15 06:11:50,55.44,55.442,55.437,55.437
2025-05-15 06:11:55,55.437,55.443,55.437,55.441
2025-05-15 06:12:00,55.441,55.441,55.433,55.436
2025-05-15 06:12:05,55.437,55.442,55.437,55.441
2025-05-15 06:12:10,55.443,55.449,55.443,55.449
2025-05-15 06:12:15,55.449,55.458,55.449,55.458
2025-05-15 06:12:20,55.458,55.463,55.458,55.463
2025-05-15 06:12:25,55.464,55.464,55.448,55.454
2025-05-15 06:12:30,55.455,55.455,55.45,55.45
2025-05-15 06:12:35,55.45,55.452,55.448,55.449
2025-05-15 06:12:40,55.449,55.449,55.443,55.448
2025-05-15 06:12:45,55.448,55.45,55.447,55.448
2025-05-15 06:12:50,55.448,55.454,55.448,55.453
2025-05-15 06:12:55,55.453,55.454,55.451,55.452
2025-05-15 06:13:00,55.452,55.458,55.451,55.458
2025-05-15 06:13:05,55.458,55.464,55.458,55.464
2025-05-15 06:13:10,55.464,55.466,55.464,55.465
2025-05-15 06:13:15,55.465,55.469,55.464,55.468
2025-05-15 06:13:20,55.468,55.476,55.467,55.476
2025-05-15 06:13:25,55.476,55.476,55.471,55.471
2025-05-15 06:13:30,55.471,55.474,55.471,55.474
2025-05-15 06:13:35,55.473,55.476,55.473,55.476
2025-05-15 06:13:40,55.476,55.478,55.476,55.478
2025-05-15 06:13:45,55.474,55.478,55.473,55.473
2025-05-15 06:13:50,55.475,55.475,55.469,55.469
2025-05-15 06:13:55,55.469,55.486,55.469,55.486
2025-05-15 06:14:00,55.489,55.491,55.488,55.49
2025-05-15 06:14:05,55.489,55.489,55.485,55.487
2025-05-15 06:14:10,55.486,55.488,55.485,55.487
2025-05-15 06:14:15,55.487,55.487,55.484,55.487
2025-05-15 06:14:20,55.487,55.488,55.482,55.483
2025-05-15 06:14:25,55.484,55.485,55.483,55.483
2025-05-15 06:14:30,55.483,55.483,55.481,55.482
2025-05-15 06:14:35,55.482,55.483,55.481,55.482
2025-05-15 06:14:40,55.483,55.492,55.483,55.492
2025-05-15 06:14:45,55.493,55.501,55.492,55.501
2025-05-15 06:14:50,55.501,55.502,55.495,55.502
2025-05-15 06:14:55,55.502,55.503,55.501,55.503
2025-05-15 06:15:00,55.503,55.504,55.5,55.5
2025-05-15 06:15:05,55.499,55.503,55.495,55.503
2025-05-15 06:15:10,55.504,55.508,55.503,55.506
2025-05-15 06:15:15,55.506,55.512,55.506,55.512
2025-05-15 06:15:20,55.512,55.522,55.512,55.519
2025-05-15 06:15:25,55.519,55.519,55.517,55.517
2025-05-15 06:15:30,55.517,55.518,55.514,55.514
2025-05-15 06:15:35,55.513,55.513,55.507,55.51
2025-05-15 06:15:40,55.513,55.518,55.513,55.518
2025-05-15 06:15:45,55.518,55.524,55.518,55.524
2025-05-15 06:15:50,55.524,55.524,55.509,55.509
2025-05-15 06:15:55,55.51,55.523,55.51,55.522
2025-05-15 06:16:00,55.522,55.524,55.52,55.521
2025-05-15 06:16:05,55.521,55.521,55.516,55.517
2025-05-15 06:16:10,55.517,55.518,55.515,55.518
2025-05-15 06:16:15,55.518,55.519,55.512,55.513
2025-05-15 06:16:20,55.513,55.513,55.508,55.509
2025-05-15 06:16:25,55.509,55.51,55.501,55.501
2025-05-15 06:16:30,55.501,55.503,55.499,55.5
2025-05-15 06:16:35,55.501,55.502,55.499,55.502
2025-05-15 06:16:40,55.502,55.502,55.495,55.499
2025-05-15 06:16:45,55.499,55.499,55.496,55.497
2025-05-15 06:16:50,55.497,55.505,55.497,55.505
2025-05-15 06:16:55,55.509,55.518,55.508,55.518
2025-05-15 06:17:00,55.518,55.521,55.517,55.521
2025-05-15 06:17:05,55.521,55.522,55.519,55.519
2025-05-15 06:17:10,55.511,55.513,55.51,55.511
2025-05-15 06:17:15,55.512,55.515,55.512,55.514
2025-05-15 06:17:20,55.514,55.52,55.512,55.52
2025-05-15 06:17:25,55.52,55.522,55.517,55.522
2025-05-15 06:17:30,55.52,55.52,55.507,55.508
2025-05-15 06:17:35,55.509,55.512,55.509,55.512
2025-05-15 06:17:40,55.512,55.513,55.504,55.504
2025-05-15 06:17:45,55.504,55.506,55.497,55.497
2025-05-15 06:17:50,55.497,55.502,55.495,55.496
2025-05-15 06:17:55,55.496,55.501,55.496,55.496
2025-05-15 06:18:00,55.496,55.496,55.487,55.488
2025-05-15 06:18:05,55.488,55.493,55.488,55.49
2025-05-15 06:18:10,55.48,55.49,55.48,55.483
2025-05-15 06:18:15,55.483,55.487,55.483,55.484
2025-05-15 06:18:20,55.484,55.484,55.48,55.48
2025-05-15 06:18:25,55.48,55.481,55.477,55.477
2025-05-15 06:18:30,55.476,55.478,55.47,55.47
2025-05-15 06:18:35,55.472,55.481,55.472,55.481
2025-05-15 06:18:40,55.481,55.486,55.479,55.486
2025-05-15 06:18:45,55.486,55.486,55.484,55.484
2025-05-15 06:18:50,55.486,55.488,55.485,55.488
2025-05-15 06:18:55,55.487,55.49,55.487,55.49
2025-05-15 06:19:00,55.49,55.494,55.49,55.49
2025-05-15 06:19:05,55.49,55.49,55.485,55.485
2025-05-15 06:19:10,55.485,55.491,55.485,55.49
2025-05-15 06:19:15,55.49,55.49,55.488,55.488
2025-05-15 06:19:20,55.488,55.493,55.488,55.491
2025-05-15 06:19:25,55.485,55.487,55.485,55.487
2025-05-15 06:19:30,55.487,55.487,55.482,55.482
2025-05-15 06:19:35,55.484,55.487,55.484,55.484
2025-05-15 06:19:40,55.481,55.483,55.478,55.478
2025-05-15 06:19:45,55.478,55.478,55.472,55.474
2025-05-15 06:19:50,55.474,55.478,55.474,55.477
2025-05-15 06:19:55,55.477,55.477,55.468,55.468
2025-05-15 06:20:00,55.468,55.469,55.463,55.466
2025-05-15 06:20:05,55.466,55.467,55.46,55.467
2025-05-15 06:20:10,55.467,55.467,55.463,55.463
2025-05-15 06:20:15,55.462,55.467,55.459,55.467
2025-05-15 06:20:20,55.468,55.469,55.467,55.467
2025-05-15 06:20:25,55.465,55.48,55.465,55.479
2025-05-15 06:20:30,55.479,55.487,55.474,55.487
2025-05-15 06:20:35,55.486,55.492,55.486,55.492
2025-05-15 06:20:40,55.492,55.499,55.492,55.499
2025-05-15 06:20:45,55.496,55.498,55.494,55.494
2025-05-15 06:20:50,55.494,55.494,55.486,55.486
2025-05-15 06:20:55,55.486,55.486,55.479,55.479
2025-05-15 06:21:00,55.478,55.478,55.47,55.47
2025-05-15 06:21:05,55.471,55.476,55.47,55.475
2025-05-15 06:21:10,55.475,55.475,55.471,55.472
2025-05-15 06:21:15,55.471,55.475,55.471,55.475
2025-05-15 06:21:20,55.474,55.484,55.474,55.484
2025-05-15 06:21:25,55.484,55.485,55.481,55.481
2025-05-15 06:21:30,55.481,55.482,55.477,55.478
2025-05-15 06:21:35,55.478,55.479,55.473,55.473
2025-05-15 06:21:40,55.473,55.473,55.467,55.468
2025-05-15 06:21:45,55.47,55.481,55.47,55.476
2025-05-15 06:21:50,55.476,55.484,55.473,55.484
2025-05-15 06:21:55,55.484,55.486,55.483,55.483
2025-05-15 06:22:00,55.481,55.492,55.48,55.492
2025-05-15 06:22:05,55.492,55.492,55.49,55.491
2025-05-15 06:22:10,55.491,55.495,55.488,55.488
2025-05-15 06:22:15,55.488,55.489,55.483,55.483
2025-05-15 06:22:20,55.485,55.488,55.484,55.488
2025-05-15 06:22:25,55.488,55.49,55.487,55.489
2025-05-15 06:22:30,55.489,55.489,55.486,55.486
2025-05-15 06:22:35,55.486,55.486,55.475,55.484
2025-05-15 06:22:40,55.485,55.486,55.481,55.483
2025-05-15 06:22:45,55.483,55.487,55.48,55.487
2025-05-15 06:22:50,55.487,55.491,55.487,55.491
2025-05-15 06:22:55,55.491,55.492,55.488,55.488
2025-05-15 06:23:00,55.488,55.492,55.488,55.49
2025-05-15 06:23:05,55.49,55.494,55.49,55.494
2025-05-15 06:23:10,55.494,55.495,55.491,55.491
2025-05-15 06:23:15,55.489,55.492,55.489,55.49
2025-05-15 06:23:20,55.491,55.491,55.484,55.489
2025-05-15 06:23:25,55.489,55.491,55.486,55.486
2025-05-15 06:23:30,55.486,55.489,55.485,55.489
2025-05-15 06:23:35,55.489,55.491,55.488,55.488
2025-05-15 06:23:40,55.488,55.489,55.488,55.488
2025-05-15 06:23:45,55.488,55.489,55.486,55.489
2025-05-15 06:23:50,55.489,55.495,55.488,55.49
2025-05-15 06:23:55,55.489,55.492,55.488,55.488
2025-05-15 06:24:00,55.488,55.491,55.488,55.491
2025-05-15 06:24:05,55.491,55.5,55.49,55.499
2025-05-15 06:24:10,55.499,55.505,55.499,55.503
2025-05-15 06:24:15,55.503,55.504,55.503,55.504
2025-05-15 06:24:20,55.506,55.509,55.504,55.509
2025-05-15 06:24:25,55.509,55.51,55.504,55.504
2025-05-15 06:24:30,55.504,55.504,55.49,55.49
2025-05-15 06:24:35,55.49,55.493,55.489,55.49
2025-05-15 06:24:40,55.489,55.503,55.489,55.503
2025-05-15 06:24:45,55.503,55.503,55.497,55.497
2025-05-15 06:24:50,55.497,55.502,55.497,55.501
2025-05-15 06:24:55,55.501,55.51,55.497,55.509
2025-05-15 06:25:00,55.51,55.51,55.509,55.51
2025-05-15 06:25:05,55.51,55.512,55.507,55.507
2025-05-15 06:25:10,55.507,55.51,55.5,55.508
2025-05-15 06:25:15,55.508,55.513,55.508,55.513
2025-05-15 06:25:20,55.511,55.518,55.511,55.518
2025-05-15 06:25:25,55.517,55.522,55.515,55.522
2025-05-15 06:25:30,55.523,55.523,55.514,55.516
2025-05-15 06:25:35,55.516,55.523,55.514,55.52
2025-05-15 06:25:40,55.52,55.52,55.517,55.519
2025-05-15 06:25:45,55.519,55.534,55.519,55.534
2025-05-15 06:25:50,55.533,55.536,55.53,55.53
2025-05-15 06:25:55,55.53,55.531,55.526,55.526
2025-05-15 06:26:00,55.527,55.534,55.526,55.527
2025-05-15 06:26:05,55.528,55.528,55.521,55.521
2025-05-15 06:26:10,55.521,55.521,55.515,55.515
2025-05-15 06:26:15,55.515,55.52,55.515,55.518
2025-05-15 06:26:20,55.518,55.518,55.517,55.517
2025-05-15 06:26:25,55.518,55.526,55.516,55.521
2025-05-15 06:26:30,55.523,55.523,55.516,55.516
2025-05-15 06:26:35,55.516,55.518,55.516,55.516
2025-05-15 06:26:40,55.517,55.517,55.511,55.512
2025-05-15 06:26:45,55.511,55.517,55.51,55.517
2025-05-15 06:26:50,55.517,55.518,55.512,55.512
2025-05-15 06:26:55,55.512,55.513,55.51,55.513
2025-05-15 06:27:00,55.515,55.516,55.511,55.511
2025-05-15 06:27:05,55.511,55.512,55.511,55.511
2025-05-15 06:27:10,55.51,55.519,55.51,55.517
2025-05-15 06:27:15,55.517,55.519,55.516,55.518
2025-05-15 06:27:20,55.519,55.522,55.519,55.52
2025-05-15 06:27:25,55.52,55.52,55.516,55.516
2025-05-15 06:27:30,55.516,55.522,55.516,55.521
2025-05-15 06:27:35,55.521,55.521,55.514,55.52
2025-05-15 06:27:40,55.522,55.523,55.513,55.513
2025-05-15 06:27:45,55.509,55.51,55.505,55.506
2025-05-15 06:27:50,55.508,55.51,55.507,55.508
2025-05-15 06:27:55,55.508,55.508,55.499,55.504
2025-05-15 06:28:00,55.506,55.506,55.501,55.502
2025-05-15 06:28:05,55.501,55.512,55.498,55.512
2025-05-15 06:28:10,55.514,55.516,55.514,55.515
2025-05-15 06:28:15,55.515,55.515,55.509,55.509
2025-05-15 06:28:20,55.51,55.519,55.51,55.519
2025-05-15 06:28:25,55.521,55.527,55.518,55.527
2025-05-15 06:28:30,55.527,55.528,55.522,55.528
2025-05-15 06:28:35,55.528,55.53,55.528,55.528
2025-05-15 06:28:40,55.528,55.528,55.521,55.525
2025-05-15 06:28:45,55.524,55.524,55.518,55.519
2025-05-15 06:28:50,55.52,55.521,55.515,55.515
2025-05-15 06:28:55,55.515,55.525,55.515,55.523
2025-05-15 06:29:00,55.523,55.523,55.52,55.52
2025-05-15 06:29:05,55.521,55.521,55.518,55.518
2025-05-15 06:29:10,55.519,55.52,55.518,55.519
2025-05-15 06:29:15,55.519,55.531,55.519,55.527
2025-05-15 06:29:20,55.527,55.538,55.527,55.538
2025-05-15 06:29:25,55.54,55.54,55.535,55.538
2025-05-15 06:29:30,55.538,55.539,55.532,55.532
2025-05-15 06:29:35,55.532,55.532,55.523,55.523
2025-05-15 06:29:40,55.523,55.523,55.519,55.52
2025-05-15 06:29:45,55.52,55.52,55.506,55.511
2025-05-15 06:29:50,55.512,55.52,55.512,55.519
2025-05-15 06:29:55,55.519,55.523,55.519,55.523
2025-05-15 06:30:00,55.523,55.524,55.514,55.514
2025-05-15 06:30:05,55.514,55.518,55.514,55.516
2025-05-15 06:30:10,55.514,55.515,55.505,55.505
2025-05-15 06:30:15,55.505,55.511,55.502,55.509
2025-05-15 06:30:20,55.509,55.51,55.507,55.509
2025-05-15 06:30:25,55.51,55.517,55.51,55.516
2025-05-15 06:30:30,55.516,55.516,55.509,55.516
2025-05-15 06:30:35,55.516,55.517,55.516,55.516
2025-05-15 06:30:40,55.516,55.528,55.516,55.527
2025-05-15 06:30:45,55.527,55.542,55.527,55.542
2025-05-15 06:30:50,55.542,55.544,55.539,55.542
2025-05-15 06:30:55,55.544,55.548,55.543,55.546
2025-05-15 06:31:00,55.548,55.548,55.543,55.543
2025-05-15 06:31:05,55.538,55.538,55.533,55.533
2025-05-15 06:31:10,55.535,55.539,55.534,55.539
2025-05-15 06:31:15,55.538,55.539,55.537,55.537
2025-05-15 06:31:20,55.537,55.538,55.533,55.538
2025-05-15 06:31:25,55.539,55.539,55.538,55.538
2025-05-15 06:31:30,55.538,55.538,55.534,55.534
2025-05-15 06:31:35,55.534,55.538,55.534,55.538
2025-05-15 06:31:40,55.539,55.539,55.531,55.532
2025-05-15 06:31:45,55.53,55.533,55.528,55.528
2025-05-15 06:31:50,55.528,55.535,55.528,55.535
2025-05-15 06:31:55,55.531,55.539,55.529,55.539
2025-05-15 06:32:00,55.539,55.539,55.527,55.527
2025-05-15 06:32:05,55.526,55.526,55.518,55.518
2025-05-15 06:32:10,55.517,55.521,55.517,55.517
2025-05-15 06:32:15,55.517,55.524,55.516,55.524
2025-05-15 06:32:20,55.524,55.524,55.52,55.523
2025-05-15 06:32:25,55.524,55.524,55.505,55.505
2025-05-15 06:32:30,55.505,55.505,55.5,55.5
2025-05-15 06:32:35,55.5,55.501,55.498,55.498
2025-05-15 06:32:40,55.498,55.509,55.496,55.507
2025-05-15 06:32:45,55.509,55.511,55.509,55.511
2025-05-15 06:32:50,55.511,55.516,55.511,55.512
2025-05-15 06:32:55,55.511,55.512,55.507,55.512
2025-05-15 06:33:00,55.512,55.513,55.51,55.513
2025-05-15 06:33:05,55.514,55.515,55.514,55.514
2025-05-15 06:33:10,55.514,55.514,55.511,55.513
2025-05-15 06:33:15,55.514,55.514,55.503,55.503
2025-05-15 06:33:20,55.503,55.503,55.49,55.49
2025-05-15 06:33:25,55.489,55.489,55.486,55.487
2025-05-15 06:33:30,55.49,55.491,55.485,55.485
2025-05-15 06:33:35,55.486,55.492,55.486,55.492
2025-05-15 06:33:40,55.492,55.492,55.486,55.488
2025-05-15 06:33:45,55.487,55.495,55.481,55.495
2025-05-15 06:33:50,55.495,55.496,55.493,55.495
2025-05-15 06:33:55,55.495,55.497,55.495,55.495
2025-05-15 06:34:00,55.495,55.496,55.494,55.496
2025-05-15 06:34:05,55.496,55.502,55.496,55.502
2025-05-15 06:34:10,55.505,55.505,55.498,55.498
2025-05-15 06:34:15,55.496,55.502,55.496,55.502
2025-05-15 06:34:20,55.502,55.511,55.502,55.511
2025-05-15 06:34:25,55.511,55.514,55.504,55.504
2025-05-15 06:34:30,55.502,55.504,55.502,55.504
2025-05-15 06:34:35,55.504,55.507,55.504,55.507
2025-05-15 06:34:40,55.507,55.507,55.505,55.505
2025-05-15 06:34:45,55.505,55.51,55.502,55.508
2025-05-15 06:34:50,55.509,55.511,55.504,55.504
2025-05-15 06:34:55,55.504,55.506,55.503,55.504
2025-05-15 06:35:00,55.504,55.519,55.503,55.519
2025-05-15 06:35:05,55.519,55.536,55.519,55.533
2025-05-15 06:35:10,55.534,55.535,55.534,55.534
2025-05-15 06:35:15,55.536,55.542,55.536,55.54
2025-05-15 06:35:20,55.54,55.541,55.535,55.536
2025-05-15 06:35:25,55.536,55.536,55.535,55.536
2025-05-15 06:35:30,55.536,55.538,55.533,55.533
2025-05-15 06:35:35,55.533,55.534,55.531,55.531
2025-05-15 06:35:40,55.531,55.535,55.523,55.525
2025-05-15 06:35:45,55.525,55.525,55.514,55.519
2025-05-15 06:35:50,55.519,55.522,55.519,55.522
2025-05-15 06:35:55,55.525,55.527,55.525,55.527
2025-05-15 06:36:00,55.527,55.527,55.521,55.523
2025-05-15 06:36:05,55.523,55.524,55.515,55.515
2025-05-15 06:36:10,55.515,55.526,55.513,55.523
2025-05-15 06:36:15,55.527,55.527,55.524,55.526
2025-05-15 06:36:20,55.526,55.528,55.525,55.526
2025-05-15 06:36:25,55.526,55.528,55.524,55.524
2025-05-15 06:36:30,55.521,55.521,55.513,55.515
2025-05-15 06:36:35,55.516,55.519,55.516,55.517
2025-05-15 06:36:40,55.521,55.522,55.52,55.521
2025-05-15 06:36:45,55.528,55.528,55.523,55.523
2025-05-15 06:36:50,55.523,55.525,55.521,55.524
2025-05-15 06:36:55,55.518,55.518,55.509,55.509
2025-05-15 06:37:00,55.508,55.511,55.508,55.509
2025-05-15 06:37:05,55.509,55.512,55.509,55.51
2025-05-15 06:37:10,55.51,55.51,55.504,55.504
2025-05-15 06:37:15,55.504,55.508,55.503,55.507
2025-05-15 06:37:20,55.505,55.506,55.501,55.502
2025-05-15 06:37:25,55.501,55.506,55.501,55.506
2025-05-15 06:37:30,55.505,55.505,55.488,55.488
2025-05-15 06:37:35,55.49,55.49,55.486,55.486
2025-05-15 06:37:40,55.486,55.492,55.486,55.491
2025-05-15 06:37:45,55.493,55.5,55.491,55.491
2025-05-15 06:37:50,55.492,55.492,55.485,55.485
2025-05-15 06:37:55,55.484,55.484,55.482,55.483
2025-05-15 06:38:00,55.484,55.485,55.481,55.481
2025-05-15 06:38:05,55.481,55.481,55.474,55.474
2025-05-15 06:38:10,55.471,55.475,55.471,55.475
2025-05-15 06:38:15,55.475,55.476,55.473,55.476
2025-05-15 06:38:20,55.477,55.477,55.472,55.473
2025-05-15 06:38:25,55.475,55.481,55.471,55.481
2025-05-15 06:38:30,55.481,55.486,55.481,55.486
2025-05-15 06:38:35,55.485,55.489,55.484,55.489
2025-05-15 06:38:40,55.49,55.496,55.49,55.495
2025-05-15 06:38:45,55.497,55.497,55.492,55.496
2025-05-15 06:38:50,55.496,55.497,55.495,55.495
2025-05-15 06:38:55,55.495,55.495,55.488,55.488
2025-05-15 06:39:00,55.488,55.488,55.477,55.477
2025-05-15 06:39:05,55.479,55.484,55.478,55.484
2025-05-15 06:39:10,55.484,55.486,55.483,55.484
2025-05-15 06:39:15,55.484,55.487,55.484,55.487
2025-05-15 06:39:20,55.487,55.488,55.484,55.484
2025-05-15 06:39:25,55.484,55.492,55.483,55.49
2025-05-15 06:39:30,55.49,55.498,55.49,55.495
2025-05-15 06:39:35,55.5,55.501,55.496,55.497
2025-05-15 06:39:40,55.499,55.502,55.499,55.502
2025-05-15 06:39:45,55.502,55.502,55.5,55.5
2025-05-15 06:39:50,55.5,55.503,55.5,55.502
2025-05-15 06:39:55,55.499,55.502,55.496,55.499
2025-05-15 06:40:00,55.499,55.504,55.499,55.504
2025-05-15 06:40:05,55.504,55.504,55.503,55.503
2025-05-15 06:40:10,55.503,55.508,55.503,55.508
2025-05-15 06:40:15,55.512,55.517,55.51,55.516
2025-05-15 06:40:20,55.517,55.517,55.514,55.514
2025-05-15 06:40:25,55.514,55.516,55.511,55.515
2025-05-15 06:40:30,55.515,55.515,55.507,55.507
2025-05-15 06:40:35,55.507,55.507,55.503,55.503
2025-05-15 06:40:40,55.503,55.504,55.501,55.502
2025-05-15 06:40:45,55.502,55.502,55.5,55.5
2025-05-15 06:40:50,55.5,55.504,55.499,55.504
2025-05-15 06:40:55,55.5,55.504,55.5,55.504
2025-05-15 06:41:00,55.506,55.51,55.506,55.51
2025-05-15 06:41:05,55.51,55.51,55.506,55.506
2025-05-15 06:41:10,55.506,55.516,55.506,55.516
2025-05-15 06:41:15,55.514,55.516,55.514,55.516
2025-05-15 06:41:20,55.516,55.516,55.513,55.513
2025-05-15 06:41:25,55.513,55.513,55.505,55.505
2025-05-15 06:41:30,55.505,55.506,55.503,55.505
2025-05-15 06:41:35,55.512,55.519,55.512,55.519
2025-05-15 06:41:40,55.518,55.519,55.518,55.519
2025-05-15 06:41:45,55.522,55.523,55.521,55.523
2025-05-15 06:41:50,55.523,55.524,55.518,55.52
2025-05-15 06:41:55,55.509,55.51,55.504,55.504
2025-05-15 06:42:00,55.505,55.505,55.503,55.503
2025-05-15 06:42:05,55.504,55.506,55.503,55.503
2025-05-15 06:42:10,55.503,55.503,55.499,55.499
2025-05-15 06:42:15,55.493,55.493,55.489,55.493
2025-05-15 06:42:20,55.493,55.493,55.492,55.493
2025-05-15 06:42:25,55.493,55.494,55.488,55.488
2025-05-15 06:42:30,55.488,55.491,55.487,55.488
2025-05-15 06:42:35,55.488,55.488,55.487,55.488
2025-05-15 06:42:40,55.488,55.49,55.488,55.489
2025-05-15 06:42:45,55.49,55.491,55.488,55.488
2025-05-15 06:42:50,55.488,55.491,55.486,55.49
2025-05-15 06:42:55,55.49,55.49,55.478,55.478
2025-05-15 06:43:00,55.478,55.482,55.477,55.48
2025-05-15 06:43:05,55.479,55.48,55.477,55.479
2025-05-15 06:43:10,55.479,55.479,55.477,55.478
2025-05-15 06:43:15,55.478,55.49,55.478,55.49
2025-05-15 06:43:20,55.492,55.496,55.489,55.496
2025-05-15 06:43:25,55.495,55.498,55.494,55.497
2025-05-15 06:43:30,55.497,55.497,55.497,55.497
2025-05-15 06:43:35,55.497,55.497,55.493,55.494
2025-05-15 06:43:40,55.498,55.501,55.498,55.501
2025-05-15 06:43:45,55.497,55.501,55.497,55.501
2025-05-15 06:43:50,55.5,55.503,55.5,55.503
2025-05-15 06:43:55,55.503,55.51,55.502,55.51
2025-05-15 06:44:00,55.511,55.511,55.507,55.51
2025-05-15 06:44:05,55.515,55.515,55.513,55.513
2025-05-15 06:44:10,55.514,55.514,55.505,55.506
2025-05-15 06:44:15,55.506,55.506,55.503,55.503
2025-05-15 06:44:20,55.502,55.502,55.482,55.482
2025-05-15 06:44:25,55.484,55.484,55.48,55.481
2025-05-15 06:44:30,55.481,55.487,55.481,55.487
2025-05-15 06:44:35,55.487,55.492,55.487,55.489
2025-05-15 06:44:40,55.488,55.492,55.488,55.492
2025-05-15 06:44:45,55.492,55.509,55.492,55.509
2025-05-15 06:44:50,55.504,55.504,55.499,55.499
2025-05-15 06:44:55,55.499,55.5,55.497,55.5
2025-05-15 06:45:00,55.5,55.506,55.5,55.506
2025-05-15 06:45:05,55.509,55.51,55.507,55.508
2025-05-15 06:45:10,55.508,55.511,55.508,55.508
2025-05-15 06:45:15,55.508,55.521,55.508,55.517
2025-05-15 06:45:20,55.519,55.519,55.517,55.517
2025-05-15 06:45:25,55.517,55.527,55.517,55.527
2025-05-15 06:45:30,55.527,55.527,55.523,55.523
2025-05-15 06:45:35,55.523,55.528,55.522,55.528
2025-05-15 06:45:40,55.529,55.532,55.529,55.532
2025-05-15 06:45:45,55.531,55.531,55.527,55.527
2025-05-15 06:45:50,55.527,55.533,55.524,55.533
2025-05-15 06:45:55,55.533,55.538,55.525,55.528
2025-05-15 06:46:00,55.528,55.528,55.517,55.517
2025-05-15 06:46:05,55.518,55.524,55.518,55.522
2025-05-15 06:46:10,55.522,55.527,55.522,55.525
2025-05-15 06:46:15,55.525,55.531,55.525,55.528
2025-05-15 06:46:20,55.528,55.528,55.527,55.528
2025-05-15 06:46:25,55.527,55.539,55.527,55.539
2025-05-15 06:46:30,55.539,55.54,55.533,55.535
2025-05-15 06:46:35,55.535,55.539,55.534,55.536
2025-05-15 06:46:40,55.536,55.536,55.531,55.532
2025-05-15 06:46:45,55.533,55.536,55.533,55.534
2025-05-15 06:46:50,55.534,55.535,55.532,55.535
2025-05-15 06:46:55,55.535,55.538,55.528,55.538
2025-05-15 06:47:00,55.537,55.541,55.537,55.541
2025-05-15 06:47:05,55.541,55.552,55.54,55.552
2025-05-15 06:47:10,55.552,55.556,55.552,55.556
2025-05-15 06:47:15,55.556,55.566,55.556,55.565
2025-05-15 06:47:20,55.565,55.573,55.565,55.573
2025-05-15 06:47:25,55.573,55.578,55.573,55.574
2025-05-15 06:47:30,55.574,55.574,55.568,55.568
2025-05-15 06:47:35,55.568,55.571,55.567,55.571
2025-05-15 06:47:40,55.571,55.571,55.563,55.565
2025-05-15 06:47:45,55.566,55.566,55.562,55.562
2025-05-15 06:47:50,55.562,55.577,55.562,55.577
2025-05-15 06:47:55,55.577,55.582,55.577,55.582
2025-05-15 06:48:00,55.582,55.585,55.582,55.585
2025-05-15 06:48:05,55.584,55.586,55.582,55.586
2025-05-15 06:48:10,55.586,55.591,55.584,55.591
2025-05-15 06:48:15,55.591,55.593,55.587,55.588
2025-05-15 06:48:20,55.588,55.588,55.579,55.581
2025-05-15 06:48:25,55.581,55.581,55.579,55.58
2025-05-15 06:48:30,55.58,55.58,55.575,55.575
2025-05-15 06:48:35,55.576,55.578,55.576,55.577
2025-05-15 06:48:40,55.579,55.582,55.577,55.582
2025-05-15 06:48:45,55.581,55.585,55.578,55.585
2025-05-15 06:48:50,55.585,55.588,55.585,55.585
2025-05-15 06:48:55,55.588,55.592,55.587,55.591
2025-05-15 06:49:00,55.591,55.598,55.591,55.598
2025-05-15 06:49:05,55.6,55.6,55.594,55.596
2025-05-15 06:49:10,55.596,55.599,55.595,55.598
2025-05-15 06:49:15,55.605,55.609,55.604,55.604
2025-05-15 06:49:20,55.607,55.621,55.607,55.62
2025-05-15 06:49:25,55.619,55.619,55.616,55.618
2025-05-15 06:49:30,55.621,55.621,55.614,55.614
2025-05-15 06:49:35,55.616,55.616,55.608,55.608
2025-05-15 06:49:40,55.608,55.62,55.605,55.62
2025-05-15 06:49:45,55.621,55.621,55.613,55.613
2025-05-15 06:49:50,55.615,55.618,55.613,55.618
2025-05-15 06:49:55,55.618,55.625,55.617,55.625
2025-05-15 06:50:00,55.625,55.627,55.624,55.624
2025-05-15 06:50:05,55.621,55.621,55.619,55.62
2025-05-15 06:50:10,55.62,55.621,55.618,55.618
2025-05-15 06:50:15,55.617,55.623,55.616,55.617
2025-05-15 06:50:20,55.617,55.617,55.611,55.615
2025-05-15 06:50:25,55.614,55.614,55.608,55.611
2025-05-15 06:50:30,55.612,55.616,55.61,55.616
2025-05-15 06:50:35,55.615,55.619,55.615,55.618
2025-05-15 06:50:40,55.618,55.62,55.615,55.615
2025-05-15 06:50:45,55.614,55.614,55.608,55.608
2025-05-15 06:50:50,55.608,55.609,55.602,55.605
2025-05-15 06:50:55,55.605,55.61,55.604,55.61
2025-05-15 06:51:00,55.61,55.611,55.607,55.609
2025-05-15 06:51:05,55.61,55.61,55.602,55.605
2025-05-15 06:51:10,55.597,55.597,55.583,55.583
2025-05-15 06:51:15,55.578,55.58,55.576,55.576
2025-05-15 06:51:20,55.576,55.582,55.576,55.578
2025-05-15 06:51:25,55.578,55.584,55.578,55.584
2025-05-15 06:51:30,55.585,55.585,55.577,55.577
2025-05-15 06:51:35,55.577,55.577,55.57,55.571
2025-05-15 06:51:40,55.571,55.579,55.567,55.578
2025-05-15 06:51:45,55.578,55.578,55.567,55.578
2025-05-15 06:51:50,55.578,55.578,55.567,55.567
2025-05-15 06:51:55,55.567,55.571,55.566,55.567
2025-05-15 06:52:00,55.567,55.567,55.558,55.562
2025-05-15 06:52:05,55.562,55.565,55.561,55.561
2025-05-15 06:52:10,55.564,55.564,55.555,55.555
2025-05-15 06:52:15,55.555,55.556,55.554,55.555
2025-05-15 06:52:20,55.555,55.563,55.555,55.559
2025-05-15 06:52:25,55.559,55.568,55.559,55.563
2025-05-15 06:52:30,55.564,55.564,55.559,55.563
2025-05-15 06:52:35,55.565,55.567,55.565,55.566
2025-05-15 06:52:40,55.566,55.566,55.563,55.564
2025-05-15 06:52:45,55.564,55.57,55.564,55.565
2025-05-15 06:52:50,55.562,55.563,55.56,55.562
2025-05-15 06:52:55,55.561,55.567,55.561,55.563
2025-05-15 06:53:00,55.563,55.564,55.56,55.563
2025-05-15 06:53:05,55.563,55.569,55.561,55.564
2025-05-15 06:53:10,55.567,55.57,55.567,55.569
2025-05-15 06:53:15,55.569,55.57,55.565,55.57
2025-05-15 06:53:20,55.57,55.575,55.57,55.574
2025-05-15 06:53:25,55.574,55.577,55.574,55.576
2025-05-15 06:53:30,55.576,55.58,55.576,55.576
2025-05-15 06:53:35,55.572,55.572,55.569,55.57
2025-05-15 06:53:40,55.57,55.572,55.57,55.571
2025-05-15 06:53:45,55.571,55.58,55.571,55.58
2025-05-15 06:53:50,55.583,55.588,55.583,55.585
2025-05-15 06:53:55,55.586,55.59,55.586,55.586
2025-05-15 06:54:00,55.588,55.589,55.584,55.586
2025-05-15 06:54:05,55.586,55.586,55.579,55.579
2025-05-15 06:54:10,55.579,55.579,55.575,55.579
2025-05-15 06:54:15,55.58,55.586,55.58,55.586
2025-05-15 06:54:20,55.587,55.587,55.579,55.582
2025-05-15 06:54:25,55.582,55.588,55.582,55.583
2025-05-15 06:54:30,55.584,55.584,55.574,55.574
2025-05-15 06:54:35,55.575,55.575,55.572,55.574
2025-05-15 06:54:40,55.574,55.575,55.574,55.574
2025-05-15 06:54:45,55.573,55.573,55.567,55.567
2025-05-15 06:54:50,55.568,55.568,55.563,55.566
2025-05-15 06:54:55,55.566,55.567,55.56,55.561
2025-05-15 06:55:00,55.561,55.564,55.557,55.564
2025-05-15 06:55:05,55.565,55.565,55.56,55.564
2025-05-15 06:55:10,55.562,55.566,55.562,55.565
2025-05-15 06:55:15,55.565,55.565,55.563,55.564
2025-05-15 06:55:20,55.564,55.564,55.554,55.554
2025-05-15 06:55:25,55.553,55.554,55.55,55.55
2025-05-15 06:55:30,55.552,55.554,55.549,55.554
2025-05-15 06:55:35,55.556,55.556,55.548,55.549
2025-05-15 06:55:40,55.549,55.55,55.549,55.55
2025-05-15 06:55:45,55.546,55.546,55.541,55.546
2025-05-15 06:55:50,55.542,55.547,55.541,55.547
2025-05-15 06:55:55,55.547,55.549,55.546,55.547
2025-05-15 06:56:00,55.547,55.549,55.546,55.549
2025-05-15 06:56:05,55.549,55.549,55.545,55.546
2025-05-15 06:56:10,55.546,55.548,55.529,55.529
2025-05-15 06:56:15,55.528,55.537,55.527,55.537
2025-05-15 06:56:20,55.537,55.54,55.537,55.537
2025-05-15 06:56:25,55.537,55.537,55.536,55.536
2025-05-15 06:56:30,55.536,55.537,55.533,55.536
2025-05-15 06:56:35,55.536,55.542,55.536,55.54
2025-05-15 06:56:40,55.54,55.54,55.527,55.527
2025-05-15 06:56:45,55.527,55.537,55.525,55.536
2025-05-15 06:56:50,55.536,55.537,55.531,55.532
2025-05-15 06:56:55,55.53,55.53,55.525,55.526
2025-05-15 06:57:00,55.525,55.525,55.523,55.525
2025-05-15 06:57:05,55.525,55.525,55.518,55.52
2025-05-15 06:57:10,55.52,55.521,55.512,55.512
2025-05-15 06:57:15,55.511,55.513,55.508,55.508
2025-05-15 06:57:20,55.509,55.516,55.508,55.516
2025-05-15 06:57:25,55.516,55.517,55.514,55.514
2025-05-15 06:57:30,55.514,55.518,55.514,55.516
2025-05-15 06:57:35,55.517,55.528,55.516,55.528
2025-05-15 06:57:40,55.53,55.53,55.526,55.528
2025-05-15 06:57:45,55.528,55.53,55.509,55.509
2025-05-15 06:57:50,55.509,55.514,55.508,55.514
2025-05-15 06:57:55,55.514,55.514,55.508,55.509
2025-05-15 06:58:00,55.51,55.517,55.51,55.513
2025-05-15 06:58:05,55.513,55.513,55.508,55.509
2025-05-15 06:58:10,55.509,55.51,55.507,55.508
2025-05-15 06:58:15,55.509,55.519,55.505,55.519
2025-05-15 06:58:20,55.519,55.52,55.517,55.519
2025-05-15 06:58:25,55.519,55.525,55.519,55.525
2025-05-15 06:58:30,55.525,55.525,55.521,55.522
2025-05-15 06:58:35,55.521,55.521,55.515,55.521
2025-05-15 06:58:40,55.521,55.525,55.52,55.525
2025-05-15 06:58:45,55.525,55.525,55.518,55.518
2025-05-15 06:58:50,55.518,55.523,55.518,55.521
2025-05-15 06:58:55,55.521,55.529,55.521,55.525
2025-05-15 06:59:00,55.534,55.537,55.534,55.535
2025-05-15 06:59:05,55.535,55.54,55.534,55.534
2025-05-15 06:59:10,55.534,55.537,55.533,55.537
2025-05-15 06:59:15,55.538,55.539,55.526,55.53
2025-05-15 06:59:20,55.539,55.548,55.539,55.548
2025-05-15 06:59:25,55.548,55.548,55.542,55.544
2025-05-15 06:59:30,55.544,55.544,55.541,55.542
2025-05-15 06:59:35,55.542,55.542,55.533,55.541
2025-05-15 06:59:40,55.54,55.54,55.534,55.534
2025-05-15 06:59:45,55.534,55.534,55.525,55.526
2025-05-15 06:59:50,55.526,55.531,55.519,55.531
2025-05-15 06:59:55,55.531,55.54,55.531,55.54
2025-05-15 07:00:00,55.54,55.542,55.54,55.54
2025-05-15 07:00:05,55.54,55.541,55.535,55.535
2025-05-15 07:00:10,55.535,55.539,55.535,55.538
2025-05-15 07:00:15,55.538,55.54,55.538,55.539
2025-05-15 07:00:20,55.538,55.538,55.536,55.536
2025-05-15 07:00:25,55.534,55.536,55.53,55.53
2025-05-15 07:00:30,55.53,55.531,55.529,55.53
2025-05-15 07:00:35,55.531,55.54,55.531,55.54
2025-05-15 07:00:40,55.54,55.543,55.54,55.542
2025-05-15 07:00:45,55.542,55.549,55.542,55.549
2025-05-15 07:00:50,55.55,55.55,55.545,55.545
2025-05-15 07:00:55,55.545,55.547,55.541,55.547
2025-05-15 07:01:00,55.546,55.546,55.542,55.542
2025-05-15 07:01:05,55.542,55.549,55.542,55.544
2025-05-15 07:01:10,55.546,55.558,55.544,55.557
2025-05-15 07:01:15,55.557,55.559,55.556,55.559
2025-05-15 07:01:20,55.558,55.566,55.558,55.565
2025-05-15 07:01:25,55.565,55.576,55.565,55.574
2025-05-15 07:01:30,55.574,55.583,55.574,55.58
2025-05-15 07:01:35,55.58,55.582,55.578,55.578
2025-05-15 07:01:40,55.581,55.581,55.576,55.576
2025-05-15 07:01:45,55.577,55.588,55.576,55.587
2025-05-15 07:01:50,55.587,55.588,55.583,55.583
2025-05-15 07:01:55,55.583,55.585,55.579,55.582
2025-05-15 07:02:00,55.583,55.588,55.583,55.588
2025-05-15 07:02:05,55.588,55.595,55.588,55.595
2025-05-15 07:02:10,55.595,55.609,55.595,55.609
2025-05-15 07:02:15,55.609,55.615,55.608,55.615
2025-05-15 07:02:20,55.616,55.616,55.603,55.603
2025-05-15 07:02:25,55.603,55.603,55.601,55.601
2025-05-15 07:02:30,55.603,55.608,55.603,55.607
2025-05-15 07:02:35,55.607,55.609,55.605,55.607
2025-05-15 07:02:40,55.607,55.608,55.606,55.608
2025-05-15 07:02:45,55.608,55.625,55.608,55.623
2025-05-15 07:02:50,55.623,55.627,55.622,55.627
2025-05-15 07:02:55,55.627,55.627,55.621,55.621
2025-05-15 07:03:00,55.621,55.621,55.607,55.607
2025-05-15 07:03:05,55.607,55.609,55.606,55.606
2025-05-15 07:03:10,55.606,55.606,55.603,55.604
2025-05-15 07:03:15,55.604,55.607,55.594,55.594
2025-05-15 07:03:20,55.594,55.595,55.592,55.592
2025-05-15 07:03:25,55.589,55.589,55.586,55.587
2025-05-15 07:03:30,55.585,55.585,55.582,55.582
2025-05-15 07:03:35,55.582,55.582,55.578,55.581
2025-05-15 07:03:40,55.571,55.571,55.559,55.561
2025-05-15 07:03:45,55.561,55.563,55.552,55.559
2025-05-15 07:03:50,55.559,55.572,55.557,55.571
2025-05-15 07:03:55,55.571,55.574,55.569,55.569
2025-05-15 07:04:00,55.569,55.57,55.566,55.567
2025-05-15 07:04:05,55.567,55.577,55.564,55.575
2025-05-15 07:04:10,55.575,55.575,55.571,55.575
2025-05-15 07:04:15,55.575,55.593,55.575,55.592
2025-05-15 07:04:20,55.591,55.594,55.589,55.594
2025-05-15 07:04:25,55.594,55.595,55.593,55.595
2025-05-15 07:04:30,55.595,55.597,55.594,55.594
2025-05-15 07:04:35,55.594,55.604,55.592,55.604
2025-05-15 07:04:40,55.604,55.604,55.592,55.592
2025-05-15 07:04:45,55.595,55.601,55.595,55.601
2025-05-15 07:04:50,55.601,55.605,55.601,55.604
2025-05-15 07:04:55,55.604,55.609,55.603,55.609
2025-05-15 07:05:00,55.609,55.612,55.608,55.612
2025-05-15 07:05:05,55.612,55.612,55.609,55.61
2025-05-15 07:05:10,55.6,55.6,55.597,55.598
2025-05-15 07:05:15,55.598,55.6,55.596,55.6
2025-05-15 07:05:20,55.6,55.6,55.595,55.595
2025-05-15 07:05:25,55.596,55.597,55.595,55.597
2025-05-15 07:05:30,55.597,55.597,55.595,55.595
2025-05-15 07:05:35,55.596,55.599,55.596,55.599
2025-05-15 07:05:40,55.599,55.599,55.596,55.596
2025-05-15 07:05:45,55.596,55.599,55.595,55.597
2025-05-15 07:05:50,55.599,55.606,55.599,55.606
2025-05-15 07:05:55,55.609,55.612,55.609,55.61
2025-05-15 07:06:00,55.612,55.614,55.611,55.611
2025-05-15 07:06:05,55.61,55.618,55.61,55.615
2025-05-15 07:06:10,55.615,55.621,55.612,55.621
2025-05-15 07:06:15,55.621,55.621,55.614,55.617
2025-05-15 07:06:20,55.617,55.62,55.617,55.618
2025-05-15 07:06:25,55.619,55.619,55.614,55.614
2025-05-15 07:06:30,55.613,55.62,55.613,55.62
2025-05-15 07:06:35,55.622,55.624,55.613,55.615
2025-05-15 07:06:40,55.615,55.619,55.615,55.617
2025-05-15 07:06:45,55.617,55.621,55.615,55.62
2025-05-15 07:06:50,55.619,55.621,55.618,55.621
2025-05-15 07:06:55,55.62,55.629,55.62,55.62
2025-05-15 07:07:00,55.62,55.62,55.609,55.609
2025-05-15 07:07:05,55.611,55.611,55.605,55.605
2025-05-15 07:07:10,55.605,55.605,55.602,55.603
2025-05-15 07:07:15,55.603,55.606,55.603,55.606
2025-05-15 07:07:20,55.606,55.616,55.606,55.616
2025-05-15 07:07:25,55.616,55.625,55.616,55.625
2025-05-15 07:07:30,55.625,55.628,55.622,55.622
2025-05-15 07:07:35,55.625,55.625,55.621,55.622
2025-05-15 07:07:40,55.622,55.623,55.619,55.619
2025-05-15 07:07:45,55.612,55.614,55.608,55.608
2025-05-15 07:07:50,55.607,55.607,55.598,55.6
2025-05-15 07:07:55,55.601,55.603,55.597,55.603
2025-05-15 07:08:00,55.603,55.605,55.599,55.601
2025-05-15 07:08:05,55.601,55.604,55.6,55.603
2025-05-15 07:08:10,55.602,55.604,55.601,55.604
2025-05-15 07:08:15,55.603,55.603,55.589,55.595
2025-05-15 07:08:20,55.595,55.602,55.594,55.602
2025-05-15 07:08:25,55.608,55.624,55.608,55.623
2025-05-15 07:08:30,55.622,55.624,55.62,55.624
2025-05-15 07:08:35,55.622,55.627,55.621,55.627
2025-05-15 07:08:40,55.627,55.632,55.627,55.632
2025-05-15 07:08:45,55.627,55.628,55.624,55.625
2025-05-15 07:08:50,55.626,55.626,55.622,55.622
2025-05-15 07:08:55,55.622,55.628,55.622,55.627
2025-05-15 07:09:00,55.627,55.631,55.624,55.625
2025-05-15 07:09:05,55.625,55.629,55.625,55.626
2025-05-15 07:09:10,55.623,55.624,55.617,55.617
2025-05-15 07:09:15,55.617,55.618,55.611,55.618
2025-05-15 07:09:20,55.618,55.625,55.611,55.611
2025-05-15 07:09:25,55.611,55.626,55.611,55.625
2025-05-15 07:09:30,55.626,55.627,55.623,55.623
2025-05-15 07:09:35,55.623,55.623,55.621,55.622
2025-05-15 07:09:40,55.622,55.629,55.622,55.624
2025-05-15 07:09:45,55.624,55.636,55.624,55.636
2025-05-15 07:09:50,55.636,55.636,55.634,55.635
2025-05-15 07:09:55,55.634,55.635,55.625,55.628
2025-05-15 07:10:00,55.628,55.631,55.628,55.629
2025-05-15 07:10:05,55.629,55.636,55.629,55.636
2025-05-15 07:10:10,55.636,55.647,55.635,55.645
2025-05-15 07:10:15,55.645,55.645,55.637,55.645
2025-05-15 07:10:20,55.645,55.648,55.644,55.648
2025-05-15 07:10:25,55.648,55.648,55.636,55.637
2025-05-15 07:10:30,55.635,55.639,55.633,55.638
2025-05-15 07:10:35,55.639,55.642,55.634,55.642
2025-05-15 07:10:40,55.642,55.645,55.64,55.645
2025-05-15 07:10:45,55.645,55.646,55.643,55.646
2025-05-15 07:10:50,55.646,55.646,55.644,55.645
2025-05-15 07:10:55,55.645,55.652,55.643,55.652
2025-05-15 07:11:00,55.654,55.654,55.65,55.65
2025-05-15 07:11:05,55.65,55.657,55.65,55.654
2025-05-15 07:11:10,55.654,55.654,55.651,55.653
2025-05-15 07:11:15,55.658,55.658,55.654,55.654
2025-05-15 07:11:20,55.654,55.662,55.653,55.66
2025-05-15 07:11:25,55.66,55.662,55.659,55.659
2025-05-15 07:11:30,55.66,55.663,55.66,55.661
2025-05-15 07:11:35,55.66,55.66,55.656,55.66
2025-05-15 07:11:40,55.659,55.659,55.656,55.657
2025-05-15 07:11:45,55.656,55.656,55.652,55.653
2025-05-15 07:11:50,55.651,55.657,55.65,55.657
2025-05-15 07:11:55,55.657,55.665,55.657,55.663
2025-05-15 07:12:00,55.663,55.668,55.663,55.668
2025-05-15 07:12:05,55.668,55.671,55.668,55.67
2025-05-15 07:12:10,55.672,55.673,55.67,55.671
2025-05-15 07:12:15,55.672,55.673,55.671,55.673
2025-05-15 07:12:20,55.673,55.678,55.673,55.675
2025-05-15 07:12:25,55.675,55.677,55.672,55.672
2025-05-15 07:12:30,55.673,55.673,55.67,55.672
2025-05-15 07:12:35,55.672,55.672,55.67,55.671
2025-05-15 07:12:40,55.671,55.672,55.668,55.668
2025-05-15 07:12:45,55.666,55.668,55.663,55.663
2025-05-15 07:12:50,55.662,55.664,55.658,55.664
2025-05-15 07:12:55,55.664,55.664,55.661,55.663
2025-05-15 07:13:00,55.66,55.669,55.658,55.669
2025-05-15 07:13:05,55.668,55.673,55.665,55.673
2025-05-15 07:13:10,55.674,55.681,55.674,55.681
2025-05-15 07:13:15,55.681,55.681,55.675,55.676
2025-05-15 07:13:20,55.674,55.683,55.674,55.679
2025-05-15 07:13:25,55.679,55.679,55.674,55.679
2025-05-15 07:13:30,55.679,55.682,55.677,55.682
2025-05-15 07:13:35,55.684,55.684,55.682,55.684
2025-05-15 07:13:40,55.684,55.686,55.674,55.674
2025-05-15 07:13:45,55.674,55.681,55.672,55.681
2025-05-15 07:13:50,55.683,55.688,55.68,55.688
2025-05-15 07:13:55,55.687,55.691,55.687,55.691
2025-05-15 07:14:00,55.691,55.693,55.69,55.692
2025-05-15 07:14:05,55.692,55.696,55.692,55.696
2025-05-15 07:14:10,55.696,55.696,55.694,55.696
2025-05-15 07:14:15,55.699,55.7,55.694,55.697
2025-05-15 07:14:20,55.697,55.699,55.693,55.693
2025-05-15 07:14:25,55.693,55.693,55.686,55.686
2025-05-15 07:14:30,55.686,55.69,55.685,55.685
2025-05-15 07:14:35,55.685,55.686,55.683,55.683
2025-05-15 07:14:40,55.683,55.683,55.677,55.677
2025-05-15 07:14:45,55.677,55.682,55.677,55.681
2025-05-15 07:14:50,55.681,55.685,55.678,55.678
2025-05-15 07:14:55,55.679,55.679,55.675,55.676
2025-05-15 07:15:00,55.676,55.676,55.673,55.673
2025-05-15 07:15:05,55.673,55.673,55.666,55.666
2025-05-15 07:15:10,55.666,55.68,55.666,55.68
2025-05-15 07:15:15,55.68,55.68,55.677,55.678
2025-05-15 07:15:20,55.679,55.682,55.678,55.682
2025-05-15 07:15:25,55.682,55.688,55.681,55.688
2025-05-15 07:15:30,55.688,55.689,55.687,55.689
2025-05-15 07:15:35,55.689,55.689,55.684,55.686
2025-05-15 07:15:40,55.687,55.688,55.684,55.688
2025-05-15 07:15:45,55.688,55.69,55.686,55.686
2025-05-15 07:15:50,55.686,55.687,55.675,55.676
2025-05-15 07:15:55,55.675,55.675,55.669,55.669
2025-05-15 07:16:00,55.669,55.68,55.669,55.677
2025-05-15 07:16:05,55.677,55.682,55.676,55.68
2025-05-15 07:16:10,55.68,55.689,55.68,55.684
2025-05-15 07:16:15,55.684,55.687,55.684,55.686
2025-05-15 07:16:20,55.687,55.689,55.685,55.685
2025-05-15 07:16:25,55.685,55.685,55.679,55.681
2025-05-15 07:16:30,55.681,55.682,55.679,55.681
2025-05-15 07:16:35,55.681,55.682,55.68,55.68
2025-05-15 07:16:40,55.681,55.683,55.681,55.683
2025-05-15 07:16:45,55.683,55.687,55.677,55.678
2025-05-15 07:16:50,55.678,55.678,55.667,55.669
2025-05-15 07:16:55,55.665,55.665,55.656,55.656
2025-05-15 07:17:00,55.654,55.654,55.649,55.651
2025-05-15 07:17:05,55.65,55.661,55.65,55.661
2025-05-15 07:17:10,55.661,55.662,55.659,55.661
2025-05-15 07:17:15,55.661,55.667,55.661,55.667
2025-05-15 07:17:20,55.666,55.666,55.663,55.664
2025-05-15 07:17:25,55.664,55.681,55.664,55.681
2025-05-15 07:17:30,55.684,55.686,55.678,55.678
2025-05-15 07:17:35,55.677,55.677,55.672,55.676
2025-05-15 07:17:40,55.676,55.682,55.676,55.682
2025-05-15 07:17:45,55.683,55.691,55.683,55.691
2025-05-15 07:17:50,55.693,55.702,55.693,55.698
2025-05-15 07:17:55,55.698,55.702,55.698,55.701
2025-05-15 07:18:00,55.699,55.705,55.698,55.705
2025-05-15 07:18:05,55.704,55.704,55.697,55.698
2025-05-15 07:18:10,55.696,55.698,55.689,55.693
2025-05-15 07:18:15,55.693,55.698,55.693,55.696
2025-05-15 07:18:20,55.698,55.702,55.698,55.702
2025-05-15 07:18:25,55.703,55.703,55.698,55.698
2025-05-15 07:18:30,55.697,55.701,55.697,55.7
2025-05-15 07:18:35,55.7,55.704,55.699,55.702
2025-05-15 07:18:40,55.703,55.71,55.703,55.71
2025-05-15 07:18:45,55.71,55.711,55.71,55.711
2025-05-15 07:18:50,55.719,55.719,55.71,55.71
2025-05-15 07:18:55,55.71,55.713,55.709,55.713
2025-05-15 07:19:00,55.711,55.713,55.707,55.707
2025-05-15 07:19:05,55.708,55.711,55.708,55.708
2025-05-15 07:19:10,55.704,55.704,55.689,55.689
2025-05-15 07:19:15,55.689,55.691,55.688,55.69
2025-05-15 07:19:20,55.694,55.694,55.688,55.692
2025-05-15 07:19:25,55.691,55.692,55.686,55.691
2025-05-15 07:19:30,55.691,55.695,55.69,55.695
2025-05-15 07:19:35,55.695,55.695,55.693,55.693
2025-05-15 07:19:40,55.701,55.701,55.698,55.701
2025-05-15 07:19:45,55.703,55.703,55.7,55.7
2025-05-15 07:19:50,55.7,55.704,55.698,55.704
2025-05-15 07:19:55,55.704,55.704,55.7,55.701
2025-05-15 07:20:00,55.701,55.703,55.7,55.703
2025-05-15 07:20:05,55.703,55.703,55.701,55.703
2025-05-15 07:20:10,55.703,55.71,55.703,55.709
2025-05-15 07:20:15,55.709,55.711,55.706,55.707
2025-05-15 07:20:20,55.706,55.706,55.704,55.704
2025-05-15 07:20:25,55.704,55.709,55.704,55.705
2025-05-15 07:20:30,55.702,55.713,55.697,55.713
2025-05-15 07:20:35,55.713,55.713,55.708,55.708
2025-05-15 07:20:40,55.708,55.71,55.708,55.71
2025-05-15 07:20:45,55.71,55.712,55.706,55.712
2025-05-15 07:20:50,55.711,55.713,55.711,55.711
2025-05-15 07:20:55,55.711,55.711,55.703,55.705
2025-05-15 07:21:00,55.705,55.705,55.698,55.704
2025-05-15 07:21:05,55.703,55.703,55.701,55.703
2025-05-15 07:21:10,55.694,55.697,55.694,55.695
2025-05-15 07:21:15,55.695,55.702,55.694,55.699
2025-05-15 07:21:20,55.698,55.702,55.698,55.702
2025-05-15 07:21:25,55.702,55.703,55.697,55.697
2025-05-15 07:21:30,55.693,55.693,55.688,55.693
2025-05-15 07:21:35,55.693,55.701,55.693,55.701
2025-05-15 07:21:40,55.701,55.703,55.697,55.697
2025-05-15 07:21:45,55.697,55.697,55.694,55.694
2025-05-15 07:21:50,55.697,55.698,55.694,55.695
2025-05-15 07:21:55,55.695,55.699,55.694,55.697
2025-05-15 07:22:00,55.698,55.698,55.694,55.697
2025-05-15 07:22:05,55.699,55.713,55.699,55.712
2025-05-15 07:22:10,55.711,55.715,55.709,55.714
2025-05-15 07:22:15,55.714,55.719,55.714,55.714
2025-05-15 07:22:20,55.714,55.719,55.714,55.719
2025-05-15 07:22:25,55.719,55.72,55.718,55.719
2025-05-15 07:22:30,55.717,55.722,55.717,55.722
2025-05-15 07:22:35,55.722,55.723,55.719,55.719
2025-05-15 07:22:40,55.719,55.721,55.718,55.72
2025-05-15 07:22:45,55.72,55.72,55.707,55.707
2025-05-15 07:22:50,55.707,55.71,55.707,55.709
2025-05-15 07:22:55,55.709,55.71,55.707,55.71
2025-05-15 07:23:00,55.71,55.713,55.708,55.713
2025-05-15 07:23:05,55.714,55.714,55.712,55.714
2025-05-15 07:23:10,55.714,55.716,55.712,55.716
2025-05-15 07:23:15,55.716,55.716,55.71,55.713
2025-05-15 07:23:20,55.713,55.714,55.704,55.707
2025-05-15 07:23:25,55.71,55.71,55.706,55.707
2025-05-15 07:23:30,55.708,55.711,55.705,55.705
2025-05-15 07:23:35,55.705,55.711,55.705,55.71
2025-05-15 07:23:40,55.71,55.718,55.71,55.718
2025-05-15 07:23:45,55.714,55.714,55.709,55.712
2025-05-15 07:23:50,55.71,55.711,55.705,55.706
2025-05-15 07:23:55,55.706,55.717,55.706,55.717
2025-05-15 07:24:00,55.717,55.721,55.717,55.718
2025-05-15 07:24:05,55.716,55.716,55.71,55.716
2025-05-15 07:24:10,55.716,55.722,55.716,55.722
2025-05-15 07:24:15,55.722,55.722,55.72,55.722
2025-05-15 07:24:20,55.725,55.731,55.723,55.73
2025-05-15 07:24:25,55.728,55.738,55.728,55.733
2025-05-15 07:24:30,55.734,55.734,55.732,55.733
2025-05-15 07:24:35,55.734,55.734,55.725,55.725
2025-05-15 07:24:40,55.724,55.726,55.724,55.726
2025-05-15 07:24:45,55.725,55.729,55.724,55.725
2025-05-15 07:24:50,55.727,55.731,55.726,55.731
2025-05-15 07:24:55,55.731,55.733,55.73,55.733
2025-05-15 07:25:00,55.734,55.735,55.732,55.733
2025-05-15 07:25:05,55.732,55.737,55.731,55.731
2025-05-15 07:25:10,55.733,55.736,55.731,55.734
2025-05-15 07:25:15,55.734,55.734,55.727,55.729
2025-05-15 07:25:20,55.731,55.731,55.726,55.728
2025-05-15 07:25:25,55.724,55.736,55.724,55.735
2025-05-15 07:25:30,55.735,55.738,55.732,55.738
2025-05-15 07:25:35,55.739,55.739,55.731,55.734
2025-05-15 07:25:40,55.734,55.737,55.732,55.737
2025-05-15 07:25:45,55.74,55.744,55.74,55.743
2025-05-15 07:25:50,55.744,55.75,55.744,55.747
2025-05-15 07:25:55,55.748,55.749,55.742,55.742
2025-05-15 07:26:00,55.742,55.744,55.739,55.739
2025-05-15 07:26:05,55.739,55.748,55.739,55.745
2025-05-15 07:26:10,55.745,55.75,55.744,55.749
2025-05-15 07:26:15,55.749,55.749,55.743,55.747
2025-05-15 07:26:20,55.747,55.747,55.743,55.743
2025-05-15 07:26:25,55.742,55.742,55.729,55.729
2025-05-15 07:26:30,55.729,55.738,55.729,55.738
2025-05-15 07:26:35,55.738,55.741,55.737,55.739
2025-05-15 07:26:40,55.739,55.746,55.739,55.743
2025-05-15 07:26:45,55.737,55.745,55.737,55.742
2025-05-15 07:26:50,55.741,55.746,55.741,55.744
2025-05-15 07:26:55,55.743,55.745,55.741,55.741
2025-05-15 07:27:00,55.741,55.741,55.735,55.736
2025-05-15 07:27:05,55.736,55.736,55.729,55.733
2025-05-15 07:27:10,55.744,55.746,55.742,55.742
2025-05-15 07:27:15,55.742,55.742,55.736,55.74
2025-05-15 07:27:20,55.74,55.742,55.737,55.737
2025-05-15 07:27:25,55.737,55.738,55.735,55.737
2025-05-15 07:27:30,55.737,55.744,55.737,55.744
2025-05-15 07:27:35,55.744,55.746,55.739,55.745
2025-05-15 07:27:40,55.745,55.758,55.745,55.752
2025-05-15 07:27:45,55.752,55.752,55.75,55.75
2025-05-15 07:27:50,55.75,55.75,55.747,55.747
2025-05-15 07:27:55,55.748,55.752,55.746,55.746
2025-05-15 07:28:00,55.746,55.749,55.742,55.742
2025-05-15 07:28:05,55.742,55.742,55.736,55.738
2025-05-15 07:28:10,55.737,55.739,55.736,55.739
2025-05-15 07:28:15,55.736,55.736,55.72,55.72
2025-05-15 07:28:20,55.72,55.724,55.718,55.724
2025-05-15 07:28:25,55.724,55.726,55.722,55.724
2025-05-15 07:28:30,55.724,55.726,55.724,55.725
2025-05-15 07:28:35,55.725,55.736,55.725,55.733
2025-05-15 07:28:40,55.733,55.735,55.726,55.726
2025-05-15 07:28:45,55.726,55.726,55.717,55.719
2025-05-15 07:28:50,55.719,55.72,55.715,55.716
2025-05-15 07:28:55,55.714,55.717,55.712,55.715
2025-05-15 07:29:00,55.715,55.721,55.713,55.72
2025-05-15 07:29:05,55.724,55.729,55.723,55.725
2025-05-15 07:29:10,55.727,55.729,55.727,55.729
2025-05-15 07:29:15,55.729,55.729,55.724,55.724
2025-05-15 07:29:20,55.724,55.729,55.724,55.729
2025-05-15 07:29:25,55.729,55.736,55.728,55.736
2025-05-15 07:29:30,55.735,55.745,55.734,55.745
2025-05-15 07:29:35,55.744,55.749,55.744,55.748
2025-05-15 07:29:40,55.747,55.748,55.742,55.742
2025-05-15 07:29:45,55.744,55.747,55.744,55.746
2025-05-15 07:29:50,55.744,55.75,55.744,55.75
2025-05-15 07:29:55,55.749,55.75,55.747,55.749
2025-05-15 07:30:00,55.748,55.748,55.741,55.741
2025-05-15 07:30:05,55.74,55.74,55.732,55.732
2025-05-15 07:30:10,55.732,55.736,55.731,55.731
2025-05-15 07:30:15,55.732,55.732,55.731,55.732
2025-05-15 07:30:20,55.733,55.74,55.73,55.74
2025-05-15 07:30:25,55.74,55.742,55.736,55.736
2025-05-15 07:30:30,55.737,55.737,55.736,55.736
2025-05-15 07:30:35,55.736,55.738,55.733,55.733
2025-05-15 07:30:40,55.733,55.74,55.733,55.74
2025-05-15 07:30:45,55.74,55.741,55.74,55.741
2025-05-15 07:30:50,55.741,55.749,55.741,55.749
2025-05-15 07:30:55,55.749,55.75,55.746,55.748
2025-05-15 07:31:00,55.748,55.75,55.748,55.749
2025-05-15 07:31:05,55.749,55.754,55.747,55.754
2025-05-15 07:31:10,55.754,55.756,55.752,55.756
2025-05-15 07:31:15,55.756,55.756,55.753,55.753
2025-05-15 07:31:20,55.752,55.752,55.748,55.749
2025-05-15 07:31:25,55.749,55.752,55.749,55.752
2025-05-15 07:31:30,55.752,55.759,55.751,55.759
2025-05-15 07:31:35,55.758,55.759,55.758,55.758
2025-05-15 07:31:40,55.758,55.758,55.748,55.748
2025-05-15 07:31:45,55.749,55.749,55.745,55.747
2025-05-15 07:31:50,55.747,55.748,55.742,55.748
2025-05-15 07:31:55,55.744,55.752,55.744,55.752
2025-05-15 07:32:00,55.751,55.752,55.75,55.752
2025-05-15 07:32:05,55.752,55.752,55.748,55.748
2025-05-15 07:32:10,55.748,55.749,55.746,55.749
2025-05-15 07:32:15,55.75,55.756,55.749,55.755
2025-05-15 07:32:20,55.755,55.755,55.748,55.749
2025-05-15 07:32:25,55.747,55.747,55.742,55.742
2025-05-15 07:32:30,55.742,55.747,55.742,55.747
2025-05-15 07:32:35,55.747,55.751,55.747,55.748
2025-05-15 07:32:40,55.749,55.753,55.748,55.751
2025-05-15 07:32:45,55.751,55.752,55.745,55.745
2025-05-15 07:32:50,55.745,55.747,55.742,55.746
2025-05-15 07:32:55,55.742,55.749,55.742,55.748
2025-05-15 07:33:00,55.748,55.748,55.745,55.745
2025-05-15 07:33:05,55.745,55.745,55.738,55.738
2025-05-15 07:33:10,55.738,55.739,55.731,55.731
2025-05-15 07:33:15,55.73,55.73,55.722,55.723
2025-05-15 07:33:20,55.723,55.734,55.721,55.734
2025-05-15 07:33:25,55.734,55.735,55.731,55.732
2025-05-15 07:33:30,55.732,55.733,55.729,55.733
2025-05-15 07:33:35,55.734,55.738,55.734,55.736
2025-05-15 07:33:40,55.736,55.736,55.732,55.735
2025-05-15 07:33:45,55.735,55.735,55.733,55.734
2025-05-15 07:33:50,55.734,55.735,55.731,55.735
2025-05-15 07:33:55,55.735,55.741,55.735,55.741
2025-05-15 07:34:00,55.74,55.742,55.738,55.742
2025-05-15 07:34:05,55.742,55.742,55.74,55.742
2025-05-15 07:34:10,55.742,55.749,55.742,55.748
2025-05-15 07:34:15,55.75,55.75,55.746,55.747
2025-05-15 07:34:20,55.746,55.746,55.741,55.741
2025-05-15 07:34:25,55.741,55.741,55.729,55.729
2025-05-15 07:34:30,55.729,55.735,55.729,55.735
2025-05-15 07:34:35,55.736,55.741,55.736,55.741
2025-05-15 07:34:40,55.731,55.739,55.731,55.739
2025-05-15 07:34:45,55.739,55.739,55.732,55.735
2025-05-15 07:34:50,55.735,55.738,55.735,55.737
2025-05-15 07:34:55,55.737,55.737,55.729,55.733
2025-05-15 07:35:00,55.733,55.735,55.728,55.728
2025-05-15 07:35:05,55.728,55.728,55.722,55.723
2025-05-15 07:35:10,55.723,55.726,55.723,55.726
2025-05-15 07:35:15,55.723,55.724,55.721,55.722
2025-05-15 07:35:20,55.723,55.732,55.723,55.73
2025-05-15 07:35:25,55.728,55.728,55.723,55.724
2025-05-15 07:35:30,55.723,55.728,55.716,55.728
2025-05-15 07:35:35,55.728,55.73,55.727,55.73
2025-05-15 07:35:40,55.73,55.731,55.721,55.721
2025-05-15 07:35:45,55.721,55.726,55.721,55.726
2025-05-15 07:35:50,55.727,55.73,55.727,55.73
2025-05-15 07:35:55,55.73,55.73,55.725,55.725
2025-05-15 07:36:00,55.724,55.725,55.722,55.722
2025-05-15 07:36:05,55.722,55.723,55.722,55.723
2025-05-15 07:36:10,55.72,55.724,55.72,55.724
2025-05-15 07:36:15,55.724,55.731,55.721,55.728
2025-05-15 07:36:20,55.728,55.729,55.726,55.729
2025-05-15 07:36:25,55.729,55.729,55.723,55.723
2025-05-15 07:36:30,55.723,55.727,55.723,55.723
2025-05-15 07:36:35,55.723,55.73,55.72,55.727
2025-05-15 07:36:40,55.727,55.731,55.727,55.73
2025-05-15 07:36:45,55.731,55.731,55.727,55.727
2025-05-15 07:36:50,55.728,55.728,55.72,55.724
2025-05-15 07:36:55,55.724,55.729,55.723,55.723
2025-05-15 07:37:00,55.725,55.725,55.722,55.723
2025-05-15 07:37:05,55.723,55.723,55.721,55.721
2025-05-15 07:37:10,55.721,55.725,55.721,55.721
2025-05-15 07:37:15,55.721,55.724,55.719,55.719
2025-05-15 07:37:20,55.719,55.721,55.716,55.716
2025-05-15 07:37:25,55.716,55.72,55.716,55.717
2025-05-15 07:37:30,55.717,55.718,55.714,55.718
2025-05-15 07:37:35,55.718,55.724,55.718,55.723
2025-05-15 07:37:40,55.727,55.727,55.722,55.725
2025-05-15 07:37:45,55.725,55.726,55.72,55.72
2025-05-15 07:37:50,55.72,55.721,55.713,55.713
2025-05-15 07:37:55,55.713,55.716,55.712,55.716
2025-05-15 07:38:00,55.717,55.72,55.71,55.72
2025-05-15 07:38:05,55.721,55.728,55.721,55.728
2025-05-15 07:38:10,55.731,55.735,55.728,55.735
2025-05-15 07:38:15,55.735,55.739,55.732,55.735
2025-05-15 07:38:20,55.735,55.745,55.733,55.745
2025-05-15 07:38:25,55.745,55.749,55.741,55.747
2025-05-15 07:38:30,55.749,55.751,55.748,55.749
2025-05-15 07:38:35,55.749,55.749,55.743,55.743
2025-05-15 07:38:40,55.742,55.744,55.732,55.744
2025-05-15 07:38:45,55.743,55.744,55.741,55.744
2025-05-15 07:38:50,55.744,55.745,55.743,55.745
2025-05-15 07:38:55,55.745,55.75,55.744,55.75
2025-05-15 07:39:00,55.751,55.754,55.749,55.752
2025-05-15 07:39:05,55.754,55.762,55.753,55.753
2025-05-15 07:39:10,55.753,55.757,55.751,55.757
2025-05-15 07:39:15,55.757,55.757,55.744,55.745
2025-05-15 07:39:20,55.745,55.745,55.742,55.742
2025-05-15 07:39:25,55.741,55.748,55.741,55.742
2025-05-15 07:39:30,55.742,55.745,55.739,55.739
2025-05-15 07:39:35,55.739,55.742,55.739,55.741
2025-05-15 07:39:40,55.743,55.743,55.735,55.735
2025-05-15 07:39:45,55.738,55.74,55.738,55.738
2025-05-15 07:39:50,55.738,55.739,55.736,55.739
2025-05-15 07:39:55,55.739,55.741,55.735,55.741
2025-05-15 07:40:00,55.741,55.741,55.735,55.736
2025-05-15 07:40:05,55.738,55.741,55.735,55.735
2025-05-15 07:40:10,55.735,55.735,55.728,55.731
2025-05-15 07:40:15,55.731,55.737,55.727,55.727
2025-05-15 07:40:20,55.727,55.727,55.721,55.727
2025-05-15 07:40:25,55.727,55.738,55.727,55.736
2025-05-15 07:40:30,55.736,55.737,55.734,55.737
2025-05-15 07:40:35,55.737,55.744,55.737,55.744
2025-05-15 07:40:40,55.745,55.746,55.743,55.746
2025-05-15 07:40:45,55.747,55.748,55.743,55.746
2025-05-15 07:40:50,55.747,55.749,55.747,55.749
2025-05-15 07:40:55,55.749,55.75,55.737,55.737
2025-05-15 07:41:00,55.736,55.741,55.736,55.737
2025-05-15 07:41:05,55.735,55.737,55.732,55.737
2025-05-15 07:41:10,55.74,55.743,55.738,55.738
2025-05-15 07:41:15,55.738,55.743,55.732,55.734
2025-05-15 07:41:20,55.734,55.734,55.73,55.731
2025-05-15 07:41:25,55.735,55.738,55.735,55.736
2025-05-15 07:41:30,55.736,55.738,55.731,55.733
2025-05-15 07:41:35,55.733,55.734,55.731,55.734
2025-05-15 07:41:40,55.732,55.741,55.732,55.74
2025-05-15 07:41:45,55.746,55.749,55.741,55.742
2025-05-15 07:41:50,55.743,55.744,55.737,55.738
2025-05-15 07:41:55,55.738,55.74,55.738,55.739
2025-05-15 07:42:00,55.741,55.741,55.74,55.741
2025-05-15 07:42:05,55.741,55.745,55.734,55.734
2025-05-15 07:42:10,55.733,55.733,55.724,55.724
2025-05-15 07:42:15,55.724,55.729,55.722,55.729
2025-05-15 07:42:20,55.729,55.731,55.728,55.73
2025-05-15 08:09:20,55.819,55.819,55.817,55.819
2025-05-15 08:09:25,55.818,55.818,55.81,55.81
2025-05-15 08:09:30,55.813,55.82,55.813,55.819
2025-05-15 08:09:35,55.819,55.819,55.812,55.814
2025-05-15 08:09:40,55.813,55.822,55.812,55.822
2025-05-15 08:09:45,55.826,55.826,55.817,55.817
2025-05-15 08:09:50,55.821,55.825,55.821,55.825
2025-05-15 08:09:55,55.824,55.824,55.818,55.82
2025-05-15 08:10:00,55.82,55.823,55.819,55.819
2025-05-15 08:10:05,55.821,55.822,55.818,55.82
2025-05-15 08:10:10,55.82,55.829,55.82,55.828
2025-05-15 08:10:15,55.828,55.837,55.828,55.837
2025-05-15 08:10:20,55.837,55.838,55.836,55.836
2025-05-15 08:10:25,55.835,55.836,55.833,55.833
2025-05-15 08:10:30,55.834,55.834,55.824,55.827
2025-05-15 08:10:35,55.827,55.832,55.826,55.831
2025-05-15 08:10:40,55.831,55.832,55.83,55.832
2025-05-15 08:10:45,55.829,55.83,55.826,55.827
2025-05-15 08:10:50,55.825,55.83,55.823,55.83
2025-05-15 08:10:55,55.831,55.838,55.831,55.837
2025-05-15 08:11:00,55.837,55.838,55.836,55.837
2025-05-15 08:11:05,55.835,55.84,55.831,55.831
2025-05-15 08:11:10,55.831,55.831,55.825,55.828
2025-05-15 08:11:15,55.828,55.83,55.827,55.828
2025-05-15 08:11:20,55.826,55.831,55.826,55.827
2025-05-15 08:11:25,55.827,55.828,55.82,55.823
2025-05-15 08:11:30,55.823,55.825,55.817,55.821
2025-05-15 08:11:35,55.821,55.821,55.814,55.814
2025-05-15 08:11:40,55.815,55.823,55.815,55.822
2025-05-15 08:11:45,55.828,55.828,55.826,55.826
2025-05-15 08:11:50,55.826,55.827,55.824,55.824
2025-05-15 08:11:55,55.824,55.832,55.824,55.829
2025-05-15 08:12:00,55.826,55.826,55.824,55.825
2025-05-15 08:12:05,55.825,55.847,55.825,55.847
2025-05-15 08:12:10,55.847,55.851,55.847,55.848
2025-05-15 08:12:15,55.848,55.848,55.842,55.842
2025-05-15 08:12:20,55.843,55.844,55.84,55.84
2025-05-15 08:12:25,55.843,55.843,55.839,55.839
2025-05-15 08:12:30,55.839,55.84,55.837,55.839
2025-05-15 08:12:35,55.839,55.846,55.839,55.846
2025-05-15 08:12:40,55.846,55.849,55.846,55.849
2025-05-15 08:12:45,55.848,55.849,55.848,55.848
2025-05-15 08:12:50,55.848,55.85,55.844,55.844
2025-05-15 08:12:55,55.844,55.848,55.844,55.848
2025-05-15 08:13:00,55.848,55.848,55.838,55.839
2025-05-15 08:13:05,55.839,55.841,55.834,55.836
2025-05-15 08:13:10,55.836,55.838,55.835,55.835
2025-05-15 08:13:15,55.835,55.837,55.834,55.836
2025-05-15 08:13:20,55.834,55.834,55.831,55.832
2025-05-15 08:13:25,55.833,55.833,55.826,55.827
2025-05-15 08:13:30,55.827,55.837,55.827,55.837
2025-05-15 08:13:35,55.837,55.846,55.833,55.846
2025-05-15 08:13:40,55.845,55.858,55.845,55.858
2025-05-15 08:13:45,55.859,55.863,55.858,55.862
2025-05-15 08:13:50,55.862,55.862,55.85,55.85
2025-05-15 08:13:55,55.85,55.852,55.848,55.848
2025-05-15 08:14:00,55.849,55.854,55.849,55.852
2025-05-15 08:14:05,55.851,55.851,55.837,55.837
2025-05-15 08:14:10,55.837,55.84,55.829,55.829
2025-05-15 08:14:15,55.829,55.83,55.824,55.824
2025-05-15 08:14:20,55.825,55.829,55.822,55.825
2025-05-15 08:14:25,55.824,55.824,55.82,55.821
2025-05-15 08:14:30,55.821,55.823,55.817,55.823
2025-05-15 08:14:35,55.823,55.824,55.82,55.822
2025-05-15 08:14:40,55.822,55.825,55.822,55.823
2025-05-15 08:14:45,55.821,55.825,55.82,55.825
2025-05-15 08:14:50,55.825,55.828,55.822,55.822
2025-05-15 08:14:55,55.822,55.825,55.821,55.825
2025-05-15 08:15:00,55.825,55.839,55.825,55.837
2025-05-15 08:15:05,55.839,55.839,55.829,55.833
2025-05-15 08:15:10,55.833,55.833,55.817,55.817
2025-05-15 08:15:15,55.817,55.822,55.817,55.821
2025-05-15 08:15:20,55.819,55.831,55.819,55.831
2025-05-15 08:15:25,55.83,55.834,55.828,55.834
2025-05-15 08:15:30,55.835,55.835,55.822,55.822
2025-05-15 08:15:35,55.822,55.822,55.815,55.817
2025-05-15 08:15:40,55.816,55.82,55.816,55.82
2025-05-15 08:15:45,55.818,55.819,55.816,55.818
2025-05-15 08:15:50,55.818,55.823,55.818,55.821
2025-05-15 08:15:55,55.821,55.821,55.82,55.82
2025-05-15 08:16:00,55.821,55.823,55.821,55.823
2025-05-15 08:16:05,55.823,55.827,55.82,55.827
2025-05-15 08:16:10,55.826,55.828,55.824,55.826
2025-05-15 08:16:15,55.826,55.826,55.823,55.823
2025-05-15 08:16:20,55.824,55.824,55.817,55.818
2025-05-15 08:16:25,55.818,55.818,55.816,55.816
2025-05-15 08:16:30,55.819,55.82,55.815,55.815
2025-05-15 08:16:35,55.816,55.823,55.816,55.823
2025-05-15 08:16:40,55.823,55.823,55.82,55.822
2025-05-15 08:16:45,55.823,55.827,55.818,55.821
2025-05-15 08:16:50,55.821,55.821,55.819,55.819
2025-05-15 08:16:55,55.819,55.821,55.819,55.821
2025-05-15 08:17:00,55.821,55.822,55.812,55.814
2025-05-15 08:17:05,55.815,55.832,55.815,55.83
2025-05-15 08:17:10,55.83,55.839,55.83,55.839
2025-05-15 08:17:15,55.839,55.839,55.828,55.831
2025-05-15 08:17:20,55.831,55.831,55.822,55.822
2025-05-15 08:17:25,55.82,55.822,55.819,55.822
2025-05-15 08:17:30,55.822,55.831,55.821,55.829
2025-05-15 08:17:35,55.829,55.829,55.825,55.825
2025-05-15 08:17:40,55.825,55.827,55.825,55.827
2025-05-15 08:17:45,55.829,55.832,55.827,55.832
2025-05-15 08:17:50,55.834,55.84,55.832,55.84
2025-05-15 08:17:55,55.84,55.84,55.833,55.833
2025-05-15 08:18:00,55.833,55.84,55.833,55.839
2025-05-15 08:18:05,55.839,55.847,55.839,55.847
2025-05-15 08:18:10,55.847,55.855,55.847,55.855
2025-05-15 08:18:15,55.855,55.865,55.855,55.864
2025-05-15 08:18:20,55.864,55.866,55.864,55.866
2025-05-15 08:18:25,55.865,55.869,55.865,55.869
2025-05-15 08:18:30,55.869,55.873,55.869,55.873
2025-05-15 08:18:35,55.873,55.876,55.873,55.875
2025-05-15 08:18:40,55.875,55.875,55.864,55.868
2025-05-15 08:18:45,55.868,55.877,55.867,55.876
2025-05-15 08:18:50,55.876,55.879,55.873,55.875
2025-05-15 08:18:55,55.875,55.875,55.873,55.873
2025-05-15 08:19:00,55.873,55.873,55.858,55.858
2025-05-15 08:19:05,55.858,55.861,55.858,55.861
2025-05-15 08:19:10,55.861,55.867,55.86,55.864
2025-05-15 08:19:15,55.864,55.866,55.862,55.864
2025-05-15 08:19:20,55.864,55.867,55.864,55.866
2025-05-15 08:19:25,55.866,55.871,55.866,55.867
2025-05-15 08:19:30,55.866,55.869,55.861,55.863
2025-05-15 08:19:35,55.863,55.866,55.863,55.865
2025-05-15 08:19:40,55.865,55.88,55.865,55.88
2025-05-15 08:19:45,55.879,55.879,55.874,55.876
2025-05-15 08:19:50,55.874,55.883,55.873,55.883
2025-05-15 08:19:55,55.881,55.891,55.88,55.889
2025-05-15 08:20:00,55.889,55.893,55.888,55.893
2025-05-15 08:20:05,55.892,55.892,55.88,55.88
2025-05-15 08:20:10,55.88,55.881,55.874,55.874
2025-05-15 08:20:15,55.874,55.874,55.866,55.866
2025-05-15 08:20:20,55.866,55.868,55.865,55.865
2025-05-15 08:20:25,55.866,55.871,55.866,55.87
2025-05-15 08:20:30,55.872,55.876,55.871,55.873
2025-05-15 08:20:35,55.873,55.875,55.87,55.875
2025-05-15 08:20:40,55.877,55.877,55.87,55.87
2025-05-15 08:20:45,55.87,55.87,55.863,55.865
2025-05-15 08:20:50,55.868,55.87,55.868,55.868
2025-05-15 08:20:55,55.871,55.872,55.866,55.866
2025-05-15 08:21:00,55.867,55.869,55.858,55.86
2025-05-15 08:21:05,55.86,55.864,55.856,55.857
2025-05-15 08:21:10,55.859,55.86,55.859,55.86
2025-05-15 08:21:15,55.858,55.868,55.858,55.865
2025-05-15 08:21:20,55.865,55.865,55.864,55.865
2025-05-15 08:21:25,55.865,55.869,55.863,55.863
2025-05-15 08:21:30,55.863,55.87,55.862,55.862
2025-05-15 08:21:35,55.863,55.867,55.863,55.867
2025-05-15 08:21:40,55.866,55.87,55.866,55.867
2025-05-15 08:21:45,55.867,55.87,55.866,55.87
2025-05-15 08:21:50,55.868,55.873,55.868,55.872
2025-05-15 08:21:55,55.872,55.872,55.87,55.872
2025-05-15 08:22:00,55.874,55.875,55.871,55.871
2025-05-15 08:22:05,55.871,55.873,55.866,55.866
2025-05-15 08:22:10,55.866,55.866,55.856,55.859
2025-05-15 08:22:15,55.86,55.869,55.859,55.869
2025-05-15 08:22:20,55.869,55.869,55.864,55.864
2025-05-15 08:22:25,55.864,55.865,55.862,55.865
2025-05-15 08:22:30,55.865,55.865,55.862,55.864
2025-05-15 08:22:35,55.864,55.866,55.863,55.866
2025-05-15 08:22:40,55.866,55.867,55.864,55.866
2025-05-15 08:22:45,55.866,55.871,55.866,55.871
2025-05-15 08:22:50,55.87,55.87,55.866,55.868
2025-05-15 08:22:55,55.868,55.876,55.868,55.876
2025-05-15 08:23:00,55.876,55.876,55.872,55.875
2025-05-15 08:23:05,55.875,55.883,55.874,55.883
2025-05-15 08:23:10,55.883,55.888,55.881,55.888
2025-05-15 08:23:15,55.889,55.89,55.885,55.885
2025-05-15 08:23:20,55.884,55.887,55.883,55.883
2025-05-15 08:23:25,55.883,55.893,55.883,55.888
2025-05-15 08:23:30,55.888,55.89,55.883,55.883
2025-05-15 08:23:35,55.885,55.888,55.885,55.887
2025-05-15 08:23:40,55.884,55.886,55.884,55.884
2025-05-15 08:23:45,55.884,55.884,55.876,55.879
2025-05-15 08:23:50,55.879,55.881,55.876,55.876
2025-05-15 08:23:55,55.875,55.875,55.874,55.875
2025-05-15 08:24:00,55.876,55.885,55.876,55.884
2025-05-15 08:24:05,55.884,55.889,55.884,55.889
2025-05-15 08:24:10,55.889,55.89,55.887,55.89
2025-05-15 08:24:15,55.89,55.89,55.883,55.883
2025-05-15 08:24:20,55.883,55.884,55.881,55.882
2025-05-15 08:24:25,55.882,55.885,55.874,55.874
2025-05-15 08:24:30,55.878,55.883,55.878,55.881
2025-05-15 08:24:35,55.88,55.882,55.88,55.882
2025-05-15 08:24:40,55.882,55.882,55.876,55.877
2025-05-15 08:24:45,55.877,55.878,55.874,55.877
2025-05-15 08:24:50,55.879,55.879,55.864,55.864
2025-05-15 08:24:55,55.861,55.861,55.858,55.861
2025-05-15 08:25:00,55.861,55.863,55.853,55.855
2025-05-15 08:25:05,55.855,55.858,55.851,55.858
2025-05-15 08:25:10,55.858,55.859,55.855,55.859
2025-05-15 08:25:15,55.859,55.859,55.853,55.856
2025-05-15 08:25:20,55.856,55.857,55.851,55.853
2025-05-15 08:25:25,55.853,55.855,55.849,55.849
2025-05-15 08:25:30,55.849,55.85,55.848,55.849
2025-05-15 08:25:35,55.849,55.85,55.847,55.847
2025-05-15 08:25:40,55.847,55.849,55.845,55.846
2025-05-15 08:25:45,55.846,55.847,55.839,55.84
2025-05-15 08:25:50,55.84,55.843,55.837,55.837
2025-05-15 08:25:55,55.837,55.837,55.834,55.837
2025-05-15 08:26:00,55.837,55.838,55.836,55.837
2025-05-15 08:26:05,55.837,55.839,55.837,55.838
2025-05-15 08:26:10,55.838,55.839,55.834,55.836
2025-05-15 08:26:15,55.837,55.841,55.837,55.841
2025-05-15 08:26:20,55.841,55.842,55.835,55.839
2025-05-15 08:26:25,55.839,55.839,55.835,55.836
2025-05-15 08:26:30,55.836,55.844,55.835,55.844
2025-05-15 08:26:35,55.843,55.843,55.838,55.84
2025-05-15 08:26:40,55.84,55.84,55.829,55.83
2025-05-15 08:26:45,55.83,55.837,55.83,55.837
2025-05-15 08:26:50,55.837,55.847,55.834,55.844
2025-05-15 08:26:55,55.844,55.848,55.844,55.848
2025-05-15 08:27:00,55.848,55.849,55.845,55.845
2025-05-15 08:27:05,55.845,55.845,55.843,55.844
2025-05-15 08:27:10,55.843,55.844,55.841,55.843
2025-05-15 08:27:15,55.844,55.854,55.842,55.854
2025-05-15 08:27:20,55.853,55.853,55.844,55.844
2025-05-15 08:27:25,55.844,55.848,55.844,55.848
2025-05-15 08:27:30,55.848,55.848,55.845,55.848
2025-05-15 08:27:35,55.851,55.851,55.849,55.85
2025-05-15 08:27:40,55.847,55.848,55.841,55.841
2025-05-15 08:27:45,55.841,55.843,55.839,55.841
2025-05-15 08:27:50,55.841,55.843,55.84,55.843
2025-05-15 08:27:55,55.843,55.846,55.841,55.842
2025-05-15 08:28:00,55.843,55.847,55.836,55.847
2025-05-15 08:28:05,55.847,55.847,55.844,55.845
2025-05-15 08:28:10,55.845,55.848,55.841,55.848
2025-05-15 08:28:15,55.846,55.855,55.845,55.855
2025-05-15 08:28:20,55.855,55.862,55.854,55.861
2025-05-15 08:28:25,55.861,55.863,55.855,55.856
2025-05-15 08:28:30,55.856,55.864,55.856,55.864
2025-05-15 08:28:35,55.865,55.881,55.865,55.881
2025-05-15 08:28:40,55.88,55.882,55.877,55.88
2025-05-15 08:28:45,55.879,55.879,55.873,55.878
2025-05-15 08:28:50,55.878,55.878,55.874,55.876
2025-05-15 08:28:55,55.875,55.875,55.863,55.863
2025-05-15 08:29:00,55.864,55.866,55.859,55.86
2025-05-15 08:29:05,55.857,55.869,55.857,55.866
2025-05-15 08:29:10,55.866,55.868,55.866,55.866
2025-05-15 08:29:15,55.867,55.868,55.865,55.865
2025-05-15 08:29:20,55.861,55.862,55.857,55.858
2025-05-15 08:29:25,55.857,55.861,55.857,55.859
2025-05-15 08:29:30,55.859,55.868,55.858,55.868
2025-05-15 08:29:35,55.868,55.873,55.868,55.871
2025-05-15 08:29:40,55.871,55.878,55.871,55.873
2025-05-15 08:29:45,55.873,55.875,55.873,55.874
2025-05-15 08:29:50,55.874,55.874,55.861,55.861
2025-05-15 08:29:55,55.861,55.861,55.857,55.857
2025-05-15 08:30:00,55.857,55.857,55.843,55.843
2025-05-15 08:30:05,55.844,55.851,55.844,55.846
2025-05-15 08:30:10,55.846,55.846,55.833,55.833
2025-05-15 08:30:15,55.833,55.838,55.833,55.837
2025-05-15 08:30:20,55.837,55.837,55.83,55.83
2025-05-15 08:30:25,55.83,55.83,55.818,55.82
2025-05-15 08:30:30,55.82,55.827,55.818,55.826
2025-05-15 08:30:35,55.826,55.83,55.825,55.825
2025-05-15 08:30:40,55.829,55.833,55.829,55.832
2025-05-15 08:30:45,55.828,55.828,55.822,55.823
2025-05-15 08:30:50,55.823,55.828,55.822,55.823
2025-05-15 08:30:55,55.823,55.826,55.816,55.823
2025-05-15 08:31:00,55.823,55.823,55.814,55.815
2025-05-15 08:31:05,55.816,55.816,55.813,55.814
2025-05-15 08:31:10,55.814,55.82,55.814,55.814
2025-05-15 08:31:15,55.814,55.815,55.813,55.814
2025-05-15 08:31:20,55.813,55.816,55.813,55.813
2025-05-15 08:31:25,55.812,55.815,55.81,55.815
2025-05-15 08:31:30,55.815,55.821,55.815,55.821
2025-05-15 08:31:35,55.821,55.826,55.818,55.824
2025-05-15 08:31:40,55.821,55.826,55.821,55.826
2025-05-15 08:31:45,55.826,55.828,55.824,55.824
2025-05-15 08:31:50,55.824,55.83,55.824,55.829
2025-05-15 08:31:55,55.829,55.832,55.827,55.83
2025-05-15 08:32:00,55.832,55.832,55.826,55.827
2025-05-15 08:32:05,55.826,55.833,55.824,55.828
2025-05-15 08:32:10,55.827,55.829,55.818,55.823
2025-05-15 08:32:15,55.823,55.824,55.821,55.822
2025-05-15 08:32:20,55.822,55.823,55.821,55.823
2025-05-15 08:32:25,55.823,55.824,55.818,55.824
2025-05-15 08:32:30,55.824,55.826,55.823,55.824
2025-05-15 08:32:35,55.824,55.826,55.822,55.824
2025-05-15 08:32:40,55.823,55.824,55.819,55.822
2025-05-15 08:32:45,55.822,55.83,55.822,55.83
2025-05-15 08:32:50,55.83,55.832,55.829,55.832
2025-05-15 08:32:55,55.828,55.831,55.826,55.826
2025-05-15 08:33:00,55.824,55.825,55.817,55.817
2025-05-15 08:33:05,55.818,55.819,55.816,55.819
2025-05-15 08:33:10,55.819,55.82,55.817,55.82
2025-05-15 08:33:15,55.819,55.819,55.818,55.818
2025-05-15 08:33:20,55.816,55.816,55.813,55.813
2025-05-15 08:33:25,55.813,55.816,55.812,55.816
2025-05-15 08:33:30,55.815,55.822,55.815,55.818
2025-05-15 08:33:35,55.817,55.817,55.813,55.813
2025-05-15 08:33:40,55.814,55.814,55.807,55.807
2025-05-15 08:33:45,55.806,55.809,55.803,55.804
2025-05-15 08:33:50,55.806,55.806,55.802,55.802
2025-05-15 08:33:55,55.803,55.804,55.8,55.804
2025-05-15 08:34:00,55.804,55.806,55.804,55.804
2025-05-15 08:34:05,55.801,55.804,55.798,55.802
2025-05-15 08:34:10,55.803,55.803,55.794,55.795
2025-05-15 08:34:15,55.796,55.8,55.795,55.8
2025-05-15 08:34:20,55.8,55.801,55.796,55.798
2025-05-15 08:34:25,55.798,55.798,55.786,55.786
2025-05-15 08:34:30,55.787,55.787,55.784,55.787
2025-05-15 08:34:35,55.783,55.787,55.782,55.785
2025-05-15 08:34:40,55.785,55.785,55.779,55.78
2025-05-15 08:34:45,55.778,55.783,55.775,55.775
2025-05-15 08:34:50,55.777,55.779,55.775,55.775
2025-05-15 08:34:55,55.775,55.776,55.773,55.773
2025-05-15 08:35:00,55.773,55.779,55.77,55.777
2025-05-15 08:35:05,55.768,55.769,55.766,55.766
2025-05-15 08:35:10,55.766,55.769,55.765,55.769
2025-05-15 08:35:15,55.769,55.772,55.768,55.772
2025-05-15 08:35:20,55.772,55.772,55.763,55.763
2025-05-15 08:35:25,55.767,55.771,55.765,55.768
2025-05-15 08:35:30,55.768,55.768,55.752,55.753
2025-05-15 08:35:35,55.764,55.765,55.759,55.759
2025-05-15 08:35:40,55.759,55.76,55.754,55.759
2025-05-15 08:35:45,55.759,55.761,55.758,55.758
2025-05-15 08:35:50,55.76,55.761,55.757,55.761
2025-05-15 08:35:55,55.758,55.758,55.752,55.757
2025-05-15 08:36:00,55.757,55.76,55.756,55.758
2025-05-15 08:36:05,55.758,55.759,55.758,55.759
2025-05-15 08:36:10,55.76,55.765,55.759,55.765
2025-05-15 08:36:15,55.771,55.773,55.77,55.772
2025-05-15 08:36:20,55.772,55.775,55.772,55.774
2025-05-15 08:36:25,55.774,55.774,55.77,55.771
2025-05-15 08:36:30,55.771,55.771,55.759,55.759
2025-05-15 08:36:35,55.761,55.766,55.761,55.765
2025-05-15 08:36:40,55.765,55.766,55.758,55.758
2025-05-15 08:36:45,55.759,55.76,55.755,55.76
2025-05-15 08:36:50,55.758,55.759,55.757,55.757
2025-05-15 08:36:55,55.757,55.759,55.755,55.755
2025-05-15 08:37:00,55.755,55.757,55.754,55.754
2025-05-15 08:37:05,55.754,55.759,55.754,55.759
2025-05-15 08:37:10,55.755,55.764,55.755,55.763
2025-05-15 08:37:15,55.763,55.763,55.76,55.76
2025-05-15 08:37:20,55.76,55.761,55.758,55.759
2025-05-15 08:37:25,55.758,55.766,55.757,55.766
2025-05-15 08:37:30,55.764,55.764,55.752,55.752
2025-05-15 08:37:35,55.752,55.756,55.752,55.755
2025-05-15 08:37:40,55.755,55.755,55.748,55.751
2025-05-15 08:37:45,55.751,55.761,55.751,55.761
2025-05-15 08:37:50,55.76,55.762,55.759,55.762
2025-05-15 08:37:55,55.762,55.762,55.759,55.759
2025-05-15 08:38:00,55.759,55.759,55.753,55.755
2025-05-15 08:38:05,55.755,55.756,55.751,55.756
2025-05-15 08:38:10,55.756,55.758,55.756,55.756
2025-05-15 08:38:15,55.756,55.756,55.752,55.754
2025-05-15 08:38:20,55.754,55.758,55.754,55.758
2025-05-15 08:38:25,55.758,55.764,55.758,55.763
2025-05-15 08:38:30,55.76,55.762,55.76,55.761
2025-05-15 08:38:35,55.762,55.763,55.759,55.759
2025-05-15 08:38:40,55.759,55.765,55.759,55.764
2025-05-15 08:38:45,55.761,55.761,55.751,55.751
2025-05-15 08:38:50,55.749,55.75,55.746,55.75
2025-05-15 08:38:55,55.751,55.751,55.747,55.749
2025-05-15 08:39:00,55.749,55.753,55.749,55.751
2025-05-15 08:39:05,55.751,55.751,55.749,55.75
2025-05-15 08:39:10,55.75,55.752,55.748,55.75
2025-05-15 08:39:15,55.75,55.75,55.744,55.745
2025-05-15 08:39:20,55.746,55.748,55.744,55.748
2025-05-15 08:39:25,55.748,55.751,55.739,55.739
2025-05-15 08:39:30,55.737,55.742,55.736,55.74
2025-05-15 08:39:35,55.741,55.743,55.74,55.741
2025-05-15 08:39:40,55.741,55.741,55.738,55.738
2025-05-15 08:39:45,55.738,55.747,55.738,55.745
2025-05-15 08:39:50,55.752,55.752,55.746,55.749
2025-05-15 08:39:55,55.75,55.752,55.749,55.752
2025-05-15 08:40:00,55.752,55.752,55.749,55.751
2025-05-15 08:40:05,55.751,55.753,55.75,55.751
2025-05-15 08:40:10,55.752,55.755,55.752,55.755
2025-05-15 08:40:15,55.755,55.76,55.755,55.756
2025-05-15 08:40:20,55.756,55.758,55.751,55.751
2025-05-15 08:40:25,55.751,55.753,55.751,55.751
2025-05-15 08:40:30,55.75,55.751,55.75,55.751
2025-05-15 08:40:35,55.748,55.752,55.742,55.743
2025-05-15 08:40:40,55.743,55.748,55.743,55.747
2025-05-15 08:40:45,55.747,55.747,55.736,55.737
2025-05-15 08:40:50,55.737,55.737,55.735,55.737
2025-05-15 08:40:55,55.738,55.74,55.736,55.736
2025-05-15 08:41:00,55.736,55.736,55.732,55.732
2025-05-15 08:41:05,55.732,55.735,55.731,55.735
2025-05-15 08:41:10,55.736,55.739,55.736,55.739
2025-05-15 08:41:15,55.738,55.741,55.738,55.739
2025-05-15 08:41:20,55.738,55.746,55.738,55.744
2025-05-15 08:41:25,55.744,55.745,55.738,55.739
2025-05-15 08:41:30,55.738,55.738,55.736,55.738
2025-05-15 08:41:35,55.738,55.742,55.737,55.742
2025-05-15 08:41:40,55.754,55.758,55.753,55.757
2025-05-15 08:41:45,55.757,55.763,55.756,55.761
2025-05-15 08:41:50,55.764,55.764,55.76,55.762
2025-05-15 08:41:55,55.762,55.763,55.759,55.76
2025-05-15 08:42:00,55.759,55.773,55.756,55.773
2025-05-15 08:42:05,55.773,55.773,55.766,55.766
2025-05-15 08:42:10,55.766,55.766,55.761,55.762
2025-05-15 08:42:15,55.762,55.764,55.76,55.76
2025-05-15 08:42:20,55.76,55.764,55.76,55.762
2025-05-15 08:42:25,55.762,55.762,55.756,55.756
2025-05-15 08:42:30,55.754,55.763,55.754,55.757
2025-05-15 08:42:35,55.76,55.761,55.757,55.761
2025-05-15 08:42:40,55.761,55.763,55.752,55.763
2025-05-15 08:42:45,55.763,55.764,55.762,55.764
2025-05-15 08:42:50,55.764,55.771,55.764,55.771
2025-05-15 08:42:55,55.771,55.778,55.768,55.778
2025-05-15 08:43:00,55.778,55.779,55.772,55.772
2025-05-15 08:43:05,55.772,55.772,55.765,55.767
2025-05-15 08:43:10,55.768,55.771,55.768,55.771
2025-05-15 08:43:15,55.772,55.773,55.766,55.766
2025-05-15 08:43:20,55.766,55.77,55.766,55.767
2025-05-15 08:43:25,55.767,55.767,55.762,55.764
2025-05-15 08:43:30,55.764,55.771,55.764,55.771
2025-05-15 08:43:35,55.771,55.771,55.766,55.77
2025-05-15 08:43:40,55.77,55.777,55.77,55.777
2025-05-15 08:43:45,55.776,55.776,55.77,55.772
2025-05-15 08:43:50,55.771,55.774,55.768,55.768
2025-05-15 08:43:55,55.768,55.77,55.767,55.769
2025-05-15 08:44:00,55.769,55.773,55.769,55.769
2025-05-15 08:44:05,55.769,55.769,55.766,55.768
2025-05-15 08:44:10,55.768,55.768,55.755,55.757
2025-05-15 08:44:15,55.754,55.754,55.745,55.745
2025-05-15 08:44:20,55.744,55.749,55.744,55.749
2025-05-15 08:44:25,55.751,55.754,55.75,55.752
2025-05-15 08:44:30,55.755,55.755,55.753,55.755
2025-05-15 08:44:35,55.753,55.767,55.753,55.767
2025-05-15 08:44:40,55.765,55.771,55.765,55.771
2025-05-15 08:44:45,55.771,55.776,55.771,55.776
2025-05-15 08:44:50,55.776,55.78,55.775,55.779
2025-05-15 08:44:55,55.779,55.78,55.777,55.778
2025-05-15 08:45:00,55.775,55.775,55.761,55.761
2025-05-15 08:45:05,55.767,55.771,55.766,55.769
2025-05-15 08:45:10,55.769,55.781,55.769,55.781
2025-05-15 08:45:15,55.783,55.787,55.78,55.782
2025-05-15 08:45:20,55.782,55.789,55.781,55.789
2025-05-15 08:45:25,55.791,55.795,55.791,55.795
2025-05-15 08:45:30,55.795,55.795,55.783,55.783
2025-05-15 08:45:35,55.782,55.786,55.779,55.786
2025-05-15 08:45:40,55.784,55.785,55.781,55.783
2025-05-15 08:45:45,55.782,55.785,55.782,55.785
2025-05-15 08:45:50,55.785,55.801,55.785,55.801
2025-05-15 08:45:55,55.802,55.805,55.799,55.799
2025-05-15 08:46:00,55.799,55.799,55.796,55.796
2025-05-15 08:46:05,55.796,55.796,55.794,55.794
2025-05-15 08:46:10,55.794,55.798,55.793,55.793
2025-05-15 08:46:15,55.792,55.792,55.782,55.782
2025-05-15 08:46:20,55.782,55.784,55.774,55.774
2025-05-15 08:46:25,55.774,55.778,55.769,55.772
2025-05-15 08:46:30,55.772,55.774,55.768,55.769
2025-05-15 08:46:35,55.771,55.771,55.764,55.764
2025-05-15 08:46:40,55.76,55.765,55.757,55.765
2025-05-15 08:46:45,55.765,55.765,55.75,55.751
2025-05-15 08:46:50,55.751,55.774,55.751,55.774
2025-05-15 08:46:55,55.777,55.779,55.775,55.779
2025-05-15 08:47:00,55.78,55.78,55.777,55.779
2025-05-15 08:47:05,55.782,55.782,55.78,55.781
2025-05-15 08:47:10,55.781,55.781,55.772,55.78
2025-05-15 08:47:15,55.78,55.781,55.778,55.779
2025-05-15 08:47:20,55.779,55.779,55.772,55.775
2025-05-15 08:47:25,55.773,55.779,55.773,55.779
2025-05-15 08:47:30,55.779,55.779,55.776,55.777
2025-05-15 08:47:35,55.777,55.786,55.777,55.786
2025-05-15 08:47:40,55.787,55.789,55.787,55.788
2025-05-15 08:47:45,55.786,55.787,55.782,55.784
2025-05-15 08:47:50,55.784,55.786,55.78,55.78
2025-05-15 08:47:55,55.78,55.781,55.778,55.778
2025-05-15 08:48:00,55.778,55.78,55.761,55.761
2025-05-15 08:48:05,55.761,55.773,55.757,55.773
2025-05-15 08:48:10,55.773,55.776,55.77,55.774
2025-05-15 08:48:15,55.774,55.774,55.771,55.771
2025-05-15 08:48:20,55.769,55.769,55.764,55.764
2025-05-15 08:48:25,55.764,55.769,55.762,55.769
2025-05-15 08:48:30,55.769,55.774,55.769,55.772
2025-05-15 08:48:35,55.772,55.776,55.767,55.767
2025-05-15 08:48:40,55.769,55.775,55.769,55.774
2025-05-15 08:48:45,55.773,55.784,55.773,55.784
2025-05-15 08:48:50,55.784,55.786,55.779,55.779
2025-05-15 08:48:55,55.779,55.782,55.777,55.781
2025-05-15 08:49:00,55.783,55.783,55.779,55.779
2025-05-15 08:49:05,55.778,55.778,55.766,55.767
2025-05-15 08:49:10,55.767,55.776,55.767,55.775
2025-05-15 08:49:15,55.775,55.777,55.774,55.774
2025-05-15 08:49:20,55.772,55.772,55.766,55.766
2025-05-15 08:49:25,55.762,55.768,55.761,55.768
2025-05-15 08:49:30,55.768,55.768,55.764,55.765
2025-05-15 08:49:35,55.765,55.769,55.764,55.769
2025-05-15 08:49:40,55.769,55.769,55.765,55.765
2025-05-15 08:49:45,55.765,55.765,55.759,55.762
2025-05-15 08:49:50,55.762,55.762,55.757,55.758
2025-05-15 08:49:55,55.758,55.759,55.758,55.759
2025-05-15 08:50:00,55.76,55.764,55.756,55.764
2025-05-15 08:50:05,55.764,55.765,55.76,55.76
2025-05-15 08:50:10,55.76,55.771,55.76,55.771
2025-05-15 08:50:15,55.771,55.783,55.771,55.78
2025-05-15 08:50:20,55.78,55.78,55.771,55.771
2025-05-15 08:50:25,55.772,55.772,55.771,55.771
2025-05-15 08:50:30,55.771,55.771,55.766,55.766
2025-05-15 08:50:35,55.766,55.782,55.766,55.78
2025-05-15 08:50:40,55.783,55.784,55.778,55.783
2025-05-15 08:50:45,55.783,55.784,55.78,55.784
2025-05-15 08:50:50,55.784,55.784,55.77,55.77
2025-05-15 08:50:55,55.77,55.772,55.769,55.77
2025-05-15 08:51:00,55.769,55.773,55.767,55.773
2025-05-15 08:51:05,55.771,55.771,55.764,55.764
2025-05-15 08:51:10,55.765,55.765,55.755,55.761
2025-05-15 08:51:15,55.761,55.764,55.758,55.758
2025-05-15 08:51:20,55.758,55.758,55.755,55.756
2025-05-15 08:51:25,55.755,55.761,55.755,55.761
2025-05-15 08:51:30,55.761,55.77,55.761,55.77
2025-05-15 08:51:35,55.77,55.772,55.766,55.766
2025-05-15 08:51:40,55.766,55.769,55.762,55.764
2025-05-15 08:51:45,55.765,55.765,55.762,55.762
2025-05-15 08:51:50,55.76,55.761,55.753,55.753
2025-05-15 08:51:55,55.754,55.755,55.75,55.755
2025-05-15 08:52:00,55.755,55.757,55.753,55.757
2025-05-15 08:52:05,55.756,55.758,55.74,55.74
2025-05-15 08:52:10,55.74,55.748,55.74,55.748
2025-05-15 08:52:15,55.749,55.749,55.746,55.746
2025-05-15 08:52:20,55.746,55.752,55.746,55.75
2025-05-15 08:52:25,55.753,55.755,55.75,55.751
2025-05-15 08:52:30,55.751,55.751,55.743,55.743
2025-05-15 08:52:35,55.744,55.749,55.741,55.741
2025-05-15 08:52:40,55.741,55.741,55.734,55.737
2025-05-15 08:52:45,55.734,55.734,55.734,55.734
2025-05-15 08:52:50,55.734,55.738,55.734,55.736
2025-05-15 08:52:55,55.736,55.736,55.732,55.734
2025-05-15 08:53:00,55.734,55.736,55.732,55.734
2025-05-15 08:53:05,55.731,55.731,55.727,55.728
2025-05-15 08:53:10,55.726,55.729,55.722,55.727
2025-05-15 08:53:15,55.726,55.726,55.712,55.713
2025-05-15 08:53:20,55.713,55.713,55.708,55.713
2025-05-15 08:53:25,55.714,55.723,55.714,55.719
2025-05-15 08:53:30,55.719,55.719,55.712,55.712
2025-05-15 08:53:35,55.713,55.713,55.709,55.713
2025-05-15 08:53:40,55.713,55.713,55.706,55.706
2025-05-15 08:53:45,55.707,55.71,55.7,55.702
2025-05-15 08:53:50,55.701,55.705,55.701,55.704
2025-05-15 08:53:55,55.707,55.707,55.703,55.703
2025-05-15 08:54:00,55.703,55.713,55.703,55.71
2025-05-15 08:54:05,55.714,55.724,55.714,55.723
2025-05-15 08:54:10,55.722,55.722,55.716,55.719
2025-05-15 08:54:15,55.719,55.72,55.713,55.713
2025-05-15 08:54:20,55.713,55.713,55.705,55.705
2025-05-15 08:54:25,55.705,55.709,55.704,55.709
2025-05-15 08:54:30,55.709,55.711,55.704,55.704
2025-05-15 08:54:35,55.708,55.711,55.708,55.71
2025-05-15 08:54:40,55.71,55.719,55.71,55.719
2025-05-15 08:54:45,55.719,55.719,55.715,55.717
2025-05-15 08:54:50,55.716,55.716,55.708,55.714
2025-05-15 08:54:55,55.719,55.719,55.711,55.711
2025-05-15 08:55:00,55.711,55.714,55.711,55.712
2025-05-15 08:55:05,55.712,55.712,55.708,55.709
2025-05-15 08:55:10,55.709,55.709,55.704,55.705
2025-05-15 08:55:15,55.705,55.706,55.703,55.705
2025-05-15 08:55:20,55.705,55.705,55.703,55.704
2025-05-15 08:55:25,55.704,55.708,55.704,55.706
2025-05-15 08:55:30,55.705,55.705,55.7,55.7
2025-05-15 08:55:35,55.699,55.711,55.696,55.711
2025-05-15 08:55:40,55.711,55.721,55.711,55.714
2025-05-15 08:55:45,55.714,55.718,55.714,55.717
2025-05-15 08:55:50,55.718,55.718,55.714,55.714
2025-05-15 08:55:55,55.715,55.715,55.713,55.713
2025-05-15 08:56:00,55.713,55.713,55.706,55.709
2025-05-15 08:56:05,55.709,55.709,55.703,55.706
2025-05-15 08:56:10,55.704,55.718,55.704,55.716
2025-05-15 08:56:15,55.716,55.716,55.708,55.708
2025-05-15 08:56:20,55.708,55.708,55.705,55.705
2025-05-15 08:56:25,55.705,55.707,55.699,55.7
2025-05-15 08:56:30,55.699,55.7,55.694,55.697
2025-05-15 08:56:35,55.697,55.697,55.694,55.696
2025-05-15 08:56:40,55.696,55.697,55.692,55.692
2025-05-15 08:56:45,55.692,55.692,55.687,55.688
2025-05-15 08:56:50,55.687,55.687,55.68,55.681
2025-05-15 08:56:55,55.681,55.685,55.679,55.682
2025-05-15 08:57:00,55.682,55.685,55.681,55.685
2025-05-15 08:57:05,55.684,55.69,55.684,55.69
2025-05-15 08:57:10,55.688,55.688,55.684,55.684
2025-05-15 08:57:15,55.682,55.683,55.681,55.682
2025-05-15 08:57:20,55.682,55.682,55.674,55.674
2025-05-15 08:57:25,55.673,55.673,55.668,55.672
2025-05-15 08:57:30,55.672,55.675,55.669,55.67
2025-05-15 08:57:35,55.672,55.674,55.672,55.674
2025-05-15 08:57:40,55.673,55.674,55.67,55.673
2025-05-15 08:57:45,55.673,55.673,55.669,55.671
2025-05-15 08:57:50,55.671,55.676,55.671,55.676
2025-05-15 08:57:55,55.676,55.678,55.671,55.677
2025-05-15 08:58:00,55.677,55.679,55.674,55.678
2025-05-15 08:58:05,55.678,55.684,55.678,55.684
2025-05-15 08:58:10,55.682,55.682,55.681,55.682
2025-05-15 08:58:15,55.681,55.681,55.67,55.67
2025-05-15 08:58:20,55.671,55.673,55.666,55.666
2025-05-15 08:58:25,55.666,55.672,55.664,55.672
2025-05-15 08:58:30,55.67,55.67,55.666,55.668
2025-05-15 08:58:35,55.67,55.674,55.667,55.674
2025-05-15 08:58:40,55.672,55.673,55.67,55.671
2025-05-15 08:58:45,55.671,55.679,55.671,55.677
2025-05-15 08:58:50,55.674,55.678,55.669,55.669
2025-05-15 08:58:55,55.669,55.67,55.668,55.668
2025-05-15 08:59:00,55.669,55.67,55.668,55.67
2025-05-15 08:59:05,55.67,55.673,55.668,55.673
2025-05-15 08:59:10,55.672,55.674,55.67,55.674
2025-05-15 08:59:15,55.674,55.676,55.671,55.674
2025-05-15 08:59:20,55.674,55.676,55.674,55.676
2025-05-15 08:59:25,55.676,55.686,55.676,55.685
2025-05-15 08:59:30,55.685,55.692,55.685,55.692
2025-05-15 08:59:35,55.692,55.701,55.692,55.7
2025-05-15 08:59:40,55.7,55.702,55.699,55.699
2025-05-15 08:59:45,55.699,55.708,55.697,55.704
2025-05-15 08:59:50,55.704,55.708,55.701,55.701
2025-05-15 08:59:55,55.702,55.707,55.701,55.707
2025-05-15 09:00:00,55.707,55.708,55.704,55.704
2025-05-15 09:00:05,55.704,55.707,55.703,55.706
2025-05-15 09:00:10,55.706,55.706,55.691,55.693
2025-05-15 09:00:15,55.701,55.702,55.699,55.702
2025-05-15 09:00:20,55.703,55.708,55.703,55.708
2025-05-15 09:00:25,55.708,55.708,55.705,55.706
2025-05-15 09:00:30,55.706,55.706,55.697,55.697
2025-05-15 09:00:35,55.697,55.702,55.696,55.701
2025-05-15 09:00:40,55.701,55.707,55.701,55.703
2025-05-15 09:00:45,55.703,55.704,55.699,55.699
2025-05-15 09:00:50,55.699,55.704,55.699,55.703
2025-05-15 09:00:55,55.702,55.702,55.698,55.701
2025-05-15 09:01:00,55.7,55.701,55.698,55.698
2025-05-15 09:01:05,55.698,55.702,55.698,55.702
2025-05-15 09:01:10,55.702,55.713,55.7,55.712
2025-05-15 09:01:15,55.714,55.718,55.711,55.718
2025-05-15 09:01:20,55.717,55.721,55.717,55.721
2025-05-15 09:01:25,55.721,55.731,55.721,55.731
2025-05-15 09:01:30,55.731,55.731,55.72,55.72
2025-05-15 09:01:35,55.72,55.723,55.72,55.72
2025-05-15 09:01:40,55.72,55.72,55.716,55.717
2025-05-15 09:01:45,55.717,55.723,55.715,55.723
2025-05-15 09:01:50,55.723,55.723,55.717,55.721
2025-05-15 09:01:55,55.723,55.728,55.723,55.726
2025-05-15 09:02:00,55.726,55.727,55.726,55.726
2025-05-15 09:02:05,55.726,55.728,55.723,55.728
2025-05-15 09:02:10,55.728,55.732,55.727,55.732
2025-05-15 09:02:15,55.732,55.732,55.729,55.729
2025-05-15 09:02:20,55.729,55.735,55.729,55.735
2025-05-15 09:02:25,55.735,55.735,55.731,55.734
2025-05-15 09:02:30,55.734,55.741,55.734,55.738
2025-05-15 09:02:35,55.738,55.754,55.738,55.754
2025-05-15 09:02:40,55.756,55.763,55.756,55.762
2025-05-15 09:02:45,55.762,55.765,55.761,55.761
2025-05-15 09:02:50,55.761,55.762,55.757,55.758
2025-05-15 09:02:55,55.758,55.76,55.758,55.759
2025-05-15 09:03:00,55.759,55.762,55.755,55.755
2025-05-15 09:03:05,55.752,55.755,55.752,55.755
2025-05-15 09:03:10,55.752,55.757,55.751,55.756
2025-05-15 09:03:15,55.758,55.758,55.753,55.754
2025-05-15 09:03:20,55.755,55.755,55.748,55.748
2025-05-15 09:03:25,55.748,55.752,55.748,55.748
2025-05-15 09:03:30,55.746,55.751,55.741,55.751
2025-05-15 09:03:35,55.75,55.751,55.746,55.748
2025-05-15 09:03:40,55.752,55.752,55.743,55.745
2025-05-15 09:03:45,55.745,55.749,55.745,55.746
2025-05-15 09:03:50,55.746,55.746,55.739,55.743
2025-05-15 09:03:55,55.745,55.748,55.742,55.742
2025-05-15 09:04:00,55.742,55.743,55.741,55.742
2025-05-15 09:04:05,55.742,55.742,55.739,55.739
2025-05-15 09:04:10,55.741,55.744,55.738,55.744
2025-05-15 09:04:15,55.743,55.744,55.742,55.743
2025-05-15 09:04:20,55.743,55.744,55.743,55.743
2025-05-15 09:04:25,55.743,55.747,55.741,55.743
2025-05-15 09:04:30,55.745,55.748,55.735,55.735
2025-05-15 09:04:35,55.734,55.735,55.732,55.735
2025-05-15 09:04:40,55.738,55.746,55.738,55.74
2025-05-15 09:04:45,55.743,55.744,55.742,55.742
2025-05-15 09:04:50,55.743,55.752,55.742,55.752
2025-05-15 09:04:55,55.752,55.752,55.745,55.745
2025-05-15 09:05:00,55.745,55.746,55.744,55.745
2025-05-15 09:05:05,55.745,55.745,55.734,55.734
2025-05-15 09:05:10,55.734,55.734,55.732,55.732
2025-05-15 09:05:15,55.732,55.737,55.726,55.726
2025-05-15 09:05:20,55.737,55.737,55.734,55.734
2025-05-15 09:05:25,55.731,55.732,55.725,55.725
2025-05-15 09:05:30,55.725,55.732,55.72,55.731
2025-05-15 09:05:35,55.731,55.731,55.726,55.726
2025-05-15 09:05:40,55.727,55.734,55.725,55.734
2025-05-15 09:05:45,55.734,55.734,55.725,55.725
2025-05-15 09:05:50,55.725,55.737,55.725,55.737
2025-05-15 09:05:55,55.737,55.738,55.729,55.73
2025-05-15 09:06:00,55.73,55.737,55.729,55.736
2025-05-15 09:06:05,55.736,55.736,55.734,55.734
2025-05-15 09:06:10,55.734,55.737,55.731,55.731
2025-05-15 09:06:15,55.731,55.734,55.729,55.734
2025-05-15 09:06:20,55.739,55.739,55.733,55.734
2025-05-15 09:06:25,55.736,55.738,55.731,55.733
2025-05-15 09:06:30,55.733,55.738,55.732,55.737
2025-05-15 09:06:35,55.737,55.739,55.736,55.739
2025-05-15 09:06:40,55.741,55.741,55.735,55.735
2025-05-15 09:06:45,55.736,55.737,55.727,55.727
2025-05-15 09:06:50,55.727,55.729,55.726,55.726
2025-05-15 09:06:55,55.726,55.726,55.716,55.723
2025-05-15 09:07:00,55.723,55.729,55.723,55.729
2025-05-15 09:07:05,55.729,55.731,55.729,55.731
2025-05-15 09:07:10,55.731,55.738,55.728,55.728
2025-05-15 09:07:15,55.728,55.728,55.724,55.727
2025-05-15 09:07:20,55.727,55.73,55.727,55.729
2025-05-15 09:07:25,55.732,55.74,55.731,55.74
2025-05-15 09:07:30,55.74,55.74,55.733,55.733
2025-05-15 09:07:35,55.733,55.736,55.732,55.736
2025-05-15 09:07:40,55.741,55.741,55.732,55.732
2025-05-15 09:07:45,55.732,55.734,55.729,55.731
2025-05-15 09:07:50,55.731,55.734,55.728,55.728
2025-05-15 09:07:55,55.728,55.731,55.727,55.728
2025-05-15 09:08:00,55.729,55.73,55.725,55.726
2025-05-15 09:08:05,55.726,55.734,55.726,55.731
2025-05-15 09:08:10,55.733,55.735,55.731,55.731
2025-05-15 09:08:15,55.731,55.736,55.731,55.736
2025-05-15 09:08:20,55.736,55.736,55.731,55.731
2025-05-15 09:08:25,55.731,55.733,55.728,55.728
2025-05-15 09:08:30,55.726,55.731,55.726,55.73
2025-05-15 09:08:35,55.73,55.744,55.73,55.744
2025-05-15 09:08:40,55.744,55.744,55.736,55.736
2025-05-15 09:08:45,55.734,55.736,55.728,55.728
2025-05-15 09:08:50,55.728,55.732,55.728,55.732
2025-05-15 09:08:55,55.732,55.734,55.729,55.734
2025-05-15 09:09:00,55.734,55.738,55.731,55.738
2025-05-15 09:09:05,55.739,55.739,55.736,55.738
2025-05-15 09:09:10,55.738,55.738,55.734,55.738
2025-05-15 09:09:15,55.738,55.743,55.737,55.74
2025-05-15 09:09:20,55.74,55.74,55.738,55.74
2025-05-15 09:09:25,55.74,55.743,55.74,55.742
2025-05-15 09:09:30,55.741,55.743,55.737,55.743
2025-05-15 09:09:35,55.743,55.746,55.741,55.742
2025-05-15 09:09:40,55.742,55.746,55.737,55.746
2025-05-15 09:09:45,55.755,55.76,55.755,55.758
2025-05-15 09:09:50,55.76,55.76,55.757,55.758
2025-05-15 09:09:55,55.758,55.762,55.752,55.762
2025-05-15 09:10:00,55.762,55.765,55.757,55.761
2025-05-15 09:10:05,55.761,55.766,55.761,55.766
2025-05-15 09:10:10,55.763,55.767,55.761,55.767
2025-05-15 09:10:15,55.767,55.774,55.767,55.774
2025-05-15 09:10:20,55.774,55.777,55.774,55.777
2025-05-15 09:10:25,55.78,55.782,55.78,55.78
2025-05-15 09:10:30,55.777,55.778,55.774,55.778
2025-05-15 09:10:35,55.774,55.774,55.773,55.774
2025-05-15 09:10:40,55.774,55.779,55.774,55.778
2025-05-15 09:10:45,55.778,55.78,55.778,55.778
2025-05-15 09:10:50,55.778,55.781,55.776,55.776
2025-05-15 09:10:55,55.775,55.782,55.775,55.782
2025-05-15 09:11:00,55.782,55.784,55.78,55.784
2025-05-15 09:11:05,55.783,55.796,55.783,55.791
2025-05-15 09:11:10,55.793,55.798,55.793,55.798
2025-05-15 09:11:15,55.796,55.799,55.795,55.795
2025-05-15 09:11:20,55.795,55.796,55.786,55.786
2025-05-15 09:11:25,55.786,55.786,55.778,55.778
2025-05-15 09:11:30,55.778,55.778,55.753,55.753
2025-05-15 09:11:35,55.753,55.758,55.753,55.756
2025-05-15 09:11:40,55.756,55.756,55.748,55.75
2025-05-15 09:11:45,55.749,55.752,55.746,55.752
2025-05-15 09:11:50,55.752,55.757,55.752,55.757
2025-05-15 09:11:55,55.757,55.757,55.753,55.753
2025-05-15 09:12:00,55.753,55.753,55.746,55.746
2025-05-15 09:12:05,55.746,55.746,55.741,55.741
2025-05-15 09:12:10,55.741,55.748,55.741,55.748
2025-05-15 09:12:15,55.748,55.753,55.747,55.753
2025-05-15 09:12:20,55.753,55.753,55.75,55.753
2025-05-15 09:12:25,55.753,55.753,55.751,55.752
2025-05-15 09:12:30,55.752,55.757,55.75,55.757
2025-05-15 09:12:35,55.757,55.758,55.756,55.756
2025-05-15 09:12:40,55.756,55.762,55.753,55.753
2025-05-15 09:12:45,55.754,55.759,55.753,55.759
2025-05-15 09:12:50,55.761,55.763,55.76,55.763
2025-05-15 09:12:55,55.765,55.769,55.765,55.768
2025-05-15 09:13:00,55.768,55.77,55.766,55.766
2025-05-15 09:13:05,55.766,55.766,55.759,55.762
2025-05-15 09:13:10,55.762,55.763,55.751,55.753
2025-05-15 09:13:15,55.753,55.754,55.749,55.749
2025-05-15 09:13:20,55.749,55.749,55.742,55.744
2025-05-15 09:13:25,55.744,55.747,55.744,55.747
2025-05-15 09:13:30,55.746,55.747,55.742,55.742
2025-05-15 09:13:35,55.742,55.742,55.737,55.737
2025-05-15 09:13:40,55.737,55.74,55.733,55.737
2025-05-15 09:13:45,55.737,55.737,55.734,55.734
2025-05-15 09:13:50,55.736,55.739,55.736,55.739
2025-05-15 09:13:55,55.739,55.739,55.736,55.736
2025-05-15 09:14:00,55.736,55.736,55.728,55.73
2025-05-15 09:14:05,55.732,55.742,55.732,55.742
2025-05-15 09:14:10,55.744,55.749,55.744,55.749
2025-05-15 09:14:15,55.754,55.755,55.751,55.754
2025-05-15 09:14:20,55.755,55.756,55.754,55.754
2025-05-15 09:14:25,55.751,55.756,55.751,55.756
2025-05-15 09:14:30,55.756,55.762,55.753,55.762
2025-05-15 09:14:35,55.763,55.763,55.755,55.756
2025-05-15 09:14:40,55.758,55.761,55.754,55.754
2025-05-15 09:14:45,55.755,55.755,55.753,55.753
2025-05-15 09:14:50,55.753,55.753,55.751,55.751
2025-05-15 09:14:55,55.749,55.749,55.748,55.748
2025-05-15 09:15:00,55.746,55.746,55.742,55.743
2025-05-15 09:15:05,55.743,55.751,55.739,55.751
2025-05-15 09:15:10,55.751,55.751,55.748,55.748
2025-05-15 09:15:15,55.748,55.76,55.748,55.76
2025-05-15 09:15:20,55.76,55.762,55.754,55.755
2025-05-15 09:15:25,55.755,55.762,55.749,55.762
2025-05-15 09:15:30,55.762,55.765,55.762,55.764
2025-05-15 09:15:35,55.764,55.764,55.747,55.752
2025-05-15 09:15:40,55.752,55.759,55.75,55.757
2025-05-15 09:15:45,55.757,55.763,55.752,55.763
2025-05-15 09:15:50,55.763,55.764,55.76,55.763
2025-05-15 09:15:55,55.763,55.764,55.761,55.761
2025-05-15 09:16:00,55.763,55.763,55.758,55.759
2025-05-15 09:16:05,55.759,55.759,55.754,55.755
2025-05-15 09:16:10,55.757,55.758,55.757,55.757
2025-05-15 09:16:15,55.757,55.759,55.754,55.754
2025-05-15 09:16:20,55.755,55.758,55.755,55.756
2025-05-15 09:16:25,55.756,55.756,55.746,55.746
2025-05-15 09:16:30,55.747,55.748,55.746,55.747
2025-05-15 09:16:35,55.746,55.749,55.742,55.743
2025-05-15 09:16:40,55.744,55.752,55.736,55.752
2025-05-15 09:16:45,55.752,55.752,55.746,55.749
2025-05-15 09:16:50,55.749,55.757,55.749,55.757
2025-05-15 09:16:55,55.757,55.759,55.757,55.757
2025-05-15 09:17:00,55.757,55.761,55.753,55.753
2025-05-15 09:17:05,55.753,55.754,55.751,55.752
2025-05-15 09:17:10,55.752,55.752,55.742,55.742
2025-05-15 09:17:15,55.741,55.749,55.739,55.749
2025-05-15 09:17:20,55.749,55.752,55.748,55.748
2025-05-15 09:17:25,55.748,55.748,55.734,55.74
2025-05-15 09:17:30,55.74,55.74,55.735,55.735
2025-05-15 09:17:35,55.733,55.742,55.732,55.742
2025-05-15 09:17:40,55.743,55.747,55.743,55.746
2025-05-15 09:17:45,55.746,55.752,55.738,55.744
2025-05-15 09:17:50,55.744,55.744,55.738,55.738
2025-05-15 09:17:55,55.738,55.742,55.738,55.738
2025-05-15 09:18:00,55.74,55.742,55.737,55.742
2025-05-15 09:18:05,55.742,55.743,55.739,55.739
2025-05-15 09:18:10,55.739,55.747,55.738,55.747
2025-05-15 09:18:15,55.748,55.751,55.748,55.751
2025-05-15 09:18:20,55.751,55.751,55.743,55.744
2025-05-15 09:18:25,55.744,55.745,55.742,55.745
2025-05-15 09:18:30,55.745,55.751,55.74,55.751
2025-05-15 09:18:35,55.749,55.749,55.741,55.743
2025-05-15 09:18:40,55.743,55.744,55.741,55.742
2025-05-15 09:18:45,55.742,55.747,55.742,55.744
2025-05-15 09:18:50,55.744,55.749,55.744,55.749
2025-05-15 09:18:55,55.75,55.751,55.748,55.748
2025-05-15 09:19:00,55.747,55.76,55.747,55.758
2025-05-15 09:19:05,55.758,55.761,55.756,55.759
2025-05-15 09:19:10,55.759,55.765,55.759,55.762
2025-05-15 09:19:15,55.76,55.764,55.76,55.763
2025-05-15 09:19:20,55.763,55.764,55.761,55.764
2025-05-15 09:19:25,55.764,55.773,55.764,55.773
2025-05-15 09:19:30,55.773,55.782,55.772,55.78
2025-05-15 09:19:35,55.782,55.782,55.768,55.768
2025-05-15 09:19:40,55.768,55.773,55.768,55.768
2025-05-15 09:19:45,55.77,55.771,55.766,55.771
2025-05-15 09:19:50,55.771,55.775,55.767,55.767
2025-05-15 09:19:55,55.764,55.764,55.758,55.76
2025-05-15 09:20:00,55.76,55.764,55.759,55.764
2025-05-15 09:20:05,55.768,55.774,55.765,55.765
2025-05-15 09:20:10,55.764,55.775,55.764,55.774
2025-05-15 09:20:15,55.771,55.774,55.769,55.774
2025-05-15 09:20:20,55.774,55.775,55.772,55.773
2025-05-15 09:20:25,55.773,55.775,55.77,55.772
2025-05-15 09:20:30,55.772,55.773,55.763,55.763
2025-05-15 09:20:35,55.758,55.758,55.757,55.758
2025-05-15 09:20:40,55.758,55.77,55.758,55.768
2025-05-15 09:20:45,55.767,55.776,55.766,55.766
2025-05-15 09:20:50,55.767,55.768,55.764,55.767
2025-05-15 09:20:55,55.77,55.774,55.77,55.774
2025-05-15 09:21:00,55.774,55.774,55.762,55.764
2025-05-15 09:21:05,55.764,55.775,55.764,55.769
2025-05-15 09:21:10,55.767,55.767,55.765,55.765
2025-05-15 09:21:15,55.765,55.769,55.763,55.767
2025-05-15 09:21:20,55.767,55.781,55.767,55.781
2025-05-15 09:21:25,55.781,55.781,55.774,55.774
2025-05-15 09:21:30,55.768,55.77,55.767,55.767
2025-05-15 09:21:35,55.765,55.765,55.757,55.757
2025-05-15 09:21:40,55.757,55.764,55.757,55.757
2025-05-15 09:21:45,55.758,55.765,55.758,55.762
2025-05-15 09:21:50,55.762,55.762,55.758,55.762
2025-05-15 09:21:55,55.762,55.762,55.759,55.761
2025-05-15 09:22:00,55.761,55.772,55.761,55.772
2025-05-15 09:22:05,55.768,55.768,55.759,55.762
2025-05-15 09:22:10,55.762,55.767,55.76,55.767
2025-05-15 09:22:15,55.767,55.771,55.767,55.771
2025-05-15 09:22:20,55.771,55.777,55.771,55.777
2025-05-15 09:22:25,55.78,55.78,55.768,55.768
2025-05-15 09:22:30,55.765,55.767,55.765,55.766
2025-05-15 09:22:35,55.766,55.768,55.764,55.766
2025-05-15 09:22:40,55.768,55.782,55.768,55.782
2025-05-15 09:22:45,55.783,55.783,55.774,55.775
2025-05-15 09:22:50,55.775,55.776,55.772,55.772
2025-05-15 09:22:55,55.772,55.776,55.772,55.776
2025-05-15 09:23:00,55.773,55.774,55.769,55.769
2025-05-15 09:23:05,55.769,55.769,55.768,55.769
2025-05-15 09:23:10,55.769,55.77,55.767,55.767
2025-05-15 09:23:15,55.767,55.771,55.766,55.771
2025-05-15 09:23:20,55.769,55.779,55.766,55.776
2025-05-15 09:23:25,55.776,55.787,55.776,55.784
2025-05-15 09:23:30,55.784,55.788,55.783,55.787
2025-05-15 09:23:35,55.787,55.793,55.784,55.793
2025-05-15 09:23:40,55.791,55.801,55.791,55.801
2025-05-15 09:23:45,55.801,55.803,55.8,55.801
2025-05-15 09:23:50,55.801,55.815,55.8,55.813
2025-05-15 09:23:55,55.813,55.814,55.812,55.812
2025-05-15 09:24:00,55.812,55.813,55.804,55.804
2025-05-15 09:24:05,55.802,55.802,55.794,55.796
2025-05-15 09:24:10,55.796,55.796,55.79,55.793
2025-05-15 09:24:15,55.793,55.795,55.79,55.79
2025-05-15 09:24:20,55.79,55.791,55.78,55.782
2025-05-15 09:24:25,55.787,55.787,55.785,55.787
2025-05-15 09:24:30,55.787,55.79,55.785,55.789
2025-05-15 09:24:35,55.789,55.789,55.783,55.783
2025-05-15 09:24:40,55.779,55.784,55.777,55.784
2025-05-15 09:24:45,55.776,55.781,55.776,55.778
2025-05-15 09:24:50,55.778,55.778,55.775,55.775
2025-05-15 09:24:55,55.775,55.775,55.767,55.768
2025-05-15 09:25:00,55.77,55.776,55.763,55.776
2025-05-15 09:25:05,55.776,55.779,55.776,55.777
2025-05-15 09:25:10,55.777,55.78,55.775,55.776
2025-05-15 09:25:15,55.776,55.781,55.775,55.78
2025-05-15 09:25:20,55.78,55.789,55.779,55.789
2025-05-15 09:25:25,55.789,55.79,55.788,55.79
2025-05-15 09:25:30,55.79,55.798,55.79,55.798
2025-05-15 09:25:35,55.798,55.799,55.794,55.794
2025-05-15 09:25:40,55.79,55.79,55.788,55.789
2025-05-15 09:25:45,55.789,55.792,55.788,55.792
2025-05-15 09:25:50,55.792,55.792,55.787,55.787
2025-05-15 09:25:55,55.787,55.789,55.787,55.789
2025-05-15 09:26:00,55.788,55.788,55.779,55.784
2025-05-15 09:26:05,55.784,55.785,55.781,55.782
2025-05-15 09:26:10,55.778,55.778,55.776,55.776
2025-05-15 09:26:15,55.776,55.783,55.776,55.783
2025-05-15 09:26:20,55.78,55.784,55.78,55.783
2025-05-15 09:26:25,55.783,55.79,55.783,55.788
2025-05-15 09:26:30,55.787,55.792,55.787,55.792
2025-05-15 09:26:35,55.79,55.795,55.79,55.794
2025-05-15 09:26:40,55.794,55.795,55.788,55.795
2025-05-15 09:26:45,55.795,55.798,55.794,55.798
2025-05-15 09:26:50,55.798,55.808,55.798,55.808
2025-05-15 09:26:55,55.808,55.813,55.807,55.813
2025-05-15 09:27:00,55.813,55.817,55.809,55.81
2025-05-15 09:27:05,55.809,55.81,55.807,55.807
2025-05-15 09:27:10,55.807,55.808,55.798,55.798
2025-05-15 09:27:15,55.795,55.795,55.792,55.792
2025-05-15 09:27:20,55.792,55.794,55.79,55.791
2025-05-15 09:27:25,55.791,55.792,55.788,55.789
2025-05-15 09:27:30,55.788,55.789,55.784,55.788
2025-05-15 09:27:35,55.79,55.791,55.789,55.791
2025-05-15 09:27:40,55.791,55.799,55.789,55.798
2025-05-15 09:27:45,55.798,55.804,55.798,55.804
2025-05-15 09:27:50,55.803,55.806,55.8,55.8
2025-05-15 09:27:55,55.801,55.806,55.801,55.803
2025-05-15 09:28:00,55.803,55.808,55.803,55.807
2025-05-15 09:28:05,55.807,55.807,55.801,55.802
2025-05-15 09:28:10,55.802,55.804,55.8,55.804
2025-05-15 09:28:15,55.804,55.811,55.804,55.811
2025-05-15 09:28:20,55.811,55.817,55.81,55.81
2025-05-15 09:28:25,55.81,55.814,55.81,55.813
2025-05-15 09:28:30,55.818,55.822,55.81,55.81
2025-05-15 09:28:35,55.81,55.811,55.8,55.802
2025-05-15 09:28:40,55.802,55.806,55.801,55.806
2025-05-15 09:28:45,55.804,55.811,55.804,55.808
2025-05-15 09:28:50,55.81,55.811,55.806,55.806
2025-05-15 09:28:55,55.807,55.809,55.802,55.802
2025-05-15 09:29:00,55.802,55.808,55.802,55.806
2025-05-15 09:29:05,55.806,55.81,55.79,55.79
2025-05-15 09:29:10,55.789,55.79,55.786,55.79
2025-05-15 09:29:15,55.791,55.798,55.791,55.798
2025-05-15 09:29:20,55.798,55.798,55.794,55.794
2025-05-15 09:29:25,55.794,55.795,55.794,55.794
2025-05-15 09:29:30,55.794,55.795,55.792,55.795
2025-05-15 09:29:35,55.795,55.799,55.793,55.794
2025-05-15 09:29:40,55.794,55.797,55.793,55.793
2025-05-15 09:29:45,55.793,55.794,55.792,55.792
2025-05-15 09:29:50,55.792,55.801,55.789,55.801
2025-05-15 09:29:55,55.801,55.802,55.799,55.802
2025-05-15 09:30:00,55.802,55.802,55.8,55.8
2025-05-15 09:30:05,55.8,55.804,55.8,55.804
2025-05-15 09:30:10,55.802,55.802,55.8,55.802
2025-05-15 09:30:15,55.802,55.807,55.798,55.798
2025-05-15 09:30:20,55.798,55.801,55.795,55.799
2025-05-15 09:30:25,55.799,55.799,55.794,55.798
2025-05-15 09:30:30,55.797,55.803,55.797,55.799
2025-05-15 09:30:35,55.799,55.804,55.798,55.802
2025-05-15 09:30:40,55.802,55.809,55.802,55.805
2025-05-15 09:30:45,55.805,55.805,55.8,55.8
2025-05-15 09:30:50,55.8,55.802,55.797,55.797
2025-05-15 09:30:55,55.797,55.802,55.797,55.802
2025-05-15 09:31:00,55.802,55.804,55.801,55.801
2025-05-15 09:31:05,55.801,55.802,55.799,55.799
2025-05-15 09:31:10,55.8,55.801,55.795,55.795
2025-05-15 09:31:15,55.797,55.804,55.794,55.803
2025-05-15 09:31:20,55.803,55.807,55.802,55.807
2025-05-15 09:31:25,55.808,55.816,55.807,55.812
2025-05-15 09:31:30,55.814,55.83,55.814,55.83
2025-05-15 09:31:35,55.832,55.834,55.831,55.833
2025-05-15 09:31:40,55.829,55.833,55.829,55.831
2025-05-15 09:31:45,55.832,55.834,55.826,55.828
2025-05-15 09:31:50,55.829,55.83,55.826,55.83
2025-05-15 09:31:55,55.83,55.831,55.825,55.825
2025-05-15 09:32:00,55.825,55.825,55.818,55.821
2025-05-15 09:32:05,55.821,55.822,55.817,55.818
2025-05-15 09:32:10,55.817,55.821,55.817,55.82
2025-05-15 09:32:15,55.819,55.819,55.817,55.817
2025-05-15 09:32:20,55.816,55.821,55.816,55.821
2025-05-15 09:32:25,55.821,55.83,55.821,55.829
2025-05-15 09:32:30,55.828,55.832,55.828,55.831
2025-05-15 09:32:35,55.832,55.836,55.828,55.828
2025-05-15 09:32:40,55.828,55.832,55.828,55.832
2025-05-15 09:32:45,55.832,55.833,55.827,55.83
2025-05-15 09:32:50,55.831,55.831,55.831,55.831
2025-05-15 09:32:55,55.831,55.836,55.831,55.836
2025-05-15 09:33:00,55.838,55.838,55.838,55.838
2025-05-15 09:33:05,55.838,55.839,55.838,55.838
2025-05-15 09:33:10,55.836,55.837,55.833,55.837
2025-05-15 09:33:15,55.837,55.838,55.836,55.836
2025-05-15 09:33:20,55.836,55.844,55.832,55.832
2025-05-15 09:33:25,55.832,55.838,55.83,55.838
2025-05-15 09:33:30,55.839,55.84,55.837,55.84
2025-05-15 09:33:35,55.84,55.847,55.84,55.843
2025-05-15 09:33:40,55.848,55.856,55.848,55.851
2025-05-15 09:33:45,55.851,55.851,55.849,55.849
2025-05-15 09:33:50,55.847,55.85,55.845,55.845
2025-05-15 09:33:55,55.848,55.848,55.845,55.846
2025-05-15 09:34:00,55.846,55.851,55.846,55.851
2025-05-15 09:34:05,55.851,55.853,55.851,55.851
2025-05-15 09:34:10,55.851,55.851,55.849,55.851
2025-05-15 09:34:15,55.849,55.849,55.836,55.836
2025-05-15 09:34:20,55.834,55.835,55.831,55.835
2025-05-15 09:34:25,55.835,55.836,55.833,55.835
2025-05-15 09:34:30,55.834,55.835,55.833,55.834
2025-05-15 09:34:35,55.831,55.831,55.826,55.827
2025-05-15 09:34:40,55.826,55.829,55.826,55.829
2025-05-15 09:34:45,55.829,55.834,55.821,55.821
2025-05-15 09:34:50,55.821,55.827,55.818,55.826
2025-05-15 09:34:55,55.826,55.828,55.822,55.822
2025-05-15 09:35:00,55.822,55.822,55.814,55.814
2025-05-15 09:35:05,55.814,55.815,55.813,55.813
2025-05-15 09:35:10,55.812,55.815,55.812,55.815
2025-05-15 09:35:15,55.816,55.816,55.811,55.811
2025-05-15 09:35:20,55.812,55.812,55.811,55.812
2025-05-15 09:35:25,55.812,55.832,55.812,55.831
2025-05-15 09:35:30,55.831,55.831,55.825,55.826
2025-05-15 09:35:35,55.826,55.836,55.826,55.836
2025-05-15 09:35:40,55.836,55.848,55.836,55.846
2025-05-15 09:35:45,55.846,55.853,55.844,55.853
2025-05-15 09:35:50,55.853,55.855,55.849,55.85
2025-05-15 09:35:55,55.85,55.852,55.85,55.85
2025-05-15 09:36:00,55.848,55.848,55.845,55.847
2025-05-15 09:36:05,55.847,55.849,55.843,55.844
2025-05-15 09:36:10,55.844,55.846,55.836,55.844
2025-05-15 09:36:15,55.844,55.852,55.84,55.852
2025-05-15 09:36:20,55.851,55.854,55.848,55.853
2025-05-15 09:36:25,55.853,55.853,55.845,55.845
2025-05-15 09:36:30,55.845,55.847,55.844,55.844
2025-05-15 09:36:35,55.843,55.843,55.838,55.842
2025-05-15 09:36:40,55.843,55.847,55.843,55.847
2025-05-15 09:36:45,55.847,55.847,55.842,55.844
2025-05-15 09:36:50,55.844,55.844,55.839,55.84
2025-05-15 09:36:55,55.839,55.841,55.828,55.828
2025-05-15 09:37:00,55.827,55.829,55.827,55.827
2025-05-15 09:37:05,55.827,55.831,55.819,55.82
2025-05-15 09:37:10,55.82,55.821,55.816,55.816
2025-05-15 09:37:15,55.816,55.817,55.812,55.815
2025-05-15 09:37:20,55.815,55.818,55.815,55.817
2025-05-15 09:37:25,55.816,55.817,55.815,55.817
2025-05-15 09:37:30,55.817,55.818,55.815,55.818
2025-05-15 09:37:35,55.818,55.818,55.813,55.814
2025-05-15 09:37:40,55.814,55.815,55.814,55.814
2025-05-15 09:37:45,55.814,55.815,55.809,55.809
2025-05-15 09:37:50,55.809,55.81,55.804,55.807
2025-05-15 09:37:55,55.807,55.813,55.807,55.809
2025-05-15 09:38:00,55.81,55.812,55.806,55.806
2025-05-15 09:38:05,55.804,55.81,55.803,55.81
2025-05-15 09:38:10,55.81,55.811,55.803,55.804
2025-05-15 09:38:15,55.806,55.806,55.802,55.803
2025-05-15 09:38:20,55.802,55.819,55.802,55.819
2025-05-15 09:38:25,55.82,55.824,55.818,55.823
2025-05-15 09:38:30,55.823,55.826,55.822,55.825
2025-05-15 09:38:35,55.83,55.83,55.825,55.829
2025-05-15 09:38:40,55.827,55.828,55.814,55.814
2025-05-15 09:38:45,55.814,55.814,55.811,55.813
2025-05-15 09:38:50,55.813,55.821,55.813,55.82
2025-05-15 09:38:55,55.82,55.82,55.813,55.814
2025-05-15 09:39:00,55.814,55.817,55.814,55.817
2025-05-15 09:39:05,55.816,55.818,55.815,55.815
2025-05-15 09:39:10,55.815,55.819,55.813,55.813
2025-05-15 09:39:15,55.813,55.814,55.812,55.812
2025-05-15 09:39:20,55.809,55.812,55.8,55.8
2025-05-15 09:39:25,55.8,55.801,55.799,55.799
2025-05-15 09:39:30,55.799,55.804,55.796,55.796
2025-05-15 09:39:35,55.794,55.803,55.794,55.803
2025-05-15 09:39:40,55.795,55.795,55.783,55.784
2025-05-15 09:39:45,55.786,55.792,55.786,55.791
2025-05-15 09:39:50,55.791,55.808,55.788,55.808
2025-05-15 09:39:55,55.808,55.81,55.808,55.81
2025-05-15 09:40:00,55.81,55.813,55.809,55.812
2025-05-15 09:40:05,55.812,55.812,55.81,55.812
2025-05-15 09:40:10,55.812,55.813,55.793,55.793
2025-05-15 09:40:15,55.793,55.806,55.793,55.806
2025-05-15 09:40:20,55.802,55.802,55.796,55.796
2025-05-15 09:40:25,55.796,55.797,55.793,55.797
2025-05-15 09:40:30,55.797,55.8,55.795,55.795
2025-05-15 09:40:35,55.795,55.795,55.791,55.791
2025-05-15 09:40:40,55.791,55.799,55.79,55.798
2025-05-15 09:40:45,55.792,55.796,55.792,55.796
2025-05-15 09:40:50,55.796,55.797,55.793,55.797
2025-05-15 09:40:55,55.797,55.797,55.791,55.791
2025-05-15 09:41:00,55.793,55.798,55.793,55.797
2025-05-15 09:41:05,55.797,55.797,55.795,55.795
2025-05-15 09:41:10,55.795,55.796,55.793,55.796
2025-05-15 09:41:15,55.796,55.797,55.787,55.789
2025-05-15 09:41:20,55.789,55.791,55.789,55.79
2025-05-15 09:41:25,55.79,55.79,55.788,55.788
2025-05-15 09:41:30,55.788,55.789,55.787,55.789
2025-05-15 09:41:35,55.789,55.791,55.788,55.788
2025-05-15 09:41:40,55.787,55.788,55.778,55.78
2025-05-15 09:41:45,55.78,55.784,55.778,55.784
2025-05-15 09:41:50,55.784,55.788,55.782,55.788
2025-05-15 09:41:55,55.788,55.796,55.786,55.796
2025-05-15 09:42:00,55.796,55.801,55.796,55.801
2025-05-15 09:42:05,55.8,55.8,55.785,55.785
2025-05-15 09:42:10,55.785,55.788,55.782,55.782
2025-05-15 09:42:15,55.782,55.785,55.78,55.783
2025-05-15 09:42:20,55.774,55.776,55.771,55.771
2025-05-15 09:42:25,55.77,55.774,55.768,55.774
2025-05-15 09:42:30,55.774,55.777,55.774,55.774
2025-05-15 09:42:35,55.774,55.785,55.772,55.782
2025-05-15 09:42:40,55.782,55.782,55.778,55.778
2025-05-15 09:42:45,55.778,55.779,55.776,55.777
2025-05-15 09:42:50,55.777,55.783,55.777,55.78
2025-05-15 09:42:55,55.78,55.788,55.78,55.788
2025-05-15 09:43:00,55.788,55.789,55.786,55.789
2025-05-15 09:43:05,55.791,55.8,55.791,55.8
2025-05-15 09:43:10,55.795,55.797,55.792,55.797
2025-05-15 09:43:15,55.799,55.799,55.796,55.796
2025-05-15 09:43:20,55.797,55.797,55.789,55.789
2025-05-15 09:43:25,55.789,55.791,55.788,55.791
2025-05-15 09:43:30,55.792,55.793,55.789,55.793
2025-05-15 09:43:35,55.793,55.806,55.793,55.806
2025-05-15 09:43:40,55.808,55.808,55.802,55.804
2025-05-15 09:43:45,55.803,55.803,55.791,55.794
2025-05-15 09:43:50,55.796,55.798,55.795,55.795
2025-05-15 09:43:55,55.795,55.796,55.795,55.795
2025-05-15 09:44:00,55.794,55.795,55.793,55.793
2025-05-15 09:44:05,55.792,55.803,55.791,55.803
2025-05-15 09:44:10,55.808,55.808,55.804,55.804
2025-05-15 09:44:15,55.804,55.804,55.792,55.792
2025-05-15 09:44:20,55.792,55.792,55.787,55.788
2025-05-15 09:44:25,55.788,55.798,55.787,55.798
2025-05-15 09:44:30,55.798,55.798,55.794,55.795
2025-05-15 09:44:35,55.791,55.793,55.782,55.782
2025-05-15 09:44:40,55.782,55.787,55.779,55.787
2025-05-15 09:44:45,55.789,55.791,55.789,55.789
2025-05-15 09:44:50,55.793,55.796,55.792,55.792
2025-05-15 09:44:55,55.792,55.8,55.792,55.8
2025-05-15 09:45:00,55.8,55.8,55.798,55.799
2025-05-15 09:45:05,55.799,55.804,55.794,55.803
2025-05-15 09:45:10,55.805,55.805,55.8,55.801
2025-05-15 09:45:15,55.798,55.798,55.797,55.797
2025-05-15 09:45:20,55.797,55.797,55.791,55.793
2025-05-15 09:45:25,55.793,55.793,55.773,55.773
2025-05-15 09:45:30,55.774,55.775,55.772,55.772
2025-05-15 09:45:35,55.772,55.781,55.771,55.781
2025-05-15 09:45:40,55.781,55.781,55.777,55.78
2025-05-15 09:45:45,55.786,55.789,55.786,55.788
2025-05-15 09:45:50,55.787,55.788,55.785,55.788
2025-05-15 09:45:55,55.788,55.788,55.783,55.783
2025-05-15 09:46:00,55.783,55.784,55.778,55.778
2025-05-15 09:46:05,55.777,55.777,55.774,55.776
2025-05-15 09:46:10,55.776,55.781,55.775,55.781
2025-05-15 09:46:15,55.779,55.784,55.778,55.782
2025-05-15 09:46:20,55.782,55.783,55.775,55.775
2025-05-15 09:46:25,55.774,55.783,55.772,55.78
2025-05-15 09:46:30,55.78,55.785,55.78,55.785
2025-05-15 09:46:35,55.785,55.785,55.774,55.78
2025-05-15 09:46:40,55.78,55.783,55.78,55.782
2025-05-15 09:46:45,55.78,55.784,55.78,55.784
2025-05-15 09:46:50,55.783,55.784,55.782,55.784
2025-05-15 09:46:55,55.784,55.784,55.774,55.774
2025-05-15 09:47:00,55.774,55.777,55.774,55.776
2025-05-15 09:47:05,55.777,55.778,55.767,55.767
2025-05-15 09:47:10,55.767,55.769,55.759,55.76
2025-05-15 09:47:15,55.76,55.76,55.751,55.751
2025-05-15 09:47:20,55.751,55.752,55.746,55.747
2025-05-15 09:47:25,55.744,55.744,55.734,55.734
2025-05-15 09:47:30,55.734,55.734,55.73,55.73
2025-05-15 09:47:35,55.73,55.734,55.73,55.734
2025-05-15 09:47:40,55.734,55.735,55.732,55.735
2025-05-15 09:47:45,55.735,55.739,55.735,55.738
2025-05-15 09:47:50,55.738,55.746,55.738,55.744
2025-05-15 09:47:55,55.744,55.745,55.744,55.745
2025-05-15 09:48:00,55.745,55.746,55.744,55.744
2025-05-15 09:48:05,55.746,55.75,55.746,55.75
2025-05-15 09:48:10,55.75,55.755,55.746,55.755
2025-05-15 09:48:15,55.755,55.755,55.751,55.755
2025-05-15 09:48:20,55.755,55.766,55.754,55.763
2025-05-15 09:48:25,55.764,55.765,55.758,55.758
2025-05-15 09:48:30,55.758,55.761,55.758,55.761
2025-05-15 09:48:35,55.761,55.764,55.76,55.763
2025-05-15 09:48:40,55.766,55.775,55.766,55.775
2025-05-15 09:48:45,55.772,55.773,55.77,55.773
2025-05-15 09:48:50,55.771,55.772,55.749,55.749
2025-05-15 09:48:55,55.749,55.76,55.748,55.758
2025-05-15 09:49:00,55.751,55.755,55.751,55.754
2025-05-15 09:49:05,55.757,55.757,55.744,55.744
2025-05-15 09:49:10,55.743,55.751,55.743,55.751
2025-05-15 09:49:15,55.748,55.754,55.747,55.753
2025-05-15 09:49:20,55.753,55.757,55.753,55.757
2025-05-15 09:49:25,55.757,55.757,55.747,55.747
2025-05-15 09:49:30,55.747,55.751,55.745,55.748
2025-05-15 09:49:35,55.75,55.75,55.747,55.748
2025-05-15 09:49:40,55.747,55.747,55.739,55.739
2025-05-15 09:49:45,55.739,55.74,55.722,55.723
2025-05-15 09:49:50,55.723,55.726,55.717,55.719
2025-05-15 09:49:55,55.719,55.724,55.718,55.724
2025-05-15 09:50:00,55.724,55.724,55.722,55.723
2025-05-15 09:50:05,55.723,55.731,55.722,55.73
2025-05-15 09:50:10,55.728,55.735,55.728,55.733
2025-05-15 09:50:15,55.728,55.731,55.725,55.728
2025-05-15 09:50:20,55.724,55.725,55.722,55.722
2025-05-15 09:50:25,55.722,55.724,55.717,55.717
2025-05-15 09:50:30,55.716,55.716,55.714,55.714
2025-05-15 09:50:35,55.715,55.715,55.712,55.714
2025-05-15 09:50:40,55.712,55.712,55.707,55.707
2025-05-15 09:50:45,55.707,55.711,55.707,55.711
2025-05-15 09:50:50,55.711,55.712,55.71,55.71
2025-05-15 09:50:55,55.71,55.71,55.705,55.708
2025-05-15 09:51:00,55.708,55.708,55.703,55.708
2025-05-15 09:51:05,55.708,55.709,55.702,55.707
2025-05-15 09:51:10,55.708,55.71,55.704,55.71
2025-05-15 09:51:15,55.71,55.71,55.7,55.7
2025-05-15 09:51:20,55.698,55.706,55.698,55.706
2025-05-15 09:51:25,55.706,55.706,55.699,55.706
2025-05-15 09:51:30,55.706,55.708,55.705,55.705
2025-05-15 09:51:35,55.706,55.71,55.705,55.71
2025-05-15 09:51:40,55.71,55.713,55.709,55.709
2025-05-15 09:51:45,55.709,55.71,55.708,55.709
2025-05-15 09:51:50,55.709,55.71,55.708,55.71
2025-05-15 09:51:55,55.709,55.714,55.709,55.713
2025-05-15 09:52:00,55.714,55.722,55.712,55.722
2025-05-15 09:52:05,55.722,55.732,55.719,55.731
2025-05-15 09:52:10,55.733,55.737,55.728,55.728
2025-05-15 09:52:15,55.728,55.729,55.727,55.728
2025-05-15 09:52:20,55.727,55.729,55.723,55.729
2025-05-15 09:52:25,55.729,55.736,55.729,55.736
2025-05-15 09:52:30,55.737,55.738,55.735,55.738
2025-05-15 09:52:35,55.738,55.739,55.738,55.739
2025-05-15 09:52:40,55.741,55.743,55.741,55.743
2025-05-15 09:52:45,55.743,55.743,55.74,55.742
2025-05-15 09:52:50,55.742,55.744,55.741,55.743
2025-05-15 09:52:55,55.743,55.743,55.741,55.743
2025-05-15 09:53:00,55.745,55.745,55.738,55.738
2025-05-15 09:53:05,55.738,55.738,55.727,55.727
2025-05-15 09:53:10,55.726,55.728,55.723,55.723
2025-05-15 09:53:15,55.722,55.722,55.709,55.709
2025-05-15 09:53:20,55.709,55.717,55.707,55.712
2025-05-15 09:53:25,55.712,55.712,55.7,55.7
2025-05-15 09:53:30,55.7,55.701,55.693,55.693
2025-05-15 09:53:35,55.695,55.695,55.687,55.692
2025-05-15 09:53:40,55.692,55.692,55.688,55.688
2025-05-15 09:53:45,55.688,55.691,55.685,55.691
2025-05-15 09:53:50,55.691,55.699,55.689,55.699
2025-05-15 09:53:55,55.699,55.699,55.693,55.693
2025-05-15 09:54:00,55.693,55.695,55.693,55.695
2025-05-15 09:54:05,55.695,55.696,55.694,55.696
2025-05-15 09:54:10,55.696,55.697,55.688,55.688
2025-05-15 09:54:15,55.688,55.688,55.682,55.682
2025-05-15 09:54:20,55.682,55.683,55.679,55.68
2025-05-15 09:54:25,55.68,55.699,55.68,55.699
2025-05-15 09:54:30,55.699,55.706,55.699,55.704
2025-05-15 09:54:35,55.703,55.705,55.703,55.705
2025-05-15 09:54:40,55.705,55.705,55.702,55.704
2025-05-15 09:54:45,55.704,55.705,55.695,55.705
2025-05-15 09:54:50,55.705,55.71,55.704,55.704
2025-05-15 09:54:55,55.703,55.706,55.703,55.705
2025-05-15 09:55:00,55.705,55.706,55.694,55.695
2025-05-15 09:55:05,55.695,55.7,55.693,55.7
2025-05-15 09:55:10,55.701,55.705,55.701,55.705
2025-05-15 09:55:15,55.706,55.709,55.701,55.702
2025-05-15 09:55:20,55.701,55.705,55.701,55.705
2025-05-15 09:55:25,55.705,55.708,55.704,55.708
2025-05-15 09:55:30,55.705,55.706,55.704,55.706
2025-05-15 09:55:35,55.707,55.709,55.704,55.704
2025-05-15 09:55:40,55.705,55.707,55.703,55.703
2025-05-15 09:55:45,55.703,55.703,55.691,55.691
2025-05-15 09:55:50,55.693,55.696,55.693,55.696
2025-05-15 09:55:55,55.697,55.698,55.693,55.693
2025-05-15 09:56:00,55.691,55.692,55.69,55.69
2025-05-15 09:56:05,55.691,55.695,55.688,55.693
2025-05-15 09:56:10,55.693,55.693,55.691,55.693
2025-05-15 09:56:15,55.692,55.697,55.692,55.697
2025-05-15 09:56:20,55.697,55.7,55.696,55.7
2025-05-15 09:56:25,55.7,55.7,55.689,55.691
2025-05-15 09:56:30,55.691,55.692,55.691,55.691
2025-05-15 09:56:35,55.698,55.701,55.698,55.698
2025-05-15 09:56:40,55.699,55.699,55.695,55.696
2025-05-15 09:56:45,55.696,55.696,55.693,55.693
2025-05-15 09:56:50,55.693,55.697,55.693,55.695
2025-05-15 09:56:55,55.696,55.7,55.694,55.695
2025-05-15 09:57:00,55.693,55.695,55.687,55.688
2025-05-15 09:57:05,55.688,55.695,55.688,55.695
2025-05-15 09:57:10,55.695,55.703,55.695,55.699
2025-05-15 09:57:15,55.698,55.699,55.697,55.697
2025-05-15 09:57:20,55.695,55.7,55.693,55.7
2025-05-15 09:57:25,55.7,55.7,55.696,55.698
2025-05-15 09:57:30,55.698,55.701,55.694,55.701
2025-05-15 09:57:35,55.703,55.712,55.703,55.711
2025-05-15 09:57:40,55.712,55.714,55.71,55.711
2025-05-15 09:57:45,55.71,55.711,55.709,55.711
2025-05-15 09:57:50,55.711,55.711,55.706,55.706
2025-05-15 09:57:55,55.704,55.714,55.704,55.714
2025-05-15 09:58:00,55.714,55.719,55.713,55.717
2025-05-15 09:58:05,55.717,55.718,55.713,55.713
2025-05-15 09:58:10,55.713,55.719,55.712,55.719
2025-05-15 09:58:15,55.719,55.733,55.719,55.727
2025-05-15 09:58:20,55.727,55.727,55.724,55.726
2025-05-15 09:58:25,55.726,55.729,55.723,55.729
2025-05-15 09:58:30,55.729,55.731,55.717,55.718
2025-05-15 09:58:35,55.718,55.735,55.718,55.735
2025-05-15 09:58:40,55.734,55.738,55.734,55.737
2025-05-15 09:58:45,55.74,55.74,55.732,55.732
2025-05-15 09:58:50,55.732,55.732,55.711,55.712
2025-05-15 09:58:55,55.712,55.72,55.712,55.717
2025-05-15 09:59:00,55.717,55.729,55.717,55.729
2025-05-15 09:59:05,55.729,55.731,55.728,55.73
2025-05-15 09:59:10,55.73,55.732,55.729,55.732
2025-05-15 09:59:15,55.732,55.735,55.731,55.735
2025-05-15 09:59:20,55.736,55.736,55.733,55.734
2025-05-15 09:59:25,55.734,55.737,55.733,55.737
2025-05-15 09:59:30,55.737,55.737,55.729,55.729
2025-05-15 09:59:35,55.729,55.741,55.728,55.737
2025-05-15 09:59:40,55.738,55.746,55.738,55.744
2025-05-15 09:59:45,55.744,55.746,55.743,55.744
2025-05-15 09:59:50,55.744,55.757,55.744,55.757
2025-05-15 09:59:55,55.755,55.757,55.751,55.757
2025-05-15 10:00:00,55.757,55.757,55.755,55.756
2025-05-15 10:00:05,55.756,55.756,55.755,55.755
2025-05-15 10:00:10,55.756,55.756,55.744,55.75
2025-05-15 10:00:15,55.75,55.752,55.746,55.746
2025-05-15 10:00:20,55.746,55.748,55.746,55.746
2025-05-15 10:00:25,55.746,55.75,55.746,55.749
2025-05-15 10:00:30,55.747,55.752,55.747,55.751
2025-05-15 10:00:35,55.749,55.751,55.747,55.751
2025-05-15 10:00:40,55.751,55.753,55.751,55.751
2025-05-15 10:00:45,55.753,55.757,55.752,55.753
2025-05-15 10:00:50,55.755,55.759,55.754,55.755
2025-05-15 10:00:55,55.755,55.76,55.752,55.753
2025-05-15 10:01:00,55.749,55.754,55.748,55.752
2025-05-15 10:01:05,55.755,55.758,55.755,55.757
2025-05-15 10:01:10,55.755,55.757,55.755,55.756
2025-05-15 10:01:15,55.756,55.76,55.751,55.751
2025-05-15 10:01:20,55.751,55.755,55.751,55.755
2025-05-15 10:01:25,55.752,55.756,55.751,55.756
2025-05-15 10:01:30,55.757,55.757,55.743,55.743
2025-05-15 10:01:35,55.743,55.754,55.743,55.754
2025-05-15 10:01:40,55.756,55.759,55.754,55.759
2025-05-15 10:01:45,55.759,55.765,55.758,55.765
2025-05-15 10:01:50,55.765,55.773,55.765,55.773
2025-05-15 10:01:55,55.773,55.777,55.773,55.776
2025-05-15 10:02:00,55.777,55.783,55.777,55.78
2025-05-15 10:02:05,55.781,55.782,55.771,55.771
2025-05-15 10:02:10,55.771,55.772,55.769,55.771
2025-05-15 10:02:15,55.771,55.775,55.769,55.774
2025-05-15 10:02:20,55.769,55.77,55.768,55.77
2025-05-15 10:02:25,55.77,55.772,55.767,55.772
2025-05-15 10:02:30,55.773,55.773,55.76,55.762
2025-05-15 10:02:35,55.762,55.764,55.762,55.762
2025-05-15 10:02:40,55.762,55.764,55.762,55.762
2025-05-15 10:02:45,55.764,55.764,55.76,55.762
2025-05-15 10:02:50,55.762,55.762,55.758,55.758
2025-05-15 10:02:55,55.758,55.758,55.746,55.749
2025-05-15 10:03:00,55.749,55.749,55.741,55.741
2025-05-15 10:03:05,55.741,55.744,55.741,55.744
2025-05-15 10:03:10,55.744,55.75,55.744,55.747
2025-05-15 10:03:15,55.747,55.748,55.744,55.748
2025-05-15 10:03:20,55.748,55.75,55.743,55.743
2025-05-15 10:03:25,55.738,55.738,55.733,55.737
2025-05-15 10:03:30,55.737,55.743,55.737,55.741
2025-05-15 10:03:35,55.741,55.741,55.726,55.726
2025-05-15 10:03:40,55.726,55.727,55.713,55.715
2025-05-15 10:03:45,55.714,55.716,55.713,55.715
2025-05-15 10:03:50,55.715,55.715,55.712,55.713
2025-05-15 10:03:55,55.713,55.715,55.703,55.704
2025-05-15 10:04:00,55.704,55.709,55.704,55.704
2025-05-15 10:04:05,55.704,55.706,55.702,55.706
2025-05-15 10:04:10,55.706,55.706,55.691,55.691
2025-05-15 10:04:15,55.691,55.695,55.688,55.695
2025-05-15 10:04:20,55.695,55.711,55.695,55.707
2025-05-15 10:04:25,55.708,55.709,55.706,55.709
2025-05-15 10:04:30,55.71,55.712,55.709,55.712
2025-05-15 10:04:35,55.712,55.716,55.712,55.716
2025-05-15 10:04:40,55.716,55.725,55.716,55.725
2025-05-15 10:04:45,55.725,55.726,55.717,55.717
2025-05-15 10:04:50,55.718,55.721,55.717,55.72
2025-05-15 10:04:55,55.72,55.72,55.716,55.716
2025-05-15 10:05:00,55.716,55.719,55.715,55.719
2025-05-15 10:05:05,55.719,55.72,55.718,55.72
2025-05-15 10:05:10,55.718,55.723,55.712,55.712
2025-05-15 10:05:15,55.712,55.719,55.709,55.712
2025-05-15 10:05:20,55.712,55.714,55.712,55.713
2025-05-15 10:05:25,55.714,55.714,55.71,55.71
2025-05-15 10:05:30,55.71,55.713,55.71,55.711
2025-05-15 10:05:35,55.711,55.717,55.71,55.717
2025-05-15 10:05:40,55.717,55.717,55.712,55.712
2025-05-15 10:05:45,55.713,55.714,55.71,55.714
2025-05-15 10:05:50,55.714,55.714,55.704,55.704
2025-05-15 10:05:55,55.704,55.704,55.702,55.702
2025-05-15 10:06:00,55.702,55.704,55.697,55.697
2025-05-15 10:06:05,55.696,55.696,55.686,55.686
2025-05-15 10:06:10,55.684,55.686,55.683,55.686
2025-05-15 10:06:15,55.688,55.692,55.688,55.69
2025-05-15 10:06:20,55.691,55.696,55.691,55.696
2025-05-15 10:06:25,55.697,55.697,55.694,55.696
2025-05-15 10:06:30,55.697,55.697,55.685,55.686
2025-05-15 10:06:35,55.689,55.695,55.688,55.693
2025-05-15 10:06:40,55.693,55.695,55.693,55.694
2025-05-15 10:06:45,55.692,55.696,55.691,55.696
2025-05-15 10:06:50,55.695,55.702,55.689,55.702
2025-05-15 10:06:55,55.702,55.706,55.701,55.706
2025-05-15 10:07:00,55.706,55.707,55.699,55.699
2025-05-15 10:07:05,55.699,55.703,55.698,55.703
2025-05-15 10:07:10,55.701,55.705,55.701,55.705
2025-05-15 10:07:15,55.705,55.709,55.702,55.704
2025-05-15 10:07:20,55.705,55.705,55.698,55.699
2025-05-15 10:07:25,55.699,55.701,55.693,55.693
2025-05-15 10:07:30,55.692,55.693,55.685,55.685
2025-05-15 10:07:35,55.686,55.686,55.678,55.678
2025-05-15 10:07:40,55.678,55.678,55.67,55.671
2025-05-15 10:07:45,55.671,55.671,55.663,55.666
2025-05-15 10:07:50,55.667,55.668,55.663,55.664
2025-05-15 10:07:55,55.664,55.664,55.656,55.664
2025-05-15 10:08:00,55.666,55.667,55.664,55.664
2025-05-15 10:08:05,55.664,55.667,55.661,55.661
2025-05-15 10:08:10,55.661,55.666,55.661,55.665
