time,open,high,low,close
2025-05-11 07:17:00,294.315,294.319,294.315,294.316
2025-05-11 07:17:05,294.314,294.314,294.311,294.312
2025-05-11 07:17:10,294.311,294.311,294.307,294.31
2025-05-11 07:17:15,294.31,294.323,294.31,294.32
2025-05-11 07:17:20,294.319,294.319,294.314,294.315
2025-05-11 07:17:25,294.315,294.319,294.315,294.317
2025-05-11 07:17:30,294.317,294.319,294.316,294.316
2025-05-11 07:17:35,294.316,294.316,294.31,294.312
2025-05-11 07:17:40,294.312,294.315,294.31,294.314
2025-05-11 07:17:45,294.312,294.313,294.308,294.308
2025-05-11 07:17:50,294.308,294.309,294.305,294.305
2025-05-11 07:17:55,294.305,294.306,294.302,294.303
2025-05-11 07:18:00,294.302,294.302,294.292,294.295
2025-05-11 07:18:05,294.295,294.3,294.294,294.295
2025-05-11 07:18:10,294.295,294.301,294.295,294.301
2025-05-11 07:18:15,294.301,294.302,294.297,294.298
2025-05-11 07:18:20,294.299,294.299,294.295,294.297
2025-05-11 07:18:25,294.297,294.297,294.292,294.293
2025-05-11 07:18:30,294.293,294.293,294.284,294.285
2025-05-11 07:18:35,294.285,294.287,294.283,294.284
2025-05-11 07:18:40,294.283,294.288,294.281,294.281
2025-05-11 07:18:45,294.281,294.281,294.276,294.276
2025-05-11 07:18:50,294.276,294.278,294.275,294.278
2025-05-11 07:18:55,294.278,294.278,294.269,294.271
2025-05-11 07:19:00,294.271,294.272,294.26,294.26
2025-05-11 07:19:05,294.26,294.268,294.26,294.267
2025-05-11 07:19:10,294.267,294.278,294.267,294.275
2025-05-11 07:19:15,294.275,294.298,294.274,294.298
2025-05-11 07:19:20,294.3,294.305,294.3,294.303
2025-05-11 07:19:25,294.303,294.304,294.301,294.304
2025-05-11 07:19:30,294.304,294.307,294.299,294.299
2025-05-11 07:19:35,294.299,294.302,294.297,294.302
2025-05-11 07:19:40,294.302,294.305,294.298,294.298
2025-05-11 07:19:45,294.298,294.303,294.298,294.298
2025-05-11 07:19:50,294.298,294.298,294.287,294.287
2025-05-11 07:19:55,294.287,294.298,294.287,294.296
2025-05-11 07:20:00,294.296,294.296,294.288,294.288
2025-05-11 07:20:05,294.288,294.29,294.288,294.289
2025-05-11 07:20:10,294.289,294.289,294.284,294.288
2025-05-11 07:20:15,294.288,294.291,294.288,294.29
2025-05-11 07:20:20,294.291,294.294,294.291,294.294
2025-05-11 07:20:25,294.294,294.294,294.291,294.293
2025-05-11 07:20:30,294.293,294.298,294.293,294.295
2025-05-11 07:20:35,294.295,294.298,294.291,294.294
2025-05-11 07:20:40,294.294,294.296,294.291,294.291
2025-05-11 07:20:45,294.291,294.297,294.29,294.295
2025-05-11 07:20:50,294.295,294.295,294.287,294.294
2025-05-11 07:20:55,294.294,294.295,294.291,294.293
2025-05-11 07:21:00,294.298,294.3,294.292,294.292
2025-05-11 07:21:05,294.294,294.294,294.29,294.29
2025-05-11 07:21:10,294.29,294.299,294.288,294.299
2025-05-11 07:21:15,294.299,294.302,294.298,294.299
2025-05-11 07:21:20,294.302,294.304,294.296,294.296
2025-05-11 07:21:25,294.293,294.295,294.293,294.295
2025-05-11 07:21:30,294.295,294.301,294.295,294.301
2025-05-11 07:21:35,294.301,294.304,294.293,294.293
2025-05-11 07:21:40,294.293,294.298,294.293,294.298
2025-05-11 07:21:45,294.3,294.304,294.3,294.304
2025-05-11 07:21:50,294.306,294.307,294.304,294.307
2025-05-11 07:21:55,294.304,294.309,294.304,294.308
2025-05-11 07:22:00,294.308,294.313,294.305,294.311
2025-05-11 07:22:05,294.312,294.32,294.312,294.319
2025-05-11 07:22:10,294.317,294.317,294.311,294.314
2025-05-11 07:22:15,294.313,294.313,294.303,294.312
2025-05-11 07:22:20,294.312,294.312,294.309,294.309
2025-05-11 07:22:25,294.311,294.311,294.304,294.304
2025-05-11 07:22:30,294.302,294.302,294.294,294.294
2025-05-11 07:22:35,294.294,294.294,294.288,294.288
2025-05-11 07:22:40,294.288,294.288,294.285,294.285
2025-05-11 07:22:45,294.287,294.291,294.287,294.29
2025-05-11 07:22:50,294.289,294.291,294.287,294.291
2025-05-11 07:22:55,294.291,294.293,294.286,294.288
2025-05-11 07:23:00,294.288,294.289,294.283,294.283
2025-05-11 07:23:05,294.282,294.288,294.282,294.285
2025-05-11 07:23:10,294.285,294.29,294.285,294.289
2025-05-11 07:23:15,294.29,294.29,294.288,294.29
2025-05-11 07:23:20,294.29,294.29,294.289,294.289
2025-05-11 07:23:25,294.288,294.289,294.286,294.289
2025-05-11 07:23:30,294.289,294.295,294.287,294.295
2025-05-11 07:23:35,294.298,294.299,294.295,294.299
2025-05-11 07:23:40,294.299,294.305,294.299,294.305
2025-05-11 07:23:45,294.304,294.305,294.299,294.305
2025-05-11 07:23:50,294.305,294.307,294.299,294.299
2025-05-11 07:23:55,294.301,294.302,294.297,294.297
2025-05-11 07:24:00,294.297,294.311,294.297,294.305
2025-05-11 07:24:05,294.305,294.311,294.305,294.308
2025-05-11 07:24:10,294.308,294.312,294.307,294.31
2025-05-11 07:24:15,294.31,294.31,294.307,294.307
2025-05-11 07:24:20,294.307,294.31,294.306,294.31
2025-05-11 07:24:25,294.312,294.314,294.312,294.314
2025-05-11 07:24:30,294.313,294.313,294.308,294.308
2025-05-11 07:24:35,294.308,294.314,294.308,294.314
2025-05-11 07:24:40,294.314,294.334,294.314,294.331
2025-05-11 07:24:45,294.329,294.329,294.326,294.328
2025-05-11 07:24:50,294.329,294.33,294.327,294.33
2025-05-11 07:24:55,294.331,294.331,294.324,294.325
2025-05-11 07:25:00,294.325,294.325,294.318,294.318
2025-05-11 07:25:05,294.318,294.318,294.316,294.316
2025-05-11 07:25:10,294.317,294.317,294.313,294.313
2025-05-11 07:25:15,294.311,294.316,294.31,294.315
2025-05-11 07:25:20,294.315,294.318,294.312,294.318
2025-05-11 07:25:25,294.318,294.323,294.318,294.323
2025-05-11 07:25:30,294.323,294.328,294.323,294.326
2025-05-11 07:25:35,294.326,294.327,294.317,294.317
2025-05-11 07:25:40,294.317,294.317,294.312,294.312
2025-05-11 07:25:45,294.307,294.316,294.307,294.316
2025-05-11 07:25:50,294.314,294.317,294.312,294.317
2025-05-11 07:25:55,294.318,294.32,294.317,294.318
2025-05-11 07:26:00,294.318,294.319,294.314,294.314
2025-05-11 07:26:05,294.314,294.314,294.31,294.31
2025-05-11 07:26:10,294.31,294.311,294.304,294.304
2025-05-11 07:26:15,294.302,294.303,294.298,294.301
2025-05-11 07:26:20,294.301,294.302,294.294,294.294
2025-05-11 07:26:25,294.294,294.3,294.294,294.3
2025-05-11 07:26:30,294.3,294.3,294.294,294.294
2025-05-11 07:26:35,294.294,294.296,294.288,294.296
2025-05-11 07:26:40,294.296,294.296,294.291,294.291
2025-05-11 07:26:45,294.291,294.291,294.286,294.289
2025-05-11 07:26:50,294.289,294.289,294.287,294.287
2025-05-11 07:26:55,294.287,294.292,294.287,294.29
2025-05-11 07:27:00,294.29,294.292,294.284,294.289
2025-05-11 07:27:05,294.289,294.297,294.289,294.296
2025-05-11 07:27:10,294.291,294.299,294.288,294.299
2025-05-11 07:27:15,294.299,294.308,294.298,294.307
2025-05-11 07:27:20,294.306,294.306,294.299,294.299
2025-05-11 07:27:25,294.299,294.304,294.299,294.302
2025-05-11 07:27:30,294.304,294.304,294.297,294.3
2025-05-11 07:27:35,294.302,294.304,294.301,294.303
2025-05-11 07:27:40,294.306,294.306,294.304,294.306
2025-05-11 07:27:45,294.306,294.312,294.305,294.31
2025-05-11 07:27:50,294.31,294.31,294.307,294.309
2025-05-11 07:27:55,294.307,294.314,294.307,294.313
2025-05-11 07:28:00,294.315,294.317,294.314,294.316
2025-05-11 07:28:05,294.316,294.323,294.315,294.323
2025-05-11 07:28:10,294.319,294.32,294.314,294.316
2025-05-11 07:28:15,294.317,294.317,294.314,294.314
2025-05-11 07:28:20,294.314,294.315,294.312,294.312
2025-05-11 07:28:25,294.312,294.332,294.311,294.332
2025-05-11 07:28:30,294.333,294.344,294.333,294.343
2025-05-11 07:28:35,294.342,294.342,294.335,294.337
2025-05-11 07:28:40,294.337,294.337,294.329,294.33
2025-05-11 07:28:45,294.33,294.332,294.329,294.329
2025-05-11 07:28:50,294.331,294.331,294.309,294.309
2025-05-11 07:28:55,294.317,294.318,294.315,294.315
2025-05-11 07:29:00,294.316,294.318,294.305,294.305
2025-05-11 07:29:05,294.305,294.306,294.302,294.306
2025-05-11 07:29:10,294.306,294.316,294.306,294.316
2025-05-11 07:29:15,294.316,294.319,294.316,294.319
2025-05-11 07:29:20,294.319,294.325,294.319,294.324
2025-05-11 07:29:25,294.324,294.324,294.311,294.312
2025-05-11 07:29:30,294.312,294.312,294.309,294.31
2025-05-11 07:29:35,294.312,294.313,294.312,294.313
2025-05-11 07:29:40,294.313,294.314,294.31,294.314
2025-05-11 07:29:45,294.314,294.316,294.312,294.312
2025-05-11 07:29:50,294.31,294.31,294.307,294.309
2025-05-11 07:29:55,294.309,294.309,294.303,294.307
2025-05-11 07:30:00,294.308,294.31,294.307,294.31
2025-05-11 07:30:05,294.31,294.31,294.302,294.302
2025-05-11 07:30:10,294.302,294.305,294.3,294.305
2025-05-11 07:30:15,294.305,294.309,294.303,294.309
2025-05-11 07:30:20,294.309,294.31,294.307,294.31
2025-05-11 07:30:25,294.31,294.313,294.309,294.309
2025-05-11 07:30:30,294.309,294.313,294.308,294.312
2025-05-11 07:30:35,294.314,294.317,294.312,294.316
2025-05-11 07:30:40,294.316,294.318,294.31,294.31
2025-05-11 07:30:45,294.31,294.312,294.309,294.312
2025-05-11 07:30:50,294.312,294.316,294.308,294.308
2025-05-11 07:30:55,294.308,294.31,294.308,294.309
2025-05-11 07:31:00,294.313,294.314,294.311,294.311
2025-05-11 07:31:05,294.311,294.312,294.309,294.312
2025-05-11 07:31:10,294.312,294.314,294.312,294.313
2025-05-11 07:31:15,294.313,294.323,294.313,294.323
2025-05-11 07:31:20,294.323,294.324,294.323,294.324
2025-05-11 07:31:25,294.324,294.33,294.323,294.33
2025-05-11 07:31:30,294.33,294.33,294.322,294.322
2025-05-11 07:31:35,294.323,294.33,294.323,294.329
2025-05-11 07:31:40,294.329,294.329,294.328,294.329
2025-05-11 07:31:45,294.329,294.33,294.327,294.329
2025-05-11 07:31:50,294.329,294.33,294.315,294.315
2025-05-11 07:31:55,294.316,294.317,294.31,294.31
2025-05-11 07:32:00,294.311,294.311,294.306,294.309
2025-05-11 07:32:05,294.309,294.319,294.308,294.319
2025-05-11 07:32:10,294.319,294.319,294.318,294.319
2025-05-11 07:32:15,294.319,294.319,294.313,294.317
2025-05-11 07:32:20,294.32,294.32,294.315,294.316
2025-05-11 07:32:25,294.316,294.316,294.304,294.306
2025-05-11 07:32:30,294.306,294.309,294.305,294.305
2025-05-11 07:32:35,294.309,294.312,294.309,294.312
2025-05-11 07:32:40,294.313,294.316,294.311,294.312
2025-05-11 07:32:45,294.312,294.313,294.311,294.311
2025-05-11 07:32:50,294.311,294.331,294.311,294.331
2025-05-11 07:32:55,294.33,294.33,294.328,294.328
2025-05-11 07:33:00,294.329,294.329,294.326,294.328
2025-05-11 07:33:05,294.328,294.334,294.323,294.332
2025-05-11 07:33:10,294.331,294.34,294.329,294.337
2025-05-11 07:33:15,294.341,294.354,294.34,294.354
2025-05-11 07:33:20,294.356,294.359,294.355,294.359
2025-05-11 07:33:25,294.359,294.359,294.355,294.357
2025-05-11 07:33:30,294.358,294.359,294.354,294.355
2025-05-11 07:33:35,294.356,294.357,294.355,294.356
2025-05-11 07:33:40,294.356,294.359,294.353,294.355
2025-05-11 07:33:45,294.355,294.355,294.348,294.348
2025-05-11 07:33:50,294.352,294.352,294.349,294.349
2025-05-11 07:33:55,294.348,294.363,294.348,294.363
2025-05-11 07:34:00,294.365,294.365,294.354,294.354
2025-05-11 07:34:05,294.353,294.353,294.346,294.347
2025-05-11 07:34:10,294.34,294.342,294.334,294.335
2025-05-11 07:34:15,294.333,294.337,294.33,294.337
2025-05-11 07:34:20,294.336,294.336,294.325,294.336
2025-05-11 07:34:25,294.336,294.336,294.328,294.328
2025-05-11 07:34:30,294.328,294.331,294.324,294.331
2025-05-11 07:34:35,294.331,294.334,294.331,294.333
2025-05-11 07:34:40,294.333,294.333,294.331,294.332
2025-05-11 07:34:45,294.332,294.334,294.324,294.324
2025-05-11 07:34:50,294.324,294.336,294.324,294.336
2025-05-11 07:34:55,294.336,294.346,294.336,294.346
2025-05-11 07:35:00,294.347,294.35,294.347,294.35
2025-05-11 07:35:05,294.35,294.35,294.347,294.348
2025-05-11 07:35:10,294.348,294.354,294.347,294.354
2025-05-11 07:35:15,294.354,294.358,294.348,294.348
2025-05-11 07:35:20,294.348,294.354,294.348,294.351
2025-05-11 07:35:25,294.355,294.357,294.355,294.357
2025-05-11 07:35:30,294.356,294.358,294.355,294.358
2025-05-11 07:35:35,294.358,294.364,294.358,294.364
2025-05-11 07:35:40,294.365,294.369,294.365,294.369
2025-05-11 07:35:45,294.369,294.373,294.369,294.371
2025-05-11 07:35:50,294.371,294.373,294.368,294.369
2025-05-11 07:35:55,294.369,294.372,294.365,294.365
2025-05-11 07:36:00,294.364,294.377,294.364,294.375
2025-05-11 07:36:05,294.374,294.379,294.374,294.377
2025-05-11 07:36:10,294.377,294.377,294.371,294.375
2025-05-11 07:36:15,294.375,294.38,294.375,294.38
2025-05-11 07:36:20,294.38,294.384,294.38,294.384
2025-05-11 07:36:25,294.384,294.387,294.382,294.382
2025-05-11 07:36:30,294.382,294.384,294.382,294.382
2025-05-11 07:36:35,294.382,294.386,294.382,294.386
2025-05-11 07:36:40,294.386,294.386,294.379,294.381
2025-05-11 07:36:45,294.382,294.382,294.379,294.38
2025-05-11 07:36:50,294.38,294.39,294.379,294.387
2025-05-11 07:36:55,294.387,294.392,294.384,294.389
2025-05-11 07:37:00,294.389,294.389,294.386,294.389
2025-05-11 07:37:05,294.393,294.396,294.393,294.394
2025-05-11 07:37:10,294.394,294.394,294.385,294.387
2025-05-11 07:37:15,294.387,294.387,294.381,294.381
2025-05-11 07:37:20,294.381,294.382,294.376,294.376
2025-05-11 07:37:25,294.376,294.376,294.371,294.372
2025-05-11 07:37:30,294.372,294.374,294.37,294.371
2025-05-11 07:37:35,294.371,294.375,294.37,294.375
2025-05-11 07:37:40,294.375,294.377,294.373,294.376
2025-05-11 07:37:45,294.374,294.378,294.37,294.37
2025-05-11 07:37:50,294.37,294.37,294.356,294.356
2025-05-11 07:37:55,294.356,294.365,294.356,294.365
2025-05-11 07:38:00,294.366,294.366,294.363,294.363
2025-05-11 07:38:05,294.363,294.364,294.36,294.36
2025-05-11 07:38:10,294.359,294.36,294.356,294.356
2025-05-11 07:38:15,294.356,294.357,294.354,294.356
2025-05-11 07:38:20,294.356,294.356,294.349,294.349
2025-05-11 07:38:25,294.349,294.351,294.348,294.351
2025-05-11 07:38:30,294.35,294.352,294.35,294.352
2025-05-11 07:38:35,294.35,294.35,294.347,294.348
2025-05-11 07:38:40,294.349,294.351,294.349,294.349
2025-05-11 07:38:45,294.348,294.348,294.342,294.343
2025-05-11 07:38:50,294.342,294.342,294.335,294.335
2025-05-11 07:38:55,294.335,294.337,294.334,294.334
2025-05-11 07:39:00,294.335,294.337,294.332,294.337
2025-05-11 07:39:05,294.339,294.346,294.339,294.341
2025-05-11 07:39:10,294.34,294.344,294.34,294.344
2025-05-11 07:39:15,294.344,294.344,294.335,294.335
2025-05-11 07:39:20,294.335,294.335,294.326,294.33
2025-05-11 07:39:25,294.334,294.341,294.334,294.34
2025-05-11 07:39:30,294.338,294.339,294.331,294.339
2025-05-11 07:39:35,294.338,294.338,294.334,294.334
2025-05-11 07:39:40,294.334,294.337,294.334,294.334
2025-05-11 07:39:45,294.333,294.334,294.33,294.33
2025-05-11 07:39:50,294.33,294.336,294.33,294.33
2025-05-11 07:39:55,294.33,294.33,294.327,294.328
2025-05-11 07:40:00,294.328,294.328,294.32,294.326
2025-05-11 07:40:05,294.326,294.326,294.32,294.321
2025-05-11 07:40:10,294.321,294.334,294.319,294.334
2025-05-11 07:40:15,294.335,294.341,294.335,294.337
2025-05-11 07:40:20,294.337,294.337,294.333,294.337
2025-05-11 07:40:25,294.337,294.337,294.328,294.33
2025-05-11 07:40:30,294.33,294.33,294.316,294.316
2025-05-11 07:40:35,294.316,294.321,294.316,294.321
2025-05-11 07:40:40,294.321,294.329,294.321,294.329
2025-05-11 07:40:45,294.332,294.334,294.33,294.33
2025-05-11 07:40:50,294.33,294.33,294.323,294.325
2025-05-11 07:40:55,294.325,294.326,294.323,294.324
2025-05-11 07:41:00,294.324,294.324,294.321,294.322
2025-05-11 07:41:05,294.322,294.327,294.322,294.326
2025-05-11 07:41:10,294.325,294.325,294.318,294.319
2025-05-11 07:41:15,294.319,294.327,294.319,294.327
2025-05-11 07:41:20,294.327,294.332,294.327,294.327
2025-05-11 07:41:25,294.329,294.331,294.325,294.327
2025-05-11 07:41:30,294.327,294.332,294.327,294.331
2025-05-11 07:41:35,294.323,294.328,294.322,294.328
2025-05-11 07:41:40,294.328,294.331,294.327,294.328
2025-05-11 07:41:45,294.328,294.329,294.327,294.327
2025-05-11 07:41:50,294.327,294.328,294.324,294.324
2025-05-11 07:41:55,294.325,294.327,294.325,294.327
2025-05-11 07:42:00,294.327,294.327,294.322,294.322
2025-05-11 07:42:05,294.319,294.327,294.319,294.325
2025-05-11 07:42:10,294.325,294.33,294.325,294.33
2025-05-11 07:42:15,294.33,294.336,294.328,294.336
2025-05-11 07:42:20,294.336,294.343,294.335,294.342
2025-05-11 07:42:25,294.342,294.35,294.342,294.348
2025-05-11 07:42:30,294.346,294.349,294.342,294.342
2025-05-11 07:42:35,294.338,294.339,294.335,294.339
2025-05-11 07:42:40,294.339,294.339,294.334,294.334
2025-05-11 07:42:45,294.339,294.341,294.339,294.34
2025-05-11 07:42:50,294.34,294.347,294.34,294.347
2025-05-11 07:42:55,294.347,294.356,294.347,294.356
2025-05-11 07:43:00,294.356,294.36,294.355,294.36
2025-05-11 07:43:05,294.36,294.366,294.36,294.364
2025-05-11 07:43:10,294.362,294.364,294.361,294.364
2025-05-11 07:43:15,294.364,294.364,294.361,294.363
2025-05-11 07:43:20,294.363,294.374,294.361,294.374
2025-05-11 07:43:25,294.374,294.374,294.365,294.368
2025-05-11 07:43:30,294.38,294.388,294.38,294.386
2025-05-11 07:43:35,294.386,294.388,294.385,294.385
2025-05-11 07:43:40,294.385,294.385,294.382,294.383
2025-05-11 07:43:45,294.383,294.383,294.379,294.379
2025-05-11 07:43:50,294.378,294.382,294.377,294.381
2025-05-11 07:43:55,294.381,294.383,294.376,294.382
2025-05-11 07:44:00,294.382,294.389,294.382,294.387
2025-05-11 07:44:05,294.387,294.388,294.383,294.384
2025-05-11 07:44:10,294.386,294.391,294.385,294.391
2025-05-11 07:44:15,294.391,294.404,294.391,294.404
2025-05-11 07:44:20,294.404,294.419,294.404,294.405
2025-05-11 07:44:25,294.405,294.405,294.401,294.405
2025-05-11 07:44:30,294.405,294.405,294.401,294.403
2025-05-11 07:44:35,294.403,294.409,294.403,294.404
2025-05-11 07:44:40,294.404,294.408,294.404,294.405
2025-05-11 07:44:45,294.408,294.409,294.403,294.405
2025-05-11 07:44:50,294.405,294.406,294.402,294.406
2025-05-11 07:44:55,294.405,294.409,294.403,294.409
2025-05-11 07:45:00,294.409,294.41,294.396,294.396
2025-05-11 07:45:05,294.396,294.396,294.386,294.386
2025-05-11 07:45:10,294.387,294.389,294.385,294.385
2025-05-11 07:45:15,294.384,294.387,294.384,294.387
2025-05-11 07:45:20,294.388,294.39,294.388,294.39
2025-05-11 07:45:25,294.39,294.392,294.387,294.392
2025-05-11 07:45:30,294.392,294.4,294.392,294.4
2025-05-11 07:45:35,294.4,294.401,294.396,294.397
2025-05-11 07:45:40,294.397,294.411,294.397,294.411
2025-05-11 07:45:45,294.411,294.411,294.404,294.405
2025-05-11 07:45:50,294.404,294.405,294.399,294.399
2025-05-11 07:45:55,294.399,294.409,294.399,294.409
2025-05-11 07:46:00,294.409,294.42,294.406,294.42
2025-05-11 07:46:05,294.42,294.42,294.417,294.419
2025-05-11 07:46:10,294.418,294.42,294.416,294.42
2025-05-11 07:46:15,294.42,294.424,294.419,294.424
2025-05-11 07:46:20,294.424,294.424,294.417,294.421
2025-05-11 07:46:25,294.421,294.421,294.413,294.417
2025-05-11 07:46:30,294.417,294.417,294.413,294.416
2025-05-11 07:46:35,294.416,294.417,294.411,294.411
2025-05-11 07:46:40,294.411,294.412,294.41,294.412
2025-05-11 07:46:45,294.412,294.42,294.406,294.42
2025-05-11 07:46:50,294.422,294.436,294.422,294.436
2025-05-11 07:46:55,294.439,294.44,294.435,294.44
2025-05-11 07:47:00,294.438,294.442,294.438,294.44
2025-05-11 07:47:05,294.44,294.441,294.438,294.439
2025-05-11 07:47:10,294.44,294.442,294.437,294.437
2025-05-11 07:47:15,294.438,294.44,294.436,294.438
2025-05-11 07:47:20,294.44,294.441,294.438,294.439
2025-05-11 07:47:25,294.439,294.439,294.426,294.426
2025-05-11 07:47:30,294.426,294.43,294.426,294.43
2025-05-11 07:47:35,294.43,294.441,294.43,294.441
2025-05-11 07:47:40,294.444,294.456,294.444,294.455
2025-05-11 07:47:45,294.455,294.455,294.445,294.445
2025-05-11 07:47:50,294.445,294.445,294.43,294.43
2025-05-11 07:47:55,294.429,294.438,294.429,294.434
2025-05-11 07:48:00,294.434,294.434,294.432,294.432
2025-05-11 07:48:05,294.432,294.432,294.428,294.428
2025-05-11 07:48:10,294.428,294.431,294.422,294.422
2025-05-11 07:48:15,294.422,294.43,294.422,294.43
2025-05-11 07:48:20,294.43,294.431,294.43,294.431
2025-05-11 07:48:25,294.431,294.435,294.43,294.43
2025-05-11 07:48:30,294.43,294.447,294.43,294.447
2025-05-11 07:48:35,294.449,294.449,294.444,294.445
2025-05-11 07:48:40,294.445,294.445,294.434,294.436
2025-05-11 07:48:45,294.436,294.436,294.433,294.433
2025-05-11 07:48:50,294.433,294.433,294.431,294.433
2025-05-11 07:48:55,294.433,294.434,294.432,294.434
2025-05-11 07:49:00,294.434,294.434,294.43,294.433
2025-05-11 07:49:05,294.433,294.439,294.433,294.439
2025-05-11 07:49:10,294.439,294.439,294.423,294.423
2025-05-11 07:49:15,294.423,294.425,294.416,294.425
2025-05-11 07:49:20,294.425,294.434,294.42,294.431
2025-05-11 07:49:25,294.431,294.434,294.428,294.434
2025-05-11 07:49:30,294.434,294.453,294.434,294.453
2025-05-11 07:49:35,294.453,294.453,294.447,294.452
2025-05-11 07:49:40,294.452,294.457,294.452,294.455
2025-05-11 07:49:45,294.455,294.469,294.455,294.469
2025-05-11 07:49:50,294.469,294.47,294.462,294.463
2025-05-11 07:49:55,294.464,294.473,294.463,294.473
2025-05-11 07:50:00,294.473,294.476,294.465,294.476
2025-05-11 07:50:05,294.476,294.477,294.475,294.476
2025-05-11 07:50:10,294.476,294.481,294.476,294.481
2025-05-11 07:50:15,294.48,294.481,294.477,294.478
2025-05-11 07:50:20,294.478,294.482,294.477,294.48
2025-05-11 07:50:25,294.48,294.48,294.476,294.478
2025-05-11 07:50:30,294.478,294.481,294.478,294.481
2025-05-11 07:50:35,294.479,294.482,294.479,294.48
2025-05-11 07:50:40,294.479,294.484,294.479,294.481
2025-05-11 07:50:45,294.479,294.479,294.471,294.473
2025-05-11 07:50:50,294.474,294.474,294.471,294.473
2025-05-11 07:50:55,294.472,294.487,294.472,294.487
2025-05-11 07:51:00,294.487,294.489,294.483,294.489
2025-05-11 07:51:05,294.487,294.487,294.48,294.482
2025-05-11 07:51:10,294.471,294.485,294.471,294.474
2025-05-11 07:51:15,294.475,294.477,294.475,294.476
2025-05-11 07:51:20,294.476,294.48,294.474,294.48
2025-05-11 07:51:25,294.481,294.485,294.481,294.484
2025-05-11 07:51:30,294.484,294.484,294.479,294.48
2025-05-11 07:51:35,294.48,294.48,294.47,294.473
2025-05-11 07:51:40,294.474,294.479,294.474,294.479
2025-05-11 07:51:45,294.48,294.481,294.476,294.479
2025-05-11 07:51:50,294.481,294.485,294.478,294.485
2025-05-11 07:51:55,294.483,294.486,294.483,294.485
2025-05-11 07:52:00,294.485,294.485,294.479,294.479
2025-05-11 07:52:05,294.479,294.482,294.479,294.481
2025-05-11 07:52:10,294.481,294.483,294.48,294.483
2025-05-11 07:52:15,294.483,294.485,294.483,294.483
2025-05-11 07:52:20,294.484,294.496,294.483,294.492
2025-05-11 07:52:25,294.493,294.501,294.493,294.501
2025-05-11 07:52:30,294.501,294.51,294.501,294.51
2025-05-11 07:52:35,294.51,294.51,294.5,294.5
2025-05-11 07:52:40,294.503,294.51,294.503,294.508
2025-05-11 07:52:45,294.511,294.512,294.508,294.509
2025-05-11 07:52:50,294.509,294.511,294.505,294.505
2025-05-11 07:52:55,294.505,294.505,294.488,294.488
2025-05-11 07:53:00,294.49,294.494,294.49,294.493
2025-05-11 07:53:05,294.495,294.498,294.495,294.498
2025-05-11 07:53:10,294.499,294.505,294.499,294.502
2025-05-11 07:53:15,294.502,294.504,294.502,294.504
2025-05-11 07:53:20,294.506,294.508,294.505,294.508
2025-05-11 07:53:25,294.509,294.514,294.508,294.512
2025-05-11 07:53:30,294.513,294.515,294.512,294.513
2025-05-11 07:53:35,294.513,294.515,294.511,294.515
2025-05-11 07:53:40,294.516,294.516,294.512,294.513
2025-05-11 07:53:45,294.513,294.513,294.508,294.508
2025-05-11 07:53:50,294.507,294.508,294.498,294.499
2025-05-11 07:53:55,294.499,294.5,294.498,294.5
2025-05-11 07:54:00,294.498,294.499,294.494,294.497
2025-05-11 07:54:05,294.497,294.497,294.493,294.493
2025-05-11 07:54:10,294.491,294.491,294.485,294.488
2025-05-11 07:54:15,294.488,294.491,294.488,294.49
2025-05-11 07:54:20,294.489,294.495,294.489,294.49
2025-05-11 07:54:25,294.49,294.491,294.489,294.49
2025-05-11 07:54:30,294.49,294.491,294.48,294.48
2025-05-11 07:54:35,294.48,294.486,294.48,294.486
2025-05-11 07:54:40,294.486,294.491,294.483,294.491
2025-05-11 07:54:45,294.491,294.491,294.473,294.473
2025-05-11 07:54:50,294.473,294.473,294.466,294.466
2025-05-11 07:54:55,294.466,294.467,294.46,294.46
2025-05-11 07:55:00,294.46,294.46,294.456,294.456
2025-05-11 07:55:05,294.453,294.466,294.453,294.466
2025-05-11 07:55:10,294.466,294.469,294.453,294.453
2025-05-11 07:55:15,294.453,294.456,294.449,294.45
2025-05-11 07:55:20,294.45,294.453,294.45,294.45
2025-05-11 07:55:25,294.448,294.448,294.439,294.439
2025-05-11 07:55:30,294.435,294.439,294.433,294.434
2025-05-11 07:55:35,294.434,294.44,294.434,294.439
2025-05-11 07:55:40,294.439,294.441,294.435,294.44
2025-05-11 07:55:45,294.44,294.442,294.44,294.442
2025-05-11 07:55:50,294.442,294.449,294.439,294.449
2025-05-11 07:55:55,294.449,294.449,294.447,294.447
2025-05-11 07:56:00,294.45,294.452,294.446,294.447
2025-05-11 07:56:05,294.446,294.446,294.444,294.444
2025-05-11 07:56:10,294.444,294.444,294.432,294.432
2025-05-11 07:56:15,294.432,294.447,294.432,294.447
2025-05-11 07:56:20,294.448,294.45,294.446,294.448
2025-05-11 07:56:25,294.445,294.446,294.445,294.446
2025-05-11 07:56:30,294.446,294.454,294.446,294.452
2025-05-11 07:56:35,294.452,294.453,294.45,294.45
2025-05-11 07:56:40,294.45,294.456,294.45,294.454
2025-05-11 07:56:45,294.454,294.455,294.451,294.455
2025-05-11 07:56:50,294.454,294.454,294.451,294.454
2025-05-11 07:56:55,294.454,294.454,294.443,294.443
2025-05-11 07:57:00,294.443,294.443,294.439,294.44
2025-05-11 07:57:05,294.442,294.449,294.441,294.441
2025-05-11 07:57:10,294.438,294.439,294.432,294.434
2025-05-11 07:57:15,294.434,294.436,294.428,294.428
2025-05-11 07:57:20,294.428,294.437,294.427,294.437
2025-05-11 07:57:25,294.437,294.445,294.437,294.439
2025-05-11 07:57:30,294.438,294.439,294.436,294.439
2025-05-11 07:57:35,294.441,294.441,294.434,294.435
2025-05-11 07:57:40,294.435,294.435,294.43,294.431
2025-05-11 07:57:45,294.432,294.434,294.43,294.43
2025-05-11 07:57:50,294.43,294.431,294.428,294.428
2025-05-11 07:57:55,294.43,294.437,294.425,294.425
2025-05-11 07:58:00,294.425,294.425,294.424,294.424
2025-05-11 07:58:05,294.426,294.427,294.425,294.426
2025-05-11 07:58:10,294.426,294.43,294.426,294.428
2025-05-11 07:58:15,294.429,294.432,294.428,294.428
2025-05-11 07:58:20,294.428,294.431,294.428,294.429
2025-05-11 07:58:25,294.429,294.43,294.428,294.43
2025-05-11 07:58:30,294.431,294.431,294.421,294.427
2025-05-11 07:58:35,294.428,294.437,294.428,294.437
2025-05-11 07:58:40,294.437,294.443,294.437,294.443
2025-05-11 07:58:45,294.444,294.444,294.44,294.44
2025-05-11 07:58:50,294.44,294.447,294.44,294.447
2025-05-11 07:58:55,294.447,294.448,294.446,294.448
2025-05-11 07:59:00,294.448,294.448,294.444,294.444
2025-05-11 07:59:05,294.438,294.441,294.435,294.44
2025-05-11 07:59:10,294.443,294.444,294.443,294.443
2025-05-11 07:59:15,294.44,294.44,294.431,294.433
2025-05-11 07:59:20,294.433,294.435,294.43,294.431
2025-05-11 07:59:25,294.431,294.443,294.431,294.443
2025-05-11 07:59:30,294.444,294.445,294.442,294.442
2025-05-11 07:59:35,294.44,294.442,294.439,294.44
2025-05-11 07:59:40,294.44,294.44,294.435,294.438
2025-05-11 07:59:45,294.438,294.438,294.432,294.432
2025-05-11 07:59:50,294.432,294.433,294.428,294.428
2025-05-11 07:59:55,294.428,294.432,294.427,294.432
2025-05-11 08:00:00,294.432,294.432,294.428,294.428
2025-05-11 08:00:05,294.428,294.428,294.42,294.421
2025-05-11 08:00:10,294.42,294.426,294.419,294.424
2025-05-11 08:00:15,294.424,294.427,294.422,294.422
2025-05-11 08:00:20,294.422,294.428,294.422,294.425
2025-05-11 08:00:25,294.421,294.428,294.421,294.428
2025-05-11 08:00:30,294.428,294.428,294.423,294.424
2025-05-11 08:00:35,294.424,294.431,294.424,294.429
2025-05-11 08:00:40,294.429,294.429,294.418,294.419
2025-05-11 08:00:45,294.418,294.418,294.414,294.417
2025-05-11 08:00:50,294.417,294.417,294.414,294.414
2025-05-11 08:00:55,294.414,294.414,294.408,294.408
2025-05-11 08:01:00,294.408,294.408,294.407,294.408
2025-05-11 08:01:05,294.405,294.407,294.403,294.403
2025-05-11 08:01:10,294.415,294.415,294.408,294.408
2025-05-11 08:01:15,294.408,294.409,294.401,294.404
2025-05-11 08:01:20,294.395,294.395,294.386,294.387
2025-05-11 08:01:25,294.387,294.387,294.378,294.383
2025-05-11 08:01:30,294.383,294.384,294.376,294.376
2025-05-11 08:01:35,294.374,294.376,294.374,294.374
2025-05-11 08:01:40,294.374,294.374,294.369,294.373
2025-05-11 08:01:45,294.374,294.374,294.36,294.36
2025-05-11 08:01:50,294.36,294.361,294.36,294.361
2025-05-11 08:01:55,294.361,294.361,294.357,294.357
2025-05-11 08:02:00,294.357,294.364,294.357,294.363
2025-05-11 08:02:05,294.363,294.371,294.363,294.371
2025-05-11 08:02:10,294.374,294.378,294.374,294.378
2025-05-11 08:02:15,294.38,294.383,294.373,294.383
2025-05-11 08:02:20,294.382,294.384,294.382,294.384
2025-05-11 08:02:25,294.383,294.388,294.382,294.384
2025-05-11 08:02:30,294.383,294.384,294.378,294.378
2025-05-11 08:02:35,294.378,294.384,294.376,294.382
2025-05-11 08:02:40,294.381,294.382,294.381,294.381
2025-05-11 08:02:45,294.381,294.391,294.381,294.381
2025-05-11 08:02:50,294.38,294.38,294.376,294.376
2025-05-11 08:02:55,294.377,294.381,294.377,294.381
2025-05-11 08:03:00,294.382,294.39,294.382,294.388
2025-05-11 08:03:05,294.388,294.391,294.388,294.388
2025-05-11 08:03:10,294.387,294.387,294.383,294.384
2025-05-11 08:03:15,294.386,294.387,294.382,294.382
2025-05-11 08:03:20,294.382,294.385,294.381,294.385
2025-05-11 08:03:25,294.385,294.385,294.373,294.376
2025-05-11 08:03:30,294.376,294.382,294.376,294.382
2025-05-11 08:03:35,294.38,294.38,294.375,294.379
2025-05-11 08:03:40,294.378,294.378,294.369,294.369
2025-05-11 08:03:45,294.369,294.372,294.369,294.372
2025-05-11 08:03:50,294.372,294.372,294.362,294.363
2025-05-11 08:03:55,294.363,294.366,294.362,294.365
2025-05-11 08:04:00,294.364,294.364,294.359,294.361
2025-05-11 08:04:05,294.361,294.369,294.36,294.369
2025-05-11 08:04:10,294.369,294.369,294.366,294.369
2025-05-11 08:04:15,294.369,294.373,294.368,294.373
2025-05-11 08:04:20,294.373,294.373,294.369,294.371
2025-05-11 08:04:25,294.371,294.372,294.367,294.368
2025-05-11 08:04:30,294.372,294.383,294.372,294.382
2025-05-11 08:04:35,294.383,294.384,294.381,294.382
2025-05-11 08:04:40,294.381,294.381,294.378,294.378
2025-05-11 08:04:45,294.378,294.378,294.373,294.375
2025-05-11 08:04:50,294.373,294.376,294.372,294.373
2025-05-11 08:04:55,294.373,294.376,294.372,294.376
2025-05-11 08:05:00,294.378,294.378,294.361,294.364
2025-05-11 08:05:05,294.364,294.364,294.355,294.355
2025-05-11 08:05:10,294.359,294.362,294.359,294.362
2025-05-11 08:05:15,294.364,294.365,294.36,294.36
2025-05-11 08:05:20,294.36,294.366,294.36,294.366
2025-05-11 08:05:25,294.366,294.373,294.364,294.373
2025-05-11 08:05:30,294.373,294.373,294.368,294.369
2025-05-11 08:05:35,294.367,294.369,294.365,294.369
2025-05-11 08:05:40,294.369,294.37,294.363,294.363
2025-05-11 08:05:45,294.363,294.368,294.359,294.367
2025-05-11 08:05:50,294.367,294.367,294.361,294.362
2025-05-11 08:05:55,294.362,294.363,294.361,294.362
2025-05-11 08:06:00,294.364,294.369,294.363,294.369
2025-05-11 08:06:05,294.369,294.375,294.367,294.374
2025-05-11 08:06:10,294.374,294.375,294.363,294.363
2025-05-11 08:06:15,294.363,294.363,294.36,294.361
2025-05-11 08:06:20,294.357,294.368,294.357,294.364
2025-05-11 08:06:25,294.364,294.366,294.359,294.359
2025-05-11 08:06:30,294.359,294.364,294.359,294.364
2025-05-11 08:06:35,294.364,294.364,294.363,294.364
2025-05-11 08:06:40,294.364,294.364,294.352,294.356
2025-05-11 08:06:45,294.356,294.373,294.356,294.37
2025-05-11 08:06:50,294.37,294.372,294.368,294.372
2025-05-11 08:06:55,294.371,294.373,294.37,294.373
2025-05-11 08:07:00,294.373,294.381,294.37,294.37
2025-05-11 08:07:05,294.37,294.37,294.36,294.36
2025-05-11 08:07:10,294.36,294.361,294.354,294.36
2025-05-11 08:07:15,294.361,294.363,294.359,294.36
2025-05-11 08:07:20,294.36,294.36,294.357,294.36
2025-05-11 08:07:25,294.36,294.36,294.35,294.35
2025-05-11 08:07:30,294.352,294.355,294.352,294.355
2025-05-11 08:07:35,294.354,294.355,294.351,294.352
2025-05-11 08:07:40,294.353,294.359,294.353,294.357
2025-05-11 08:07:45,294.368,294.374,294.368,294.374
2025-05-11 08:07:50,294.374,294.379,294.374,294.379
2025-05-11 08:07:55,294.379,294.382,294.379,294.381
2025-05-11 08:08:00,294.378,294.378,294.377,294.378
2025-05-11 08:08:05,294.378,294.382,294.378,294.381
2025-05-11 08:08:10,294.379,294.381,294.378,294.378
2025-05-11 08:08:15,294.376,294.379,294.376,294.377
2025-05-11 08:08:20,294.377,294.377,294.373,294.373
2025-05-11 08:08:25,294.372,294.372,294.368,294.368
2025-05-11 08:08:30,294.368,294.368,294.366,294.367
2025-05-11 08:08:35,294.367,294.37,294.364,294.364
2025-05-11 08:08:40,294.362,294.362,294.357,294.357
2025-05-11 08:08:45,294.357,294.359,294.355,294.355
2025-05-11 08:08:50,294.355,294.355,294.344,294.348
2025-05-11 08:08:55,294.349,294.349,294.346,294.346
2025-05-11 08:09:00,294.346,294.346,294.344,294.346
2025-05-11 08:09:05,294.346,294.348,294.345,294.345
2025-05-11 08:09:10,294.345,294.345,294.34,294.342
2025-05-11 08:09:15,294.34,294.341,294.338,294.338
2025-05-11 08:09:20,294.337,294.337,294.326,294.326
2025-05-11 08:09:25,294.328,294.329,294.326,294.329
2025-05-11 08:09:30,294.329,294.334,294.329,294.333
2025-05-11 08:09:35,294.334,294.334,294.331,294.334
2025-05-11 08:09:40,294.334,294.343,294.329,294.343
2025-05-11 08:09:45,294.344,294.344,294.334,294.344
2025-05-11 08:09:50,294.344,294.344,294.339,294.339
2025-05-11 08:09:55,294.34,294.342,294.339,294.34
2025-05-11 08:10:00,294.341,294.346,294.341,294.346
2025-05-11 08:10:05,294.346,294.349,294.346,294.349
2025-05-11 08:10:10,294.349,294.349,294.347,294.349
2025-05-11 08:10:15,294.349,294.349,294.341,294.342
2025-05-11 08:10:20,294.342,294.344,294.34,294.34
2025-05-11 08:10:25,294.34,294.351,294.34,294.344
2025-05-11 08:10:30,294.344,294.348,294.344,294.348
2025-05-11 08:10:35,294.348,294.356,294.348,294.356
2025-05-11 08:10:40,294.355,294.358,294.349,294.349
2025-05-11 08:10:45,294.349,294.354,294.348,294.352
2025-05-11 08:10:50,294.352,294.352,294.348,294.35
2025-05-11 08:10:55,294.35,294.351,294.35,294.351
2025-05-11 08:11:00,294.352,294.353,294.349,294.353
2025-05-11 08:11:05,294.355,294.358,294.353,294.358
2025-05-11 08:11:10,294.358,294.363,294.358,294.36
2025-05-11 08:11:15,294.36,294.361,294.354,294.357
2025-05-11 08:11:20,294.358,294.36,294.355,294.355
2025-05-11 08:11:25,294.356,294.361,294.352,294.359
2025-05-11 08:11:30,294.359,294.367,294.357,294.367
2025-05-11 08:11:35,294.367,294.367,294.365,294.366
2025-05-11 08:11:40,294.362,294.365,294.36,294.36
2025-05-11 08:11:45,294.36,294.369,294.36,294.369
2025-05-11 08:11:50,294.369,294.378,294.368,294.375
2025-05-11 08:11:55,294.375,294.375,294.367,294.368
2025-05-11 08:12:00,294.369,294.376,294.365,294.375
2025-05-11 08:12:05,294.375,294.378,294.372,294.372
2025-05-11 08:12:10,294.372,294.372,294.361,294.367
2025-05-11 08:12:15,294.367,294.38,294.367,294.376
2025-05-11 08:12:20,294.376,294.378,294.376,294.376
2025-05-11 08:12:25,294.376,294.376,294.364,294.365
2025-05-11 08:12:30,294.365,294.369,294.364,294.367
2025-05-11 08:12:35,294.367,294.372,294.365,294.372
2025-05-11 08:12:40,294.371,294.371,294.367,294.368
2025-05-11 08:12:45,294.365,294.369,294.359,294.359
2025-05-11 08:12:50,294.359,294.359,294.347,294.348
2025-05-11 08:12:55,294.348,294.353,294.344,294.344
2025-05-11 08:13:00,294.344,294.347,294.341,294.343
2025-05-11 08:13:05,294.342,294.355,294.342,294.35
2025-05-11 08:13:10,294.35,294.351,294.345,294.346
2025-05-11 08:13:15,294.346,294.349,294.346,294.347
2025-05-11 08:13:20,294.347,294.356,294.347,294.356
2025-05-11 08:13:25,294.356,294.358,294.356,294.358
2025-05-11 08:13:30,294.358,294.363,294.358,294.362
2025-05-11 08:13:35,294.362,294.364,294.355,294.359
2025-05-11 08:13:40,294.359,294.363,294.359,294.363
2025-05-11 08:13:45,294.366,294.373,294.366,294.367
2025-05-11 08:13:50,294.367,294.367,294.361,294.363
2025-05-11 08:13:55,294.363,294.369,294.363,294.368
2025-05-11 08:14:00,294.37,294.376,294.37,294.374
2025-05-11 08:14:05,294.373,294.379,294.372,294.379
2025-05-11 08:14:10,294.38,294.383,294.372,294.372
2025-05-11 08:14:15,294.37,294.373,294.369,294.369
2025-05-11 08:14:20,294.369,294.371,294.369,294.371
2025-05-11 08:14:25,294.371,294.373,294.369,294.37
2025-05-11 08:14:30,294.368,294.37,294.366,294.366
2025-05-11 08:14:35,294.366,294.368,294.365,294.365
2025-05-11 08:14:40,294.365,294.367,294.364,294.367
2025-05-11 08:14:45,294.369,294.369,294.356,294.356
2025-05-11 08:14:50,294.356,294.362,294.355,294.362
2025-05-11 08:14:55,294.363,294.363,294.356,294.356
2025-05-11 08:15:00,294.356,294.363,294.356,294.357
2025-05-11 08:15:05,294.357,294.358,294.355,294.355
2025-05-11 08:15:10,294.354,294.364,294.352,294.364
2025-05-11 08:15:15,294.365,294.372,294.362,294.372
2025-05-11 08:15:20,294.372,294.374,294.369,294.374
2025-05-11 08:15:25,294.372,294.377,294.372,294.377
2025-05-11 08:15:30,294.376,294.377,294.375,294.376
2025-05-11 08:15:35,294.377,294.377,294.372,294.372
2025-05-11 08:15:40,294.372,294.377,294.372,294.377
2025-05-11 08:15:45,294.376,294.376,294.369,294.369
2025-05-11 08:15:50,294.369,294.369,294.36,294.361
2025-05-11 08:15:55,294.361,294.364,294.361,294.364
2025-05-11 08:16:00,294.364,294.367,294.364,294.364
2025-05-11 08:16:05,294.366,294.369,294.366,294.368
2025-05-11 08:16:10,294.369,294.372,294.364,294.364
2025-05-11 08:16:15,294.364,294.367,294.361,294.362
2025-05-11 08:16:20,294.362,294.363,294.356,294.356
2025-05-11 08:16:25,294.354,294.357,294.354,294.355
2025-05-11 08:16:30,294.353,294.359,294.353,294.359
2025-05-11 08:16:35,294.36,294.363,294.356,294.363
2025-05-11 08:16:40,294.363,294.363,294.359,294.359
2025-05-11 08:16:45,294.363,294.364,294.358,294.359
2025-05-11 08:16:50,294.36,294.36,294.357,294.358
2025-05-11 08:16:55,294.357,294.359,294.354,294.357
2025-05-11 08:17:00,294.357,294.359,294.353,294.355
2025-05-11 08:17:05,294.352,294.354,294.352,294.352
2025-05-11 08:17:10,294.348,294.351,294.346,294.349
2025-05-11 08:17:15,294.349,294.351,294.348,294.349
2025-05-11 08:17:20,294.349,294.351,294.346,294.346
2025-05-11 08:17:25,294.345,294.349,294.345,294.346
2025-05-11 08:17:30,294.346,294.35,294.346,294.348
2025-05-11 08:17:35,294.35,294.352,294.35,294.352
2025-05-11 08:17:40,294.352,294.352,294.349,294.35
2025-05-11 08:17:45,294.35,294.353,294.346,294.348
2025-05-11 08:17:50,294.346,294.347,294.341,294.341
2025-05-11 08:17:55,294.341,294.344,294.341,294.344
2025-05-11 08:18:00,294.344,294.345,294.342,294.342
2025-05-11 08:18:05,294.342,294.357,294.342,294.357
2025-05-11 08:18:10,294.357,294.361,294.357,294.36
2025-05-11 08:18:15,294.355,294.355,294.343,294.345
2025-05-11 08:18:20,294.345,294.355,294.345,294.355
2025-05-11 08:18:25,294.355,294.358,294.351,294.357
2025-05-11 08:18:30,294.357,294.368,294.356,294.368
2025-05-11 08:18:35,294.368,294.368,294.364,294.364
2025-05-11 08:18:40,294.364,294.372,294.364,294.372
2025-05-11 08:18:45,294.372,294.378,294.372,294.376
2025-05-11 08:18:50,294.373,294.373,294.349,294.349
2025-05-11 08:18:55,294.349,294.349,294.346,294.346
2025-05-11 08:19:00,294.346,294.349,294.346,294.349
2025-05-11 08:19:05,294.349,294.35,294.345,294.347
2025-05-11 08:19:10,294.347,294.347,294.343,294.346
2025-05-11 08:19:15,294.346,294.35,294.346,294.349
2025-05-11 08:19:20,294.349,294.355,294.348,294.353
2025-05-11 08:19:25,294.35,294.35,294.337,294.337
2025-05-11 08:19:30,294.34,294.34,294.335,294.337
2025-05-11 08:19:35,294.337,294.337,294.331,294.337
2025-05-11 08:19:40,294.336,294.338,294.335,294.338
2025-05-11 08:19:45,294.34,294.34,294.338,294.339
2025-05-11 08:19:50,294.34,294.345,294.336,294.336
2025-05-11 08:19:55,294.336,294.337,294.331,294.331
2025-05-11 08:20:00,294.329,294.335,294.328,294.334
2025-05-11 08:20:05,294.334,294.334,294.323,294.325
2025-05-11 08:20:10,294.323,294.323,294.319,294.319
2025-05-11 08:20:15,294.32,294.321,294.311,294.313
2025-05-11 08:20:20,294.313,294.313,294.31,294.31
2025-05-11 08:20:25,294.31,294.31,294.304,294.304
2025-05-11 08:20:30,294.302,294.302,294.296,294.3
2025-05-11 08:20:35,294.298,294.298,294.291,294.291
2025-05-11 08:20:40,294.292,294.293,294.291,294.291
2025-05-11 08:20:45,294.291,294.293,294.288,294.293
2025-05-11 08:20:50,294.291,294.293,294.291,294.292
2025-05-11 08:20:55,294.292,294.299,294.292,294.299
2025-05-11 08:21:00,294.299,294.3,294.297,294.297
2025-05-11 08:21:05,294.297,294.301,294.297,294.301
2025-05-11 08:21:10,294.303,294.316,294.301,294.316
2025-05-11 08:21:15,294.316,294.32,294.315,294.318
2025-05-11 08:21:20,294.318,294.33,294.318,294.328
2025-05-11 08:21:25,294.323,294.323,294.323,294.323
2025-05-11 08:21:30,294.323,294.333,294.321,294.333
2025-05-11 08:21:35,294.333,294.339,294.333,294.337
2025-05-11 08:21:40,294.337,294.338,294.335,294.338
2025-05-11 08:21:45,294.338,294.338,294.332,294.333
2025-05-11 08:21:50,294.332,294.332,294.326,294.329
2025-05-11 08:21:55,294.329,294.329,294.324,294.325
2025-05-11 08:22:00,294.327,294.328,294.324,294.324
2025-05-11 08:22:05,294.324,294.331,294.324,294.33
2025-05-11 08:22:10,294.331,294.333,294.323,294.323
2025-05-11 08:22:15,294.323,294.323,294.32,294.32
2025-05-11 08:22:20,294.321,294.323,294.316,294.318
2025-05-11 08:22:25,294.318,294.319,294.309,294.309
2025-05-11 08:22:30,294.309,294.313,294.309,294.313
2025-05-11 08:22:35,294.313,294.314,294.31,294.311
2025-05-11 08:22:40,294.311,294.311,294.309,294.309
2025-05-11 08:22:45,294.309,294.311,294.308,294.308
2025-05-11 08:22:50,294.308,294.308,294.302,294.303
2025-05-11 08:22:55,294.303,294.306,294.303,294.306
2025-05-11 08:23:00,294.306,294.306,294.301,294.304
2025-05-11 08:23:05,294.304,294.313,294.304,294.312
2025-05-11 08:23:10,294.312,294.312,294.3,294.307
2025-05-11 08:23:15,294.307,294.308,294.305,294.308
2025-05-11 08:23:20,294.308,294.324,294.308,294.319
2025-05-11 08:23:25,294.319,294.32,294.313,294.315
2025-05-11 08:23:30,294.315,294.315,294.312,294.312
2025-05-11 08:23:35,294.312,294.324,294.312,294.324
2025-05-11 08:23:40,294.324,294.331,294.322,294.331
2025-05-11 08:23:45,294.331,294.331,294.327,294.33
2025-05-11 08:23:50,294.33,294.334,294.33,294.332
2025-05-11 08:23:55,294.332,294.337,294.331,294.335
2025-05-11 08:24:00,294.333,294.334,294.333,294.334
2025-05-11 08:24:05,294.334,294.336,294.329,294.329
2025-05-11 08:24:10,294.329,294.329,294.325,294.326
2025-05-11 08:24:15,294.323,294.323,294.32,294.32
2025-05-11 08:24:20,294.313,294.313,294.312,294.313
2025-05-11 08:24:25,294.313,294.314,294.31,294.31
2025-05-11 08:24:30,294.31,294.311,294.309,294.31
2025-05-11 08:24:35,294.31,294.312,294.305,294.312
2025-05-11 08:24:40,294.313,294.314,294.307,294.307
2025-05-11 08:24:45,294.307,294.307,294.304,294.305
2025-05-11 08:24:50,294.305,294.307,294.302,294.306
2025-05-11 08:24:55,294.306,294.312,294.3,294.312
2025-05-11 08:25:00,294.312,294.313,294.311,294.311
2025-05-11 08:25:05,294.312,294.315,294.311,294.314
2025-05-11 08:25:10,294.314,294.319,294.313,294.316
2025-05-11 08:25:15,294.316,294.316,294.307,294.307
2025-05-11 08:25:20,294.307,294.308,294.306,294.308
2025-05-11 08:25:25,294.308,294.311,294.305,294.308
2025-05-11 08:25:30,294.308,294.308,294.299,294.302
2025-05-11 08:25:35,294.301,294.304,294.299,294.304
2025-05-11 08:25:40,294.302,294.306,294.302,294.305
2025-05-11 08:25:45,294.305,294.307,294.302,294.302
2025-05-11 08:25:50,294.302,294.303,294.298,294.303
2025-05-11 08:25:55,294.303,294.306,294.302,294.306
2025-05-11 08:26:00,294.305,294.308,294.303,294.304
2025-05-11 08:26:05,294.304,294.304,294.299,294.299
2025-05-11 08:26:10,294.299,294.299,294.291,294.291
2025-05-11 08:26:15,294.288,294.297,294.288,294.297
2025-05-11 08:26:20,294.296,294.296,294.293,294.293
2025-05-11 08:26:25,294.293,294.299,294.293,294.297
2025-05-11 08:26:30,294.299,294.299,294.294,294.294
2025-05-11 08:26:35,294.295,294.296,294.295,294.296
2025-05-11 08:26:40,294.296,294.303,294.295,294.296
2025-05-11 08:26:45,294.296,294.3,294.296,294.299
2025-05-11 08:26:50,294.301,294.307,294.3,294.3
2025-05-11 08:26:55,294.303,294.314,294.303,294.313
2025-05-11 08:27:00,294.311,294.311,294.3,294.3
2025-05-11 08:27:05,294.302,294.303,294.301,294.301
2025-05-11 08:27:10,294.301,294.304,294.299,294.304
2025-05-11 08:27:15,294.305,294.313,294.305,294.313
2025-05-11 08:27:20,294.315,294.32,294.314,294.314
2025-05-11 08:27:25,294.314,294.319,294.314,294.319
2025-05-11 08:27:30,294.319,294.319,294.314,294.315
2025-05-11 08:27:35,294.315,294.319,294.314,294.319
2025-05-11 08:27:40,294.317,294.318,294.313,294.317
2025-05-11 08:27:45,294.319,294.321,294.319,294.319
2025-05-11 08:27:50,294.319,294.321,294.319,294.32
2025-05-11 08:27:55,294.32,294.324,294.319,294.324
2025-05-11 08:28:00,294.324,294.327,294.324,294.325
2025-05-11 08:28:05,294.327,294.327,294.324,294.326
2025-05-11 08:28:10,294.324,294.327,294.323,294.326
2025-05-11 08:28:15,294.326,294.327,294.325,294.327
2025-05-11 08:28:20,294.327,294.336,294.327,294.335
2025-05-11 08:28:25,294.335,294.338,294.329,294.337
2025-05-11 08:28:30,294.334,294.337,294.334,294.337
2025-05-11 08:28:35,294.337,294.342,294.336,294.336
2025-05-11 08:28:40,294.337,294.34,294.337,294.34
2025-05-11 08:28:45,294.338,294.338,294.33,294.332
2025-05-11 08:28:50,294.333,294.343,294.332,294.343
2025-05-11 08:28:55,294.343,294.343,294.329,294.33
2025-05-11 08:29:00,294.328,294.331,294.328,294.331
2025-05-11 08:29:05,294.331,294.333,294.329,294.33
2025-05-11 08:29:10,294.33,294.333,294.329,294.329
2025-05-11 08:29:15,294.329,294.329,294.314,294.314
2025-05-11 08:29:20,294.314,294.316,294.314,294.315
2025-05-11 08:29:25,294.315,294.317,294.315,294.317
2025-05-11 08:29:30,294.317,294.325,294.317,294.325
2025-05-11 08:29:35,294.325,294.325,294.324,294.324
2025-05-11 08:29:40,294.324,294.327,294.322,294.322
2025-05-11 08:29:45,294.322,294.322,294.314,294.316
2025-05-11 08:29:50,294.316,294.317,294.312,294.315
2025-05-11 08:29:55,294.315,294.32,294.311,294.313
2025-05-11 08:30:00,294.312,294.313,294.306,294.306
2025-05-11 08:30:05,294.306,294.322,294.306,294.322
2025-05-11 08:30:10,294.322,294.322,294.316,294.316
2025-05-11 08:30:15,294.316,294.322,294.316,294.319
2025-05-11 08:30:20,294.32,294.32,294.309,294.311
2025-05-11 08:30:25,294.312,294.312,294.308,294.308
2025-05-11 08:30:30,294.308,294.308,294.304,294.304
2025-05-11 08:30:35,294.304,294.32,294.299,294.32
2025-05-11 08:30:40,294.32,294.326,294.32,294.326
2025-05-11 08:30:45,294.325,294.327,294.315,294.318
2025-05-11 08:30:50,294.318,294.327,294.318,294.327
2025-05-11 08:30:55,294.327,294.331,294.324,294.325
2025-05-11 08:31:00,294.326,294.328,294.326,294.328
2025-05-11 08:31:05,294.331,294.333,294.329,294.331
2025-05-11 08:31:10,294.331,294.332,294.328,294.328
2025-05-11 08:31:15,294.328,294.329,294.318,294.318
2025-05-11 08:31:20,294.319,294.32,294.318,294.32
2025-05-11 08:31:25,294.32,294.32,294.314,294.316
2025-05-11 08:31:30,294.316,294.32,294.316,294.32
2025-05-11 08:31:35,294.32,294.32,294.316,294.318
2025-05-11 08:31:40,294.319,294.319,294.314,294.314
2025-05-11 08:31:45,294.315,294.316,294.314,294.315
2025-05-11 08:31:50,294.315,294.322,294.314,294.321
2025-05-11 08:31:55,294.322,294.322,294.314,294.314
2025-05-11 08:32:00,294.313,294.317,294.312,294.317
2025-05-11 08:32:05,294.311,294.311,294.309,294.309
2025-05-11 08:32:10,294.311,294.311,294.305,294.308
2025-05-11 08:32:15,294.308,294.32,294.308,294.318
2025-05-11 08:32:20,294.318,294.323,294.316,294.318
2025-05-11 08:32:25,294.319,294.32,294.316,294.318
2025-05-11 08:32:30,294.318,294.325,294.318,294.324
2025-05-11 08:32:35,294.324,294.33,294.324,294.329
2025-05-11 08:32:40,294.329,294.342,294.329,294.342
2025-05-11 08:32:45,294.342,294.345,294.341,294.343
2025-05-11 08:32:50,294.343,294.345,294.329,294.334
2025-05-11 08:32:55,294.336,294.336,294.33,294.33
2025-05-11 08:33:00,294.33,294.334,294.329,294.334
2025-05-11 08:33:05,294.333,294.333,294.331,294.333
2025-05-11 08:33:10,294.333,294.337,294.332,294.337
2025-05-11 08:33:15,294.337,294.34,294.337,294.34
2025-05-11 08:33:20,294.34,294.34,294.337,294.34
2025-05-11 08:33:25,294.339,294.339,294.327,294.328
2025-05-11 08:33:30,294.328,294.331,294.327,294.329
2025-05-11 08:33:35,294.329,294.331,294.319,294.324
2025-05-11 08:33:40,294.324,294.327,294.312,294.312
2025-05-11 08:33:45,294.312,294.317,294.312,294.317
2025-05-11 08:33:50,294.314,294.324,294.314,294.324
2025-05-11 08:33:55,294.325,294.325,294.317,294.318
2025-05-11 08:34:00,294.318,294.325,294.311,294.311
2025-05-11 08:34:05,294.309,294.309,294.305,294.308
2025-05-11 08:34:10,294.314,294.316,294.314,294.316
2025-05-11 08:34:15,294.317,294.317,294.314,294.315
2025-05-11 08:34:20,294.315,294.316,294.312,294.316
2025-05-11 08:34:25,294.316,294.325,294.311,294.325
2025-05-11 08:34:30,294.329,294.333,294.328,294.328
2025-05-11 08:34:35,294.326,294.327,294.323,294.325
2025-05-11 08:34:40,294.325,294.326,294.319,294.319
2025-05-11 08:34:45,294.318,294.329,294.318,294.329
2025-05-11 08:34:50,294.329,294.329,294.327,294.329
2025-05-11 08:34:55,294.33,294.33,294.325,294.325
2025-05-11 08:35:00,294.325,294.331,294.324,294.328
2025-05-11 08:35:05,294.328,294.329,294.326,294.329
2025-05-11 08:35:10,294.328,294.329,294.327,294.329
2025-05-11 08:35:15,294.331,294.332,294.328,294.332
2025-05-11 08:35:20,294.332,294.335,294.332,294.335
2025-05-11 08:35:25,294.335,294.335,294.331,294.331
2025-05-11 08:35:30,294.331,294.331,294.325,294.325
2025-05-11 08:35:35,294.325,294.332,294.323,294.326
2025-05-11 08:35:40,294.326,294.326,294.32,294.32
2025-05-11 08:35:45,294.317,294.318,294.316,294.317
2025-05-11 08:35:50,294.317,294.32,294.317,294.32
2025-05-11 08:35:55,294.314,294.315,294.305,294.306
2025-05-11 08:36:00,294.306,294.314,294.302,294.313
2025-05-11 08:36:05,294.313,294.318,294.313,294.318
2025-05-11 08:36:10,294.318,294.321,294.318,294.321
2025-05-11 08:36:15,294.325,294.327,294.322,294.327
2025-05-11 08:36:20,294.327,294.329,294.326,294.328
2025-05-11 08:36:25,294.328,294.331,294.328,294.331
2025-05-11 08:36:30,294.329,294.331,294.328,294.328
2025-05-11 08:36:35,294.328,294.336,294.328,294.336
2025-05-11 08:36:40,294.336,294.35,294.336,294.35
2025-05-11 08:36:45,294.35,294.352,294.347,294.347
2025-05-11 08:36:50,294.345,294.348,294.345,294.347
2025-05-11 08:36:55,294.347,294.347,294.346,294.346
2025-05-11 08:37:00,294.346,294.346,294.34,294.34
2025-05-11 08:37:05,294.34,294.341,294.338,294.339
2025-05-11 08:37:10,294.341,294.344,294.341,294.344
2025-05-11 08:37:15,294.344,294.344,294.339,294.342
2025-05-11 08:37:20,294.342,294.342,294.333,294.333
2025-05-11 08:37:25,294.333,294.341,294.333,294.339
2025-05-11 08:37:30,294.34,294.342,294.335,294.336
2025-05-11 08:37:35,294.336,294.345,294.336,294.345
2025-05-11 08:37:40,294.345,294.345,294.337,294.339
2025-05-11 08:37:45,294.339,294.345,294.338,294.344
2025-05-11 08:37:50,294.344,294.348,294.344,294.347
2025-05-11 08:37:55,294.347,294.351,294.346,294.347
2025-05-11 08:38:00,294.346,294.354,294.343,294.354
2025-05-11 08:38:05,294.354,294.356,294.345,294.346
2025-05-11 08:38:10,294.347,294.352,294.347,294.351
2025-05-11 08:38:15,294.348,294.348,294.341,294.342
2025-05-11 08:38:20,294.343,294.345,294.342,294.342
2025-05-11 08:38:25,294.343,294.343,294.326,294.326
2025-05-11 08:38:30,294.33,294.33,294.327,294.327
2025-05-11 08:38:35,294.328,294.328,294.324,294.325
2025-05-11 08:38:40,294.326,294.326,294.308,294.308
2025-05-11 08:38:45,294.314,294.325,294.314,294.314
2025-05-11 08:38:50,294.315,294.317,294.314,294.314
2025-05-11 08:38:55,294.314,294.318,294.314,294.318
2025-05-11 08:39:00,294.317,294.321,294.317,294.321
2025-05-11 08:39:05,294.321,294.327,294.321,294.322
2025-05-11 08:39:10,294.323,294.323,294.316,294.316
2025-05-11 08:39:15,294.316,294.318,294.315,294.316
2025-05-11 08:39:20,294.317,294.321,294.317,294.32
2025-05-11 08:39:25,294.32,294.321,294.319,294.319
2025-05-11 08:39:30,294.319,294.322,294.317,294.318
2025-05-11 08:39:35,294.318,294.318,294.304,294.304
2025-05-11 08:39:40,294.307,294.311,294.301,294.306
2025-05-11 08:39:45,294.306,294.309,294.306,294.309
2025-05-11 08:39:50,294.309,294.311,294.309,294.311
2025-05-11 08:39:55,294.317,294.318,294.305,294.305
2025-05-11 08:40:00,294.306,294.309,294.306,294.309
2025-05-11 08:40:05,294.309,294.311,294.307,294.309
2025-05-11 08:40:10,294.309,294.313,294.309,294.311
2025-05-11 08:40:15,294.311,294.311,294.307,294.307
2025-05-11 08:40:20,294.307,294.307,294.303,294.303
2025-05-11 08:40:25,294.303,294.313,294.303,294.313
2025-05-11 08:40:30,294.313,294.316,294.313,294.314
2025-05-11 08:40:35,294.314,294.315,294.311,294.311
2025-05-11 08:40:40,294.313,294.313,294.308,294.308
2025-05-11 08:40:45,294.308,294.308,294.303,294.303
2025-05-11 08:40:50,294.303,294.304,294.3,294.304
2025-05-11 08:40:55,294.301,294.31,294.3,294.31
2025-05-11 08:41:00,294.306,294.311,294.305,294.309
2025-05-11 08:41:05,294.309,294.31,294.307,294.307
2025-05-11 08:41:10,294.307,294.311,294.307,294.307
2025-05-11 08:41:15,294.306,294.307,294.303,294.303
2025-05-11 08:41:20,294.303,294.303,294.289,294.289
2025-05-11 08:41:25,294.289,294.292,294.286,294.286
2025-05-11 08:41:30,294.286,294.287,294.277,294.279
2025-05-11 08:41:35,294.279,294.281,294.277,294.278
2025-05-11 08:41:40,294.28,294.28,294.276,294.276
2025-05-11 08:41:45,294.276,294.28,294.276,294.278
2025-05-11 08:41:50,294.278,294.285,294.277,294.285
2025-05-11 08:41:55,294.285,294.288,294.283,294.284
2025-05-11 08:42:00,294.284,294.287,294.282,294.282
2025-05-11 08:42:05,294.282,294.283,294.278,294.281
2025-05-11 08:42:10,294.281,294.281,294.28,294.28
2025-05-11 08:42:15,294.28,294.281,294.276,294.278
2025-05-11 08:42:20,294.278,294.278,294.277,294.277
2025-05-11 08:42:25,294.277,294.277,294.271,294.273
2025-05-11 08:42:30,294.273,294.275,294.268,294.268
2025-05-11 08:42:35,294.267,294.27,294.265,294.265
2025-05-11 08:42:40,294.265,294.269,294.255,294.255
2025-05-11 08:42:45,294.254,294.257,294.253,294.257
2025-05-11 08:42:50,294.258,294.258,294.251,294.251
2025-05-11 08:42:55,294.251,294.263,294.249,294.263
2025-05-11 08:43:00,294.263,294.263,294.26,294.262
2025-05-11 08:43:05,294.259,294.263,294.252,294.253
2025-05-11 08:43:10,294.252,294.252,294.245,294.246
2025-05-11 08:43:15,294.244,294.245,294.243,294.244
2025-05-11 08:43:20,294.243,294.245,294.24,294.24
2025-05-11 08:43:25,294.24,294.256,294.24,294.256
2025-05-11 08:43:30,294.257,294.257,294.251,294.251
2025-05-11 08:43:35,294.248,294.255,294.247,294.253
2025-05-11 08:43:40,294.253,294.255,294.25,294.253
2025-05-11 08:43:45,294.251,294.251,294.248,294.248
2025-05-11 08:43:50,294.248,294.248,294.24,294.242
2025-05-11 08:43:55,294.241,294.243,294.237,294.237
2025-05-11 08:44:00,294.236,294.237,294.236,294.236
2025-05-11 08:44:05,294.235,294.237,294.232,294.236
2025-05-11 08:44:10,294.236,294.236,294.233,294.233
2025-05-11 08:44:15,294.23,294.234,294.228,294.231
2025-05-11 08:44:20,294.231,294.234,294.23,294.231
2025-05-11 08:44:25,294.231,294.232,294.226,294.232
2025-05-11 08:44:30,294.235,294.239,294.225,294.239
2025-05-11 08:44:35,294.237,294.242,294.237,294.242
2025-05-11 08:44:40,294.243,294.254,294.241,294.254
2025-05-11 08:44:45,294.254,294.258,294.254,294.256
2025-05-11 08:44:50,294.254,294.26,294.254,294.259
2025-05-11 08:44:55,294.259,294.261,294.256,294.256
2025-05-11 08:45:00,294.256,294.256,294.247,294.247
2025-05-11 08:45:05,294.247,294.256,294.247,294.252
2025-05-11 08:45:10,294.252,294.253,294.251,294.252
2025-05-11 08:45:15,294.252,294.255,294.25,294.255
2025-05-11 08:45:20,294.254,294.254,294.248,294.248
2025-05-11 08:45:25,294.248,294.248,294.243,294.246
2025-05-11 08:45:30,294.246,294.246,294.24,294.244
2025-05-11 08:45:35,294.244,294.252,294.242,294.252
2025-05-11 08:45:40,294.252,294.252,294.245,294.247
2025-05-11 08:45:45,294.247,294.247,294.24,294.24
2025-05-11 08:45:50,294.24,294.244,294.232,294.232
2025-05-11 08:45:55,294.232,294.237,294.23,294.237
2025-05-11 08:46:00,294.237,294.24,294.237,294.237
2025-05-11 08:46:05,294.237,294.25,294.237,294.25
2025-05-11 08:46:10,294.25,294.25,294.246,294.247
2025-05-11 08:46:15,294.247,294.262,294.246,294.259
2025-05-11 08:46:20,294.259,294.262,294.259,294.262
2025-05-11 08:46:25,294.262,294.265,294.26,294.265
2025-05-11 08:46:30,294.265,294.266,294.263,294.266
2025-05-11 08:46:35,294.266,294.277,294.266,294.276
2025-05-11 08:46:40,294.275,294.282,294.274,294.274
2025-05-11 08:46:45,294.273,294.275,294.266,294.266
2025-05-11 08:46:50,294.266,294.273,294.261,294.261
2025-05-11 08:46:55,294.261,294.261,294.259,294.259
2025-05-11 08:47:00,294.256,294.258,294.254,294.257
2025-05-11 08:47:05,294.264,294.264,294.264,294.264
2025-05-11 08:47:10,294.264,294.264,294.261,294.261
2025-05-11 08:47:15,294.261,294.261,294.256,294.257
2025-05-11 08:47:20,294.257,294.258,294.251,294.251
2025-05-11 08:47:25,294.251,294.254,294.251,294.254
2025-05-11 08:47:30,294.254,294.263,294.254,294.262
2025-05-11 08:47:35,294.262,294.268,294.26,294.268
2025-05-11 08:47:40,294.264,294.264,294.259,294.259
2025-05-11 08:47:45,294.262,294.264,294.259,294.261
2025-05-11 08:47:50,294.261,294.263,294.26,294.261
2025-05-11 08:47:55,294.261,294.264,294.261,294.264
2025-05-11 08:48:00,294.264,294.266,294.258,294.26
2025-05-11 08:48:05,294.26,294.264,294.258,294.263
2025-05-11 08:48:10,294.263,294.263,294.248,294.249
2025-05-11 08:48:15,294.249,294.259,294.249,294.258
2025-05-11 08:48:20,294.258,294.258,294.257,294.257
2025-05-11 08:48:25,294.262,294.265,294.261,294.265
2025-05-11 08:48:30,294.265,294.265,294.26,294.26
2025-05-11 08:48:35,294.26,294.261,294.256,294.256
2025-05-11 08:48:40,294.254,294.256,294.251,294.255
2025-05-11 08:48:45,294.258,294.258,294.252,294.257
2025-05-11 08:48:50,294.257,294.257,294.239,294.239
2025-05-11 08:48:55,294.239,294.239,294.23,294.233
2025-05-11 08:49:00,294.233,294.235,294.232,294.233
2025-05-11 08:49:05,294.233,294.238,294.233,294.234
2025-05-11 08:49:10,294.235,294.237,294.233,294.234
2025-05-11 08:49:15,294.234,294.234,294.223,294.224
2025-05-11 08:49:20,294.225,294.225,294.222,294.222
2025-05-11 08:49:25,294.21,294.217,294.21,294.217
2025-05-11 08:49:30,294.217,294.225,294.216,294.225
2025-05-11 08:49:35,294.224,294.224,294.221,294.222
2025-05-11 08:49:40,294.222,294.223,294.222,294.222
2025-05-11 08:49:45,294.222,294.224,294.22,294.22
2025-05-11 08:49:50,294.22,294.224,294.22,294.224
2025-05-11 08:49:55,294.224,294.228,294.224,294.228
2025-05-11 08:50:00,294.228,294.228,294.22,294.221
2025-05-11 08:50:05,294.221,294.223,294.217,294.217
2025-05-11 08:50:10,294.217,294.219,294.216,294.219
2025-05-11 08:50:15,294.219,294.219,294.217,294.217
2025-05-11 08:50:20,294.217,294.22,294.217,294.217
2025-05-11 08:50:25,294.218,294.225,294.218,294.223
2025-05-11 08:50:30,294.224,294.228,294.224,294.228
2025-05-11 08:50:35,294.228,294.229,294.224,294.224
2025-05-11 08:50:40,294.224,294.225,294.221,294.221
2025-05-11 08:50:45,294.223,294.226,294.221,294.221
2025-05-11 08:50:50,294.22,294.22,294.213,294.216
2025-05-11 08:50:55,294.216,294.221,294.216,294.216
2025-05-11 08:51:00,294.216,294.219,294.216,294.219
2025-05-11 08:51:05,294.215,294.219,294.214,294.217
2025-05-11 08:51:10,294.217,294.217,294.211,294.211
2025-05-11 08:51:15,294.21,294.21,294.201,294.207
2025-05-11 08:51:20,294.207,294.207,294.198,294.198
2025-05-11 08:51:25,294.198,294.202,294.198,294.2
2025-05-11 08:51:30,294.2,294.206,294.2,294.206
2025-05-11 08:51:35,294.206,294.208,294.206,294.207
2025-05-11 08:51:40,294.207,294.207,294.202,294.206
2025-05-11 08:51:45,294.208,294.208,294.202,294.206
2025-05-11 08:51:50,294.205,294.207,294.204,294.207
2025-05-11 08:51:55,294.207,294.209,294.207,294.208
2025-05-11 08:52:00,294.208,294.209,294.2,294.201
2025-05-11 08:52:05,294.199,294.204,294.199,294.204
2025-05-11 08:52:10,294.201,294.206,294.201,294.206
2025-05-11 08:52:15,294.207,294.207,294.194,294.195
2025-05-11 08:52:20,294.195,294.201,294.195,294.198
2025-05-11 08:52:25,294.199,294.2,294.192,294.193
2025-05-11 08:52:30,294.194,294.196,294.194,294.196
2025-05-11 08:52:35,294.196,294.197,294.192,294.193
2025-05-11 08:52:40,294.193,294.199,294.192,294.199
2025-05-11 08:52:45,294.197,294.2,294.195,294.198
2025-05-11 08:52:50,294.2,294.2,294.174,294.174
2025-05-11 08:52:55,294.174,294.179,294.166,294.166
2025-05-11 08:53:00,294.166,294.171,294.166,294.169
2025-05-11 08:53:05,294.169,294.171,294.167,294.171
2025-05-11 08:53:10,294.172,294.175,294.171,294.171
2025-05-11 08:53:15,294.171,294.173,294.167,294.169
2025-05-11 08:53:20,294.169,294.169,294.158,294.162
2025-05-11 08:53:25,294.162,294.169,294.16,294.169
2025-05-11 08:53:30,294.169,294.171,294.166,294.167
2025-05-11 08:53:35,294.167,294.169,294.158,294.158
2025-05-11 08:53:40,294.158,294.16,294.157,294.158
2025-05-11 08:53:45,294.169,294.171,294.168,294.168
2025-05-11 08:53:50,294.167,294.17,294.157,294.157
2025-05-11 08:53:55,294.157,294.166,294.155,294.164
2025-05-11 08:54:00,294.164,294.168,294.164,294.167
2025-05-11 08:54:05,294.167,294.17,294.167,294.167
2025-05-11 08:54:10,294.168,294.172,294.168,294.172
2025-05-11 08:54:15,294.171,294.173,294.17,294.173
2025-05-11 08:54:20,294.176,294.177,294.175,294.175
2025-05-11 08:54:25,294.175,294.176,294.173,294.174
2025-05-11 08:54:30,294.174,294.179,294.174,294.179
2025-05-11 08:54:35,294.179,294.189,294.178,294.188
2025-05-11 08:54:40,294.188,294.188,294.187,294.188
2025-05-11 08:54:45,294.188,294.188,294.187,294.188
2025-05-11 08:54:50,294.191,294.192,294.183,294.183
2025-05-11 08:54:55,294.183,294.191,294.177,294.191
2025-05-11 08:55:00,294.191,294.194,294.19,294.19
2025-05-11 08:55:05,294.19,294.192,294.188,294.192
2025-05-11 08:55:10,294.193,294.194,294.191,294.192
2025-05-11 08:55:15,294.192,294.195,294.191,294.194
2025-05-11 08:55:20,294.193,294.193,294.185,294.186
2025-05-11 08:55:25,294.186,294.192,294.186,294.192
2025-05-11 08:55:30,294.191,294.191,294.186,294.19
2025-05-11 08:55:35,294.192,294.194,294.192,294.194
2025-05-11 08:55:40,294.196,294.196,294.183,294.186
2025-05-11 08:55:45,294.186,294.186,294.181,294.181
2025-05-11 08:55:50,294.177,294.18,294.176,294.18
2025-05-11 08:55:55,294.18,294.18,294.175,294.179
2025-05-11 08:56:00,294.178,294.18,294.168,294.168
2025-05-11 08:56:05,294.168,294.171,294.155,294.156
2025-05-11 08:56:10,294.157,294.158,294.152,294.152
2025-05-11 08:56:15,294.151,294.152,294.149,294.149
2025-05-11 08:56:20,294.149,294.149,294.143,294.144
2025-05-11 08:56:25,294.144,294.147,294.143,294.145
2025-05-11 08:56:30,294.145,294.145,294.144,294.145
2025-05-11 08:56:35,294.146,294.146,294.139,294.139
2025-05-11 08:56:40,294.139,294.148,294.139,294.148
2025-05-11 08:56:45,294.148,294.154,294.145,294.151
2025-05-11 08:56:50,294.151,294.152,294.147,294.149
2025-05-11 08:56:55,294.147,294.15,294.147,294.147
2025-05-11 08:57:00,294.144,294.144,294.142,294.142
2025-05-11 08:57:05,294.142,294.145,294.142,294.143
2025-05-11 08:57:10,294.143,294.147,294.143,294.147
2025-05-11 08:57:15,294.147,294.147,294.145,294.145
2025-05-11 08:57:20,294.145,294.146,294.145,294.145
2025-05-11 08:57:25,294.145,294.147,294.141,294.141
2025-05-11 08:57:30,294.141,294.142,294.139,294.142
2025-05-11 08:57:35,294.142,294.142,294.13,294.13
2025-05-11 08:57:40,294.13,294.133,294.13,294.133
2025-05-11 08:57:45,294.133,294.136,294.133,294.135
2025-05-11 08:57:50,294.133,294.142,294.133,294.141
2025-05-11 08:57:55,294.14,294.145,294.14,294.145
2025-05-11 08:58:00,294.145,294.149,294.144,294.144
2025-05-11 08:58:05,294.144,294.15,294.143,294.143
2025-05-11 08:58:10,294.145,294.146,294.144,294.144
2025-05-11 08:58:15,294.144,294.154,294.144,294.154
2025-05-11 08:58:20,294.154,294.154,294.15,294.15
2025-05-11 08:58:25,294.15,294.15,294.146,294.148
2025-05-11 08:58:30,294.149,294.149,294.143,294.149
2025-05-11 08:58:35,294.147,294.148,294.141,294.148
2025-05-11 08:58:40,294.148,294.158,294.148,294.158
2025-05-11 08:58:45,294.158,294.173,294.158,294.173
2025-05-11 08:58:50,294.173,294.176,294.172,294.176
2025-05-11 08:58:55,294.176,294.178,294.174,294.177
2025-05-11 08:59:00,294.177,294.177,294.166,294.166
2025-05-11 08:59:05,294.166,294.166,294.15,294.158
2025-05-11 08:59:10,294.158,294.162,294.158,294.159
2025-05-11 08:59:15,294.158,294.168,294.158,294.165
2025-05-11 08:59:20,294.165,294.169,294.165,294.167
2025-05-11 08:59:25,294.167,294.175,294.167,294.175
2025-05-11 08:59:30,294.177,294.177,294.17,294.173
2025-05-11 08:59:35,294.175,294.183,294.174,294.176
2025-05-11 08:59:40,294.176,294.183,294.172,294.183
2025-05-11 08:59:45,294.183,294.183,294.177,294.177
2025-05-11 08:59:50,294.177,294.188,294.176,294.188
2025-05-11 08:59:55,294.19,294.193,294.19,294.193
2025-05-11 09:00:00,294.193,294.194,294.186,294.187
2025-05-11 09:00:05,294.185,294.19,294.178,294.189
2025-05-11 09:00:10,294.189,294.189,294.183,294.183
2025-05-11 09:00:15,294.182,294.189,294.182,294.188
2025-05-11 09:00:20,294.181,294.182,294.177,294.177
2025-05-11 09:00:25,294.179,294.18,294.176,294.18
2025-05-11 09:00:30,294.18,294.185,294.18,294.185
2025-05-11 09:00:35,294.186,294.186,294.181,294.186
2025-05-11 09:00:40,294.187,294.191,294.186,294.191
2025-05-11 09:00:45,294.191,294.192,294.172,294.172
2025-05-11 09:00:50,294.172,294.179,294.172,294.179
2025-05-11 09:00:55,294.178,294.18,294.176,294.177
2025-05-11 09:01:00,294.176,294.179,294.175,294.179
2025-05-11 09:01:05,294.178,294.178,294.166,294.166
2025-05-11 09:01:10,294.166,294.167,294.163,294.163
2025-05-11 09:01:15,294.163,294.171,294.163,294.171
2025-05-11 09:01:20,294.171,294.172,294.168,294.17
2025-05-11 09:01:25,294.17,294.172,294.169,294.171
2025-05-11 09:01:30,294.171,294.176,294.17,294.173
2025-05-11 09:01:35,294.173,294.178,294.172,294.178
2025-05-11 09:01:40,294.179,294.18,294.175,294.177
2025-05-11 09:01:45,294.177,294.177,294.168,294.168
2025-05-11 09:01:50,294.168,294.173,294.163,294.164
2025-05-11 09:01:55,294.166,294.173,294.166,294.169
2025-05-11 09:02:00,294.17,294.179,294.17,294.179
2025-05-11 09:02:05,294.18,294.18,294.178,294.178
2025-05-11 09:02:10,294.178,294.183,294.176,294.183
2025-05-11 09:02:15,294.18,294.18,294.174,294.174
2025-05-11 09:02:20,294.176,294.179,294.173,294.173
2025-05-11 09:02:25,294.173,294.173,294.167,294.171
2025-05-11 09:02:30,294.171,294.172,294.168,294.168
2025-05-11 09:02:35,294.168,294.168,294.161,294.167
2025-05-11 09:02:40,294.167,294.167,294.155,294.161
2025-05-11 09:02:45,294.163,294.163,294.152,294.152
2025-05-11 09:02:50,294.152,294.152,294.147,294.147
2025-05-11 09:02:55,294.147,294.15,294.147,294.15
2025-05-11 09:03:00,294.15,294.151,294.149,294.15
2025-05-11 09:03:05,294.152,294.157,294.15,294.157
2025-05-11 09:03:10,294.157,294.158,294.157,294.157
2025-05-11 09:03:15,294.158,294.16,294.158,294.159
2025-05-11 09:03:20,294.158,294.158,294.15,294.15
2025-05-11 09:03:25,294.152,294.154,294.152,294.154
2025-05-11 09:03:30,294.154,294.154,294.148,294.152
2025-05-11 09:03:35,294.153,294.153,294.148,294.148
2025-05-11 09:03:40,294.15,294.157,294.149,294.157
2025-05-11 09:03:45,294.161,294.161,294.159,294.159
2025-05-11 09:03:50,294.159,294.163,294.154,294.154
2025-05-11 09:03:55,294.156,294.159,294.156,294.156
2025-05-11 09:04:00,294.151,294.156,294.151,294.156
2025-05-11 09:04:05,294.156,294.156,294.154,294.154
2025-05-11 09:04:10,294.154,294.154,294.152,294.152
2025-05-11 09:04:15,294.152,294.152,294.143,294.143
2025-05-11 09:04:20,294.144,294.145,294.143,294.143
2025-05-11 09:04:25,294.143,294.156,294.143,294.153
2025-05-11 09:04:30,294.153,294.154,294.153,294.154
2025-05-11 09:04:35,294.154,294.164,294.153,294.164
2025-05-11 09:04:40,294.163,294.165,294.162,294.165
2025-05-11 09:04:45,294.165,294.172,294.164,294.172
2025-05-11 09:04:50,294.172,294.174,294.168,294.169
2025-05-11 09:04:55,294.169,294.17,294.163,294.165
2025-05-11 09:05:00,294.164,294.17,294.164,294.166
2025-05-11 09:05:05,294.166,294.172,294.165,294.17
2025-05-11 09:05:10,294.17,294.173,294.17,294.171
2025-05-11 09:05:15,294.171,294.174,294.166,294.166
2025-05-11 09:05:20,294.166,294.166,294.158,294.159
2025-05-11 09:05:25,294.159,294.163,294.159,294.161
2025-05-11 09:05:30,294.161,294.161,294.156,294.161
2025-05-11 09:05:35,294.161,294.163,294.16,294.16
2025-05-11 09:05:40,294.159,294.159,294.155,294.155
2025-05-14 06:04:15,293.003,293.003,293.003,293.003
2025-05-14 06:04:20,293.005,293.006,293.002,293.006
2025-05-14 06:04:25,293.006,293.006,293.004,293.005
2025-05-14 06:04:30,293.005,293.005,293,293
2025-05-14 06:04:35,293,293.003,292.997,292.997
2025-05-14 06:04:40,292.998,293.003,292.998,293
2025-05-14 06:04:45,293,293,292.991,292.991
2025-05-14 06:04:50,292.991,292.993,292.991,292.991
2025-05-14 06:04:55,292.992,292.992,292.989,292.992
2025-05-14 06:05:00,292.991,292.994,292.991,292.992
2025-05-14 06:05:05,292.992,292.992,292.984,292.987
2025-05-14 06:05:10,292.987,292.987,292.979,292.979
2025-05-14 06:05:15,292.979,292.983,292.976,292.976
2025-05-14 06:05:20,292.976,292.982,292.976,292.978
2025-05-14 06:05:25,292.978,292.983,292.976,292.983
2025-05-14 06:05:30,292.983,292.99,292.983,292.99
2025-05-14 06:05:35,292.99,292.99,292.987,292.987
2025-05-14 06:05:40,292.986,292.99,292.985,292.99
2025-05-14 06:05:45,292.99,292.99,292.982,292.982
2025-05-14 06:05:50,292.982,292.994,292.982,292.994
2025-05-14 06:05:55,292.995,292.996,292.993,292.996
2025-05-14 06:06:00,292.999,293.001,292.997,293.001
2025-05-14 06:06:05,293.001,293.005,293.001,293.002
2025-05-14 06:06:10,293.002,293.002,292.998,292.998
2025-05-14 06:06:15,292.995,292.999,292.995,292.995
2025-05-14 06:06:20,292.995,292.995,292.991,292.991
2025-05-14 06:06:25,292.991,292.993,292.988,292.993
2025-05-14 06:06:30,292.993,292.993,292.991,292.991
2025-05-14 06:06:35,292.992,292.992,292.987,292.987
2025-05-14 06:06:40,292.987,292.99,292.986,292.986
2025-05-14 06:06:45,292.986,292.986,292.983,292.984
2025-05-14 06:06:50,292.982,292.987,292.978,292.987
2025-05-14 06:06:55,292.986,292.989,292.986,292.987
2025-05-14 06:07:00,292.987,292.988,292.985,292.985
2025-05-14 06:07:05,292.985,292.985,292.976,292.976
2025-05-14 06:07:10,292.987,292.992,292.987,292.992
2025-05-14 06:07:15,292.994,293.003,292.994,293.003
2025-05-14 06:07:20,293.004,293.011,293.003,293.009
2025-05-14 06:07:25,293.01,293.012,293.01,293.011
2025-05-14 06:07:30,293.011,293.014,293.01,293.01
2025-05-14 06:07:35,293.009,293.013,293.009,293.012
2025-05-14 06:07:40,293.011,293.011,293.001,293.006
2025-05-14 06:07:45,293.006,293.006,293.002,293.002
2025-05-14 06:07:50,293.002,293.004,293,293.002
2025-05-14 06:07:55,293.011,293.012,293.009,293.01
2025-05-14 06:08:00,293.011,293.019,293.011,293.019
2025-05-14 06:08:05,293.019,293.019,293.017,293.017
2025-05-14 06:08:10,293.016,293.018,293.015,293.018
2025-05-14 06:08:15,293.019,293.028,293.019,293.027
2025-05-14 06:08:20,293.026,293.03,293.026,293.029
2025-05-14 06:08:25,293.03,293.044,293.03,293.044
2025-05-14 06:08:30,293.044,293.044,293.042,293.042
2025-05-14 06:08:35,293.042,293.054,293.041,293.054
2025-05-14 06:08:40,293.054,293.054,293.045,293.049
2025-05-14 06:08:45,293.051,293.053,293.041,293.044
2025-05-14 06:08:50,293.044,293.047,293.044,293.047
2025-05-14 06:08:55,293.047,293.047,293.045,293.045
2025-05-14 06:09:00,293.045,293.05,293.045,293.049
2025-05-14 06:09:05,293.05,293.05,293.046,293.046
2025-05-14 06:09:10,293.049,293.054,293.049,293.054
2025-05-14 06:09:15,293.054,293.057,293.032,293.032
2025-05-14 06:09:20,293.032,293.035,293.025,293.026
2025-05-14 06:09:25,293.027,293.03,293.023,293.027
2025-05-14 06:09:30,293.027,293.027,293.017,293.023
2025-05-14 06:09:35,293.023,293.026,293.022,293.026
2025-05-14 06:09:40,293.027,293.027,293.017,293.017
2025-05-14 06:09:45,293.015,293.016,293.015,293.016
2025-05-14 06:09:50,293.016,293.018,293.012,293.012
2025-05-14 06:09:55,293.012,293.013,293.012,293.012
2025-05-14 06:10:00,293.01,293.019,293.009,293.019
2025-05-14 06:10:05,293.019,293.022,293.019,293.019
2025-05-14 06:10:10,293.019,293.027,293.019,293.025
2025-05-14 06:10:15,293.025,293.025,293.019,293.022
2025-05-14 06:10:20,293.022,293.026,293.022,293.024
2025-05-14 06:10:25,293.025,293.027,293.016,293.016
2025-05-14 06:10:30,293.016,293.02,293.013,293.019
2025-05-14 06:10:35,293.019,293.019,293.006,293.006
2025-05-14 06:10:40,293.007,293.009,293.005,293.009
2025-05-14 06:10:45,293.021,293.021,293.021,293.021
2025-05-14 06:10:50,293.021,293.029,293.021,293.028
2025-05-14 06:10:55,293.028,293.028,293.024,293.025
2025-05-14 06:11:00,293.022,293.031,293.022,293.031
2025-05-14 06:11:05,293.031,293.033,293.031,293.031
2025-05-14 06:11:10,293.031,293.035,293.031,293.031
2025-05-14 06:11:15,293.031,293.038,293.031,293.033
2025-05-14 06:11:20,293.033,293.036,293.033,293.036
2025-05-14 06:11:25,293.035,293.038,293.032,293.038
2025-05-14 06:11:30,293.038,293.041,293.036,293.04
2025-05-14 06:11:35,293.041,293.041,293.035,293.035
2025-05-14 06:11:40,293.039,293.04,293.025,293.027
2025-05-14 06:11:45,293.024,293.03,293.022,293.03
2025-05-14 06:11:50,293.03,293.033,293.027,293.033
2025-05-14 06:11:55,293.032,293.032,293.026,293.028
2025-05-14 06:12:00,293.027,293.029,293.021,293.021
2025-05-14 06:12:05,293.021,293.022,293.02,293.021
2025-05-14 06:12:10,293.021,293.022,293.019,293.019
2025-05-14 06:12:15,293.019,293.025,293.019,293.025
2025-05-14 06:12:20,293.027,293.032,293.025,293.03
2025-05-14 06:12:25,293.029,293.029,293.026,293.029
2025-05-14 06:12:30,293.027,293.029,293.027,293.027
2025-05-14 06:12:35,293.03,293.04,293.03,293.04
2025-05-14 06:12:40,293.039,293.046,293.037,293.045
2025-05-14 06:12:45,293.046,293.057,293.046,293.057
2025-05-14 06:12:50,293.052,293.052,293.047,293.047
2025-05-14 06:12:55,293.048,293.05,293.047,293.047
2025-05-14 06:13:00,293.047,293.052,293.044,293.044
2025-05-14 06:13:05,293.044,293.046,293.032,293.032
2025-05-14 06:13:10,293.031,293.034,293.03,293.031
2025-05-14 06:13:15,293.031,293.033,293.026,293.033
2025-05-14 06:13:20,293.033,293.04,293.033,293.037
2025-05-14 06:13:25,293.035,293.035,293.031,293.033
2025-05-14 06:13:30,293.032,293.041,293.031,293.041
2025-05-14 06:13:35,293.041,293.043,293.031,293.032
2025-05-14 06:13:40,293.032,293.039,293.032,293.039
2025-05-14 06:13:45,293.039,293.051,293.039,293.051
2025-05-14 06:13:50,293.053,293.058,293.049,293.056
2025-05-14 06:13:55,293.056,293.056,293.05,293.05
2025-05-14 06:14:00,293.05,293.064,293.05,293.063
2025-05-14 06:14:05,293.061,293.065,293.061,293.065
2025-05-14 06:14:10,293.064,293.064,293.059,293.059
2025-05-14 06:14:15,293.062,293.062,293.059,293.06
2025-05-14 06:14:20,293.06,293.061,293.059,293.061
2025-05-14 06:14:25,293.062,293.07,293.062,293.07
2025-05-14 06:14:30,293.07,293.07,293.065,293.065
2025-05-14 06:14:35,293.065,293.068,293.064,293.068
2025-05-14 06:14:40,293.068,293.072,293.068,293.069
2025-05-14 06:14:45,293.068,293.078,293.068,293.075
2025-05-14 06:14:50,293.07,293.072,293.068,293.072
2025-05-14 06:14:55,293.074,293.077,293.07,293.075
2025-05-14 06:15:00,293.075,293.078,293.075,293.078
2025-05-14 06:15:05,293.078,293.091,293.078,293.09
2025-05-14 06:15:10,293.09,293.092,293.09,293.09
2025-05-14 06:15:15,293.089,293.095,293.088,293.095
2025-05-14 06:15:20,293.095,293.102,293.093,293.1
2025-05-14 06:15:25,293.1,293.1,293.098,293.098
2025-05-14 06:15:30,293.098,293.103,293.098,293.102
2025-05-14 06:15:35,293.102,293.102,293.094,293.099
2025-05-14 06:15:40,293.099,293.099,293.094,293.094
2025-05-14 06:15:45,293.094,293.098,293.094,293.098
2025-05-14 06:15:50,293.098,293.115,293.098,293.113
2025-05-14 06:15:55,293.113,293.113,293.109,293.109
2025-05-14 06:16:00,293.109,293.109,293.106,293.108
2025-05-14 06:16:05,293.109,293.11,293.107,293.108
2025-05-14 06:16:10,293.109,293.114,293.108,293.114
2025-05-14 06:16:15,293.114,293.124,293.114,293.121
2025-05-14 06:16:20,293.121,293.124,293.117,293.117
2025-05-14 06:16:25,293.117,293.129,293.117,293.129
2025-05-14 06:16:30,293.127,293.129,293.116,293.116
2025-05-14 06:16:35,293.116,293.117,293.115,293.117
2025-05-14 06:16:40,293.117,293.127,293.117,293.127
2025-05-14 06:16:45,293.127,293.127,293.121,293.121
2025-05-14 06:16:50,293.125,293.134,293.125,293.131
2025-05-14 06:16:55,293.131,293.132,293.129,293.13
2025-05-14 06:17:00,293.13,293.132,293.125,293.132
2025-05-14 06:17:05,293.134,293.137,293.133,293.134
2025-05-14 06:17:10,293.131,293.134,293.13,293.13
2025-05-14 06:17:15,293.13,293.13,293.117,293.118
2025-05-14 06:17:20,293.118,293.118,293.115,293.116
2025-05-14 06:17:25,293.113,293.113,293.109,293.112
2025-05-14 06:17:30,293.108,293.108,293.096,293.096
2025-05-14 06:17:35,293.096,293.096,293.092,293.092
2025-05-14 06:17:40,293.092,293.092,293.087,293.087
2025-05-14 06:17:45,293.087,293.087,293.083,293.083
2025-05-14 06:17:50,293.085,293.085,293.082,293.082
2025-05-14 06:17:55,293.082,293.085,293.082,293.082
2025-05-14 06:18:00,293.087,293.087,293.085,293.087
2025-05-14 06:18:05,293.087,293.093,293.086,293.093
2025-05-14 06:18:10,293.097,293.097,293.095,293.096
2025-05-14 06:18:15,293.097,293.097,293.087,293.089
2025-05-14 06:18:20,293.085,293.085,293.071,293.071
2025-05-14 06:18:25,293.071,293.073,293.067,293.067
2025-05-14 06:18:30,293.066,293.073,293.066,293.073
2025-05-14 06:18:35,293.074,293.074,293.068,293.072
2025-05-14 06:18:40,293.072,293.075,293.071,293.075
2025-05-14 06:18:45,293.075,293.078,293.072,293.072
2025-05-14 06:18:50,293.07,293.07,293.053,293.053
2025-05-14 06:18:55,293.052,293.055,293.048,293.052
2025-05-14 06:19:00,293.052,293.055,293.05,293.055
2025-05-14 06:19:05,293.055,293.059,293.055,293.056
2025-05-14 06:19:10,293.052,293.053,293.048,293.048
2025-05-14 06:19:15,293.049,293.058,293.046,293.057
2025-05-14 06:19:20,293.057,293.062,293.057,293.058
2025-05-14 06:19:25,293.058,293.058,293.046,293.051
2025-05-14 06:19:30,293.051,293.051,293.046,293.046
2025-05-14 06:19:35,293.048,293.048,293.041,293.041
2025-05-14 06:19:40,293.04,293.041,293.038,293.04
2025-05-14 06:19:45,293.04,293.045,293.036,293.043
2025-05-14 06:19:50,293.043,293.045,293.043,293.045
2025-05-14 06:19:55,293.045,293.045,293.041,293.042
2025-05-14 06:20:00,293.044,293.055,293.043,293.055
2025-05-14 06:20:05,293.055,293.059,293.055,293.059
2025-05-14 06:20:10,293.061,293.061,293.053,293.054
2025-05-14 06:20:15,293.053,293.055,293.051,293.052
2025-05-14 06:20:20,293.052,293.053,293.052,293.053
2025-05-14 06:20:25,293.053,293.053,293.041,293.041
2025-05-14 06:20:30,293.041,293.041,293.039,293.04
2025-05-14 06:20:35,293.04,293.041,293.038,293.038
2025-05-14 06:20:40,293.038,293.04,293.035,293.037
2025-05-14 06:20:45,293.037,293.038,293.031,293.031
2025-05-14 06:20:50,293.031,293.031,293.024,293.024
2025-05-14 06:20:55,293.023,293.025,293.022,293.025
2025-05-14 06:21:00,293.025,293.033,293.025,293.033
2025-05-14 06:21:05,293.033,293.034,293.031,293.031
2025-05-14 06:21:10,293.028,293.028,293.024,293.025
2025-05-14 06:21:15,293.022,293.022,293.017,293.017
2025-05-14 06:21:20,293.017,293.018,293.014,293.016
2025-05-14 06:21:25,293.016,293.018,293.013,293.013
2025-05-14 06:21:30,293.015,293.018,293.011,293.011
2025-05-14 06:21:35,293.011,293.011,293.004,293.005
2025-05-14 06:21:40,293.005,293.005,292.998,292.998
2025-05-14 06:21:45,292.998,292.999,292.993,292.993
2025-05-14 06:21:50,292.993,292.995,292.988,292.988
2025-05-14 06:21:55,292.991,292.991,292.986,292.988
2025-05-14 06:22:00,292.988,292.998,292.988,292.998
2025-05-14 06:22:05,292.998,293.001,292.998,293
2025-05-14 06:22:10,293,293,292.996,292.999
2025-05-14 06:22:15,292.999,293.003,292.993,292.993
2025-05-14 06:22:20,292.993,292.993,292.985,292.985
2025-05-14 06:22:25,292.985,292.987,292.984,292.986
2025-05-14 06:22:30,292.986,292.986,292.981,292.982
2025-05-14 06:22:35,292.982,292.989,292.982,292.989
2025-05-14 06:22:40,292.989,292.991,292.989,292.991
2025-05-14 06:22:45,292.992,293.008,292.991,293.008
2025-05-14 06:22:50,293.008,293.009,293.006,293.009
2025-05-14 06:22:55,293.006,293.007,293.005,293.005
2025-05-14 06:23:00,293.005,293.005,293,293
2025-05-14 06:23:05,293.001,293.001,292.996,292.997
2025-05-14 06:23:10,292.997,292.997,292.992,292.992
2025-05-14 06:23:15,292.99,292.997,292.988,292.997
2025-05-14 06:23:20,292.997,293,292.997,292.999
2025-05-14 06:23:25,292.999,292.999,292.992,292.995
2025-05-14 06:23:30,292.999,292.999,292.993,292.993
2025-05-14 06:23:35,292.991,292.993,292.989,292.989
2025-05-14 06:23:40,292.991,292.992,292.985,292.985
2025-05-14 06:23:45,292.986,293,292.985,293
2025-05-14 06:23:50,293,293.002,292.998,292.998
2025-05-14 06:23:55,292.998,293.004,292.994,293.004
2025-05-14 06:24:00,293.004,293.005,293.001,293.002
2025-05-14 06:24:05,293.002,293.012,293.002,293.012
2025-05-14 06:24:10,293.015,293.015,293.003,293.003
2025-05-14 06:24:15,293.003,293.006,293.003,293.005
2025-05-14 06:24:20,293.004,293.006,293.004,293.005
2025-05-14 06:24:25,293.005,293.005,292.997,292.997
2025-05-14 06:24:30,292.998,292.998,292.989,292.989
2025-05-14 06:24:35,292.988,292.993,292.988,292.991
2025-05-14 06:24:40,292.99,292.994,292.988,292.988
2025-05-14 06:24:45,292.988,292.988,292.973,292.973
2025-05-14 06:24:50,292.973,292.973,292.968,292.968
2025-05-14 06:24:55,292.97,292.973,292.97,292.97
2025-05-14 06:25:00,292.97,292.97,292.966,292.966
2025-05-14 06:25:05,292.978,292.978,292.972,292.973
2025-05-14 06:25:10,292.973,292.974,292.97,292.972
2025-05-14 06:25:15,292.962,292.963,292.955,292.955
2025-05-14 06:25:20,292.954,292.961,292.954,292.961
2025-05-14 06:25:25,292.961,292.967,292.961,292.965
2025-05-14 06:25:30,292.963,292.966,292.96,292.966
2025-05-14 06:25:35,292.966,292.97,292.966,292.968
2025-05-14 06:25:40,292.968,292.973,292.968,292.97
2025-05-14 06:25:45,292.969,292.971,292.967,292.967
2025-05-14 06:25:50,292.967,292.968,292.962,292.963
2025-05-14 06:25:55,292.963,292.966,292.961,292.966
2025-05-14 06:26:00,292.965,292.979,292.964,292.979
2025-05-14 06:26:05,292.979,292.981,292.977,292.977
2025-05-14 06:26:10,292.977,292.981,292.977,292.978
2025-05-14 06:26:15,292.978,292.981,292.978,292.981
2025-05-14 06:26:20,292.982,292.985,292.981,292.985
2025-05-14 06:26:25,292.984,292.987,292.984,292.987
2025-05-14 06:26:30,292.987,292.987,292.981,292.983
2025-05-14 06:26:35,292.983,292.985,292.983,292.985
2025-05-14 06:26:40,292.984,292.99,292.984,292.99
2025-05-14 06:26:45,292.99,292.99,292.981,292.981
2025-05-14 06:26:50,292.981,292.985,292.981,292.981
2025-05-14 06:26:55,292.981,292.981,292.978,292.978
2025-05-14 06:27:00,292.979,292.98,292.973,292.973
2025-05-14 06:27:05,292.973,292.975,292.97,292.972
2025-05-14 06:27:10,292.972,292.978,292.97,292.978
2025-05-14 06:27:15,292.978,292.98,292.976,292.976
2025-05-14 06:27:20,292.975,292.978,292.974,292.978
2025-05-14 06:27:25,292.978,292.978,292.974,292.976
2025-05-14 06:27:30,292.976,292.976,292.97,292.97
2025-05-14 06:27:35,292.97,292.974,292.967,292.974
2025-05-14 06:27:40,292.969,292.974,292.967,292.974
2025-05-14 06:27:45,292.974,292.983,292.974,292.98
2025-05-14 06:27:50,292.98,292.98,292.975,292.975
2025-05-14 06:27:55,292.975,292.98,292.975,292.98
2025-05-14 06:28:00,292.98,292.982,292.976,292.978
2025-05-14 06:28:05,292.978,292.984,292.974,292.983
2025-05-14 06:28:10,292.983,292.987,292.982,292.986
2025-05-14 06:28:15,292.986,293.001,292.984,293.001
2025-05-14 06:28:20,293.001,293.002,292.999,293.002
2025-05-14 06:28:25,293.001,293.002,292.989,292.993
2025-05-14 06:28:30,292.993,292.993,292.987,292.988
2025-05-14 06:28:35,292.988,292.995,292.985,292.995
2025-05-14 06:28:40,292.995,292.999,292.995,292.999
2025-05-14 06:28:45,293.001,293.002,292.998,292.998
2025-05-14 06:28:50,292.998,293.004,292.997,293.004
2025-05-14 06:28:55,293.004,293.009,293.003,293.009
2025-05-14 06:29:00,293.009,293.016,293.009,293.016
2025-05-14 06:29:05,293.016,293.029,293.016,293.025
2025-05-14 06:29:10,293.025,293.028,293.024,293.027
2025-05-14 06:29:15,293.027,293.038,293.027,293.038
2025-05-14 06:29:20,293.036,293.039,293.035,293.038
2025-05-14 06:29:25,293.036,293.041,293.036,293.039
2025-05-14 06:29:30,293.039,293.043,293.039,293.043
2025-05-14 06:29:35,293.043,293.043,293.039,293.04
2025-05-14 06:29:40,293.038,293.04,293.038,293.038
2025-05-14 06:29:45,293.038,293.039,293.032,293.033
2025-05-14 06:29:50,293.035,293.037,293.032,293.037
2025-05-14 06:29:55,293.033,293.033,293.03,293.032
2025-05-14 06:30:00,293.031,293.035,293.029,293.035
2025-05-14 06:30:05,293.035,293.035,293.023,293.026
2025-05-14 06:30:10,293.026,293.032,293.021,293.032
2025-05-14 06:30:15,293.034,293.038,293.033,293.038
2025-05-14 06:30:20,293.038,293.045,293.038,293.045
2025-05-14 06:30:25,293.043,293.046,293.041,293.043
2025-05-14 06:30:30,293.044,293.048,293.043,293.047
2025-05-14 06:30:35,293.048,293.048,293.044,293.044
2025-05-14 06:30:40,293.044,293.048,293.044,293.047
2025-05-14 06:30:45,293.048,293.048,293.046,293.046
2025-05-14 06:30:50,293.045,293.045,293.034,293.041
2025-05-14 06:30:55,293.041,293.042,293.04,293.042
2025-05-14 06:31:00,293.042,293.05,293.039,293.044
2025-05-14 06:31:05,293.042,293.042,293.034,293.034
2025-05-14 06:31:10,293.033,293.036,293.033,293.036
2025-05-14 06:31:15,293.034,293.036,293.033,293.036
2025-05-14 06:31:20,293.036,293.036,293.029,293.029
2025-05-14 06:31:25,293.028,293.032,293.028,293.03
2025-05-14 06:31:30,293.033,293.041,293.033,293.038
2025-05-14 06:31:35,293.037,293.042,293.037,293.039
2025-05-14 06:31:40,293.039,293.039,293.031,293.031
2025-05-14 06:31:45,293.031,293.033,293.024,293.025
2025-05-14 06:31:50,293.024,293.027,293.024,293.027
2025-05-14 06:31:55,293.027,293.031,293.027,293.031
2025-05-14 06:32:00,293.031,293.031,293.029,293.031
2025-05-14 06:32:05,293.033,293.033,293.03,293.03
2025-05-14 06:32:10,293.026,293.031,293.026,293.031
2025-05-14 06:32:15,293.031,293.031,293.024,293.031
2025-05-14 06:32:20,293.031,293.035,293.03,293.034
2025-05-14 06:32:25,293.034,293.038,293.031,293.031
2025-05-14 06:32:30,293.031,293.036,293.029,293.036
2025-05-14 06:32:35,293.036,293.043,293.036,293.043
2025-05-14 06:32:40,293.043,293.048,293.041,293.048
2025-05-14 06:32:45,293.048,293.052,293.046,293.052
2025-05-14 06:32:50,293.052,293.057,293.052,293.057
2025-05-14 06:32:55,293.057,293.062,293.057,293.062
2025-05-14 06:33:00,293.062,293.064,293.062,293.062
2025-05-14 06:33:05,293.061,293.062,293.056,293.056
2025-05-14 06:33:10,293.055,293.056,293.051,293.051
2025-05-14 06:33:15,293.051,293.053,293.048,293.051
2025-05-14 06:33:20,293.051,293.051,293.045,293.046
2025-05-14 06:33:25,293.046,293.05,293.045,293.05
2025-05-14 06:33:30,293.05,293.05,293.047,293.047
2025-05-14 06:33:35,293.047,293.049,293.045,293.048
2025-05-14 06:33:40,293.048,293.057,293.048,293.057
2025-05-14 06:33:45,293.059,293.059,293.057,293.059
2025-05-14 06:33:50,293.059,293.068,293.059,293.067
2025-05-14 06:33:55,293.067,293.072,293.065,293.072
2025-05-14 06:34:00,293.072,293.074,293.071,293.074
2025-05-14 06:34:05,293.074,293.08,293.069,293.074
2025-05-14 06:34:10,293.076,293.076,293.074,293.075
2025-05-14 06:34:15,293.075,293.077,293.071,293.071
2025-05-14 06:34:20,293.071,293.071,293.066,293.071
2025-05-14 06:34:25,293.071,293.077,293.07,293.074
2025-05-14 06:34:30,293.072,293.072,293.069,293.069
2025-05-14 06:34:35,293.069,293.07,293.067,293.067
2025-05-14 06:34:40,293.067,293.067,293.062,293.063
2025-05-14 06:34:45,293.063,293.063,293.056,293.059
2025-05-14 06:34:50,293.057,293.06,293.057,293.059
2025-05-14 06:34:55,293.058,293.058,293.051,293.052
2025-05-14 06:35:00,293.052,293.06,293.05,293.06
2025-05-14 06:35:05,293.06,293.06,293.048,293.05
2025-05-14 06:35:10,293.058,293.058,293.05,293.05
2025-05-14 06:35:15,293.05,293.054,293.05,293.054
2025-05-14 06:35:20,293.052,293.053,293.05,293.052
2025-05-14 06:35:25,293.052,293.055,293.052,293.055
2025-05-14 06:35:30,293.056,293.057,293.055,293.055
2025-05-14 06:35:35,293.053,293.054,293.048,293.048
2025-05-14 06:35:40,293.047,293.049,293.043,293.043
2025-05-14 06:35:45,293.042,293.044,293.042,293.044
2025-05-14 06:35:50,293.045,293.045,293.036,293.036
2025-05-14 06:35:55,293.033,293.039,293.033,293.036
2025-05-14 06:36:00,293.036,293.04,293.036,293.04
2025-05-14 06:36:05,293.04,293.052,293.04,293.049
2025-05-14 06:36:10,293.05,293.052,293.05,293.051
2025-05-14 06:36:15,293.053,293.057,293.052,293.053
2025-05-14 06:36:20,293.052,293.052,293.048,293.048
2025-05-14 06:36:25,293.047,293.056,293.047,293.054
2025-05-14 06:36:30,293.053,293.053,293.046,293.046
2025-05-14 06:36:35,293.046,293.046,293.045,293.046
2025-05-14 06:36:40,293.045,293.05,293.043,293.043
2025-05-14 06:36:45,293.044,293.045,293.042,293.042
2025-05-14 06:36:50,293.038,293.038,293.032,293.035
2025-05-14 06:36:55,293.035,293.035,293.028,293.032
2025-05-14 06:37:00,293.037,293.037,293.034,293.034
2025-05-14 06:37:05,293.034,293.036,293.032,293.036
2025-05-14 06:37:10,293.035,293.037,293.034,293.037
2025-05-14 06:37:15,293.037,293.04,293.03,293.04
2025-05-14 06:37:20,293.04,293.042,293.038,293.042
2025-05-14 06:37:25,293.042,293.043,293.037,293.037
2025-05-14 06:37:30,293.036,293.039,293.033,293.039
2025-05-14 06:37:35,293.04,293.044,293.04,293.042
2025-05-14 06:37:40,293.043,293.047,293.041,293.041
2025-05-14 06:37:45,293.041,293.044,293.039,293.04
2025-05-14 06:37:50,293.038,293.046,293.038,293.046
2025-05-14 06:37:55,293.046,293.048,293.036,293.036
2025-05-14 06:38:00,293.036,293.036,293.032,293.035
2025-05-14 06:38:05,293.035,293.035,293.031,293.031
2025-05-14 06:38:10,293.032,293.032,293.023,293.024
2025-05-14 06:38:15,293.022,293.023,293.019,293.019
2025-05-14 06:38:20,293.019,293.021,293.018,293.019
2025-05-14 06:38:25,293.019,293.02,293.018,293.02
2025-05-14 06:38:30,293.02,293.024,293.02,293.02
2025-05-14 06:38:35,293.02,293.02,293.012,293.012
2025-05-14 06:38:40,293.014,293.015,293.009,293.009
2025-05-14 06:38:45,293.009,293.009,293.005,293.006
2025-05-14 06:38:50,293.006,293.011,293.006,293.01
2025-05-14 06:38:55,293.012,293.015,293.012,293.015
2025-05-14 06:39:00,293.015,293.023,293.013,293.014
2025-05-14 06:39:05,293.014,293.015,293.011,293.013
2025-05-14 06:39:10,293.013,293.013,293.009,293.009
2025-05-14 06:39:15,293.008,293.009,293.003,293.003
2025-05-14 06:39:20,293.001,293.001,292.992,292.995
2025-05-14 06:39:25,292.995,292.996,292.991,292.992
2025-05-14 06:39:30,292.992,292.994,292.989,292.989
2025-05-14 06:39:35,292.988,292.992,292.986,292.992
2025-05-14 06:39:40,292.99,292.997,292.989,292.997
2025-05-14 06:39:45,292.997,293.007,292.997,293.001
2025-05-14 06:39:50,293.001,293.001,292.997,293
2025-05-14 06:39:55,293.002,293.002,292.997,292.998
2025-05-14 06:40:00,292.998,292.998,292.989,292.994
2025-05-14 06:40:05,292.994,293,292.994,292.996
2025-05-14 06:40:10,292.996,293.002,292.994,292.996
2025-05-14 06:40:15,292.997,293.007,292.997,293.007
2025-05-14 06:40:20,293.007,293.009,293.003,293.003
2025-05-14 06:40:25,293.003,293.003,293,293.002
2025-05-14 06:40:30,293.002,293.01,293.001,293.01
2025-05-14 06:40:35,293.01,293.015,293.009,293.014
2025-05-14 06:40:40,293.014,293.018,293.009,293.018
2025-05-14 06:40:45,293.018,293.026,293.017,293.026
2025-05-14 06:40:50,293.026,293.03,293.026,293.029
2025-05-14 06:40:55,293.03,293.034,293.027,293.033
2025-05-14 06:41:00,293.034,293.034,293.026,293.029
2025-05-14 06:41:05,293.039,293.042,293.038,293.042
2025-05-14 06:41:10,293.039,293.046,293.039,293.044
2025-05-14 06:41:15,293.043,293.046,293.043,293.046
2025-05-14 06:41:20,293.046,293.055,293.043,293.054
2025-05-14 06:41:25,293.054,293.057,293.05,293.054
2025-05-14 06:41:30,293.054,293.058,293.054,293.058
2025-05-14 06:41:35,293.057,293.06,293.057,293.059
2025-05-14 06:41:40,293.059,293.062,293.059,293.061
2025-05-14 06:41:45,293.062,293.063,293.061,293.061
2025-05-14 06:41:50,293.061,293.061,293.058,293.059
2025-05-14 06:41:55,293.066,293.066,293.064,293.065
2025-05-14 06:42:00,293.065,293.065,293.059,293.059
2025-05-14 06:42:05,293.059,293.065,293.059,293.061
2025-05-14 06:42:10,293.057,293.057,293.055,293.056
2025-05-14 06:42:15,293.056,293.058,293.054,293.055
2025-05-14 06:42:20,293.054,293.056,293.049,293.051
2025-05-14 06:42:25,293.05,293.057,293.048,293.054
2025-05-14 06:42:30,293.054,293.056,293.052,293.052
2025-05-14 06:42:35,293.05,293.054,293.048,293.054
2025-05-14 06:42:40,293.054,293.054,293.045,293.045
2025-05-14 06:42:45,293.043,293.047,293.043,293.045
2025-05-14 06:42:50,293.045,293.047,293.036,293.036
2025-05-14 06:42:55,293.035,293.04,293.034,293.04
2025-05-14 06:43:00,293.039,293.045,293.039,293.042
2025-05-14 06:43:05,293.042,293.052,293.042,293.051
2025-05-14 06:43:10,293.051,293.054,293.043,293.054
2025-05-14 06:43:15,293.054,293.054,293.047,293.05
2025-05-14 06:43:20,293.05,293.055,293.049,293.055
2025-05-14 06:43:25,293.056,293.062,293.054,293.062
2025-05-14 06:43:30,293.062,293.063,293.061,293.062
2025-05-14 06:43:35,293.062,293.064,293.057,293.057
2025-05-14 06:43:40,293.057,293.06,293.054,293.058
2025-05-14 06:43:45,293.058,293.063,293.055,293.062
2025-05-14 06:43:50,293.062,293.062,293.06,293.061
2025-05-14 06:43:55,293.061,293.065,293.061,293.061
2025-05-14 06:44:00,293.063,293.071,293.063,293.07
2025-05-14 06:44:05,293.07,293.079,293.07,293.079
2025-05-14 06:44:10,293.079,293.085,293.079,293.082
2025-05-14 06:44:15,293.082,293.082,293.074,293.074
2025-05-14 06:44:20,293.074,293.074,293.07,293.071
2025-05-14 06:44:25,293.071,293.072,293.07,293.072
2025-05-14 06:44:30,293.072,293.074,293.07,293.072
2025-05-14 06:44:35,293.072,293.072,293.062,293.062
2025-05-14 06:44:40,293.062,293.063,293.06,293.063
2025-05-14 06:44:45,293.063,293.065,293.062,293.065
2025-05-14 06:44:50,293.065,293.066,293.061,293.061
2025-05-14 06:44:55,293.061,293.062,293.059,293.062
2025-05-14 06:45:00,293.063,293.064,293.062,293.063
2025-05-14 06:45:05,293.063,293.077,293.063,293.077
2025-05-14 06:45:10,293.077,293.08,293.075,293.078
2025-05-14 06:45:15,293.078,293.08,293.077,293.08
2025-05-14 06:45:20,293.08,293.084,293.08,293.083
2025-05-14 06:45:25,293.08,293.088,293.079,293.088
2025-05-14 06:45:30,293.088,293.088,293.086,293.088
2025-05-14 06:45:35,293.088,293.097,293.088,293.097
2025-05-14 06:45:40,293.098,293.103,293.097,293.103
2025-05-14 06:45:45,293.103,293.11,293.103,293.11
2025-05-14 06:45:50,293.11,293.11,293.106,293.106
2025-05-14 06:45:55,293.106,293.107,293.103,293.105
2025-05-14 06:46:00,293.105,293.111,293.105,293.111
2025-05-14 06:46:05,293.104,293.104,293.098,293.098
2025-05-14 06:46:10,293.098,293.105,293.096,293.104
2025-05-14 06:46:15,293.104,293.113,293.103,293.113
2025-05-14 06:46:20,293.113,293.114,293.113,293.113
2025-05-14 06:46:25,293.113,293.114,293.11,293.112
2025-05-14 06:46:30,293.112,293.113,293.103,293.106
2025-05-14 06:46:35,293.106,293.123,293.105,293.123
2025-05-14 06:46:40,293.119,293.125,293.119,293.124
2025-05-14 06:46:45,293.125,293.126,293.119,293.119
2025-05-14 06:46:50,293.119,293.128,293.119,293.128
2025-05-14 06:46:55,293.128,293.128,293.122,293.127
2025-05-14 06:47:00,293.13,293.13,293.121,293.127
2025-05-14 06:47:05,293.127,293.13,293.127,293.13
2025-05-14 06:47:10,293.13,293.132,293.128,293.129
2025-05-14 06:47:15,293.131,293.134,293.131,293.134
2025-05-14 06:47:20,293.134,293.136,293.132,293.136
2025-05-14 06:47:25,293.144,293.144,293.138,293.141
2025-05-14 06:47:30,293.136,293.136,293.135,293.136
2025-05-14 06:47:35,293.136,293.137,293.132,293.137
2025-05-14 06:47:40,293.137,293.139,293.126,293.126
2025-05-14 06:47:45,293.125,293.13,293.124,293.13
2025-05-14 06:47:50,293.13,293.138,293.13,293.136
2025-05-14 06:47:55,293.134,293.136,293.133,293.135
2025-05-14 06:48:00,293.135,293.137,293.128,293.137
2025-05-14 06:48:05,293.133,293.14,293.131,293.14
2025-05-14 06:48:10,293.139,293.139,293.137,293.139
2025-05-14 06:48:15,293.137,293.138,293.131,293.131
2025-05-14 06:48:20,293.131,293.131,293.128,293.129
2025-05-14 06:48:25,293.131,293.131,293.129,293.13
2025-05-14 06:48:30,293.132,293.134,293.129,293.131
2025-05-14 06:48:35,293.131,293.137,293.131,293.135
2025-05-14 06:48:40,293.135,293.135,293.127,293.127
2025-05-14 06:48:45,293.13,293.13,293.126,293.126
2025-05-14 06:48:50,293.124,293.136,293.124,293.134
2025-05-14 06:48:55,293.134,293.134,293.129,293.13
2025-05-14 06:49:00,293.13,293.13,293.121,293.121
2025-05-14 06:49:05,293.124,293.128,293.124,293.127
2025-05-14 06:49:10,293.128,293.133,293.128,293.133
2025-05-14 06:49:15,293.129,293.135,293.128,293.131
2025-05-14 06:49:20,293.131,293.131,293.124,293.129
2025-05-14 06:49:25,293.129,293.135,293.129,293.133
2025-05-14 06:49:30,293.134,293.142,293.134,293.138
2025-05-14 06:49:35,293.138,293.141,293.136,293.136
2025-05-14 06:49:40,293.136,293.139,293.135,293.137
2025-05-14 06:49:45,293.137,293.141,293.136,293.14
2025-05-14 06:49:50,293.14,293.153,293.14,293.149
2025-05-14 06:49:55,293.15,293.151,293.15,293.151
2025-05-14 06:50:00,293.151,293.151,293.144,293.144
2025-05-14 06:50:05,293.144,293.146,293.143,293.143
2025-05-14 06:50:10,293.144,293.146,293.141,293.141
2025-05-14 06:50:15,293.142,293.145,293.139,293.145
2025-05-14 06:50:20,293.145,293.145,293.141,293.141
2025-05-14 06:50:25,293.141,293.154,293.141,293.154
2025-05-14 06:50:30,293.15,293.15,293.145,293.145
2025-05-14 06:50:35,293.145,293.148,293.145,293.146
2025-05-14 06:50:40,293.146,293.147,293.137,293.137
2025-05-14 06:50:45,293.137,293.143,293.137,293.141
2025-05-14 06:50:50,293.143,293.143,293.138,293.143
2025-05-14 06:50:55,293.142,293.146,293.139,293.146
2025-05-14 06:51:00,293.146,293.15,293.145,293.148
2025-05-14 06:51:05,293.149,293.149,293.145,293.145
2025-05-14 06:51:10,293.144,293.151,293.144,293.151
2025-05-14 06:51:15,293.151,293.166,293.151,293.163
2025-05-14 06:51:20,293.163,293.165,293.162,293.165
2025-05-14 06:51:25,293.163,293.164,293.162,293.162
2025-05-14 06:51:30,293.165,293.171,293.165,293.171
2025-05-14 06:51:35,293.171,293.179,293.171,293.174
2025-05-14 06:51:40,293.174,293.18,293.166,293.166
2025-05-14 06:51:45,293.166,293.17,293.165,293.167
2025-05-14 06:51:50,293.165,293.172,293.163,293.172
2025-05-14 06:51:55,293.172,293.177,293.172,293.177
2025-05-14 06:52:00,293.177,293.177,293.17,293.17
2025-05-14 06:52:05,293.17,293.17,293.165,293.165
2025-05-14 06:52:10,293.172,293.173,293.172,293.173
2025-05-14 06:52:15,293.173,293.176,293.173,293.176
2025-05-14 06:52:20,293.176,293.178,293.172,293.172
2025-05-14 06:52:25,293.172,293.184,293.172,293.184
2025-05-14 06:52:30,293.184,293.188,293.184,293.187
2025-05-14 06:52:35,293.187,293.188,293.186,293.187
2025-05-14 06:52:40,293.187,293.189,293.184,293.189
2025-05-14 06:52:45,293.191,293.199,293.191,293.199
2025-05-14 06:52:50,293.195,293.198,293.195,293.197
2025-05-14 06:52:55,293.197,293.206,293.197,293.205
2025-05-14 06:53:00,293.203,293.203,293.197,293.198
2025-05-14 06:53:05,293.198,293.198,293.193,293.198
2025-05-14 06:53:10,293.196,293.196,293.187,293.189
2025-05-14 06:53:15,293.189,293.203,293.189,293.203
2025-05-14 06:53:20,293.202,293.209,293.202,293.203
2025-05-14 06:53:25,293.203,293.203,293.2,293.203
2025-05-14 06:53:30,293.203,293.203,293.203,293.203
2025-05-14 06:53:35,293.202,293.206,293.197,293.205
2025-05-14 06:53:40,293.205,293.21,293.202,293.21
2025-05-14 06:53:45,293.21,293.211,293.208,293.21
2025-05-14 06:53:50,293.21,293.21,293.205,293.205
2025-05-14 06:53:55,293.205,293.205,293.199,293.2
2025-05-14 06:54:00,293.201,293.208,293.201,293.208
2025-05-14 06:54:05,293.208,293.222,293.208,293.222
2025-05-14 06:54:10,293.22,293.22,293.212,293.212
2025-05-14 06:54:15,293.211,293.211,293.21,293.211
2025-05-14 06:54:20,293.209,293.214,293.209,293.212
2025-05-14 06:54:25,293.212,293.212,293.206,293.207
2025-05-14 06:54:30,293.208,293.208,293.206,293.206
2025-05-14 06:54:35,293.206,293.209,293.206,293.208
2025-05-14 06:54:40,293.206,293.206,293.2,293.201
2025-05-14 06:54:45,293.201,293.207,293.201,293.203
2025-05-14 06:54:50,293.203,293.206,293.201,293.201
2025-05-14 06:54:55,293.201,293.202,293.199,293.199
2025-05-14 06:55:00,293.198,293.205,293.198,293.204
2025-05-14 06:55:05,293.204,293.207,293.203,293.207
2025-05-14 06:55:10,293.208,293.208,293.203,293.203
2025-05-14 06:55:15,293.205,293.209,293.205,293.209
2025-05-14 06:55:20,293.209,293.209,293.197,293.197
2025-05-14 06:55:25,293.197,293.21,293.196,293.208
2025-05-14 06:55:30,293.207,293.211,293.206,293.211
2025-05-14 06:55:35,293.211,293.212,293.209,293.209
2025-05-14 06:55:40,293.207,293.207,293.204,293.204
2025-05-14 06:55:45,293.204,293.206,293.201,293.206
2025-05-14 06:55:50,293.207,293.22,293.207,293.218
2025-05-14 06:55:55,293.218,293.22,293.216,293.217
2025-05-14 06:56:00,293.218,293.225,293.212,293.225
2025-05-14 06:56:05,293.225,293.231,293.225,293.231
2025-05-14 06:56:10,293.23,293.231,293.227,293.227
2025-05-14 06:56:15,293.227,293.227,293.223,293.227
2025-05-14 06:56:20,293.227,293.235,293.227,293.235
2025-05-14 06:56:25,293.235,293.239,293.229,293.239
2025-05-14 06:56:30,293.238,293.243,293.235,293.243
2025-05-14 06:56:35,293.243,293.247,293.241,293.247
2025-05-14 06:56:40,293.245,293.249,293.243,293.246
2025-05-14 06:56:45,293.246,293.249,293.245,293.249
2025-05-14 06:56:50,293.257,293.259,293.254,293.258
2025-05-14 06:56:55,293.256,293.26,293.256,293.259
2025-05-14 06:57:00,293.261,293.261,293.257,293.26
2025-05-14 06:57:05,293.26,293.264,293.259,293.259
2025-05-14 06:57:10,293.259,293.259,293.257,293.258
2025-05-14 06:57:15,293.255,293.257,293.25,293.257
2025-05-14 06:57:20,293.261,293.266,293.26,293.266
2025-05-14 06:57:25,293.266,293.271,293.266,293.269
2025-05-14 06:57:30,293.269,293.269,293.266,293.269
2025-05-14 06:57:35,293.269,293.272,293.266,293.267
2025-05-14 06:57:40,293.267,293.267,293.263,293.263
2025-05-14 06:57:45,293.263,293.266,293.263,293.263
2025-05-14 06:57:50,293.263,293.263,293.257,293.257
2025-05-14 06:57:55,293.259,293.259,293.247,293.247
2025-05-14 06:58:00,293.247,293.258,293.247,293.258
2025-05-14 06:58:05,293.258,293.263,293.257,293.261
2025-05-14 06:58:10,293.261,293.261,293.259,293.259
2025-05-14 06:58:15,293.258,293.268,293.258,293.268
2025-05-14 06:58:20,293.268,293.268,293.253,293.253
2025-05-14 06:58:25,293.253,293.254,293.244,293.244
2025-05-14 06:58:30,293.244,293.245,293.237,293.237
2025-05-14 06:58:35,293.237,293.238,293.234,293.238
2025-05-14 06:58:40,293.24,293.24,293.236,293.24
2025-05-14 06:58:45,293.239,293.246,293.239,293.246
2025-05-14 06:58:50,293.246,293.248,293.241,293.241
2025-05-14 06:58:55,293.25,293.253,293.25,293.253
2025-05-14 06:59:00,293.253,293.255,293.25,293.252
2025-05-14 06:59:05,293.252,293.256,293.25,293.25
2025-05-14 06:59:10,293.248,293.248,293.246,293.248
2025-05-14 06:59:15,293.248,293.248,293.246,293.246
2025-05-14 06:59:20,293.246,293.253,293.245,293.249
2025-05-14 06:59:25,293.249,293.249,293.237,293.237
2025-05-14 06:59:30,293.237,293.249,293.237,293.247
2025-05-14 06:59:35,293.249,293.251,293.244,293.244
2025-05-14 06:59:40,293.244,293.248,293.244,293.248
2025-05-14 06:59:45,293.247,293.247,293.239,293.239
2025-05-14 06:59:50,293.239,293.241,293.237,293.239
2025-05-14 06:59:55,293.242,293.257,293.242,293.257
2025-05-14 07:00:00,293.257,293.257,293.251,293.253
2025-05-14 07:00:05,293.253,293.257,293.253,293.256
2025-05-14 07:00:10,293.256,293.26,293.256,293.259
2025-05-14 07:00:15,293.257,293.257,293.253,293.255
2025-05-14 07:00:20,293.254,293.257,293.253,293.257
2025-05-14 07:00:25,293.258,293.265,293.258,293.265
2025-05-14 07:00:30,293.265,293.265,293.26,293.264
2025-05-14 07:00:35,293.263,293.263,293.255,293.263
2025-05-14 07:00:40,293.263,293.263,293.258,293.259
2025-05-14 07:00:45,293.259,293.262,293.259,293.262
2025-05-14 07:00:50,293.262,293.266,293.261,293.266
2025-05-14 07:00:55,293.265,293.268,293.265,293.268
2025-05-14 07:01:00,293.266,293.266,293.264,293.264
2025-05-14 07:01:05,293.265,293.265,293.258,293.258
2025-05-14 07:01:10,293.258,293.259,293.255,293.255
2025-05-14 07:01:15,293.255,293.255,293.253,293.253
2025-05-14 07:01:20,293.253,293.264,293.252,293.252
2025-05-14 07:01:25,293.251,293.254,293.251,293.254
2025-05-14 07:01:30,293.254,293.256,293.253,293.253
2025-05-14 07:01:35,293.253,293.266,293.252,293.266
2025-05-14 07:01:40,293.266,293.266,293.258,293.259
2025-05-14 07:01:45,293.259,293.259,293.253,293.253
2025-05-14 07:01:50,293.253,293.253,293.242,293.242
2025-05-14 07:01:55,293.234,293.235,293.227,293.228
2025-05-14 07:02:00,293.222,293.224,293.22,293.22
2025-05-14 07:02:05,293.219,293.219,293.209,293.211
2025-05-14 07:02:10,293.211,293.212,293.206,293.206
2025-05-14 07:02:15,293.206,293.209,293.193,293.194
2025-05-14 07:02:20,293.194,293.206,293.194,293.203
2025-05-14 07:02:25,293.207,293.209,293.206,293.208
2025-05-14 07:02:30,293.208,293.211,293.207,293.211
2025-05-14 07:02:35,293.211,293.212,293.209,293.212
2025-05-14 07:02:40,293.209,293.209,293.203,293.204
2025-05-14 07:02:45,293.204,293.204,293.202,293.202
2025-05-14 07:02:50,293.202,293.208,293.202,293.207
2025-05-14 07:02:55,293.207,293.213,293.207,293.213
2025-05-14 07:03:00,293.213,293.219,293.213,293.219
2025-05-14 07:03:05,293.222,293.224,293.222,293.224
2025-05-14 07:03:10,293.224,293.238,293.224,293.238
2025-05-14 07:03:15,293.238,293.242,293.238,293.242
2025-05-14 07:03:20,293.243,293.243,293.24,293.243
2025-05-14 07:03:25,293.242,293.243,293.242,293.242
2025-05-14 07:03:30,293.242,293.243,293.236,293.238
2025-05-14 07:03:35,293.238,293.244,293.237,293.239
2025-05-14 07:03:40,293.236,293.237,293.232,293.232
2025-05-14 07:03:45,293.232,293.235,293.23,293.23
2025-05-14 07:03:50,293.23,293.23,293.22,293.221
2025-05-14 07:03:55,293.221,293.235,293.221,293.232
2025-05-14 07:04:00,293.234,293.234,293.232,293.234
2025-05-14 07:04:05,293.236,293.238,293.231,293.231
2025-05-14 07:04:10,293.231,293.233,293.228,293.23
2025-05-14 07:04:15,293.23,293.23,293.219,293.227
2025-05-14 07:04:20,293.227,293.235,293.227,293.231
2025-05-14 07:04:25,293.232,293.232,293.22,293.22
2025-05-14 07:04:30,293.218,293.223,293.218,293.223
2025-05-14 07:04:35,293.223,293.225,293.22,293.22
2025-05-14 07:04:40,293.22,293.22,293.217,293.217
2025-05-14 07:04:45,293.217,293.231,293.217,293.231
2025-05-14 07:04:50,293.231,293.231,293.226,293.226
2025-05-14 07:04:55,293.228,293.229,293.223,293.225
2025-05-14 07:05:00,293.227,293.238,293.227,293.238
2025-05-14 07:05:05,293.235,293.235,293.23,293.234
2025-05-14 07:05:10,293.237,293.237,293.231,293.234
2025-05-14 07:05:15,293.237,293.239,293.237,293.238
2025-05-14 07:05:20,293.239,293.24,293.232,293.234
2025-05-14 07:05:25,293.234,293.236,293.232,293.235
2025-05-14 07:05:30,293.235,293.235,293.231,293.231
2025-05-14 07:05:35,293.232,293.234,293.228,293.233
2025-05-14 07:05:40,293.235,293.241,293.235,293.241
2025-05-14 07:05:45,293.241,293.249,293.241,293.247
2025-05-14 07:05:50,293.247,293.247,293.244,293.245
2025-05-14 07:05:55,293.245,293.249,293.245,293.249
2025-05-14 07:06:00,293.252,293.252,293.248,293.248
2025-05-14 07:06:05,293.25,293.25,293.246,293.249
2025-05-14 07:06:10,293.25,293.25,293.246,293.246
2025-05-14 07:06:15,293.246,293.25,293.245,293.246
2025-05-14 07:06:20,293.246,293.255,293.246,293.254
2025-05-14 07:06:25,293.253,293.255,293.251,293.251
2025-05-14 07:06:30,293.25,293.252,293.247,293.247
2025-05-14 07:06:35,293.247,293.254,293.247,293.25
2025-05-14 07:06:40,293.25,293.256,293.25,293.253
2025-05-14 07:06:45,293.256,293.266,293.256,293.266
2025-05-14 07:06:50,293.267,293.269,293.265,293.265
2025-05-14 07:06:55,293.265,293.265,293.256,293.257
2025-05-14 07:07:00,293.257,293.263,293.257,293.262
2025-05-14 07:07:05,293.262,293.265,293.259,293.26
2025-05-14 07:07:10,293.26,293.271,293.26,293.271
2025-05-14 07:07:15,293.271,293.272,293.269,293.271
2025-05-14 07:07:20,293.271,293.273,293.264,293.269
2025-05-14 07:07:25,293.268,293.271,293.268,293.27
2025-05-14 07:07:30,293.27,293.27,293.262,293.263
2025-05-14 07:07:35,293.263,293.273,293.261,293.273
2025-05-14 07:07:40,293.273,293.277,293.272,293.277
2025-05-14 07:07:45,293.279,293.279,293.275,293.278
2025-05-14 07:07:50,293.28,293.281,293.278,293.279
2025-05-14 07:07:55,293.279,293.279,293.273,293.275
2025-05-14 07:08:00,293.275,293.275,293.27,293.27
2025-05-14 07:08:05,293.276,293.282,293.275,293.282
2025-05-14 07:08:10,293.284,293.284,293.279,293.279
2025-05-14 07:08:15,293.279,293.28,293.269,293.269
2025-05-14 07:08:20,293.269,293.275,293.269,293.273
2025-05-14 07:08:25,293.273,293.279,293.272,293.277
2025-05-14 07:08:30,293.277,293.277,293.271,293.274
2025-05-14 07:08:35,293.274,293.278,293.274,293.276
2025-05-14 07:08:40,293.276,293.276,293.273,293.273
2025-05-14 07:08:45,293.273,293.278,293.273,293.278
2025-05-14 07:08:50,293.278,293.283,293.278,293.281
2025-05-14 07:08:55,293.281,293.282,293.275,293.275
2025-05-14 07:09:00,293.275,293.284,293.275,293.278
2025-05-14 07:09:05,293.277,293.282,293.277,293.282
2025-05-14 07:09:10,293.282,293.282,293.278,293.281
2025-05-14 07:09:15,293.281,293.296,293.281,293.295
2025-05-14 07:09:20,293.295,293.3,293.295,293.297
2025-05-14 07:09:25,293.294,293.295,293.291,293.291
2025-05-14 07:09:30,293.288,293.296,293.288,293.296
2025-05-14 07:09:35,293.296,293.297,293.291,293.293
2025-05-14 07:09:40,293.293,293.294,293.29,293.29
2025-05-14 07:09:45,293.291,293.291,293.288,293.289
2025-05-14 07:09:50,293.286,293.287,293.285,293.286
2025-05-14 07:09:55,293.286,293.289,293.282,293.289
2025-05-14 07:10:00,293.289,293.294,293.289,293.289
2025-05-14 07:10:05,293.287,293.296,293.283,293.296
2025-05-14 07:10:10,293.296,293.297,293.295,293.295
2025-05-14 07:10:15,293.295,293.296,293.294,293.295
2025-05-14 07:10:20,293.295,293.299,293.295,293.299
2025-05-14 07:10:25,293.299,293.299,293.293,293.294
2025-05-14 07:10:30,293.295,293.295,293.289,293.289
2025-05-14 07:10:35,293.29,293.3,293.29,293.299
2025-05-14 07:10:40,293.299,293.302,293.297,293.302
2025-05-14 07:10:45,293.3,293.3,293.297,293.297
2025-05-14 07:10:50,293.297,293.299,293.295,293.296
2025-05-14 07:10:55,293.296,293.299,293.296,293.296
2025-05-14 07:11:00,293.296,293.297,293.294,293.294
2025-05-14 07:11:05,293.294,293.294,293.29,293.292
2025-05-14 07:11:10,293.294,293.295,293.293,293.294
2025-05-14 07:11:15,293.294,293.294,293.292,293.293
2025-05-14 07:11:20,293.293,293.293,293.287,293.29
2025-05-14 07:11:25,293.29,293.293,293.29,293.29
2025-05-14 07:11:30,293.289,293.299,293.289,293.293
2025-05-14 07:11:35,293.293,293.296,293.291,293.291
2025-05-14 07:11:40,293.293,293.294,293.291,293.294
2025-05-14 07:11:45,293.294,293.298,293.292,293.298
2025-05-14 07:11:50,293.297,293.299,293.296,293.299
2025-05-14 07:11:55,293.297,293.3,293.296,293.3
2025-05-14 07:12:00,293.3,293.301,293.297,293.299
2025-05-14 07:12:05,293.299,293.309,293.299,293.309
2025-05-14 07:12:10,293.309,293.31,293.309,293.31
2025-05-14 07:12:15,293.31,293.317,293.31,293.316
2025-05-14 07:12:20,293.317,293.327,293.317,293.327
2025-05-14 07:12:25,293.327,293.328,293.324,293.324
2025-05-14 07:12:30,293.326,293.331,293.326,293.33
2025-05-14 07:12:35,293.332,293.332,293.329,293.329
2025-05-14 07:12:40,293.329,293.329,293.318,293.319
2025-05-14 07:12:45,293.319,293.319,293.315,293.319
2025-05-14 07:12:50,293.319,293.319,293.316,293.317
2025-05-14 07:12:55,293.317,293.317,293.31,293.311
2025-05-14 07:13:00,293.311,293.311,293.305,293.305
2025-05-14 07:13:05,293.305,293.315,293.305,293.315
2025-05-14 07:13:10,293.315,293.315,293.311,293.311
2025-05-14 07:13:15,293.311,293.321,293.311,293.321
2025-05-14 07:13:20,293.323,293.323,293.318,293.318
2025-05-14 07:13:25,293.318,293.321,293.318,293.319
2025-05-14 07:13:30,293.319,293.328,293.319,293.328
2025-05-14 07:13:35,293.329,293.332,293.326,293.326
2025-05-14 07:13:40,293.326,293.33,293.325,293.329
2025-05-14 07:13:45,293.329,293.339,293.325,293.338
2025-05-14 07:13:50,293.339,293.348,293.336,293.337
2025-05-14 07:13:55,293.337,293.345,293.337,293.344
2025-05-14 07:14:00,293.345,293.347,293.345,293.347
2025-05-14 07:14:05,293.347,293.349,293.338,293.338
2025-05-14 07:14:10,293.338,293.338,293.337,293.337
2025-05-14 07:14:15,293.338,293.342,293.332,293.332
2025-05-14 07:14:20,293.333,293.335,293.331,293.331
2025-05-14 07:14:25,293.331,293.332,293.325,293.327
2025-05-14 07:14:30,293.326,293.327,293.324,293.325
2025-05-14 07:14:35,293.326,293.328,293.325,293.328
2025-05-14 07:14:40,293.33,293.333,293.33,293.332
2025-05-14 07:14:45,293.332,293.336,293.332,293.332
2025-05-14 07:14:50,293.331,293.331,293.329,293.329
2025-05-14 07:14:55,293.329,293.332,293.329,293.33
2025-05-14 07:15:00,293.33,293.331,293.328,293.33
2025-05-14 07:15:05,293.33,293.331,293.325,293.325
2025-05-14 07:15:10,293.325,293.328,293.324,293.327
2025-05-14 07:15:15,293.328,293.334,293.328,293.332
2025-05-14 07:15:20,293.332,293.335,293.33,293.33
2025-05-14 07:15:25,293.33,293.33,293.321,293.321
2025-05-14 07:15:30,293.321,293.325,293.318,293.325
2025-05-14 07:15:35,293.325,293.331,293.325,293.331
2025-05-14 07:15:40,293.331,293.358,293.331,293.358
2025-05-14 07:15:45,293.358,293.362,293.351,293.352
2025-05-14 07:15:50,293.352,293.359,293.352,293.358
2025-05-14 07:15:55,293.359,293.363,293.358,293.359
2025-05-14 07:16:00,293.358,293.358,293.352,293.352
2025-05-14 07:16:05,293.352,293.353,293.347,293.352
2025-05-14 07:16:10,293.352,293.352,293.348,293.348
2025-05-14 07:16:15,293.348,293.354,293.348,293.354
2025-05-14 07:16:20,293.354,293.358,293.354,293.354
2025-05-14 07:16:25,293.352,293.362,293.352,293.362
2025-05-14 07:16:30,293.362,293.362,293.36,293.361
2025-05-14 07:16:35,293.362,293.362,293.356,293.356
2025-05-14 07:16:40,293.356,293.357,293.355,293.355
2025-05-14 07:16:45,293.355,293.359,293.354,293.359
2025-05-14 07:16:50,293.359,293.365,293.359,293.359
2025-05-14 07:16:55,293.359,293.359,293.355,293.357
2025-05-14 07:17:00,293.357,293.362,293.357,293.362
2025-05-14 07:17:05,293.363,293.365,293.361,293.365
2025-05-14 07:17:10,293.365,293.365,293.363,293.363
2025-05-14 07:17:15,293.362,293.37,293.361,293.368
2025-05-14 07:17:20,293.368,293.369,293.364,293.365
2025-05-14 07:17:25,293.365,293.367,293.361,293.367
2025-05-14 07:17:30,293.367,293.372,293.367,293.372
2025-05-14 07:17:35,293.373,293.381,293.372,293.381
2025-05-14 07:17:40,293.381,293.383,293.381,293.381
2025-05-14 07:17:45,293.381,293.387,293.381,293.387
2025-05-14 07:17:50,293.387,293.39,293.385,293.388
2025-05-14 07:17:55,293.388,293.39,293.387,293.388
2025-05-14 07:18:00,293.392,293.392,293.39,293.392
2025-05-14 07:18:05,293.392,293.398,293.392,293.398
2025-05-14 07:18:10,293.398,293.4,293.392,293.393
2025-05-14 07:18:15,293.392,293.395,293.39,293.39
2025-05-14 07:18:20,293.39,293.391,293.39,293.39
2025-05-14 07:18:25,293.392,293.398,293.392,293.397
2025-05-14 07:18:30,293.397,293.406,293.396,293.403
2025-05-14 07:18:35,293.404,293.405,293.402,293.404
2025-05-14 07:18:40,293.404,293.406,293.404,293.405
2025-05-14 07:18:45,293.404,293.405,293.4,293.401
2025-05-14 07:18:50,293.401,293.403,293.4,293.401
2025-05-14 07:18:55,293.401,293.404,293.401,293.404
2025-05-14 07:19:00,293.404,293.406,293.402,293.402
2025-05-14 07:19:05,293.4,293.4,293.397,293.398
2025-05-14 07:19:10,293.398,293.401,293.394,293.401
2025-05-14 07:19:15,293.399,293.405,293.399,293.405
2025-05-14 07:19:20,293.407,293.408,293.406,293.406
2025-05-14 07:19:25,293.406,293.406,293.391,293.391
2025-05-14 07:19:30,293.391,293.394,293.39,293.394
2025-05-14 07:19:35,293.393,293.394,293.385,293.385
2025-05-14 07:19:40,293.385,293.387,293.38,293.385
2025-05-14 07:19:45,293.383,293.384,293.381,293.381
2025-05-14 07:19:50,293.381,293.382,293.379,293.382
2025-05-14 07:19:55,293.382,293.382,293.377,293.382
2025-05-14 07:20:00,293.382,293.394,293.382,293.394
2025-05-14 07:20:05,293.394,293.395,293.391,293.395
2025-05-14 07:20:10,293.395,293.396,293.384,293.385
2025-05-14 07:20:15,293.385,293.387,293.385,293.386
2025-05-14 07:20:20,293.386,293.398,293.386,293.398
2025-05-14 07:20:25,293.398,293.398,293.386,293.386
2025-05-14 07:20:30,293.386,293.396,293.384,293.392
2025-05-14 07:20:35,293.392,293.4,293.392,293.4
2025-05-14 07:20:40,293.4,293.4,293.393,293.393
2025-05-14 07:20:45,293.393,293.394,293.391,293.391
2025-05-14 07:20:50,293.391,293.391,293.388,293.388
2025-05-14 07:20:55,293.388,293.391,293.385,293.391
2025-05-14 07:21:00,293.389,293.393,293.389,293.391
2025-05-14 07:21:05,293.392,293.392,293.389,293.391
2025-05-14 07:21:10,293.391,293.391,293.39,293.391
2025-05-14 07:21:15,293.391,293.392,293.385,293.388
2025-05-14 07:21:20,293.39,293.39,293.384,293.384
2025-05-14 07:21:25,293.373,293.377,293.366,293.368
2025-05-14 07:21:30,293.368,293.368,293.361,293.361
2025-05-14 07:21:35,293.361,293.363,293.357,293.363
2025-05-14 07:21:40,293.363,293.364,293.362,293.364
2025-05-14 07:21:45,293.366,293.366,293.362,293.364
2025-05-14 07:21:50,293.364,293.365,293.358,293.365
2025-05-14 07:21:55,293.365,293.365,293.361,293.364
2025-05-14 07:22:00,293.364,293.38,293.364,293.376
2025-05-14 07:22:05,293.376,293.376,293.368,293.368
2025-05-14 07:22:10,293.368,293.372,293.368,293.372
2025-05-14 07:22:15,293.372,293.381,293.369,293.369
2025-05-14 07:22:20,293.369,293.369,293.365,293.365
2025-05-14 07:22:25,293.364,293.368,293.364,293.367
2025-05-14 07:22:30,293.367,293.368,293.365,293.365
2025-05-14 07:22:35,293.364,293.369,293.364,293.369
2025-05-14 07:22:40,293.369,293.383,293.369,293.382
2025-05-14 07:22:45,293.381,293.382,293.379,293.379
2025-05-14 07:22:50,293.381,293.381,293.363,293.363
2025-05-14 07:22:55,293.363,293.364,293.362,293.364
2025-05-14 07:23:00,293.366,293.368,293.364,293.368
2025-05-14 07:23:05,293.37,293.38,293.37,293.375
2025-05-14 07:23:10,293.374,293.377,293.372,293.377
2025-05-14 07:23:15,293.377,293.384,293.377,293.383
2025-05-14 07:23:20,293.384,293.387,293.377,293.379
2025-05-14 07:23:25,293.379,293.379,293.376,293.376
2025-05-14 07:23:30,293.374,293.374,293.367,293.372
2025-05-14 07:23:35,293.372,293.387,293.372,293.386
2025-05-14 07:23:40,293.387,293.393,293.387,293.393
2025-05-14 07:23:45,293.392,293.392,293.388,293.39
2025-05-14 07:23:50,293.388,293.388,293.384,293.384
2025-05-14 07:23:55,293.384,293.384,293.38,293.38
2025-05-14 07:24:00,293.381,293.382,293.377,293.382
2025-05-14 07:24:05,293.382,293.382,293.379,293.381
2025-05-14 07:24:10,293.383,293.383,293.38,293.38
2025-05-14 07:24:15,293.38,293.382,293.373,293.374
2025-05-14 07:24:20,293.376,293.376,293.367,293.368
2025-05-14 07:24:25,293.368,293.368,293.361,293.362
2025-05-14 07:24:30,293.363,293.363,293.355,293.357
2025-05-14 07:24:35,293.357,293.361,293.356,293.356
2025-05-14 07:24:40,293.357,293.359,293.354,293.354
2025-05-14 07:24:45,293.354,293.354,293.348,293.348
2025-05-14 07:24:50,293.348,293.348,293.343,293.343
2025-05-14 07:24:55,293.341,293.345,293.341,293.343
2025-05-14 07:25:00,293.343,293.354,293.343,293.354
2025-05-14 07:25:05,293.354,293.358,293.354,293.358
2025-05-14 07:25:10,293.358,293.359,293.354,293.357
2025-05-14 07:25:15,293.357,293.365,293.357,293.363
2025-05-14 07:25:20,293.363,293.363,293.36,293.363
2025-05-14 07:25:25,293.363,293.365,293.362,293.365
2025-05-14 07:25:30,293.364,293.367,293.362,293.362
2025-05-14 07:25:35,293.362,293.365,293.356,293.365
2025-05-14 07:25:40,293.365,293.368,293.363,293.366
2025-05-14 07:25:45,293.367,293.368,293.362,293.365
2025-05-14 07:25:50,293.367,293.373,293.367,293.372
2025-05-14 07:25:55,293.372,293.38,293.372,293.38
2025-05-14 07:26:00,293.38,293.386,293.38,293.386
2025-05-14 07:26:05,293.387,293.387,293.383,293.386
2025-05-14 07:26:10,293.389,293.389,293.382,293.383
2025-05-14 07:26:15,293.383,293.383,293.379,293.379
2025-05-14 07:26:20,293.379,293.38,293.374,293.374
2025-05-14 07:26:25,293.371,293.371,293.365,293.37
2025-05-14 07:26:30,293.372,293.372,293.368,293.369
2025-05-14 07:26:35,293.369,293.369,293.357,293.36
2025-05-14 07:26:40,293.36,293.361,293.356,293.36
2025-05-14 07:26:45,293.36,293.361,293.359,293.361
2025-05-14 07:26:50,293.36,293.367,293.36,293.364
2025-05-14 07:26:55,293.364,293.365,293.362,293.364
2025-05-14 07:27:00,293.364,293.376,293.36,293.376
2025-05-14 07:27:05,293.376,293.381,293.373,293.381
2025-05-14 07:27:10,293.38,293.387,293.379,293.387
2025-05-14 07:27:15,293.387,293.387,293.377,293.377
2025-05-14 07:27:20,293.377,293.382,293.373,293.373
2025-05-14 07:27:25,293.371,293.376,293.371,293.374
2025-05-14 07:27:30,293.371,293.371,293.368,293.368
2025-05-14 07:40:55,293.333,293.337,293.333,293.335
2025-05-14 07:41:00,293.337,293.337,293.33,293.333
2025-05-14 07:41:05,293.333,293.349,293.333,293.348
2025-05-14 07:41:10,293.348,293.349,293.343,293.343
2025-05-14 07:41:15,293.343,293.345,293.342,293.345
2025-05-14 07:41:20,293.342,293.342,293.339,293.339
2025-05-14 07:41:25,293.34,293.341,293.334,293.337
2025-05-14 07:41:30,293.336,293.336,293.331,293.332
2025-05-14 07:41:35,293.332,293.334,293.329,293.334
2025-05-14 07:41:40,293.332,293.339,293.33,293.339
2025-05-14 07:41:45,293.339,293.34,293.336,293.338
2025-05-14 07:41:50,293.334,293.334,293.328,293.328
2025-05-14 07:41:55,293.328,293.328,293.321,293.321
2025-05-14 07:42:00,293.322,293.323,293.313,293.313
2025-05-14 07:42:05,293.315,293.32,293.313,293.317
2025-05-14 07:42:10,293.317,293.318,293.315,293.315
2025-05-14 07:42:15,293.315,293.321,293.315,293.316
2025-05-14 07:42:20,293.316,293.326,293.316,293.326
2025-05-14 07:42:25,293.323,293.324,293.321,293.321
2025-05-14 07:42:30,293.321,293.328,293.32,293.327
2025-05-14 07:42:35,293.327,293.334,293.324,293.334
2025-05-14 07:42:40,293.334,293.335,293.333,293.335
2025-05-14 07:42:45,293.335,293.337,293.334,293.335
2025-05-14 07:42:50,293.333,293.341,293.333,293.338
2025-05-14 07:42:55,293.338,293.34,293.338,293.338
2025-05-14 07:43:00,293.336,293.337,293.336,293.337
2025-05-14 07:43:05,293.342,293.344,293.338,293.338
2025-05-14 07:43:10,293.338,293.338,293.332,293.332
2025-05-14 07:43:15,293.332,293.34,293.332,293.338
2025-05-14 07:43:20,293.338,293.338,293.326,293.327
2025-05-14 07:43:25,293.327,293.339,293.327,293.339
2025-05-14 07:43:30,293.34,293.35,293.34,293.35
2025-05-14 07:43:35,293.35,293.357,293.35,293.357
2025-05-14 07:43:40,293.357,293.357,293.34,293.34
2025-05-14 07:43:45,293.34,293.34,293.335,293.336
2025-05-14 07:43:50,293.338,293.338,293.324,293.324
2025-05-14 07:43:55,293.324,293.326,293.321,293.321
2025-05-14 07:44:00,293.319,293.319,293.309,293.309
2025-05-14 07:44:05,293.309,293.314,293.308,293.314
2025-05-14 07:44:10,293.312,293.321,293.312,293.313
2025-05-14 07:44:15,293.313,293.313,293.303,293.303
2025-05-14 07:44:20,293.302,293.302,293.292,293.292
2025-05-14 07:44:25,293.292,293.305,293.291,293.305
2025-05-14 07:44:30,293.305,293.311,293.305,293.311
2025-05-14 07:44:35,293.311,293.314,293.31,293.314
2025-05-14 07:44:40,293.314,293.318,293.314,293.316
2025-05-14 07:44:45,293.317,293.322,293.316,293.316
2025-05-14 07:44:50,293.316,293.317,293.315,293.315
2025-05-14 07:44:55,293.315,293.324,293.315,293.324
2025-05-14 07:45:00,293.324,293.33,293.324,293.328
2025-05-14 07:45:05,293.328,293.329,293.32,293.32
2025-05-14 07:45:10,293.32,293.32,293.315,293.316
2025-05-14 07:45:15,293.316,293.318,293.315,293.318
2025-05-14 07:45:20,293.318,293.322,293.316,293.321
2025-05-14 07:45:25,293.32,293.32,293.315,293.315
2025-05-14 07:45:30,293.313,293.316,293.313,293.316
2025-05-14 07:45:35,293.317,293.317,293.304,293.304
2025-05-14 07:45:40,293.304,293.304,293.3,293.301
2025-05-14 07:45:45,293.3,293.301,293.297,293.297
2025-05-14 07:45:50,293.297,293.303,293.297,293.303
2025-05-14 07:45:55,293.314,293.327,293.314,293.326
2025-05-14 07:46:00,293.326,293.335,293.326,293.335
2025-05-14 07:46:05,293.333,293.339,293.331,293.339
2025-05-14 07:46:10,293.338,293.346,293.338,293.346
2025-05-14 07:46:15,293.346,293.347,293.344,293.347
2025-05-14 07:46:20,293.347,293.348,293.346,293.347
2025-05-14 07:46:25,293.347,293.347,293.339,293.339
2025-05-14 07:46:30,293.338,293.344,293.337,293.342
2025-05-14 07:46:35,293.342,293.343,293.338,293.339
2025-05-14 07:46:40,293.339,293.339,293.335,293.336
2025-05-14 07:46:45,293.339,293.339,293.335,293.338
2025-05-14 07:46:50,293.335,293.335,293.324,293.325
2025-05-14 07:46:55,293.325,293.329,293.325,293.327
2025-05-14 07:47:00,293.327,293.328,293.322,293.322
2025-05-14 07:47:05,293.321,293.338,293.321,293.338
2025-05-14 07:47:10,293.336,293.338,293.336,293.338
2025-05-14 07:47:15,293.337,293.338,293.331,293.331
2025-05-14 07:47:20,293.33,293.331,293.33,293.33
2025-05-14 07:47:25,293.333,293.335,293.329,293.335
2025-05-14 07:47:30,293.336,293.341,293.336,293.341
2025-05-14 07:47:35,293.341,293.341,293.338,293.341
2025-05-14 07:47:40,293.341,293.361,293.341,293.36
2025-05-14 07:47:45,293.359,293.362,293.359,293.362
2025-05-14 07:47:50,293.362,293.362,293.359,293.36
2025-05-14 07:47:55,293.363,293.366,293.358,293.366
2025-05-14 07:48:00,293.366,293.366,293.357,293.365
2025-05-14 07:48:05,293.367,293.371,293.366,293.371
2025-05-14 07:48:10,293.369,293.371,293.365,293.366
2025-05-14 07:48:15,293.366,293.37,293.366,293.37
2025-05-14 07:48:20,293.37,293.37,293.365,293.365
2025-05-14 07:48:25,293.365,293.373,293.365,293.373
2025-05-14 07:48:30,293.374,293.381,293.372,293.372
2025-05-14 07:48:35,293.372,293.373,293.37,293.373
2025-05-14 07:48:40,293.373,293.38,293.373,293.379
2025-05-14 07:48:45,293.379,293.379,293.369,293.371
2025-05-14 07:48:50,293.373,293.378,293.372,293.378
2025-05-14 07:48:55,293.376,293.379,293.376,293.376
2025-05-14 07:49:00,293.376,293.377,293.373,293.376
2025-05-14 07:49:05,293.376,293.377,293.368,293.368
2025-05-14 07:49:10,293.368,293.373,293.367,293.373
2025-05-14 07:49:15,293.377,293.38,293.377,293.379
2025-05-14 07:49:20,293.379,293.379,293.371,293.371
2025-05-14 07:49:25,293.371,293.375,293.371,293.373
2025-05-14 07:49:30,293.371,293.371,293.358,293.358
2025-05-14 07:49:35,293.358,293.364,293.358,293.364
2025-05-14 07:49:40,293.364,293.368,293.362,293.362
2025-05-14 07:49:45,293.362,293.371,293.362,293.363
2025-05-14 07:49:50,293.361,293.373,293.361,293.372
2025-05-14 07:49:55,293.37,293.37,293.365,293.366
2025-05-14 07:50:00,293.366,293.374,293.366,293.374
2025-05-14 07:50:05,293.374,293.378,293.374,293.377
2025-05-14 07:50:10,293.376,293.379,293.376,293.377
2025-05-14 07:50:15,293.379,293.38,293.378,293.378
2025-05-14 07:50:20,293.378,293.378,293.373,293.375
2025-05-14 07:50:25,293.375,293.385,293.375,293.382
2025-05-14 07:50:30,293.384,293.391,293.384,293.391
2025-05-14 07:50:35,293.391,293.391,293.387,293.389
2025-05-14 07:50:40,293.389,293.395,293.388,293.395
2025-05-14 07:50:45,293.395,293.397,293.386,293.386
2025-05-14 07:50:50,293.386,293.387,293.383,293.383
2025-05-14 07:50:55,293.384,293.384,293.372,293.375
2025-05-14 07:51:00,293.375,293.384,293.375,293.383
2025-05-14 07:51:05,293.383,293.384,293.38,293.384
2025-05-14 07:51:10,293.384,293.39,293.384,293.39
2025-05-14 07:51:15,293.388,293.39,293.386,293.389
2025-05-14 07:51:20,293.389,293.396,293.388,293.396
2025-05-14 07:51:25,293.396,293.397,293.393,293.395
2025-05-14 07:51:30,293.395,293.403,293.39,293.402
2025-05-14 07:51:35,293.407,293.413,293.407,293.41
2025-05-14 07:51:40,293.41,293.414,293.41,293.412
2025-05-14 07:51:45,293.415,293.417,293.413,293.417
2025-05-14 07:51:50,293.417,293.426,293.417,293.426
2025-05-14 07:51:55,293.425,293.427,293.423,293.423
2025-05-14 07:52:00,293.423,293.423,293.414,293.414
2025-05-14 07:52:05,293.414,293.414,293.41,293.41
2025-05-14 07:52:10,293.408,293.408,293.405,293.405
2025-05-14 07:52:15,293.406,293.412,293.406,293.412
2025-05-14 07:52:20,293.412,293.413,293.409,293.413
2025-05-14 07:52:25,293.411,293.415,293.41,293.414
2025-05-14 07:52:30,293.415,293.417,293.414,293.415
2025-05-14 07:52:35,293.415,293.415,293.412,293.413
2025-05-14 07:52:40,293.413,293.414,293.406,293.411
2025-05-14 07:52:45,293.41,293.415,293.41,293.415
2025-05-14 07:52:50,293.415,293.417,293.415,293.415
2025-05-14 07:52:55,293.415,293.418,293.414,293.418
2025-05-14 07:53:00,293.417,293.417,293.413,293.416
2025-05-14 07:53:05,293.416,293.424,293.416,293.424
2025-05-14 07:53:10,293.424,293.424,293.414,293.415
2025-05-14 07:53:15,293.415,293.417,293.409,293.409
2025-05-14 07:53:20,293.409,293.41,293.403,293.404
2025-05-14 07:53:25,293.405,293.405,293.385,293.386
2025-05-14 07:53:30,293.386,293.388,293.381,293.388
2025-05-14 07:53:35,293.387,293.391,293.387,293.391
2025-05-14 07:53:40,293.391,293.391,293.381,293.385
2025-05-14 07:53:45,293.385,293.387,293.383,293.383
2025-05-14 07:53:50,293.384,293.387,293.384,293.386
2025-05-14 07:53:55,293.386,293.389,293.385,293.389
2025-05-14 07:54:00,293.39,293.391,293.389,293.391
2025-05-14 07:54:05,293.392,293.398,293.392,293.397
2025-05-14 07:54:10,293.397,293.403,293.397,293.403
2025-05-14 07:54:15,293.404,293.417,293.404,293.417
2025-05-14 07:54:20,293.416,293.416,293.402,293.402
2025-05-14 07:54:25,293.402,293.408,293.402,293.406
2025-05-14 07:54:30,293.406,293.406,293.403,293.404
2025-05-14 07:54:35,293.404,293.405,293.404,293.405
2025-05-14 07:54:40,293.405,293.405,293.396,293.396
2025-05-14 07:54:45,293.396,293.397,293.394,293.394
2025-05-14 07:54:50,293.394,293.399,293.394,293.398
2025-05-14 07:54:55,293.398,293.401,293.397,293.401
2025-05-14 07:55:00,293.401,293.406,293.401,293.401
2025-05-14 07:55:05,293.401,293.404,293.398,293.399
2025-05-14 07:55:10,293.399,293.404,293.399,293.404
2025-05-14 07:55:15,293.405,293.417,293.405,293.417
2025-05-14 07:55:20,293.42,293.421,293.415,293.418
2025-05-14 07:55:25,293.418,293.418,293.414,293.414
2025-05-14 07:55:30,293.414,293.414,293.397,293.397
2025-05-14 07:55:35,293.397,293.401,293.394,293.4
2025-05-14 07:55:40,293.396,293.399,293.396,293.399
2025-05-14 07:55:45,293.399,293.401,293.392,293.392
2025-05-14 07:55:50,293.392,293.397,293.391,293.391
2025-05-14 07:55:55,293.39,293.392,293.389,293.389
2025-05-14 07:56:00,293.388,293.39,293.388,293.389
2025-05-14 07:56:05,293.389,293.39,293.387,293.388
2025-05-14 07:56:10,293.388,293.388,293.383,293.387
2025-05-14 07:56:15,293.388,293.392,293.388,293.391
2025-05-14 07:56:20,293.391,293.397,293.391,293.395
2025-05-14 07:56:25,293.395,293.397,293.393,293.393
2025-05-14 07:56:30,293.393,293.393,293.387,293.387
2025-05-14 07:56:35,293.389,293.389,293.376,293.376
2025-05-14 07:56:40,293.378,293.383,293.377,293.383
2025-05-14 07:56:45,293.383,293.383,293.38,293.381
2025-05-14 07:56:50,293.381,293.386,293.381,293.385
2025-05-14 07:56:55,293.386,293.386,293.384,293.384
2025-05-14 07:57:00,293.383,293.39,293.383,293.39
2025-05-14 07:57:05,293.39,293.394,293.387,293.394
2025-05-14 07:57:10,293.394,293.4,293.394,293.399
2025-05-14 07:57:15,293.4,293.402,293.396,293.396
2025-05-14 07:57:20,293.396,293.397,293.393,293.396
2025-05-14 07:57:25,293.396,293.399,293.388,293.388
2025-05-14 07:57:30,293.388,293.392,293.384,293.392
2025-05-14 07:57:35,293.393,293.393,293.38,293.381
2025-05-14 07:57:40,293.382,293.382,293.37,293.37
2025-05-14 07:57:45,293.37,293.377,293.37,293.377
2025-05-14 07:57:50,293.376,293.384,293.376,293.384
2025-05-14 07:57:55,293.384,293.386,293.383,293.386
2025-05-14 07:58:00,293.386,293.386,293.38,293.38
2025-05-14 07:58:05,293.38,293.383,293.38,293.382
2025-05-14 07:58:10,293.383,293.393,293.383,293.393
2025-05-14 07:58:15,293.393,293.403,293.393,293.401
2025-05-14 07:58:20,293.401,293.402,293.399,293.402
2025-05-14 07:58:25,293.402,293.402,293.392,293.392
2025-05-14 07:58:30,293.392,293.393,293.39,293.393
2025-05-14 07:58:35,293.393,293.393,293.386,293.39
2025-05-14 07:58:40,293.39,293.396,293.388,293.395
2025-05-14 07:58:45,293.391,293.398,293.391,293.394
2025-05-14 07:58:50,293.394,293.394,293.392,293.392
2025-05-14 07:58:55,293.392,293.398,293.389,293.398
2025-05-14 07:59:00,293.396,293.406,293.396,293.405
2025-05-14 07:59:05,293.407,293.41,293.407,293.41
2025-05-14 07:59:10,293.41,293.41,293.407,293.408
2025-05-14 07:59:15,293.408,293.414,293.408,293.414
2025-05-14 07:59:20,293.414,293.419,293.414,293.419
2025-05-14 07:59:25,293.419,293.42,293.417,293.42
2025-05-14 07:59:30,293.421,293.421,293.416,293.416
2025-05-14 07:59:35,293.416,293.418,293.409,293.41
2025-05-14 07:59:40,293.416,293.42,293.416,293.42
2025-05-14 07:59:45,293.421,293.421,293.412,293.412
2025-05-14 07:59:50,293.41,293.413,293.41,293.411
2025-05-14 07:59:55,293.411,293.412,293.403,293.403
2025-05-14 08:00:00,293.404,293.408,293.404,293.408
2025-05-14 08:00:05,293.408,293.413,293.408,293.412
2025-05-14 08:00:10,293.413,293.417,293.413,293.416
2025-05-14 08:00:15,293.416,293.418,293.412,293.418
2025-05-14 08:00:20,293.417,293.417,293.408,293.411
2025-05-14 08:00:25,293.411,293.411,293.405,293.41
2025-05-14 08:00:30,293.406,293.408,293.405,293.408
2025-05-14 08:00:35,293.408,293.408,293.404,293.407
2025-05-14 08:00:40,293.407,293.407,293.404,293.404
2025-05-14 08:00:45,293.404,293.407,293.404,293.407
2025-05-14 08:00:50,293.407,293.415,293.406,293.41
2025-05-14 08:00:55,293.41,293.414,293.403,293.403
2025-05-14 08:01:00,293.405,293.405,293.391,293.391
2025-05-14 08:01:05,293.391,293.391,293.385,293.387
2025-05-14 08:01:10,293.387,293.394,293.387,293.393
2025-05-14 08:01:15,293.393,293.397,293.392,293.394
2025-05-14 08:01:20,293.39,293.39,293.388,293.389
2025-05-14 08:01:25,293.391,293.391,293.39,293.39
2025-05-14 08:01:30,293.394,293.4,293.394,293.4
2025-05-14 08:01:35,293.4,293.404,293.398,293.398
2025-05-14 08:01:40,293.398,293.398,293.393,293.393
2025-05-14 08:01:45,293.393,293.397,293.392,293.394
2025-05-14 08:01:50,293.394,293.394,293.38,293.38
2025-05-14 08:01:55,293.38,293.38,293.369,293.37
2025-05-14 08:02:00,293.37,293.373,293.37,293.373
2025-05-14 08:02:05,293.373,293.38,293.372,293.377
2025-05-14 08:02:10,293.377,293.38,293.377,293.378
2025-05-14 08:02:15,293.378,293.384,293.374,293.384
2025-05-14 08:02:20,293.384,293.387,293.381,293.381
2025-05-14 08:02:25,293.382,293.382,293.379,293.38
2025-05-14 08:02:30,293.38,293.382,293.38,293.38
2025-05-14 08:02:35,293.38,293.38,293.373,293.373
2025-05-14 08:02:40,293.373,293.376,293.371,293.371
2025-05-14 08:02:45,293.371,293.371,293.37,293.37
2025-05-14 08:02:50,293.37,293.377,293.37,293.377
2025-05-14 08:02:55,293.377,293.377,293.367,293.368
2025-05-14 08:03:00,293.368,293.369,293.366,293.368
2025-05-14 08:03:05,293.369,293.375,293.369,293.375
2025-05-14 08:03:10,293.375,293.381,293.375,293.381
2025-05-14 08:03:15,293.381,293.383,293.38,293.382
2025-05-14 08:03:20,293.382,293.384,293.38,293.38
2025-05-14 08:03:25,293.38,293.383,293.38,293.383
2025-05-14 08:03:30,293.383,293.383,293.379,293.379
2025-05-14 08:03:35,293.379,293.381,293.372,293.375
2025-05-14 08:03:40,293.375,293.379,293.375,293.379
2025-05-14 08:03:45,293.377,293.377,293.373,293.376
2025-05-14 08:03:50,293.378,293.381,293.376,293.376
2025-05-14 08:03:55,293.377,293.377,293.374,293.376
2025-05-14 08:04:00,293.376,293.385,293.375,293.385
2025-05-14 08:04:05,293.388,293.395,293.387,293.395
2025-05-14 08:04:10,293.395,293.397,293.39,293.396
2025-05-14 08:04:15,293.397,293.397,293.394,293.397
2025-05-14 08:04:20,293.397,293.398,293.395,293.397
2025-05-14 08:04:25,293.396,293.401,293.395,293.395
2025-05-14 08:04:30,293.393,293.401,293.392,293.401
2025-05-14 08:04:35,293.401,293.404,293.401,293.402
2025-05-14 08:04:40,293.401,293.401,293.376,293.376
2025-05-14 08:04:45,293.376,293.376,293.374,293.374
2025-05-14 08:04:50,293.374,293.384,293.372,293.384
2025-05-14 08:04:55,293.385,293.385,293.378,293.38
2025-05-14 08:05:00,293.379,293.383,293.378,293.383
2025-05-14 08:05:05,293.386,293.39,293.386,293.39
2025-05-14 08:05:10,293.39,293.393,293.39,293.393
2025-05-14 08:05:15,293.395,293.395,293.39,293.39
2025-05-14 08:05:20,293.39,293.39,293.384,293.386
2025-05-14 08:05:25,293.388,293.395,293.384,293.395
2025-05-14 08:05:30,293.396,293.396,293.392,293.394
2025-05-14 08:05:35,293.392,293.396,293.391,293.396
2025-05-14 08:05:40,293.396,293.397,293.395,293.397
2025-05-14 08:05:45,293.395,293.399,293.394,293.397
2025-05-14 08:05:50,293.397,293.397,293.395,293.396
2025-05-14 08:05:55,293.396,293.396,293.39,293.39
2025-05-14 08:06:00,293.39,293.39,293.38,293.384
2025-05-14 08:06:05,293.385,293.385,293.379,293.382
2025-05-14 08:06:10,293.383,293.384,293.381,293.383
2025-05-14 08:06:15,293.385,293.39,293.381,293.381
2025-05-14 08:06:20,293.381,293.381,293.365,293.365
2025-05-14 08:06:25,293.363,293.365,293.362,293.362
2025-05-14 08:06:30,293.362,293.366,293.361,293.366
2025-05-14 08:06:35,293.367,293.367,293.359,293.359
2025-05-14 08:06:40,293.362,293.362,293.356,293.356
2025-05-14 08:06:45,293.357,293.357,293.355,293.355
2025-05-14 08:06:50,293.355,293.356,293.351,293.352
2025-05-14 08:06:55,293.352,293.357,293.35,293.357
2025-05-14 08:07:00,293.357,293.361,293.357,293.359
2025-05-14 08:07:05,293.359,293.366,293.359,293.366
2025-05-14 08:07:10,293.367,293.368,293.366,293.368
2025-05-14 08:07:15,293.37,293.373,293.37,293.372
2025-05-14 08:07:20,293.372,293.374,293.369,293.371
2025-05-14 08:07:25,293.371,293.374,293.365,293.365
2025-05-14 08:07:30,293.365,293.366,293.361,293.361
2025-05-14 08:07:35,293.362,293.368,293.362,293.368
2025-05-14 08:07:40,293.368,293.38,293.368,293.375
2025-05-14 08:07:45,293.375,293.382,293.375,293.382
2025-05-14 08:07:50,293.382,293.382,293.378,293.38
2025-05-14 08:07:55,293.38,293.385,293.38,293.385
2025-05-14 08:08:00,293.385,293.385,293.377,293.38
2025-05-14 08:08:05,293.38,293.391,293.38,293.384
2025-05-14 08:08:10,293.384,293.384,293.379,293.379
2025-05-14 08:08:15,293.379,293.382,293.378,293.382
2025-05-14 08:08:20,293.382,293.382,293.381,293.381
2025-05-14 08:08:25,293.381,293.389,293.381,293.388
2025-05-14 08:08:30,293.388,293.39,293.385,293.385
2025-05-14 08:08:35,293.385,293.386,293.383,293.384
2025-05-14 08:08:40,293.384,293.388,293.383,293.387
2025-05-14 08:08:45,293.387,293.389,293.387,293.389
2025-05-14 08:08:50,293.389,293.389,293.38,293.38
2025-05-14 08:08:55,293.383,293.383,293.372,293.372
2025-05-14 08:09:00,293.372,293.375,293.372,293.375
2025-05-14 08:09:05,293.375,293.377,293.375,293.375
2025-05-14 08:09:10,293.374,293.374,293.369,293.37
2025-05-14 08:09:15,293.373,293.373,293.369,293.37
2025-05-14 08:09:20,293.37,293.37,293.368,293.368
2025-05-14 08:09:25,293.368,293.368,293.36,293.362
2025-05-14 08:09:30,293.362,293.365,293.361,293.363
2025-05-14 08:09:35,293.365,293.366,293.365,293.365
2025-05-14 08:09:40,293.361,293.363,293.359,293.363
2025-05-14 08:09:45,293.363,293.364,293.361,293.364
2025-05-14 08:09:50,293.367,293.367,293.36,293.362
2025-05-14 08:09:55,293.359,293.363,293.357,293.359
2025-05-14 08:10:00,293.359,293.372,293.359,293.372
2025-05-14 08:10:05,293.37,293.373,293.367,293.372
2025-05-14 08:10:10,293.37,293.378,293.368,293.378
2025-05-14 08:10:15,293.379,293.39,293.379,293.39
2025-05-14 08:10:20,293.39,293.392,293.381,293.381
2025-05-14 08:10:25,293.381,293.386,293.375,293.386
2025-05-14 08:10:30,293.388,293.391,293.388,293.388
2025-05-14 08:10:35,293.388,293.392,293.388,293.389
2025-05-14 08:10:40,293.389,293.393,293.387,293.387
2025-05-14 08:10:45,293.387,293.391,293.387,293.391
2025-05-14 08:10:50,293.392,293.394,293.39,293.392
2025-05-14 08:10:55,293.391,293.392,293.389,293.389
2025-05-14 08:11:00,293.39,293.391,293.384,293.387
2025-05-14 08:11:05,293.387,293.391,293.385,293.391
2025-05-14 08:11:10,293.391,293.395,293.391,293.393
2025-05-14 08:11:15,293.394,293.404,293.394,293.404
2025-05-14 08:11:20,293.403,293.408,293.403,293.408
2025-05-14 08:11:25,293.407,293.408,293.407,293.408
2025-05-14 08:11:30,293.408,293.408,293.406,293.408
2025-05-14 08:11:35,293.407,293.408,293.405,293.406
2025-05-14 08:11:40,293.407,293.407,293.401,293.401
2025-05-14 08:11:45,293.401,293.405,293.396,293.396
2025-05-14 08:11:50,293.396,293.397,293.395,293.396
2025-05-14 08:11:55,293.398,293.398,293.384,293.384
2025-05-14 08:12:00,293.383,293.392,293.383,293.391
2025-05-14 08:12:05,293.391,293.391,293.381,293.381
2025-05-14 08:12:10,293.381,293.387,293.381,293.383
2025-05-14 08:12:15,293.38,293.38,293.378,293.379
2025-05-14 08:12:20,293.379,293.383,293.37,293.37
2025-05-14 08:12:25,293.37,293.371,293.357,293.357
2025-05-14 08:12:30,293.357,293.357,293.355,293.355
2025-05-14 08:12:35,293.355,293.359,293.355,293.357
2025-05-14 08:12:40,293.358,293.358,293.356,293.358
2025-05-14 08:12:45,293.358,293.358,293.345,293.345
2025-05-14 08:12:50,293.345,293.345,293.335,293.335
2025-05-14 08:12:55,293.334,293.341,293.334,293.34
2025-05-14 08:13:00,293.34,293.341,293.34,293.341
2025-05-14 08:13:05,293.341,293.343,293.339,293.341
2025-05-14 08:13:10,293.341,293.347,293.341,293.347
2025-05-14 08:13:15,293.357,293.358,293.357,293.358
2025-05-14 08:13:20,293.357,293.37,293.357,293.37
2025-05-14 08:13:25,293.37,293.374,293.365,293.365
2025-05-14 08:13:30,293.365,293.368,293.357,293.368
2025-05-14 08:13:35,293.368,293.368,293.365,293.366
2025-05-14 08:13:40,293.368,293.373,293.368,293.372
2025-05-14 08:13:45,293.372,293.372,293.365,293.365
2025-05-14 08:13:50,293.365,293.369,293.362,293.363
2025-05-14 08:13:55,293.362,293.362,293.36,293.362
2025-05-14 08:14:00,293.36,293.36,293.342,293.342
2025-05-14 08:14:05,293.342,293.345,293.34,293.34
2025-05-14 08:14:10,293.34,293.346,293.34,293.346
2025-05-14 08:14:15,293.344,293.346,293.341,293.346
2025-05-14 08:14:20,293.346,293.357,293.346,293.356
2025-05-14 08:14:25,293.356,293.359,293.356,293.356
2025-05-14 08:14:30,293.356,293.356,293.352,293.352
2025-05-14 08:14:35,293.351,293.353,293.347,293.347
2025-05-14 08:14:40,293.347,293.362,293.346,293.362
2025-05-14 08:14:45,293.362,293.383,293.362,293.383
2025-05-14 08:14:50,293.383,293.389,293.383,293.387
2025-05-14 08:14:55,293.388,293.395,293.385,293.392
2025-05-14 08:15:00,293.392,293.394,293.387,293.387
2025-05-14 08:15:05,293.387,293.387,293.386,293.386
2025-05-14 08:15:10,293.386,293.386,293.379,293.379
2025-05-14 08:15:15,293.379,293.386,293.379,293.386
2025-05-14 08:15:20,293.384,293.393,293.384,293.393
2025-05-14 08:15:25,293.394,293.398,293.394,293.394
2025-05-14 08:15:30,293.396,293.401,293.396,293.401
2025-05-14 08:15:35,293.399,293.403,293.399,293.403
2025-05-14 08:15:40,293.405,293.411,293.405,293.408
2025-05-14 08:15:45,293.408,293.41,293.408,293.408
2025-05-14 08:15:50,293.408,293.408,293.4,293.4
2025-05-14 08:15:55,293.4,293.4,293.396,293.399
2025-05-14 08:16:00,293.399,293.4,293.394,293.394
2025-05-14 08:16:05,293.394,293.397,293.394,293.397
2025-05-14 08:16:10,293.399,293.399,293.385,293.392
2025-05-14 08:16:15,293.392,293.406,293.392,293.406
2025-05-14 08:16:20,293.404,293.412,293.404,293.412
2025-05-14 08:16:25,293.413,293.415,293.408,293.408
2025-05-14 08:16:30,293.408,293.409,293.395,293.395
2025-05-14 08:16:35,293.395,293.407,293.392,293.403
2025-05-14 08:16:40,293.403,293.404,293.401,293.401
2025-05-14 08:16:45,293.403,293.408,293.401,293.408
2025-05-14 08:16:50,293.409,293.409,293.403,293.405
2025-05-14 08:16:55,293.405,293.407,293.403,293.405
2025-05-14 08:17:00,293.406,293.41,293.405,293.41
2025-05-14 08:17:05,293.409,293.411,293.409,293.409
2025-05-14 08:17:10,293.409,293.415,293.409,293.415
2025-05-14 08:17:15,293.415,293.421,293.415,293.419
2025-05-14 08:17:20,293.417,293.417,293.413,293.415
2025-05-14 08:17:25,293.416,293.416,293.412,293.414
2025-05-14 08:17:30,293.417,293.425,293.415,293.425
2025-05-14 08:17:35,293.425,293.425,293.42,293.424
2025-05-14 08:17:40,293.422,293.422,293.416,293.416
2025-05-14 08:17:45,293.416,293.418,293.407,293.407
2025-05-14 08:17:50,293.407,293.415,293.407,293.411
2025-05-14 08:17:55,293.411,293.411,293.397,293.397
2025-05-14 08:18:00,293.401,293.404,293.401,293.402
2025-05-14 08:18:05,293.403,293.405,293.398,293.404
2025-05-14 08:18:10,293.402,293.406,293.391,293.392
2025-05-14 08:18:15,293.392,293.396,293.384,293.384
2025-05-14 08:18:20,293.383,293.387,293.382,293.384
2025-05-14 08:18:25,293.383,293.387,293.383,293.386
2025-05-14 08:18:30,293.385,293.387,293.381,293.381
2025-05-14 08:18:35,293.381,293.383,293.381,293.381
2025-05-14 08:18:40,293.379,293.383,293.377,293.383
2025-05-14 08:18:45,293.382,293.392,293.382,293.386
2025-05-14 08:18:50,293.386,293.389,293.385,293.389
2025-05-14 08:18:55,293.389,293.389,293.38,293.38
2025-05-14 08:19:00,293.38,293.38,293.379,293.379
2025-05-14 08:19:05,293.379,293.381,293.377,293.381
2025-05-14 08:19:10,293.381,293.385,293.374,293.374
2025-05-14 08:19:15,293.374,293.376,293.364,293.364
2025-05-14 08:19:20,293.364,293.364,293.36,293.362
2025-05-14 08:19:25,293.358,293.369,293.358,293.367
2025-05-14 08:19:30,293.366,293.366,293.36,293.362
2025-05-14 08:19:35,293.362,293.37,293.362,293.369
2025-05-14 08:19:40,293.369,293.371,293.369,293.371
2025-05-14 08:19:45,293.371,293.375,293.367,293.375
2025-05-14 08:19:50,293.375,293.375,293.36,293.361
2025-05-14 08:19:55,293.361,293.365,293.359,293.365
2025-05-14 08:20:00,293.365,293.365,293.363,293.365
2025-05-14 08:20:05,293.365,293.365,293.355,293.355
2025-05-14 08:20:10,293.355,293.355,293.351,293.351
2025-05-14 08:20:15,293.351,293.361,293.351,293.358
2025-05-14 08:20:20,293.358,293.361,293.357,293.361
2025-05-14 08:20:25,293.359,293.363,293.358,293.359
2025-05-14 08:20:30,293.359,293.36,293.356,293.356
2025-05-14 08:20:35,293.356,293.357,293.344,293.344
2025-05-14 08:20:40,293.344,293.344,293.338,293.339
2025-05-14 08:20:45,293.34,293.343,293.34,293.343
2025-05-14 08:20:50,293.343,293.346,293.341,293.345
2025-05-14 08:20:55,293.345,293.355,293.345,293.355
2025-05-14 08:21:00,293.355,293.359,293.355,293.356
2025-05-14 08:21:05,293.357,293.361,293.356,293.359
2025-05-14 08:21:10,293.359,293.361,293.356,293.356
2025-05-14 08:21:15,293.358,293.365,293.358,293.362
2025-05-14 08:21:20,293.362,293.363,293.354,293.354
2025-05-14 08:21:25,293.354,293.356,293.352,293.356
2025-05-14 08:21:30,293.356,293.356,293.351,293.354
2025-05-14 08:21:35,293.354,293.354,293.351,293.352
2025-05-14 08:21:40,293.352,293.353,293.35,293.353
2025-05-14 08:21:45,293.353,293.355,293.352,293.353
2025-05-14 08:21:50,293.356,293.356,293.347,293.347
2025-05-14 08:21:55,293.347,293.35,293.347,293.349
2025-05-14 08:22:00,293.354,293.354,293.346,293.35
2025-05-14 08:22:05,293.349,293.351,293.342,293.343
2025-05-14 08:22:10,293.343,293.345,293.34,293.345
2025-05-14 08:22:15,293.343,293.345,293.341,293.341
2025-05-14 08:22:20,293.341,293.341,293.332,293.332
2025-05-14 08:22:25,293.342,293.346,293.342,293.345
2025-05-14 08:22:30,293.343,293.343,293.335,293.335
2025-05-14 08:22:35,293.335,293.336,293.333,293.335
2025-05-14 08:22:40,293.335,293.337,293.331,293.331
2025-05-14 08:22:45,293.332,293.338,293.332,293.336
2025-05-14 08:22:50,293.333,293.347,293.333,293.346
2025-05-14 08:22:55,293.343,293.343,293.338,293.339
2025-05-14 08:23:00,293.339,293.341,293.339,293.341
2025-05-14 08:23:05,293.34,293.34,293.329,293.329
2025-05-14 08:23:10,293.329,293.34,293.329,293.339
2025-05-14 08:23:15,293.339,293.345,293.339,293.345
2025-05-14 08:23:20,293.345,293.347,293.341,293.347
2025-05-14 08:23:25,293.346,293.353,293.345,293.353
2025-05-14 08:23:30,293.353,293.358,293.353,293.356
2025-05-14 08:23:35,293.356,293.359,293.356,293.358
2025-05-14 08:23:40,293.358,293.365,293.358,293.365
2025-05-14 08:23:45,293.367,293.37,293.364,293.364
2025-05-14 08:23:50,293.364,293.366,293.361,293.361
2025-05-14 08:23:55,293.361,293.364,293.361,293.362
2025-05-14 08:24:00,293.362,293.365,293.362,293.363
2025-05-14 08:24:05,293.363,293.364,293.357,293.357
2025-05-14 08:24:10,293.359,293.364,293.359,293.364
2025-05-14 08:24:15,293.364,293.372,293.364,293.371
2025-05-14 08:24:20,293.371,293.376,293.37,293.372
2025-05-14 08:24:25,293.372,293.373,293.367,293.367
2025-05-14 08:24:30,293.367,293.367,293.364,293.364
2025-05-14 08:24:35,293.366,293.373,293.366,293.373
2025-05-14 08:24:40,293.373,293.376,293.371,293.372
2025-05-14 08:24:45,293.372,293.377,293.37,293.377
2025-05-14 08:24:50,293.375,293.378,293.375,293.378
2025-05-14 08:24:55,293.378,293.378,293.37,293.37
2025-05-14 08:25:00,293.37,293.374,293.37,293.372
2025-05-14 08:25:05,293.372,293.372,293.37,293.371
2025-05-14 08:25:10,293.371,293.374,293.355,293.355
2025-05-14 08:25:15,293.354,293.357,293.354,293.356
2025-05-14 08:25:20,293.356,293.363,293.356,293.358
2025-05-14 08:25:25,293.358,293.358,293.35,293.35
2025-05-14 08:25:30,293.351,293.362,293.351,293.362
2025-05-14 08:25:35,293.362,293.362,293.353,293.353
2025-05-14 08:25:40,293.353,293.358,293.349,293.358
2025-05-14 08:25:45,293.358,293.361,293.358,293.36
2025-05-14 08:25:50,293.362,293.365,293.362,293.364
2025-05-14 08:25:55,293.364,293.364,293.361,293.361
2025-05-14 08:26:00,293.361,293.374,293.361,293.372
2025-05-14 08:26:05,293.372,293.379,293.371,293.371
2025-05-14 08:26:10,293.371,293.377,293.37,293.376
2025-05-14 08:26:15,293.377,293.385,293.377,293.385
2025-05-14 08:26:20,293.385,293.385,293.382,293.383
2025-05-14 08:26:25,293.383,293.384,293.382,293.383
2025-05-14 08:26:30,293.383,293.385,293.382,293.384
2025-05-14 08:26:35,293.389,293.39,293.383,293.384
2025-05-14 08:26:40,293.384,293.392,293.384,293.392
2025-05-14 08:26:45,293.392,293.394,293.391,293.394
2025-05-14 08:26:50,293.394,293.397,293.393,293.393
2025-05-14 08:26:55,293.393,293.405,293.393,293.405
2025-05-14 08:27:00,293.405,293.406,293.39,293.39
2025-05-14 08:27:05,293.39,293.394,293.39,293.394
2025-05-14 08:27:10,293.395,293.401,293.395,293.399
2025-05-14 08:27:15,293.397,293.399,293.395,293.396
2025-05-14 08:27:20,293.397,293.397,293.388,293.388
2025-05-14 08:27:25,293.389,293.39,293.388,293.388
2025-05-14 08:27:30,293.383,293.384,293.382,293.384
2025-05-14 08:27:35,293.384,293.391,293.383,293.391
2025-05-14 08:27:40,293.392,293.396,293.388,293.396
2025-05-14 08:27:45,293.394,293.398,293.391,293.398
2025-05-14 08:27:50,293.397,293.397,293.391,293.391
2025-05-14 08:27:55,293.391,293.395,293.391,293.395
2025-05-14 08:28:00,293.397,293.398,293.393,293.398
2025-05-14 08:28:05,293.397,293.402,293.387,293.402
2025-05-14 08:28:10,293.402,293.402,293.396,293.396
2025-05-14 08:28:15,293.396,293.407,293.396,293.407
2025-05-14 08:28:20,293.407,293.41,293.407,293.41
2025-05-14 08:28:25,293.411,293.411,293.408,293.411
2025-05-14 08:28:30,293.411,293.411,293.403,293.408
2025-05-14 08:28:35,293.408,293.408,293.405,293.405
2025-05-14 08:28:40,293.406,293.415,293.406,293.415
2025-05-14 08:28:45,293.415,293.415,293.412,293.413
2025-05-14 08:28:50,293.413,293.421,293.413,293.419
2025-05-14 08:28:55,293.43,293.436,293.43,293.435
2025-05-14 08:29:00,293.435,293.436,293.429,293.431
2025-05-14 08:29:05,293.431,293.435,293.431,293.435
2025-05-14 08:29:10,293.435,293.435,293.432,293.435
2025-05-14 08:29:15,293.435,293.437,293.433,293.433
2025-05-14 08:29:20,293.424,293.426,293.424,293.426
2025-05-14 08:29:25,293.426,293.426,293.415,293.419
2025-05-14 08:29:30,293.419,293.427,293.419,293.427
2025-05-14 08:29:35,293.426,293.426,293.42,293.42
2025-05-14 08:29:40,293.42,293.425,293.42,293.425
2025-05-14 08:29:45,293.425,293.428,293.421,293.421
2025-05-14 08:29:50,293.421,293.423,293.421,293.421
2025-05-14 08:29:55,293.423,293.425,293.422,293.422
2025-05-14 08:30:00,293.422,293.423,293.418,293.423
2025-05-14 08:30:05,293.423,293.424,293.421,293.423
2025-05-14 08:30:10,293.423,293.425,293.419,293.419
2025-05-14 08:30:15,293.42,293.42,293.412,293.412
2025-05-14 08:30:20,293.411,293.414,293.411,293.414
2025-05-14 08:30:25,293.414,293.42,293.414,293.416
2025-05-14 08:30:30,293.416,293.417,293.411,293.411
2025-05-14 08:30:35,293.412,293.419,293.412,293.415
2025-05-14 08:30:40,293.415,293.415,293.411,293.411
2025-05-14 08:30:45,293.411,293.412,293.408,293.408
2025-05-14 08:30:50,293.408,293.419,293.408,293.419
2025-05-14 08:30:55,293.419,293.419,293.417,293.417
2025-05-14 08:31:00,293.417,293.426,293.417,293.425
2025-05-14 08:31:05,293.425,293.428,293.425,293.425
2025-05-14 08:31:10,293.425,293.425,293.423,293.423
2025-05-14 08:31:15,293.417,293.417,293.415,293.415
2025-05-14 08:31:20,293.414,293.416,293.412,293.416
2025-05-14 08:31:25,293.416,293.416,293.416,293.416
2025-05-14 08:31:30,293.416,293.418,293.416,293.418
2025-05-14 08:31:35,293.419,293.425,293.419,293.424
2025-05-14 08:31:40,293.425,293.427,293.424,293.427
2025-05-14 08:31:45,293.427,293.428,293.419,293.428
2025-05-14 08:31:50,293.428,293.432,293.427,293.427
2025-05-14 08:31:55,293.427,293.43,293.426,293.43
2025-05-14 08:32:00,293.43,293.43,293.426,293.428
2025-05-14 08:32:05,293.428,293.431,293.424,293.425
2025-05-14 08:32:10,293.425,293.429,293.418,293.422
2025-05-14 08:32:15,293.419,293.419,293.419,293.419
2025-05-14 08:32:20,293.418,293.421,293.418,293.421
2025-05-14 08:32:25,293.421,293.421,293.417,293.417
2025-05-14 08:32:30,293.417,293.417,293.408,293.408
2025-05-14 08:32:35,293.407,293.409,293.407,293.407
2025-05-14 08:32:40,293.407,293.414,293.407,293.414
2025-05-14 08:32:45,293.414,293.416,293.409,293.41
2025-05-14 08:32:50,293.41,293.413,293.408,293.409
2025-05-14 08:32:55,293.407,293.408,293.406,293.406
2025-05-14 08:33:00,293.405,293.407,293.404,293.406
2025-05-14 08:33:05,293.407,293.408,293.402,293.408
2025-05-14 08:33:10,293.411,293.419,293.409,293.419
2025-05-14 08:33:15,293.419,293.421,293.417,293.419
2025-05-14 08:33:20,293.419,293.419,293.417,293.417
2025-05-14 08:33:25,293.417,293.43,293.416,293.43
2025-05-14 08:33:30,293.431,293.432,293.428,293.432
2025-05-14 08:33:35,293.431,293.433,293.431,293.431
2025-05-14 08:33:40,293.433,293.433,293.429,293.429
2025-05-14 08:33:45,293.428,293.437,293.428,293.437
2025-05-14 08:33:50,293.437,293.441,293.437,293.441
2025-05-14 08:33:55,293.441,293.443,293.438,293.441
2025-05-14 08:34:00,293.442,293.444,293.441,293.442
2025-05-14 08:34:05,293.442,293.446,293.439,293.439
2025-05-14 08:34:10,293.438,293.443,293.438,293.438
2025-05-14 08:34:15,293.438,293.439,293.434,293.437
2025-05-14 08:34:20,293.438,293.438,293.433,293.435
2025-05-14 08:34:25,293.433,293.438,293.433,293.437
2025-05-14 08:34:30,293.437,293.44,293.437,293.437
2025-05-14 08:34:35,293.437,293.437,293.43,293.432
2025-05-14 08:34:40,293.432,293.434,293.432,293.433
2025-05-14 08:34:45,293.433,293.436,293.427,293.428
2025-05-14 08:34:50,293.428,293.428,293.423,293.423
2025-05-14 08:34:55,293.423,293.423,293.42,293.421
2025-05-14 08:35:00,293.422,293.432,293.422,293.431
2025-05-14 08:35:05,293.431,293.432,293.427,293.427
2025-05-14 08:35:10,293.427,293.427,293.425,293.425
2025-05-14 08:35:15,293.425,293.426,293.422,293.426
2025-05-14 08:35:20,293.428,293.431,293.428,293.431
2025-05-14 08:35:25,293.43,293.432,293.423,293.423
2025-05-14 08:35:30,293.421,293.422,293.418,293.421
2025-05-14 08:35:35,293.421,293.421,293.418,293.418
2025-05-14 08:35:40,293.418,293.419,293.414,293.419
2025-05-14 08:35:45,293.419,293.422,293.416,293.416
2025-05-14 08:35:50,293.414,293.416,293.41,293.41
2025-05-14 08:35:55,293.41,293.41,293.394,293.394
2025-05-14 08:36:00,293.394,293.397,293.394,293.395
2025-05-14 08:36:05,293.396,293.399,293.393,293.393
2025-05-14 08:36:10,293.393,293.393,293.388,293.388
2025-05-14 08:36:15,293.388,293.388,293.384,293.384
2025-05-14 08:36:20,293.383,293.392,293.382,293.391
2025-05-14 08:36:25,293.391,293.391,293.383,293.383
2025-05-14 08:36:30,293.379,293.38,293.374,293.374
2025-05-14 08:36:35,293.374,293.374,293.366,293.366
2025-05-14 08:36:40,293.365,293.366,293.364,293.365
2025-05-14 08:36:45,293.367,293.373,293.367,293.371
2025-05-14 08:36:50,293.371,293.371,293.368,293.368
2025-05-14 08:36:55,293.368,293.371,293.363,293.363
2025-05-14 08:37:00,293.366,293.368,293.365,293.365
2025-05-14 08:37:05,293.364,293.364,293.36,293.36
2025-05-14 08:37:10,293.36,293.364,293.36,293.361
2025-05-14 08:37:15,293.361,293.364,293.358,293.358
2025-05-14 08:37:20,293.358,293.358,293.353,293.357
2025-05-14 08:37:25,293.356,293.358,293.352,293.355
2025-05-14 08:37:30,293.357,293.36,293.356,293.36
2025-05-14 08:37:35,293.36,293.365,293.36,293.363
2025-05-14 08:37:40,293.363,293.368,293.363,293.368
2025-05-14 08:37:45,293.366,293.366,293.362,293.365
2025-05-14 08:37:50,293.365,293.384,293.365,293.383
2025-05-14 08:37:55,293.383,293.384,293.379,293.38
2025-05-14 08:38:00,293.38,293.384,293.38,293.384
2025-05-14 08:38:05,293.38,293.381,293.378,293.381
2025-05-14 08:38:10,293.381,293.388,293.381,293.382
2025-05-14 08:38:15,293.382,293.388,293.378,293.388
2025-05-14 08:38:20,293.388,293.392,293.386,293.392
2025-05-14 08:38:25,293.392,293.392,293.386,293.388
2025-05-14 08:38:30,293.388,293.395,293.388,293.395
2025-05-14 08:38:35,293.395,293.395,293.393,293.393
2025-05-14 08:38:40,293.393,293.396,293.393,293.394
2025-05-14 08:38:45,293.394,293.394,293.382,293.382
2025-05-14 08:38:50,293.382,293.389,293.382,293.389
2025-05-14 08:38:55,293.391,293.402,293.389,293.402
2025-05-14 08:39:00,293.405,293.407,293.403,293.407
2025-05-14 08:39:05,293.406,293.406,293.402,293.404
2025-05-14 08:39:10,293.404,293.404,293.394,293.394
2025-05-14 08:39:15,293.393,293.41,293.393,293.409
2025-05-14 08:39:20,293.409,293.409,293.407,293.408
2025-05-14 08:39:25,293.407,293.411,293.407,293.411
2025-05-14 08:39:30,293.406,293.407,293.403,293.404
2025-05-14 08:39:35,293.406,293.408,293.406,293.408
2025-05-14 08:39:40,293.408,293.41,293.406,293.41
2025-05-14 08:39:45,293.41,293.414,293.41,293.413
2025-05-14 08:39:50,293.413,293.415,293.413,293.413
2025-05-14 08:39:55,293.412,293.42,293.412,293.42
2025-05-14 08:40:00,293.42,293.42,293.414,293.414
2025-05-14 08:40:05,293.413,293.419,293.413,293.419
2025-05-14 08:40:10,293.418,293.418,293.41,293.415
2025-05-14 08:40:15,293.416,293.416,293.412,293.412
2025-05-14 08:40:20,293.412,293.417,293.412,293.416
2025-05-14 08:40:25,293.416,293.417,293.415,293.416
2025-05-14 08:40:30,293.416,293.416,293.412,293.414
2025-05-14 08:40:35,293.414,293.422,293.414,293.422
2025-05-14 08:40:40,293.422,293.426,293.42,293.426
2025-05-14 08:40:45,293.426,293.432,293.424,293.432
2025-05-14 08:40:50,293.432,293.432,293.423,293.425
2025-05-14 08:40:55,293.426,293.426,293.421,293.421
2025-05-14 08:41:00,293.421,293.421,293.411,293.418
2025-05-14 08:41:05,293.418,293.424,293.418,293.419
2025-05-14 08:41:10,293.418,293.422,293.418,293.422
2025-05-14 08:41:15,293.422,293.424,293.42,293.423
2025-05-14 08:41:20,293.423,293.426,293.406,293.406
2025-05-14 08:41:25,293.404,293.405,293.404,293.405
2025-05-14 08:41:30,293.406,293.407,293.405,293.405
2025-05-14 08:41:35,293.405,293.406,293.403,293.403
2025-05-14 08:41:40,293.403,293.406,293.403,293.405
2025-05-14 08:41:45,293.394,293.394,293.388,293.388
2025-05-14 08:41:50,293.385,293.387,293.383,293.386
2025-05-14 08:41:55,293.386,293.386,293.38,293.385
2025-05-14 08:42:00,293.385,293.385,293.381,293.384
2025-05-14 08:42:05,293.386,293.391,293.386,293.391
2025-05-14 08:42:10,293.386,293.388,293.385,293.386
2025-05-14 08:42:15,293.386,293.388,293.386,293.388
2025-05-14 08:42:20,293.388,293.395,293.385,293.385
2025-05-14 08:42:25,293.386,293.386,293.374,293.374
2025-05-14 08:42:30,293.373,293.381,293.371,293.379
2025-05-14 08:42:35,293.379,293.388,293.378,293.388
2025-05-14 08:42:40,293.388,293.396,293.388,293.392
2025-05-14 08:42:45,293.392,293.394,293.391,293.391
2025-05-14 08:42:50,293.393,293.401,293.393,293.4
2025-05-14 08:42:55,293.4,293.406,293.399,293.405
2025-05-14 08:43:00,293.405,293.405,293.397,293.4
2025-05-14 08:43:05,293.4,293.403,293.4,293.401
2025-05-14 08:43:10,293.402,293.402,293.395,293.395
2025-05-14 08:43:15,293.393,293.403,293.391,293.402
2025-05-14 08:43:20,293.402,293.402,293.393,293.397
2025-05-14 08:43:25,293.397,293.402,293.397,293.402
2025-05-14 08:43:30,293.405,293.408,293.399,293.408
2025-05-14 08:43:35,293.409,293.41,293.407,293.409
2025-05-14 08:43:40,293.409,293.409,293.403,293.406
2025-05-14 08:43:45,293.406,293.408,293.403,293.408
2025-05-14 08:43:50,293.408,293.413,293.408,293.412
2025-05-14 08:43:55,293.412,293.414,293.411,293.413
2025-05-14 08:44:00,293.413,293.416,293.413,293.416
2025-05-14 08:44:05,293.416,293.423,293.411,293.411
2025-05-14 08:44:10,293.41,293.41,293.4,293.403
2025-05-14 08:44:15,293.405,293.413,293.405,293.413
2025-05-14 08:44:20,293.413,293.422,293.413,293.417
2025-05-14 08:44:25,293.417,293.417,293.411,293.414
2025-05-14 08:44:30,293.415,293.416,293.413,293.416
2025-05-14 08:44:35,293.415,293.419,293.412,293.419
2025-05-14 08:44:40,293.419,293.423,293.417,293.423
2025-05-14 08:44:45,293.423,293.424,293.421,293.423
2025-05-14 08:44:50,293.423,293.423,293.418,293.418
2025-05-14 08:44:55,293.418,293.421,293.41,293.41
2025-05-14 08:45:00,293.41,293.411,293.406,293.406
2025-05-14 08:45:05,293.408,293.411,293.4,293.4
2025-05-14 08:45:10,293.4,293.402,293.396,293.396
2025-05-14 08:45:15,293.396,293.405,293.396,293.402
2025-05-14 08:45:20,293.402,293.403,293.397,293.398
2025-05-14 08:45:25,293.398,293.402,293.396,293.401
2025-05-14 08:45:30,293.403,293.412,293.403,293.412
2025-05-14 08:45:35,293.413,293.417,293.412,293.416
2025-05-14 08:45:40,293.416,293.418,293.407,293.407
2025-05-14 08:45:45,293.407,293.407,293.398,293.398
2025-05-14 08:45:50,293.396,293.398,293.395,293.398
2025-05-14 08:45:55,293.395,293.397,293.395,293.396
2025-05-14 08:46:00,293.396,293.399,293.396,293.398
2025-05-14 08:46:05,293.398,293.403,293.397,293.4
2025-05-14 08:46:10,293.398,293.408,293.398,293.408
2025-05-14 08:46:15,293.409,293.409,293.404,293.405
2025-05-14 08:46:20,293.403,293.409,293.402,293.409
2025-05-14 08:46:25,293.409,293.411,293.408,293.411
2025-05-14 08:46:30,293.416,293.42,293.416,293.419
2025-05-14 08:46:35,293.419,293.422,293.415,293.415
2025-05-14 08:46:40,293.415,293.418,293.415,293.418
2025-05-14 08:46:45,293.416,293.417,293.412,293.412
2025-05-14 08:46:50,293.412,293.412,293.405,293.405
2025-05-14 08:46:55,293.406,293.412,293.406,293.412
2025-05-14 08:47:00,293.412,293.412,293.404,293.407
2025-05-14 08:47:05,293.407,293.411,293.404,293.409
2025-05-14 08:47:10,293.409,293.409,293.402,293.402
2025-05-14 08:47:15,293.403,293.412,293.403,293.411
2025-05-14 08:47:20,293.41,293.412,293.406,293.412
2025-05-14 08:47:25,293.411,293.412,293.411,293.411
2025-05-14 08:47:30,293.411,293.411,293.406,293.406
2025-05-14 08:47:35,293.408,293.412,293.408,293.412
2025-05-14 08:47:40,293.412,293.412,293.41,293.411
2025-05-14 08:47:45,293.411,293.412,293.41,293.412
2025-05-14 08:47:50,293.412,293.412,293.408,293.411
2025-05-14 08:47:55,293.416,293.416,293.413,293.413
2025-05-14 08:48:00,293.413,293.415,293.41,293.412
2025-05-14 08:48:05,293.412,293.414,293.412,293.414
2025-05-14 08:48:10,293.414,293.417,293.414,293.414
2025-05-14 08:48:15,293.414,293.414,293.399,293.399
2025-05-14 08:48:20,293.4,293.4,293.395,293.396
2025-05-14 08:48:25,293.392,293.395,293.391,293.392
2025-05-14 08:48:30,293.392,293.392,293.392,293.392
2025-05-14 08:48:35,293.392,293.4,293.392,293.4
2025-05-14 08:48:40,293.4,293.406,293.4,293.403
2025-05-14 08:48:45,293.403,293.404,293.402,293.403
2025-05-14 08:48:50,293.403,293.414,293.403,293.41
2025-05-14 08:48:55,293.41,293.411,293.407,293.411
2025-05-14 08:49:00,293.41,293.417,293.409,293.415
2025-05-14 08:49:05,293.415,293.416,293.413,293.415
2025-05-14 08:49:10,293.415,293.421,293.415,293.42
2025-05-14 08:49:15,293.421,293.427,293.421,293.425
2025-05-14 08:49:20,293.425,293.426,293.416,293.42
2025-05-14 08:49:25,293.424,293.424,293.42,293.422
2025-05-14 08:49:30,293.422,293.423,293.419,293.42
2025-05-14 08:49:35,293.42,293.421,293.413,293.416
2025-05-14 08:49:40,293.415,293.415,293.413,293.415
2025-05-14 08:49:45,293.415,293.417,293.409,293.409
2025-05-14 08:49:50,293.409,293.409,293.398,293.404
2025-05-14 08:49:55,293.404,293.406,293.402,293.404
2025-05-14 08:50:00,293.405,293.406,293.4,293.404
2025-05-14 08:50:05,293.404,293.409,293.403,293.409
2025-05-14 08:50:10,293.409,293.413,293.408,293.412
2025-05-14 08:50:15,293.412,293.421,293.412,293.415
2025-05-14 08:50:20,293.421,293.425,293.419,293.423
2025-05-14 08:50:25,293.423,293.424,293.421,293.422
2025-05-14 08:50:30,293.422,293.425,293.418,293.422
2025-05-14 08:50:35,293.422,293.422,293.416,293.419
2025-05-14 08:50:40,293.418,293.42,293.413,293.414
2025-05-14 08:50:45,293.414,293.414,293.406,293.406
2025-05-14 08:50:50,293.406,293.409,293.406,293.407
2025-05-14 08:50:55,293.404,293.408,293.404,293.405
2025-05-14 08:51:00,293.403,293.416,293.403,293.416
2025-05-14 08:51:05,293.415,293.415,293.407,293.407
2025-05-14 08:51:10,293.41,293.413,293.409,293.413
2025-05-14 08:51:15,293.413,293.413,293.41,293.411
2025-05-14 08:51:20,293.412,293.418,293.411,293.418
2025-05-14 08:51:25,293.418,293.421,293.418,293.421
2025-05-14 08:51:30,293.421,293.426,293.421,293.425
2025-05-14 08:51:35,293.429,293.432,293.427,293.432
2025-05-14 08:51:40,293.433,293.436,293.433,293.433
2025-05-14 08:51:45,293.433,293.434,293.429,293.429
2025-05-14 08:51:50,293.429,293.429,293.421,293.421
2025-05-14 08:51:55,293.421,293.422,293.417,293.417
2025-05-14 08:52:00,293.416,293.42,293.416,293.417
2025-05-14 08:52:05,293.417,293.424,293.417,293.424
2025-05-14 08:52:10,293.425,293.431,293.425,293.431
2025-05-14 08:52:15,293.431,293.445,293.431,293.441
2025-05-14 08:52:20,293.439,293.442,293.439,293.442
2025-05-14 08:52:25,293.439,293.442,293.429,293.43
2025-05-14 08:52:30,293.43,293.432,293.425,293.425
2025-05-14 08:52:35,293.425,293.43,293.421,293.43
2025-05-14 08:52:40,293.433,293.438,293.433,293.436
2025-05-14 08:52:45,293.436,293.439,293.435,293.436
2025-05-14 08:52:50,293.436,293.437,293.431,293.433
2025-05-14 08:52:55,293.433,293.433,293.429,293.429
2025-05-14 08:53:00,293.431,293.432,293.426,293.426
2025-05-14 08:53:05,293.426,293.429,293.423,293.429
2025-05-14 08:53:10,293.427,293.427,293.418,293.42
2025-05-14 08:53:15,293.42,293.422,293.416,293.416
2025-05-14 08:53:20,293.414,293.415,293.413,293.415
2025-05-14 08:53:25,293.415,293.42,293.412,293.419
2025-05-14 08:53:30,293.421,293.427,293.42,293.427
2025-05-14 08:53:35,293.427,293.428,293.424,293.427
2025-05-14 08:53:40,293.425,293.432,293.423,293.432
2025-05-14 08:53:45,293.43,293.431,293.42,293.421
2025-05-14 08:53:50,293.421,293.427,293.421,293.425
2025-05-14 08:53:55,293.425,293.436,293.424,293.436
2025-05-14 08:54:00,293.437,293.438,293.433,293.433
2025-05-14 08:54:05,293.433,293.435,293.433,293.435
2025-05-14 08:54:10,293.436,293.442,293.433,293.433
2025-05-14 08:54:15,293.433,293.435,293.429,293.433
2025-05-14 08:54:20,293.433,293.433,293.428,293.433
2025-05-14 08:54:25,293.431,293.447,293.431,293.447
2025-05-14 08:54:30,293.448,293.448,293.444,293.444
2025-05-14 08:54:35,293.444,293.448,293.443,293.448
2025-05-14 08:54:40,293.448,293.452,293.448,293.451
2025-05-14 08:54:45,293.451,293.451,293.443,293.443
2025-05-14 08:54:50,293.441,293.444,293.439,293.444
2025-05-14 08:54:55,293.444,293.444,293.44,293.44
2025-05-14 08:55:00,293.442,293.445,293.438,293.438
2025-05-14 08:55:05,293.438,293.439,293.438,293.439
2025-05-14 08:55:10,293.44,293.441,293.439,293.439
2025-05-14 08:55:15,293.439,293.439,293.437,293.438
2025-05-14 08:55:20,293.438,293.439,293.435,293.436
2025-05-14 08:55:25,293.435,293.437,293.434,293.434
2025-05-14 08:55:30,293.434,293.451,293.434,293.451
2025-05-14 08:55:35,293.451,293.464,293.451,293.464
2025-05-14 08:55:40,293.463,293.463,293.461,293.461
2025-05-14 08:55:45,293.461,293.463,293.46,293.463
2025-05-14 08:55:50,293.462,293.472,293.46,293.472
2025-05-14 08:55:55,293.472,293.48,293.472,293.478
2025-05-14 08:56:00,293.478,293.478,293.476,293.477
2025-05-14 08:56:05,293.476,293.484,293.476,293.484
2025-05-14 08:56:10,293.484,293.495,293.483,293.485
2025-05-14 08:56:15,293.485,293.485,293.482,293.483
2025-05-14 08:56:20,293.483,293.485,293.476,293.478
2025-05-14 08:56:25,293.484,293.484,293.479,293.481
2025-05-14 08:56:30,293.481,293.483,293.478,293.483
2025-05-14 08:56:35,293.483,293.486,293.48,293.481
2025-05-14 08:56:40,293.481,293.481,293.478,293.48
2025-05-14 08:56:45,293.478,293.478,293.466,293.466
2025-05-14 08:56:50,293.466,293.466,293.464,293.466
2025-05-14 08:56:55,293.466,293.467,293.461,293.464
2025-05-14 08:57:00,293.464,293.471,293.464,293.471
2025-05-14 08:57:05,293.471,293.472,293.469,293.469
2025-05-14 08:57:10,293.468,293.468,293.466,293.468
2025-05-14 08:57:15,293.468,293.468,293.464,293.464
2025-05-14 08:57:20,293.464,293.47,293.463,293.47
2025-05-14 08:57:25,293.473,293.476,293.465,293.469
2025-05-14 08:57:30,293.469,293.47,293.462,293.462
2025-05-14 08:57:35,293.462,293.465,293.461,293.464
2025-05-14 08:57:40,293.463,293.465,293.455,293.455
2025-05-14 08:57:45,293.456,293.463,293.454,293.463
2025-05-14 08:57:50,293.463,293.467,293.463,293.467
2025-05-14 08:57:55,293.465,293.474,293.463,293.474
2025-05-14 08:58:00,293.474,293.476,293.474,293.476
2025-05-14 08:58:05,293.474,293.482,293.474,293.482
2025-05-14 08:58:10,293.485,293.488,293.485,293.488
2025-05-14 08:58:15,293.488,293.488,293.471,293.471
2025-05-14 08:58:20,293.471,293.471,293.467,293.468
2025-05-14 08:58:25,293.468,293.472,293.461,293.461
2025-05-14 08:58:30,293.461,293.461,293.457,293.461
2025-05-14 08:58:35,293.464,293.476,293.464,293.473
2025-05-14 08:58:40,293.473,293.473,293.463,293.463
2025-05-14 08:58:45,293.462,293.465,293.46,293.464
2025-05-14 08:58:50,293.464,293.47,293.464,293.466
2025-05-14 08:58:55,293.466,293.468,293.464,293.464
2025-05-14 08:59:00,293.464,293.464,293.452,293.453
2025-05-14 08:59:05,293.453,293.455,293.451,293.455
2025-05-14 08:59:10,293.456,293.456,293.448,293.449
2025-05-14 08:59:15,293.446,293.449,293.446,293.446
2025-05-14 08:59:20,293.446,293.447,293.445,293.445
2025-05-14 08:59:25,293.444,293.446,293.436,293.436
2025-05-14 08:59:30,293.436,293.438,293.434,293.438
2025-05-14 08:59:35,293.438,293.439,293.435,293.435
2025-05-14 08:59:40,293.435,293.437,293.435,293.437
2025-05-14 08:59:45,293.436,293.445,293.434,293.445
2025-05-14 08:59:50,293.447,293.461,293.447,293.461
2025-05-14 08:59:55,293.461,293.464,293.461,293.464
2025-05-14 09:00:00,293.464,293.471,293.463,293.471
2025-05-14 09:00:05,293.47,293.471,293.462,293.462
2025-05-14 09:00:10,293.462,293.464,293.459,293.464
2025-05-14 09:00:15,293.463,293.47,293.463,293.467
2025-05-14 09:00:20,293.467,293.469,293.466,293.468
2025-05-14 09:00:25,293.466,293.466,293.456,293.457
2025-05-14 09:00:30,293.456,293.464,293.456,293.464
2025-05-14 09:00:35,293.461,293.463,293.461,293.462
2025-05-14 09:00:40,293.462,293.466,293.462,293.466
2025-05-14 09:00:45,293.466,293.467,293.465,293.465
2025-05-14 09:00:50,293.467,293.468,293.464,293.465
2025-05-14 09:00:55,293.467,293.467,293.461,293.461
2025-05-14 09:01:00,293.461,293.462,293.456,293.456
2025-05-14 09:01:05,293.456,293.462,293.456,293.462
2025-05-14 09:01:10,293.464,293.464,293.46,293.46
2025-05-14 09:01:15,293.457,293.46,293.457,293.458
2025-05-14 09:01:20,293.458,293.459,293.452,293.459
2025-05-14 09:01:25,293.459,293.459,293.453,293.455
2025-05-14 09:01:30,293.458,293.459,293.453,293.453
2025-05-14 09:01:35,293.455,293.458,293.453,293.458
2025-05-14 09:01:40,293.458,293.46,293.454,293.456
2025-05-14 09:01:45,293.456,293.458,293.455,293.455
2025-05-14 09:01:50,293.455,293.455,293.451,293.452
2025-05-14 09:01:55,293.452,293.452,293.448,293.448
2025-05-14 09:02:00,293.448,293.449,293.446,293.446
2025-05-14 09:02:05,293.446,293.446,293.438,293.44
2025-05-14 09:02:10,293.44,293.443,293.44,293.441
2025-05-14 09:02:15,293.441,293.443,293.44,293.443
2025-05-14 09:02:20,293.443,293.443,293.438,293.438
2025-05-14 09:02:25,293.438,293.44,293.436,293.437
2025-05-14 09:02:30,293.437,293.439,293.437,293.437
2025-05-14 09:02:35,293.438,293.442,293.437,293.44
2025-05-14 09:02:40,293.44,293.44,293.432,293.432
2025-05-14 09:02:45,293.432,293.435,293.432,293.434
2025-05-14 09:02:50,293.439,293.443,293.438,293.443
2025-05-14 09:02:55,293.441,293.458,293.441,293.458
2025-05-14 09:03:00,293.458,293.458,293.453,293.454
2025-05-14 09:03:05,293.453,293.454,293.45,293.45
2025-05-14 09:03:10,293.45,293.455,293.449,293.455
2025-05-14 09:03:15,293.454,293.46,293.453,293.46
2025-05-14 09:03:20,293.458,293.46,293.456,293.46
2025-05-14 09:03:25,293.46,293.466,293.457,293.457
2025-05-14 09:03:30,293.453,293.455,293.452,293.455
2025-05-14 09:03:35,293.457,293.459,293.448,293.45
2025-05-14 09:03:40,293.449,293.46,293.447,293.459
2025-05-14 09:03:45,293.459,293.465,293.459,293.46
2025-05-14 09:03:50,293.459,293.459,293.454,293.455
2025-05-14 09:03:55,293.454,293.46,293.451,293.452
2025-05-14 09:04:00,293.452,293.458,293.45,293.45
2025-05-14 09:04:05,293.451,293.451,293.443,293.444
2025-05-14 09:04:10,293.451,293.453,293.451,293.453
2025-05-14 09:04:15,293.453,293.454,293.448,293.448
2025-05-14 09:04:20,293.448,293.452,293.448,293.452
2025-05-14 09:04:25,293.453,293.454,293.445,293.454
2025-05-14 09:04:30,293.458,293.458,293.456,293.457
2025-05-14 09:04:35,293.462,293.471,293.462,293.471
2025-05-14 09:04:40,293.469,293.471,293.468,293.471
2025-05-14 09:04:45,293.471,293.474,293.469,293.474
2025-05-14 09:04:50,293.474,293.475,293.472,293.472
2025-05-14 09:04:55,293.473,293.479,293.473,293.479
2025-05-14 09:05:00,293.478,293.492,293.478,293.492
2025-05-14 09:05:05,293.492,293.494,293.484,293.494
2025-05-14 09:05:10,293.498,293.511,293.498,293.51
2025-05-14 09:05:15,293.51,293.518,293.51,293.518
2025-05-14 09:05:20,293.518,293.518,293.514,293.517
2025-05-14 09:05:25,293.517,293.517,293.509,293.509
2025-05-14 09:05:30,293.509,293.509,293.499,293.5
2025-05-14 09:05:35,293.503,293.516,293.503,293.515
2025-05-14 09:05:40,293.515,293.516,293.513,293.515
2025-05-14 09:05:45,293.515,293.517,293.515,293.517
2025-05-14 09:05:50,293.517,293.518,293.51,293.511
2025-05-14 09:05:55,293.511,293.511,293.509,293.51
2025-05-14 09:06:00,293.51,293.51,293.508,293.508
2025-05-14 09:06:05,293.508,293.508,293.503,293.503
2025-05-14 09:06:10,293.503,293.507,293.502,293.503
2025-05-14 09:06:15,293.503,293.503,293.501,293.501
2025-05-14 09:06:20,293.501,293.503,293.497,293.503
2025-05-14 09:06:25,293.503,293.506,293.502,293.506
2025-05-14 09:06:30,293.506,293.51,293.506,293.51
2025-05-14 09:06:35,293.509,293.512,293.509,293.511
2025-05-14 09:06:40,293.514,293.514,293.508,293.508
2025-05-14 09:06:45,293.508,293.508,293.502,293.504
2025-05-14 09:06:50,293.504,293.504,293.495,293.497
2025-05-14 09:06:55,293.496,293.498,293.494,293.496
2025-05-14 09:07:00,293.496,293.498,293.495,293.497
2025-05-14 09:07:05,293.497,293.509,293.496,293.508
2025-05-14 09:07:10,293.508,293.509,293.503,293.503
2025-05-14 09:07:15,293.502,293.523,293.501,293.523
2025-05-14 09:07:20,293.523,293.528,293.522,293.528
2025-05-14 09:07:25,293.528,293.531,293.527,293.527
2025-05-14 09:07:30,293.527,293.529,293.525,293.528
2025-05-14 09:07:35,293.529,293.539,293.527,293.536
2025-05-14 09:07:40,293.531,293.532,293.526,293.526
2025-05-14 09:07:45,293.526,293.529,293.523,293.528
2025-05-14 09:07:50,293.528,293.532,293.528,293.532
2025-05-14 09:07:55,293.532,293.541,293.528,293.541
2025-05-14 09:08:00,293.543,293.543,293.54,293.541
2025-05-14 09:08:05,293.541,293.541,293.539,293.541
2025-05-14 09:08:10,293.541,293.544,293.54,293.543
2025-05-14 09:08:15,293.544,293.545,293.542,293.545
2025-05-14 09:08:20,293.547,293.552,293.546,293.552
2025-05-14 09:08:25,293.552,293.553,293.549,293.551
2025-05-14 09:08:30,293.551,293.557,293.549,293.557
2025-05-14 09:08:35,293.562,293.567,293.56,293.567
2025-05-14 09:08:40,293.566,293.569,293.563,293.567
2025-05-14 09:08:45,293.564,293.564,293.562,293.562
2025-05-14 09:08:50,293.56,293.563,293.553,293.563
2025-05-14 09:08:55,293.561,293.571,293.561,293.571
2025-05-14 09:09:00,293.572,293.575,293.571,293.571
2025-05-14 09:09:05,293.569,293.573,293.567,293.573
2025-05-14 09:09:10,293.574,293.575,293.57,293.574
2025-05-14 09:09:15,293.574,293.578,293.574,293.576
2025-05-14 09:09:20,293.578,293.578,293.571,293.571
2025-05-14 09:09:25,293.571,293.573,293.57,293.572
2025-05-14 09:09:30,293.571,293.575,293.571,293.575
2025-05-14 09:09:35,293.575,293.576,293.563,293.568
2025-05-14 09:09:40,293.569,293.576,293.568,293.576
2025-05-14 09:09:45,293.576,293.579,293.576,293.579
2025-05-14 09:09:50,293.58,293.582,293.579,293.581
2025-05-14 09:09:55,293.581,293.585,293.581,293.582
2025-05-14 09:10:00,293.582,293.586,293.581,293.584
2025-05-14 09:10:05,293.584,293.585,293.581,293.582
2025-05-14 09:10:10,293.581,293.581,293.579,293.579
2025-05-14 09:10:15,293.579,293.582,293.572,293.582
2025-05-14 09:10:20,293.582,293.589,293.58,293.584
2025-05-14 09:10:25,293.584,293.59,293.584,293.589
2025-05-14 09:10:30,293.595,293.599,293.592,293.592
2025-05-14 09:10:35,293.592,293.596,293.591,293.595
2025-05-14 09:10:40,293.598,293.603,293.598,293.602
2025-05-14 09:10:45,293.602,293.603,293.6,293.6
2025-05-14 09:10:50,293.602,293.602,293.599,293.599
2025-05-14 09:10:55,293.599,293.6,293.598,293.598
2025-05-14 09:11:00,293.598,293.601,293.597,293.6
2025-05-14 09:11:05,293.602,293.612,293.602,293.606
2025-05-14 09:11:10,293.609,293.61,293.607,293.607
2025-05-14 09:11:15,293.607,293.61,293.6,293.6
2025-05-14 09:11:20,293.6,293.6,293.59,293.59
2025-05-14 09:11:25,293.59,293.594,293.59,293.591
2025-05-14 09:11:30,293.591,293.595,293.589,293.595
2025-05-14 09:11:35,293.595,293.599,293.594,293.599
2025-05-14 09:11:40,293.599,293.603,293.598,293.603
2025-05-14 09:11:45,293.603,293.603,293.596,293.597
2025-05-14 09:11:50,293.597,293.601,293.587,293.596
2025-05-14 09:11:55,293.596,293.6,293.593,293.593
2025-05-14 09:12:00,293.592,293.601,293.592,293.601
2025-05-14 09:12:05,293.599,293.599,293.592,293.594
2025-05-14 09:12:10,293.596,293.599,293.586,293.586
2025-05-14 09:12:15,293.586,293.589,293.586,293.589
2025-05-14 09:12:20,293.588,293.59,293.588,293.59
2025-05-14 09:12:25,293.592,293.609,293.592,293.609
2025-05-14 09:12:30,293.609,293.609,293.604,293.604
2025-05-14 09:12:35,293.604,293.605,293.599,293.6
2025-05-14 09:12:40,293.6,293.601,293.597,293.597
2025-05-14 09:12:45,293.597,293.597,293.589,293.589
2025-05-14 09:12:50,293.588,293.589,293.582,293.582
2025-05-14 09:12:55,293.582,293.583,293.579,293.579
2025-05-14 09:13:00,293.582,293.584,293.582,293.582
2025-05-14 09:13:05,293.58,293.582,293.577,293.579
2025-05-14 09:13:10,293.579,293.589,293.579,293.585
2025-05-14 09:13:15,293.585,293.585,293.584,293.584
2025-05-14 09:13:20,293.584,293.588,293.584,293.587
2025-05-14 09:13:25,293.587,293.588,293.581,293.581
2025-05-14 09:13:30,293.581,293.586,293.581,293.586
2025-05-14 09:13:35,293.586,293.588,293.584,293.584
2025-05-14 09:13:40,293.58,293.584,293.574,293.574
2025-05-14 09:13:45,293.574,293.574,293.568,293.568
2025-05-14 09:13:50,293.568,293.571,293.567,293.57
2025-05-14 09:13:55,293.57,293.575,293.569,293.574
2025-05-14 09:14:00,293.574,293.574,293.57,293.57
2025-05-14 09:14:05,293.57,293.574,293.57,293.573
2025-05-14 09:14:10,293.573,293.579,293.573,293.579
2025-05-14 09:14:15,293.579,293.579,293.577,293.577
2025-05-14 09:14:20,293.577,293.58,293.577,293.58
2025-05-14 09:14:25,293.584,293.585,293.583,293.583
2025-05-14 09:14:30,293.583,293.586,293.581,293.585
2025-05-14 09:14:35,293.585,293.594,293.584,293.589
2025-05-14 09:14:40,293.589,293.595,293.584,293.584
2025-05-14 09:14:45,293.582,293.583,293.578,293.583
2025-05-14 09:14:50,293.583,293.59,293.583,293.59
2025-05-14 09:14:55,293.59,293.59,293.586,293.588
2025-05-14 09:15:00,293.588,293.592,293.588,293.589
2025-05-14 09:15:05,293.587,293.598,293.587,293.596
2025-05-14 09:15:10,293.596,293.596,293.591,293.591
2025-05-14 09:15:15,293.591,293.592,293.588,293.589
2025-05-14 09:15:20,293.588,293.592,293.588,293.59
2025-05-14 09:15:25,293.59,293.596,293.59,293.591
2025-05-14 09:15:30,293.591,293.594,293.591,293.593
2025-05-14 09:15:35,293.593,293.595,293.592,293.593
2025-05-14 09:15:40,293.593,293.603,293.593,293.603
2025-05-14 09:15:45,293.603,293.609,293.596,293.609
2025-05-14 09:15:50,293.609,293.61,293.606,293.606
2025-05-14 09:15:55,293.604,293.606,293.598,293.598
2025-05-14 09:16:00,293.598,293.604,293.598,293.603
2025-05-14 09:16:05,293.603,293.603,293.595,293.599
2025-05-14 09:16:10,293.597,293.597,293.587,293.593
2025-05-14 09:16:15,293.593,293.594,293.592,293.592
2025-05-14 09:16:20,293.592,293.592,293.589,293.589
2025-05-14 09:16:25,293.59,293.598,293.59,293.597
2025-05-14 09:16:30,293.598,293.598,293.591,293.591
2025-05-14 09:16:35,293.591,293.593,293.588,293.591
2025-05-14 09:16:40,293.591,293.599,293.591,293.597
2025-05-14 09:16:45,293.594,293.594,293.592,293.592
2025-05-14 09:16:50,293.591,293.592,293.585,293.585
2025-05-14 09:16:55,293.588,293.598,293.588,293.598
2025-05-14 09:17:00,293.598,293.599,293.598,293.599
2025-05-14 09:17:05,293.599,293.609,293.599,293.608
2025-05-14 09:17:10,293.611,293.618,293.611,293.616
2025-05-14 09:17:15,293.617,293.617,293.616,293.616
2025-05-14 09:17:20,293.616,293.616,293.613,293.614
2025-05-14 09:17:25,293.614,293.616,293.613,293.613
2025-05-14 09:17:30,293.613,293.617,293.613,293.617
2025-05-14 09:17:35,293.617,293.626,293.617,293.626
2025-05-14 09:17:40,293.626,293.632,293.624,293.631
2025-05-14 09:17:45,293.631,293.631,293.626,293.626
2025-05-14 09:17:50,293.626,293.634,293.626,293.634
2025-05-14 09:17:55,293.634,293.637,293.632,293.632
2025-05-14 09:18:00,293.632,293.632,293.619,293.619
2025-05-14 09:18:05,293.619,293.637,293.619,293.637
2025-05-14 09:18:10,293.637,293.637,293.636,293.636
2025-05-14 09:18:15,293.637,293.639,293.629,293.629
2025-05-14 09:18:20,293.629,293.643,293.629,293.643
2025-05-14 09:18:25,293.641,293.644,293.64,293.642
2025-05-14 09:18:30,293.637,293.637,293.633,293.633
2025-05-14 09:18:35,293.634,293.637,293.632,293.634
2025-05-14 09:18:40,293.634,293.635,293.63,293.633
2025-05-14 09:18:45,293.633,293.634,293.628,293.629
2025-05-14 09:18:50,293.629,293.635,293.627,293.63
2025-05-14 09:18:55,293.63,293.64,293.63,293.64
2025-05-14 09:19:00,293.64,293.643,293.638,293.642
2025-05-14 09:19:05,293.642,293.643,293.64,293.642
2025-05-14 09:19:10,293.641,293.65,293.641,293.649
2025-05-14 09:19:15,293.649,293.649,293.641,293.642
2025-05-14 09:19:20,293.642,293.653,293.642,293.653
2025-05-14 09:19:25,293.653,293.658,293.653,293.657
2025-05-14 09:19:30,293.657,293.657,293.652,293.652
2025-05-14 09:19:35,293.657,293.669,293.657,293.669
2025-05-14 09:19:40,293.669,293.676,293.669,293.675
2025-05-14 09:19:45,293.675,293.687,293.675,293.687
2025-05-14 09:19:50,293.695,293.702,293.695,293.702
2025-05-14 09:19:55,293.705,293.71,293.705,293.708
2025-05-14 09:20:00,293.708,293.712,293.707,293.712
2025-05-14 09:20:05,293.712,293.715,293.712,293.713
2025-05-14 09:20:10,293.714,293.716,293.713,293.713
2025-05-14 09:20:15,293.712,293.722,293.712,293.722
2025-05-14 09:20:20,293.722,293.725,293.72,293.72
2025-05-14 09:20:25,293.72,293.721,293.716,293.718
2025-05-14 09:20:30,293.718,293.721,293.716,293.721
2025-05-14 09:20:35,293.721,293.725,293.716,293.725
2025-05-14 09:20:40,293.725,293.73,293.724,293.729
2025-05-14 09:20:45,293.728,293.728,293.725,293.726
2025-05-14 09:20:50,293.724,293.726,293.722,293.726
2025-05-14 09:20:55,293.723,293.724,293.72,293.724
2025-05-14 09:21:00,293.724,293.726,293.723,293.726
2025-05-14 09:21:05,293.726,293.729,293.716,293.716
2025-05-14 09:21:10,293.718,293.718,293.717,293.718
2025-05-14 09:21:15,293.717,293.722,293.708,293.721
2025-05-14 09:21:20,293.722,293.722,293.71,293.71
2025-05-14 09:21:25,293.71,293.711,293.707,293.707
2025-05-14 09:21:30,293.708,293.71,293.706,293.706
2025-05-14 09:21:35,293.703,293.704,293.697,293.704
2025-05-14 09:21:40,293.705,293.711,293.705,293.71
2025-05-14 09:21:45,293.71,293.71,293.706,293.706
2025-05-14 09:21:50,293.706,293.714,293.706,293.712
2025-05-14 09:21:55,293.712,293.712,293.71,293.712
2025-05-14 09:22:00,293.713,293.717,293.711,293.715
2025-05-14 09:22:05,293.715,293.719,293.715,293.719
2025-05-14 09:22:10,293.72,293.727,293.719,293.727
2025-05-14 09:22:15,293.727,293.729,293.727,293.727
2025-05-14 09:22:20,293.726,293.729,293.726,293.729
2025-05-14 09:22:25,293.729,293.735,293.729,293.733
2025-05-14 09:22:30,293.73,293.734,293.73,293.734
2025-05-14 09:22:35,293.734,293.734,293.729,293.733
2025-05-14 09:22:40,293.732,293.732,293.725,293.725
2025-05-14 09:22:45,293.725,293.731,293.725,293.731
2025-05-14 09:22:50,293.733,293.733,293.727,293.728
2025-05-14 09:22:55,293.728,293.735,293.726,293.732
2025-05-14 09:23:00,293.731,293.731,293.728,293.728
2025-05-14 09:23:05,293.728,293.728,293.725,293.726
2025-05-14 09:23:10,293.726,293.739,293.726,293.739
2025-05-14 09:23:15,293.735,293.735,293.733,293.734
2025-05-14 09:23:20,293.734,293.734,293.724,293.726
2025-05-14 09:23:25,293.726,293.731,293.721,293.729
2025-05-14 09:23:30,293.729,293.735,293.729,293.735
2025-05-14 09:23:35,293.735,293.746,293.735,293.744
2025-05-14 09:23:40,293.741,293.743,293.74,293.741
2025-05-14 09:23:45,293.741,293.741,293.738,293.739
2025-05-14 09:23:50,293.739,293.741,293.732,293.734
2025-05-14 09:23:55,293.734,293.734,293.732,293.733
2025-05-14 09:24:00,293.734,293.74,293.734,293.74
2025-05-14 09:24:05,293.74,293.746,293.74,293.744
2025-05-14 09:24:10,293.744,293.744,293.731,293.739
2025-05-14 09:24:15,293.739,293.739,293.735,293.735
2025-05-14 09:24:20,293.735,293.736,293.734,293.734
2025-05-14 09:24:25,293.734,293.736,293.733,293.733
2025-05-14 09:24:30,293.733,293.733,293.726,293.727
2025-05-14 09:24:35,293.727,293.734,293.723,293.734
2025-05-14 09:24:40,293.734,293.737,293.729,293.729
2025-05-14 09:24:45,293.729,293.74,293.728,293.74
2025-05-14 09:24:50,293.74,293.748,293.74,293.747
2025-05-14 09:24:55,293.751,293.754,293.751,293.752
2025-05-14 09:25:00,293.755,293.755,293.749,293.75
2025-05-14 09:25:05,293.75,293.754,293.747,293.747
2025-05-14 09:25:10,293.747,293.76,293.745,293.76
2025-05-14 09:25:15,293.762,293.762,293.753,293.758
2025-05-14 09:25:20,293.756,293.756,293.748,293.753
2025-05-14 09:25:25,293.753,293.753,293.746,293.748
2025-05-14 09:25:30,293.748,293.75,293.748,293.749
2025-05-14 09:25:35,293.749,293.756,293.749,293.756
2025-05-14 09:25:40,293.752,293.755,293.752,293.753
2025-05-14 09:25:45,293.753,293.757,293.749,293.75
2025-05-14 09:25:50,293.75,293.754,293.749,293.754
2025-05-14 09:25:55,293.755,293.756,293.753,293.756
2025-05-14 09:26:00,293.755,293.76,293.754,293.758
2025-05-14 09:26:05,293.758,293.762,293.755,293.758
2025-05-14 09:26:10,293.758,293.758,293.754,293.756
2025-05-14 09:26:15,293.755,293.755,293.734,293.734
2025-05-14 09:26:20,293.734,293.742,293.733,293.742
2025-05-14 09:26:25,293.743,293.746,293.743,293.745
2025-05-14 09:26:30,293.745,293.75,293.744,293.744
2025-05-14 09:26:35,293.742,293.756,293.742,293.756
2025-05-14 09:26:40,293.757,293.762,293.756,293.76
2025-05-14 09:26:45,293.76,293.76,293.756,293.756
2025-05-14 09:26:50,293.756,293.756,293.738,293.738
2025-05-14 09:26:55,293.738,293.74,293.736,293.739
2025-05-14 09:27:00,293.737,293.737,293.724,293.724
2025-05-14 09:27:05,293.722,293.722,293.715,293.715
2025-05-14 09:27:10,293.715,293.715,293.712,293.712
2025-05-14 09:27:15,293.712,293.717,293.712,293.716
2025-05-14 09:27:20,293.716,293.716,293.701,293.704
2025-05-14 09:27:25,293.704,293.706,293.702,293.705
2025-05-14 09:27:30,293.704,293.706,293.704,293.705
2025-05-14 09:27:35,293.705,293.706,293.701,293.705
2025-05-14 09:27:40,293.706,293.706,293.701,293.701
2025-05-14 09:27:45,293.701,293.703,293.701,293.701
2025-05-14 09:27:50,293.701,293.704,293.701,293.704
2025-05-14 09:27:55,293.704,293.707,293.704,293.706
2025-05-14 09:28:00,293.706,293.707,293.698,293.698
2025-05-14 09:28:05,293.698,293.713,293.698,293.712
2025-05-14 09:28:10,293.712,293.713,293.71,293.71
2025-05-14 09:28:15,293.71,293.712,293.708,293.708
2025-05-14 09:28:20,293.707,293.707,293.702,293.704
2025-05-14 09:28:25,293.707,293.715,293.707,293.713
2025-05-14 09:28:30,293.715,293.717,293.713,293.717
2025-05-14 09:28:35,293.717,293.733,293.716,293.733
2025-05-14 09:28:40,293.733,293.737,293.733,293.734
2025-05-14 09:28:45,293.73,293.733,293.729,293.733
2025-05-14 09:28:50,293.733,293.736,293.733,293.734
2025-05-14 09:28:55,293.734,293.736,293.733,293.736
2025-05-14 09:29:00,293.738,293.745,293.738,293.744
2025-05-14 09:29:05,293.744,293.746,293.744,293.746
2025-05-14 09:29:10,293.739,293.739,293.733,293.733
2025-05-14 09:29:15,293.733,293.74,293.733,293.738
2025-05-14 09:29:20,293.744,293.749,293.743,293.747
2025-05-14 09:29:25,293.747,293.754,293.746,293.746
2025-05-14 09:29:30,293.745,293.748,293.743,293.744
2025-05-14 09:29:35,293.744,293.751,293.741,293.751
2025-05-14 09:29:40,293.751,293.751,293.747,293.748
2025-05-14 09:29:45,293.748,293.751,293.748,293.75
2025-05-14 09:29:50,293.746,293.747,293.746,293.747
2025-05-14 09:29:55,293.747,293.75,293.747,293.749
2025-05-14 09:30:00,293.742,293.742,293.74,293.74
2025-05-14 09:30:05,293.738,293.747,293.732,293.747
2025-05-14 09:30:10,293.747,293.75,293.736,293.74
2025-05-14 09:30:15,293.74,293.742,293.74,293.741
2025-05-14 09:30:20,293.741,293.741,293.737,293.74
2025-05-14 09:30:25,293.74,293.741,293.734,293.734
2025-05-14 09:30:30,293.734,293.736,293.729,293.729
2025-05-14 09:30:35,293.729,293.729,293.723,293.723
2025-05-14 09:30:40,293.723,293.728,293.719,293.719
2025-05-14 09:30:45,293.719,293.721,293.718,293.721
2025-05-14 09:30:50,293.721,293.721,293.711,293.711
2025-05-14 09:30:55,293.711,293.717,293.711,293.715
2025-05-14 09:31:00,293.716,293.717,293.715,293.716
2025-05-14 09:31:05,293.716,293.717,293.714,293.714
2025-05-14 09:31:10,293.714,293.718,293.714,293.716
2025-05-14 09:31:15,293.716,293.722,293.716,293.721
2025-05-14 09:31:20,293.721,293.723,293.721,293.721
2025-05-14 09:31:25,293.721,293.721,293.71,293.71
2025-05-14 09:31:30,293.71,293.71,293.701,293.701
2025-05-14 09:31:35,293.699,293.699,293.692,293.699
2025-05-14 09:31:40,293.699,293.701,293.698,293.698
2025-05-14 09:31:45,293.699,293.699,293.696,293.698
2025-05-14 09:31:50,293.698,293.701,293.696,293.696
2025-05-14 09:31:55,293.696,293.697,293.692,293.696
2025-05-14 09:32:00,293.696,293.698,293.693,293.695
2025-05-14 09:32:05,293.696,293.697,293.695,293.695
2025-05-14 09:32:10,293.695,293.695,293.688,293.689
2025-05-14 09:32:15,293.689,293.694,293.689,293.694
2025-05-14 09:32:20,293.694,293.7,293.694,293.7
2025-05-14 09:32:25,293.698,293.698,293.693,293.693
2025-05-14 09:32:30,293.691,293.697,293.691,293.694
2025-05-14 09:32:35,293.692,293.693,293.69,293.69
2025-05-14 09:32:40,293.69,293.696,293.69,293.696
2025-05-14 09:32:45,293.704,293.713,293.704,293.711
2025-05-14 09:32:50,293.71,293.712,293.702,293.702
2025-05-14 09:32:55,293.7,293.7,293.696,293.696
2025-05-14 09:33:00,293.696,293.703,293.696,293.703
2025-05-14 09:33:05,293.703,293.703,293.697,293.7
2025-05-14 09:33:10,293.701,293.704,293.699,293.699
2025-05-14 09:33:15,293.703,293.703,293.695,293.695
2025-05-14 09:33:20,293.695,293.695,293.681,293.681
2025-05-14 09:33:25,293.676,293.683,293.676,293.681
2025-05-14 09:33:30,293.681,293.681,293.677,293.68
2025-05-14 09:33:35,293.678,293.68,293.677,293.68
2025-05-14 09:33:40,293.68,293.684,293.68,293.681
2025-05-14 09:33:45,293.683,293.683,293.679,293.682
2025-05-14 09:33:50,293.683,293.684,293.682,293.684
2025-05-14 09:33:55,293.688,293.702,293.688,293.702
2025-05-14 09:34:00,293.702,293.702,293.697,293.698
2025-05-14 09:34:05,293.699,293.701,293.697,293.701
2025-05-14 09:34:10,293.702,293.706,293.702,293.703
2025-05-14 09:34:15,293.704,293.71,293.704,293.71
2025-05-14 09:34:20,293.71,293.715,293.707,293.707
2025-05-14 09:34:25,293.708,293.709,293.695,293.702
2025-05-14 09:34:30,293.702,293.706,293.702,293.706
2025-05-14 09:34:35,293.704,293.72,293.704,293.72
2025-05-14 09:34:40,293.72,293.72,293.717,293.719
2025-05-14 09:34:45,293.719,293.719,293.715,293.716
2025-05-14 09:34:50,293.715,293.715,293.71,293.711
2025-05-14 09:34:55,293.711,293.711,293.706,293.708
2025-05-14 09:35:00,293.708,293.717,293.708,293.717
2025-05-14 09:35:05,293.718,293.721,293.717,293.718
2025-05-14 09:35:10,293.718,293.718,293.705,293.71
2025-05-14 09:35:15,293.71,293.714,293.71,293.714
2025-05-14 09:35:20,293.714,293.721,293.714,293.718
2025-05-14 09:35:25,293.717,293.717,293.71,293.71
2025-05-14 09:35:30,293.71,293.717,293.71,293.717
2025-05-14 09:35:35,293.719,293.721,293.717,293.717
2025-05-14 09:35:40,293.717,293.718,293.714,293.714
2025-05-14 09:35:45,293.714,293.717,293.714,293.717
2025-05-14 09:35:50,293.712,293.712,293.704,293.704
2025-05-14 09:35:55,293.704,293.704,293.699,293.702
2025-05-14 09:36:00,293.702,293.711,293.702,293.71
2025-05-14 09:36:05,293.71,293.718,293.71,293.718
2025-05-14 09:36:10,293.718,293.72,293.713,293.713
2025-05-14 09:36:15,293.713,293.717,293.706,293.707
2025-05-14 09:36:20,293.707,293.707,293.704,293.705
2025-05-14 09:36:25,293.703,293.707,293.703,293.705
2025-05-14 09:36:30,293.705,293.714,293.705,293.714
2025-05-14 09:36:35,293.714,293.715,293.713,293.714
2025-05-14 09:36:40,293.714,293.719,293.714,293.719
2025-05-14 09:36:45,293.719,293.719,293.713,293.714
2025-05-14 09:36:50,293.714,293.716,293.712,293.712
2025-05-14 09:36:55,293.712,293.719,293.712,293.717
2025-05-14 09:37:00,293.717,293.717,293.714,293.715
2025-05-14 09:37:05,293.715,293.721,293.713,293.713
2025-05-14 09:37:10,293.713,293.713,293.701,293.701
2025-05-14 09:37:15,293.7,293.702,293.697,293.697
2025-05-14 09:37:20,293.697,293.697,293.693,293.693
2025-05-14 09:37:25,293.693,293.694,293.69,293.69
2025-05-14 09:37:30,293.689,293.705,293.689,293.705
2025-05-14 09:37:35,293.706,293.709,293.706,293.709
2025-05-14 09:37:40,293.709,293.716,293.709,293.716
2025-05-14 09:37:45,293.716,293.72,293.716,293.72
2025-05-14 09:37:50,293.72,293.73,293.718,293.73
2025-05-14 09:37:55,293.73,293.73,293.722,293.722
2025-05-14 09:38:00,293.722,293.723,293.711,293.711
2025-05-14 09:38:05,293.71,293.716,293.71,293.713
2025-05-14 09:38:10,293.716,293.716,293.708,293.711
2025-05-14 09:38:15,293.704,293.704,293.699,293.699
2025-05-14 09:38:20,293.7,293.702,293.699,293.699
2025-05-14 09:38:25,293.698,293.704,293.698,293.702
2025-05-14 09:38:30,293.702,293.706,293.699,293.706
2025-05-14 09:38:35,293.708,293.71,293.707,293.707
2025-05-14 09:38:40,293.707,293.707,293.704,293.706
2025-05-14 09:38:45,293.706,293.711,293.706,293.707
2025-05-14 09:38:50,293.707,293.708,293.703,293.703
2025-05-14 09:38:55,293.703,293.704,293.702,293.704
2025-05-14 09:39:00,293.704,293.707,293.702,293.707
2025-05-14 09:39:05,293.708,293.712,293.708,293.712
2025-05-14 09:39:10,293.715,293.718,293.714,293.718
2025-05-14 09:39:15,293.716,293.719,293.714,293.716
2025-05-14 09:39:20,293.715,293.715,293.711,293.712
2025-05-14 09:39:25,293.707,293.707,293.693,293.693
2025-05-14 09:39:30,293.69,293.691,293.688,293.69
2025-05-14 09:39:35,293.69,293.693,293.685,293.686
2025-05-14 09:39:40,293.686,293.687,293.685,293.686
2025-05-14 09:39:45,293.686,293.686,293.684,293.684
2025-05-14 09:39:50,293.684,293.688,293.684,293.686
2025-05-14 09:39:55,293.684,293.687,293.684,293.687
2025-05-14 09:40:00,293.686,293.687,293.684,293.684
2025-05-14 09:40:05,293.684,293.685,293.68,293.685
2025-05-14 09:40:10,293.685,293.687,293.683,293.683
2025-05-14 09:40:15,293.683,293.683,293.678,293.678
2025-05-14 09:40:20,293.678,293.682,293.678,293.682
2025-05-14 09:40:25,293.682,293.682,293.666,293.666
2025-05-14 09:40:30,293.666,293.672,293.666,293.671
2025-05-14 09:40:35,293.672,293.672,293.662,293.666
2025-05-14 09:40:40,293.667,293.667,293.658,293.661
2025-05-14 09:40:45,293.661,293.665,293.658,293.658
2025-05-14 09:40:50,293.658,293.661,293.654,293.654
2025-05-14 09:40:55,293.654,293.656,293.652,293.654
2025-05-14 09:41:00,293.654,293.66,293.654,293.66
2025-05-14 09:41:05,293.66,293.665,293.66,293.662
2025-05-14 09:41:10,293.662,293.666,293.657,293.658
2025-05-14 09:41:15,293.658,293.658,293.646,293.646
2025-05-14 09:41:20,293.647,293.653,293.647,293.648
2025-05-14 09:41:25,293.648,293.655,293.648,293.65
2025-05-14 09:41:30,293.65,293.65,293.646,293.647
2025-05-14 09:41:35,293.647,293.653,293.647,293.653
2025-05-14 09:41:40,293.653,293.653,293.649,293.65
2025-05-14 09:41:45,293.65,293.656,293.65,293.656
2025-05-14 09:41:50,293.656,293.656,293.652,293.653
2025-05-14 09:41:55,293.654,293.659,293.654,293.656
2025-05-14 09:42:00,293.656,293.657,293.648,293.648
2025-05-14 09:42:05,293.648,293.649,293.644,293.644
2025-05-14 09:42:10,293.644,293.649,293.641,293.644
2025-05-14 09:42:15,293.64,293.646,293.64,293.644
2025-05-14 09:42:20,293.644,293.646,293.643,293.645
2025-05-14 09:42:25,293.645,293.645,293.64,293.643
2025-05-14 09:42:30,293.643,293.644,293.639,293.639
2025-05-14 09:42:35,293.638,293.638,293.631,293.631
2025-05-14 09:42:40,293.632,293.632,293.619,293.623
2025-05-14 09:42:45,293.623,293.623,293.616,293.619
2025-05-14 09:42:50,293.621,293.624,293.62,293.62
2025-05-14 09:42:55,293.62,293.62,293.616,293.618
2025-05-14 09:43:00,293.616,293.617,293.613,293.613
2025-05-14 09:43:05,293.613,293.614,293.61,293.612
2025-05-14 09:43:10,293.614,293.615,293.611,293.614
2025-05-14 09:43:15,293.616,293.619,293.615,293.617
2025-05-14 09:43:20,293.618,293.618,293.613,293.613
2025-05-14 09:43:25,293.611,293.613,293.61,293.613
2025-05-14 09:43:30,293.612,293.619,293.61,293.617
2025-05-14 09:43:35,293.614,293.614,293.61,293.61
2025-05-14 09:43:40,293.612,293.612,293.603,293.603
2025-05-14 09:43:45,293.603,293.61,293.603,293.61
2025-05-14 09:43:50,293.61,293.613,293.606,293.606
2025-05-14 09:43:55,293.607,293.607,293.605,293.605
2025-05-14 09:44:00,293.607,293.611,293.607,293.611
2025-05-14 09:44:05,293.611,293.614,293.61,293.61
2025-05-14 09:44:10,293.609,293.61,293.607,293.609
2025-05-14 09:44:15,293.608,293.613,293.607,293.613
2025-05-14 09:44:20,293.612,293.619,293.611,293.619
2025-05-14 09:44:25,293.62,293.62,293.615,293.618
2025-05-14 09:44:30,293.618,293.621,293.617,293.617
2025-05-14 09:44:35,293.617,293.619,293.617,293.619
2025-05-14 09:44:40,293.618,293.62,293.615,293.62
2025-05-14 09:44:45,293.62,293.624,293.619,293.624
2025-05-14 09:44:50,293.626,293.628,293.625,293.627
2025-05-14 09:44:55,293.627,293.627,293.623,293.627
2025-05-14 09:45:00,293.627,293.627,293.614,293.614
2025-05-14 09:45:05,293.61,293.611,293.609,293.61
2025-05-14 09:45:10,293.61,293.613,293.609,293.613
2025-05-14 09:45:15,293.613,293.613,293.608,293.612
2025-05-14 09:45:20,293.612,293.612,293.607,293.607
2025-05-14 09:45:25,293.606,293.608,293.605,293.605
2025-05-14 09:45:30,293.605,293.61,293.605,293.61
2025-05-14 09:45:35,293.61,293.613,293.61,293.61
2025-05-14 09:45:40,293.613,293.613,293.606,293.609
2025-05-14 09:45:45,293.609,293.611,293.609,293.61
2025-05-14 09:45:50,293.609,293.611,293.608,293.608
2025-05-14 09:45:55,293.608,293.609,293.606,293.607
2025-05-14 09:46:00,293.607,293.61,293.604,293.61
2025-05-14 09:46:05,293.61,293.611,293.608,293.608
2025-05-14 09:46:10,293.605,293.607,293.603,293.607
2025-05-14 09:46:15,293.607,293.607,293.597,293.597
2025-05-14 09:46:20,293.597,293.597,293.589,293.591
2025-05-14 09:46:25,293.592,293.596,293.592,293.596
2025-05-14 09:46:30,293.596,293.596,293.59,293.59
2025-05-14 09:46:35,293.59,293.595,293.59,293.595
2025-05-14 09:46:40,293.593,293.601,293.591,293.601
2025-05-14 09:46:45,293.599,293.603,293.587,293.587
2025-05-14 09:46:50,293.588,293.595,293.588,293.595
2025-05-14 09:46:55,293.595,293.595,293.586,293.591
2025-05-14 09:47:00,293.591,293.592,293.587,293.591
2025-05-14 09:47:05,293.591,293.594,293.588,293.588
2025-05-14 09:47:10,293.588,293.588,293.587,293.588
2025-05-14 09:47:15,293.588,293.589,293.582,293.583
2025-05-14 09:47:20,293.59,293.594,293.59,293.592
2025-05-14 09:47:25,293.592,293.603,293.588,293.603
2025-05-14 09:47:30,293.603,293.603,293.598,293.599
2025-05-14 09:47:35,293.599,293.599,293.598,293.598
2025-05-14 09:47:40,293.598,293.603,293.598,293.601
2025-05-14 09:47:45,293.602,293.602,293.595,293.595
2025-05-14 09:47:50,293.595,293.597,293.593,293.593
2025-05-14 09:47:55,293.593,293.596,293.593,293.594
2025-05-14 09:48:00,293.596,293.596,293.588,293.589
2025-05-14 09:48:05,293.589,293.589,293.586,293.586
2025-05-14 09:48:10,293.586,293.589,293.584,293.588
2025-05-14 09:48:15,293.588,293.589,293.586,293.587
2025-05-14 09:48:20,293.586,293.59,293.586,293.586
2025-05-14 09:48:25,293.586,293.587,293.582,293.584
2025-05-14 09:48:30,293.584,293.593,293.582,293.582
2025-05-14 09:48:35,293.582,293.583,293.574,293.576
2025-05-14 09:48:40,293.576,293.576,293.57,293.571
2025-05-14 09:48:45,293.579,293.58,293.572,293.572
2025-05-14 09:48:50,293.572,293.574,293.571,293.574
2025-05-14 09:48:55,293.574,293.574,293.57,293.572
2025-05-14 09:49:00,293.572,293.575,293.568,293.575
2025-05-14 09:49:05,293.573,293.575,293.571,293.571
2025-05-14 09:49:10,293.571,293.578,293.571,293.574
2025-05-14 09:49:15,293.577,293.577,293.573,293.573
2025-05-14 09:49:20,293.573,293.574,293.572,293.574
2025-05-14 09:49:25,293.571,293.576,293.571,293.575
2025-05-14 09:49:30,293.575,293.578,293.573,293.575
2025-05-14 09:49:35,293.575,293.584,293.574,293.584
2025-05-14 09:49:40,293.584,293.584,293.577,293.577
2025-05-14 09:49:45,293.575,293.577,293.572,293.577
2025-05-14 09:49:50,293.577,293.59,293.577,293.587
2025-05-14 09:49:55,293.589,293.59,293.582,293.582
2025-05-14 09:50:00,293.582,293.582,293.569,293.57
2025-05-14 09:50:05,293.569,293.572,293.569,293.569
2025-05-14 09:50:10,293.571,293.572,293.559,293.559
2025-05-14 09:50:15,293.557,293.562,293.557,293.56
2025-05-14 09:50:20,293.56,293.57,293.56,293.568
2025-05-14 09:50:25,293.568,293.569,293.567,293.569
2025-05-14 09:50:30,293.566,293.567,293.566,293.567
2025-05-14 09:50:35,293.568,293.572,293.568,293.569
2025-05-14 09:50:40,293.569,293.569,293.562,293.562
2025-05-14 09:50:45,293.563,293.573,293.563,293.57
2025-05-14 09:50:50,293.57,293.57,293.566,293.566
2025-05-14 09:50:55,293.566,293.568,293.566,293.566
2025-05-14 09:51:00,293.566,293.571,293.566,293.571
2025-05-14 09:51:05,293.569,293.57,293.567,293.569
2025-05-14 09:51:10,293.569,293.575,293.569,293.575
2025-05-14 09:51:15,293.574,293.576,293.574,293.575
2025-05-14 09:51:20,293.575,293.576,293.567,293.567
2025-05-14 09:51:25,293.568,293.569,293.564,293.564
2025-05-14 09:51:30,293.553,293.56,293.553,293.56
2025-05-14 09:51:35,293.56,293.56,293.543,293.543
2025-05-14 09:51:40,293.543,293.558,293.543,293.556
2025-05-14 09:51:45,293.554,293.555,293.551,293.551
2025-05-14 09:51:50,293.549,293.551,293.541,293.541
2025-05-14 09:51:55,293.541,293.556,293.541,293.556
2025-05-14 09:52:00,293.556,293.556,293.55,293.555
2025-05-14 09:52:05,293.555,293.561,293.555,293.561
2025-05-14 09:52:10,293.561,293.565,293.56,293.565
2025-05-14 09:52:15,293.565,293.565,293.564,293.564
2025-05-14 09:52:20,293.564,293.566,293.563,293.564
2025-05-14 09:52:25,293.564,293.568,293.563,293.567
2025-05-14 09:52:30,293.566,293.571,293.566,293.571
2025-05-14 09:52:35,293.571,293.572,293.57,293.571
2025-05-14 09:52:40,293.571,293.575,293.571,293.572
2025-05-14 09:52:45,293.574,293.584,293.574,293.58
2025-05-14 09:52:50,293.578,293.58,293.577,293.578
2025-05-14 09:52:55,293.578,293.579,293.575,293.575
2025-05-14 09:53:00,293.575,293.576,293.574,293.574
2025-05-14 09:53:05,293.574,293.581,293.574,293.58
2025-05-14 09:53:10,293.581,293.584,293.575,293.575
2025-05-14 09:53:15,293.575,293.577,293.573,293.576
2025-05-14 09:53:20,293.576,293.58,293.575,293.577
2025-05-14 09:53:25,293.578,293.578,293.572,293.574
2025-05-14 09:53:30,293.573,293.573,293.569,293.571
2025-05-14 09:53:35,293.571,293.571,293.566,293.566
2025-05-14 09:53:40,293.566,293.573,293.566,293.571
2025-05-14 09:53:45,293.571,293.572,293.57,293.571
2025-05-14 09:53:50,293.571,293.581,293.571,293.581
2025-05-14 09:53:55,293.581,293.582,293.58,293.582
2025-05-14 09:54:00,293.582,293.583,293.58,293.58
2025-05-14 09:54:05,293.58,293.582,293.579,293.579
2025-05-14 09:54:10,293.579,293.579,293.571,293.573
2025-05-14 09:54:15,293.573,293.578,293.573,293.573
2025-05-14 09:54:20,293.573,293.573,293.561,293.561
2025-05-14 09:54:25,293.56,293.56,293.553,293.553
2025-05-14 09:54:30,293.553,293.553,293.551,293.552
2025-05-14 09:54:35,293.552,293.558,293.552,293.554
2025-05-14 09:54:40,293.554,293.558,293.553,293.556
2025-05-14 09:54:45,293.556,293.556,293.553,293.554
2025-05-14 09:54:50,293.555,293.559,293.554,293.554
2025-05-14 09:54:55,293.554,293.554,293.548,293.552
2025-05-14 09:55:00,293.551,293.552,293.55,293.55
2025-05-14 09:55:05,293.55,293.551,293.546,293.546
2025-05-14 09:55:10,293.546,293.555,293.546,293.554
2025-05-14 09:55:15,293.554,293.554,293.551,293.552
2025-05-14 09:55:20,293.552,293.552,293.545,293.547
2025-05-14 09:55:25,293.547,293.548,293.546,293.547
2025-05-14 09:55:30,293.548,293.559,293.548,293.559
2025-05-14 09:55:35,293.558,293.562,293.558,293.562
2025-05-14 09:55:40,293.556,293.557,293.556,293.557
2025-05-14 09:55:45,293.557,293.557,293.554,293.556
2025-05-14 09:55:50,293.554,293.555,293.549,293.55
2025-05-14 09:55:55,293.55,293.55,293.544,293.544
2025-05-14 09:56:00,293.542,293.544,293.54,293.544
2025-05-14 09:56:05,293.544,293.548,293.544,293.548
2025-05-14 09:56:10,293.549,293.549,293.54,293.549
2025-05-14 09:56:15,293.553,293.554,293.551,293.554
2025-05-14 09:56:20,293.554,293.559,293.554,293.559
2025-05-14 09:56:25,293.559,293.559,293.555,293.555
2025-05-14 09:56:30,293.553,293.553,293.548,293.549
2025-05-14 09:56:35,293.547,293.552,293.542,293.55
2025-05-14 09:56:40,293.55,293.558,293.549,293.549
2025-05-14 09:56:45,293.549,293.551,293.544,293.547
2025-05-14 09:56:50,293.546,293.546,293.539,293.539
2025-05-14 09:56:55,293.54,293.549,293.536,293.549
2025-05-14 09:57:00,293.55,293.556,293.55,293.556
2025-05-14 09:57:05,293.556,293.559,293.554,293.558
2025-05-14 09:57:10,293.56,293.567,293.558,293.567
2025-05-14 09:57:15,293.567,293.579,293.567,293.579
2025-05-14 09:57:20,293.575,293.581,293.575,293.581
2025-05-14 09:57:25,293.581,293.584,293.581,293.581
2025-05-14 09:57:30,293.582,293.587,293.579,293.587
2025-05-14 09:57:35,293.588,293.588,293.585,293.587
2025-05-14 09:57:40,293.587,293.587,293.577,293.583
2025-05-14 09:57:45,293.583,293.588,293.583,293.588
2025-05-14 09:57:50,293.587,293.587,293.581,293.582
2025-05-14 09:57:55,293.579,293.584,293.573,293.573
2025-05-14 09:58:00,293.575,293.575,293.569,293.574
2025-05-14 09:58:05,293.574,293.574,293.571,293.571
2025-05-14 09:58:10,293.571,293.572,293.569,293.57
2025-05-14 09:58:15,293.568,293.568,293.564,293.565
2025-05-14 09:58:20,293.567,293.567,293.559,293.559
2025-05-14 09:58:25,293.559,293.564,293.559,293.562
2025-05-14 09:58:30,293.562,293.565,293.557,293.565
2025-05-14 09:58:35,293.565,293.57,293.565,293.57
2025-05-14 09:58:40,293.57,293.57,293.565,293.565
2025-05-14 09:58:45,293.565,293.568,293.564,293.564
2025-05-14 09:58:50,293.564,293.568,293.562,293.568
2025-05-14 09:58:55,293.564,293.574,293.561,293.571
2025-05-14 09:59:00,293.571,293.572,293.569,293.571
2025-05-14 09:59:05,293.571,293.571,293.565,293.565
2025-05-14 09:59:10,293.565,293.565,293.559,293.559
2025-05-14 09:59:15,293.559,293.574,293.559,293.574
2025-05-14 09:59:20,293.574,293.577,293.574,293.577
2025-05-14 09:59:25,293.577,293.582,293.577,293.582
2025-05-14 09:59:30,293.582,293.585,293.582,293.583
2025-05-14 09:59:35,293.582,293.59,293.582,293.59
2025-05-14 09:59:40,293.59,293.593,293.586,293.593
2025-05-14 09:59:45,293.593,293.598,293.593,293.598
2025-05-14 09:59:50,293.598,293.602,293.597,293.602
2025-05-14 09:59:55,293.603,293.604,293.599,293.601
2025-05-14 10:00:00,293.6,293.601,293.596,293.596
2025-05-14 10:00:05,293.598,293.602,293.598,293.599
2025-05-14 10:00:10,293.599,293.603,293.599,293.599
2025-05-14 10:00:15,293.601,293.601,293.594,293.596
2025-05-14 10:00:20,293.596,293.598,293.595,293.597
2025-05-14 10:00:25,293.597,293.605,293.597,293.598
2025-05-14 10:00:30,293.598,293.598,293.595,293.596
2025-05-14 10:00:35,293.596,293.596,293.591,293.591
2025-05-14 10:00:40,293.592,293.593,293.586,293.586
2025-05-14 10:00:45,293.586,293.59,293.584,293.587
2025-05-14 10:00:50,293.587,293.587,293.582,293.583
2025-05-14 10:00:55,293.583,293.583,293.58,293.583
2025-05-14 10:01:00,293.583,293.584,293.579,293.579
2025-05-14 10:01:05,293.578,293.591,293.576,293.59
2025-05-14 10:01:10,293.59,293.59,293.584,293.584
2025-05-14 10:01:15,293.585,293.589,293.585,293.589
2025-05-14 10:01:20,293.589,293.589,293.587,293.589
2025-05-14 10:01:25,293.59,293.592,293.589,293.589
2025-05-14 10:01:30,293.589,293.589,293.584,293.584
2025-05-14 10:01:35,293.585,293.585,293.583,293.585
2025-05-14 10:01:40,293.585,293.585,293.582,293.582
2025-05-14 10:01:45,293.583,293.586,293.582,293.586
2025-05-14 10:01:50,293.586,293.589,293.586,293.587
2025-05-14 10:01:55,293.587,293.592,293.582,293.592
2025-05-14 10:02:00,293.59,293.59,293.578,293.579
2025-05-14 10:02:05,293.579,293.585,293.576,293.585
2025-05-14 10:02:10,293.585,293.585,293.58,293.581
2025-05-14 10:02:15,293.577,293.581,293.576,293.581
2025-05-14 10:02:20,293.581,293.582,293.573,293.577
2025-05-14 10:02:25,293.577,293.578,293.576,293.576
2025-05-14 10:02:30,293.576,293.587,293.576,293.587
2025-05-14 10:02:35,293.588,293.589,293.584,293.584
2025-05-14 10:02:40,293.583,293.586,293.583,293.586
2025-05-14 10:02:45,293.586,293.589,293.585,293.585
2025-05-14 10:02:50,293.585,293.59,293.585,293.59
2025-05-14 10:02:55,293.59,293.593,293.59,293.591
2025-05-14 10:03:00,293.593,293.593,293.588,293.588
2025-05-14 10:03:05,293.588,293.588,293.584,293.584
2025-05-14 10:03:10,293.584,293.59,293.584,293.59
2025-05-14 10:03:15,293.59,293.59,293.582,293.584
2025-05-14 10:03:20,293.584,293.584,293.576,293.576
2025-05-14 10:03:25,293.576,293.58,293.576,293.577
2025-05-14 10:03:30,293.577,293.58,293.575,293.575
2025-05-14 10:03:35,293.575,293.575,293.569,293.569
2025-05-14 10:03:40,293.569,293.569,293.567,293.568
2025-05-14 10:03:45,293.569,293.569,293.565,293.565
2025-05-14 10:03:50,293.565,293.578,293.565,293.578
2025-05-14 10:03:55,293.578,293.582,293.578,293.579
2025-05-14 10:04:00,293.578,293.578,293.573,293.577
2025-05-14 10:04:05,293.576,293.585,293.576,293.585
2025-05-14 10:04:10,293.585,293.587,293.579,293.582
2025-05-14 10:04:15,293.582,293.584,293.582,293.583
2025-05-14 10:04:20,293.584,293.584,293.574,293.578
2025-05-14 10:04:25,293.578,293.581,293.568,293.57
2025-05-14 10:04:30,293.57,293.571,293.568,293.571
2025-05-14 10:04:35,293.571,293.574,293.571,293.574
2025-05-14 10:04:40,293.573,293.583,293.573,293.583
2025-05-14 10:04:45,293.582,293.582,293.576,293.577
2025-05-14 10:04:50,293.577,293.577,293.572,293.572
2025-05-14 10:04:55,293.572,293.583,293.572,293.577
2025-05-14 10:05:00,293.577,293.578,293.576,293.577
2025-05-14 10:05:05,293.581,293.582,293.577,293.577
2025-05-14 10:05:10,293.577,293.589,293.577,293.582
2025-05-14 10:05:15,293.582,293.587,293.582,293.587
2025-05-14 10:05:20,293.587,293.587,293.585,293.585
2025-05-14 10:05:25,293.58,293.582,293.579,293.582
2025-05-14 10:05:30,293.582,293.582,293.574,293.576
2025-05-14 10:05:35,293.576,293.579,293.574,293.578
2025-05-14 10:05:40,293.578,293.578,293.573,293.573
2025-05-14 10:05:45,293.576,293.576,293.57,293.57
2025-05-14 10:05:50,293.57,293.575,293.57,293.575
2025-05-14 10:05:55,293.575,293.575,293.571,293.571
2025-05-14 10:06:00,293.571,293.574,293.564,293.564
2025-05-14 10:06:05,293.565,293.565,293.562,293.562
2025-05-14 10:06:10,293.562,293.562,293.558,293.559
2025-05-14 10:06:15,293.559,293.559,293.547,293.549
2025-05-14 10:06:20,293.55,293.551,293.548,293.549
2025-05-14 10:06:25,293.547,293.55,293.546,293.549
2025-05-14 10:06:30,293.548,293.549,293.547,293.548
2025-05-14 10:06:35,293.548,293.549,293.548,293.548
2025-05-14 10:06:40,293.548,293.548,293.536,293.536
2025-05-14 10:06:45,293.537,293.539,293.535,293.539
2025-05-14 10:06:50,293.539,293.539,293.536,293.537
2025-05-14 10:06:55,293.537,293.538,293.534,293.535
2025-05-14 10:07:00,293.535,293.54,293.535,293.535
2025-05-14 10:07:05,293.537,293.537,293.53,293.532
2025-05-14 10:07:10,293.533,293.537,293.528,293.528
2025-05-14 10:07:15,293.533,293.538,293.533,293.538
2025-05-14 10:07:20,293.538,293.547,293.538,293.547
2025-05-14 10:07:25,293.55,293.559,293.55,293.558
2025-05-14 10:07:30,293.559,293.563,293.557,293.557
2025-05-14 10:07:35,293.559,293.562,293.558,293.561
2025-05-14 10:07:40,293.561,293.571,293.561,293.571
2025-05-14 10:07:45,293.572,293.574,293.57,293.571
2025-05-14 10:07:50,293.572,293.575,293.571,293.575
2025-05-14 10:07:55,293.578,293.579,293.571,293.578
2025-05-14 10:08:00,293.578,293.58,293.572,293.576
2025-05-14 10:08:05,293.576,293.584,293.576,293.584
2025-05-14 10:08:10,293.584,293.586,293.584,293.586
2025-05-14 10:08:15,293.586,293.586,293.583,293.586
2025-05-14 10:08:20,293.586,293.593,293.584,293.59
2025-05-14 10:08:25,293.592,293.595,293.579,293.579
2025-05-14 10:08:30,293.578,293.578,293.568,293.568
2025-05-14 10:08:35,293.563,293.565,293.563,293.563
2025-05-14 10:08:40,293.563,293.564,293.559,293.564
2025-05-14 10:08:45,293.564,293.564,293.559,293.559
2025-05-14 10:08:50,293.558,293.564,293.558,293.563
2025-05-14 10:08:55,293.563,293.567,293.561,293.561
2025-05-14 10:09:00,293.561,293.564,293.56,293.564
2025-05-14 10:09:05,293.564,293.566,293.563,293.564
2025-05-14 10:09:10,293.564,293.567,293.563,293.564
2025-05-14 10:09:15,293.564,293.564,293.557,293.557
2025-05-14 10:09:20,293.557,293.557,293.553,293.554
2025-05-14 10:09:25,293.553,293.565,293.553,293.561
2025-05-14 10:09:30,293.562,293.563,293.561,293.561
2025-05-14 10:09:35,293.562,293.564,293.56,293.561
2025-05-14 10:09:40,293.561,293.564,293.553,293.555
2025-05-14 10:09:45,293.557,293.573,293.557,293.573
2025-05-14 10:09:50,293.572,293.577,293.571,293.577
2025-05-14 10:09:55,293.577,293.577,293.574,293.576
2025-05-14 10:10:00,293.576,293.576,293.571,293.571
2025-05-14 10:10:05,293.574,293.575,293.573,293.575
2025-05-14 10:10:10,293.58,293.582,293.573,293.576
2025-05-14 10:10:15,293.575,293.575,293.572,293.574
2025-05-14 10:10:20,293.574,293.576,293.572,293.575
2025-05-14 10:10:25,293.575,293.579,293.575,293.577
2025-05-14 10:10:30,293.578,293.583,293.578,293.583
2025-05-14 10:10:35,293.583,293.586,293.582,293.582
2025-05-14 10:10:40,293.582,293.583,293.578,293.58
2025-05-14 10:10:45,293.58,293.591,293.58,293.586
2025-05-14 10:10:50,293.587,293.589,293.584,293.584
2025-05-14 10:10:55,293.587,293.587,293.579,293.581
2025-05-14 10:11:00,293.581,293.593,293.58,293.593
2025-05-14 10:11:05,293.593,293.593,293.589,293.593
2025-05-14 10:11:10,293.593,293.599,293.593,293.596
2025-05-14 10:11:15,293.593,293.594,293.592,293.594
2025-05-14 10:11:20,293.594,293.594,293.59,293.59
2025-05-14 10:11:25,293.59,293.593,293.581,293.582
2025-05-14 10:11:30,293.582,293.583,293.571,293.571
2025-05-14 10:11:35,293.571,293.58,293.571,293.578
2025-05-14 10:11:40,293.578,293.584,293.578,293.584
2025-05-14 10:11:45,293.584,293.587,293.584,293.585
2025-05-14 10:11:50,293.585,293.585,293.58,293.584
2025-05-14 10:11:55,293.584,293.598,293.584,293.598
2025-05-14 10:12:00,293.598,293.6,293.597,293.597
2025-05-14 10:12:05,293.598,293.603,293.597,293.6
2025-05-14 10:12:10,293.601,293.605,293.601,293.605
2025-05-14 10:12:15,293.609,293.609,293.607,293.608
2025-05-14 10:12:20,293.608,293.609,293.607,293.609
2025-05-14 10:12:25,293.609,293.609,293.603,293.603
2025-05-14 10:12:30,293.6,293.603,293.599,293.601
2025-05-14 10:12:35,293.6,293.607,293.6,293.606
2025-05-14 10:12:40,293.606,293.606,293.6,293.601
2025-05-14 10:12:45,293.601,293.603,293.599,293.6
2025-05-14 10:12:50,293.602,293.602,293.599,293.599
2025-05-14 10:12:55,293.601,293.602,293.599,293.6
2025-05-14 10:13:00,293.6,293.6,293.596,293.598
2025-05-14 10:13:05,293.598,293.598,293.594,293.594
2025-05-14 10:13:10,293.594,293.594,293.591,293.591
2025-05-14 10:13:15,293.592,293.598,293.592,293.597
2025-05-14 10:13:20,293.596,293.598,293.585,293.585
2025-05-14 10:13:25,293.585,293.592,293.585,293.586
2025-05-14 10:13:30,293.586,293.592,293.585,293.592
2025-05-14 10:13:35,293.586,293.591,293.586,293.59
2025-05-14 10:13:40,293.588,293.589,293.584,293.584
2025-05-14 10:13:45,293.584,293.589,293.583,293.589
2025-05-14 10:13:50,293.584,293.584,293.58,293.58
2025-05-14 10:13:55,293.587,293.587,293.581,293.587
2025-05-14 10:14:00,293.587,293.601,293.587,293.601
2025-05-14 10:14:05,293.601,293.601,293.6,293.601
2025-05-14 10:14:10,293.601,293.613,293.6,293.613
2025-05-14 10:14:15,293.612,293.619,293.612,293.618
2025-05-14 10:14:20,293.618,293.623,293.618,293.621
2025-05-14 10:14:25,293.621,293.625,293.621,293.624
2025-05-14 10:14:30,293.624,293.626,293.617,293.617
2025-05-14 10:14:35,293.618,293.619,293.616,293.616
2025-05-14 10:14:40,293.616,293.623,293.616,293.623
2025-05-14 10:14:45,293.623,293.637,293.623,293.634
2025-05-14 10:14:50,293.634,293.634,293.632,293.632
2025-05-14 10:14:55,293.633,293.64,293.633,293.64
2025-05-14 10:15:00,293.639,293.639,293.635,293.635
2025-05-14 10:15:05,293.635,293.639,293.631,293.631
2025-05-14 10:15:10,293.631,293.634,293.631,293.632
2025-05-14 10:15:15,293.632,293.632,293.629,293.629
2025-05-14 10:15:20,293.629,293.632,293.629,293.629
2025-05-14 10:15:25,293.629,293.633,293.629,293.63
2025-05-14 10:15:30,293.63,293.639,293.628,293.637
2025-05-14 10:15:35,293.638,293.638,293.636,293.637
2025-05-14 10:15:40,293.633,293.638,293.633,293.634
2025-05-14 10:15:45,293.634,293.634,293.63,293.63
2025-05-14 10:15:50,293.63,293.634,293.63,293.634
2025-05-14 10:15:55,293.63,293.63,293.627,293.629
2025-05-14 10:16:00,293.636,293.636,293.633,293.634
2025-05-14 10:16:05,293.634,293.639,293.634,293.637
2025-05-14 10:16:10,293.637,293.643,293.637,293.643
2025-05-14 10:16:15,293.644,293.648,293.643,293.643
2025-05-14 10:16:20,293.641,293.642,293.632,293.634
2025-05-14 10:16:25,293.634,293.634,293.627,293.633
2025-05-14 10:16:30,293.633,293.633,293.63,293.63
2025-05-14 10:16:35,293.634,293.634,293.631,293.633
2025-05-14 10:16:40,293.634,293.634,293.625,293.625
2025-05-14 10:16:45,293.625,293.625,293.617,293.617
2025-05-14 10:16:50,293.617,293.622,293.616,293.622
2025-05-14 10:16:55,293.622,293.623,293.611,293.611
2025-05-14 10:17:00,293.611,293.614,293.607,293.607
2025-05-14 10:17:05,293.607,293.615,293.607,293.615
2025-05-14 10:17:10,293.615,293.615,293.612,293.615
2025-05-14 10:17:15,293.617,293.62,293.617,293.62
2025-05-14 10:17:20,293.62,293.626,293.615,293.626
2025-05-14 10:17:25,293.626,293.627,293.62,293.62
2025-05-14 10:17:30,293.62,293.631,293.62,293.63
2025-05-14 10:17:35,293.63,293.63,293.618,293.619
2025-05-14 10:17:40,293.615,293.615,293.611,293.611
2025-05-14 10:17:45,293.611,293.617,293.61,293.61
2025-05-14 10:17:50,293.61,293.613,293.61,293.613
2025-05-14 10:17:55,293.613,293.622,293.613,293.62
2025-05-14 10:18:00,293.621,293.622,293.616,293.618
2025-05-14 10:18:05,293.618,293.629,293.618,293.629
2025-05-14 10:18:10,293.629,293.629,293.623,293.623
2025-05-14 10:18:15,293.624,293.625,293.62,293.623
2025-05-14 10:18:20,293.625,293.625,293.617,293.621
2025-05-14 10:18:25,293.621,293.621,293.615,293.615
2025-05-14 10:18:30,293.615,293.623,293.614,293.623
2025-05-14 10:18:35,293.623,293.632,293.623,293.632
2025-05-14 10:18:40,293.633,293.64,293.633,293.639
2025-05-14 10:18:45,293.64,293.646,293.639,293.646
2025-05-14 10:18:50,293.646,293.653,293.646,293.652
2025-05-14 10:18:55,293.652,293.653,293.648,293.65
2025-05-14 10:19:00,293.651,293.653,293.649,293.649
2025-05-14 10:19:05,293.649,293.653,293.649,293.652
2025-05-14 10:19:10,293.65,293.65,293.648,293.648
2025-05-14 10:19:15,293.648,293.65,293.643,293.643
2025-05-14 10:19:20,293.642,293.644,293.642,293.644
2025-05-14 10:19:25,293.644,293.65,293.642,293.645
2025-05-14 10:19:30,293.645,293.648,293.645,293.648
2025-05-14 10:19:35,293.648,293.653,293.648,293.651
2025-05-14 10:19:40,293.65,293.652,293.648,293.65
2025-05-14 10:19:45,293.65,293.65,293.646,293.65
2025-05-14 10:19:50,293.65,293.651,293.648,293.651
2025-05-14 10:19:55,293.651,293.655,293.65,293.654
2025-05-14 10:20:00,293.655,293.655,293.654,293.654
2025-05-14 10:20:05,293.654,293.656,293.654,293.656
2025-05-14 10:20:10,293.644,293.647,293.644,293.646
2025-05-14 10:20:15,293.646,293.646,293.628,293.628
2025-05-14 10:20:20,293.629,293.629,293.626,293.627
2025-05-14 10:20:25,293.625,293.632,293.624,293.632
2025-05-14 10:20:30,293.632,293.632,293.623,293.623
2025-05-14 10:20:35,293.623,293.625,293.621,293.624
2025-05-14 10:20:40,293.624,293.624,293.62,293.62
2025-05-14 10:20:45,293.62,293.62,293.613,293.613
2025-05-14 10:20:50,293.611,293.612,293.607,293.607
2025-05-14 10:20:55,293.607,293.612,293.607,293.612
2025-05-14 10:21:00,293.614,293.626,293.614,293.625
2025-05-14 10:21:05,293.626,293.631,293.625,293.628
2025-05-14 10:21:10,293.629,293.634,293.628,293.634
2025-05-14 10:21:15,293.634,293.634,293.631,293.631
2025-05-14 10:21:20,293.629,293.629,293.624,293.624
2025-05-14 10:21:25,293.624,293.628,293.624,293.628
2025-05-14 10:21:30,293.631,293.633,293.631,293.632
2025-05-14 10:21:35,293.632,293.647,293.632,293.647
2025-05-14 10:21:40,293.651,293.653,293.65,293.653
2025-05-14 10:21:45,293.653,293.653,293.652,293.653
2025-05-14 10:21:50,293.655,293.655,293.651,293.653
2025-05-14 10:21:55,293.653,293.653,293.649,293.652
2025-05-14 10:22:00,293.655,293.658,293.655,293.657
2025-05-14 10:22:05,293.657,293.664,293.656,293.661
2025-05-14 10:22:10,293.662,293.664,293.658,293.658
2025-05-14 10:22:15,293.658,293.658,293.655,293.657
2025-05-14 10:22:20,293.657,293.658,293.655,293.657
2025-05-14 10:22:25,293.657,293.657,293.648,293.648
2025-05-14 10:22:30,293.648,293.652,293.648,293.652
2025-05-14 10:22:35,293.652,293.652,293.648,293.648
2025-05-14 10:22:40,293.648,293.658,293.645,293.658
2025-05-14 10:22:45,293.659,293.664,293.659,293.662
2025-05-14 10:22:50,293.662,293.663,293.659,293.66
2025-05-14 10:22:55,293.66,293.662,293.659,293.662
2025-05-14 10:23:00,293.66,293.667,293.66,293.667
2025-05-14 10:23:05,293.669,293.684,293.669,293.684
2025-05-14 10:23:10,293.684,293.686,293.683,293.683
2025-05-14 10:23:15,293.683,293.684,293.679,293.679
2025-05-14 10:23:20,293.679,293.681,293.678,293.678
2025-05-14 10:23:25,293.68,293.683,293.677,293.677
2025-05-14 10:23:30,293.677,293.677,293.67,293.67
2025-05-15 06:03:15,294.202,294.205,294.202,294.205
2025-05-15 06:03:20,294.209,294.214,294.208,294.212
2025-05-15 06:03:25,294.211,294.214,294.208,294.214
2025-05-15 06:03:30,294.216,294.216,294.213,294.216
2025-05-15 06:03:35,294.215,294.222,294.215,294.222
2025-05-15 06:03:40,294.222,294.225,294.221,294.225
2025-05-15 06:03:45,294.225,294.226,294.217,294.217
2025-05-15 06:03:50,294.217,294.227,294.217,294.225
2025-05-15 06:03:55,294.224,294.232,294.224,294.232
2025-05-15 06:04:00,294.233,294.233,294.232,294.233
2025-05-15 06:04:05,294.233,294.235,294.232,294.235
2025-05-15 06:04:10,294.235,294.236,294.224,294.224
2025-05-15 06:04:15,294.224,294.228,294.224,294.224
2025-05-15 06:04:20,294.224,294.225,294.224,294.224
2025-05-15 06:04:25,294.225,294.23,294.224,294.224
2025-05-15 06:04:30,294.224,294.228,294.224,294.228
2025-05-15 06:04:35,294.229,294.236,294.228,294.235
2025-05-15 06:04:40,294.23,294.234,294.229,294.234
2025-05-15 06:04:45,294.234,294.239,294.231,294.239
2025-05-15 06:04:50,294.239,294.244,294.239,294.244
2025-05-15 06:04:55,294.244,294.244,294.241,294.241
2025-05-15 06:05:00,294.241,294.241,294.237,294.237
2025-05-15 06:05:05,294.232,294.235,294.231,294.233
2025-05-15 06:05:10,294.233,294.239,294.227,294.239
2025-05-15 06:05:15,294.232,294.241,294.232,294.241
2025-05-15 06:05:20,294.241,294.249,294.241,294.244
2025-05-15 06:05:25,294.246,294.253,294.246,294.253
2025-05-15 06:05:30,294.253,294.262,294.253,294.262
2025-05-15 06:05:35,294.262,294.268,294.262,294.267
2025-05-15 06:05:40,294.268,294.268,294.262,294.263
2025-05-15 06:05:45,294.266,294.266,294.263,294.263
2025-05-15 06:05:50,294.263,294.263,294.258,294.262
2025-05-15 06:05:55,294.262,294.262,294.257,294.259
2025-05-15 06:06:00,294.26,294.261,294.259,294.261
2025-05-15 06:06:05,294.259,294.265,294.259,294.265
2025-05-15 06:06:10,294.265,294.27,294.263,294.27
2025-05-15 06:06:15,294.27,294.271,294.267,294.268
2025-05-15 06:06:20,294.268,294.268,294.254,294.259
2025-05-15 06:06:25,294.259,294.259,294.258,294.259
2025-05-15 06:06:30,294.259,294.259,294.255,294.257
2025-05-15 06:06:35,294.257,294.264,294.257,294.264
2025-05-15 06:06:40,294.264,294.264,294.253,294.253
2025-05-15 06:06:45,294.253,294.253,294.252,294.252
2025-05-15 06:06:50,294.252,294.253,294.251,294.253
2025-05-15 06:06:55,294.253,294.253,294.247,294.247
2025-05-15 06:07:00,294.247,294.247,294.239,294.242
2025-05-15 06:07:05,294.239,294.245,294.239,294.245
2025-05-15 06:07:10,294.245,294.245,294.242,294.243
2025-05-15 06:07:15,294.243,294.244,294.241,294.241
2025-05-15 06:07:20,294.241,294.246,294.241,294.243
2025-05-15 06:07:25,294.241,294.249,294.241,294.249
2025-05-15 06:07:30,294.249,294.249,294.241,294.244
2025-05-15 06:07:35,294.244,294.248,294.243,294.243
2025-05-15 06:07:40,294.241,294.248,294.24,294.248
2025-05-15 06:07:45,294.248,294.248,294.229,294.229
2025-05-15 06:07:50,294.229,294.238,294.229,294.237
2025-05-15 06:07:55,294.237,294.237,294.232,294.232
2025-05-15 06:08:00,294.233,294.233,294.228,294.23
2025-05-15 06:08:05,294.229,294.229,294.225,294.228
2025-05-15 06:08:10,294.228,294.244,294.228,294.241
2025-05-15 06:08:15,294.242,294.247,294.24,294.24
2025-05-15 06:08:20,294.246,294.249,294.245,294.249
2025-05-15 06:08:25,294.252,294.252,294.247,294.251
2025-05-15 06:08:30,294.251,294.254,294.25,294.253
2025-05-15 06:08:35,294.253,294.258,294.252,294.256
2025-05-15 06:08:40,294.256,294.262,294.256,294.262
2025-05-15 06:08:45,294.252,294.253,294.246,294.246
2025-05-15 06:08:50,294.245,294.245,294.238,294.238
2025-05-15 06:08:55,294.238,294.238,294.234,294.236
2025-05-15 06:09:00,294.241,294.242,294.237,294.238
2025-05-15 06:09:05,294.236,294.236,294.231,294.231
2025-05-15 06:09:10,294.229,294.229,294.219,294.224
2025-05-15 06:09:15,294.224,294.224,294.219,294.221
2025-05-15 06:09:20,294.221,294.234,294.221,294.234
2025-05-15 06:09:25,294.235,294.239,294.235,294.239
2025-05-15 06:09:30,294.239,294.239,294.229,294.229
2025-05-15 06:09:35,294.23,294.23,294.226,294.229
2025-05-15 06:09:40,294.229,294.233,294.229,294.232
2025-05-15 06:09:45,294.233,294.235,294.231,294.233
2025-05-15 06:09:50,294.232,294.232,294.229,294.23
2025-05-15 06:09:55,294.229,294.23,294.227,294.227
2025-05-15 06:10:00,294.227,294.228,294.225,294.225
2025-05-15 06:10:05,294.223,294.226,294.219,294.219
2025-05-15 06:10:10,294.221,294.23,294.221,294.23
2025-05-15 06:10:15,294.23,294.231,294.226,294.226
2025-05-15 06:10:20,294.226,294.228,294.224,294.228
2025-05-15 06:10:25,294.228,294.228,294.22,294.222
2025-05-15 06:10:30,294.221,294.224,294.221,294.222
2025-05-15 06:10:35,294.222,294.223,294.222,294.222
2025-05-15 06:10:40,294.222,294.223,294.219,294.221
2025-05-15 06:10:45,294.221,294.223,294.22,294.22
2025-05-15 06:10:50,294.219,294.224,294.219,294.224
2025-05-15 06:10:55,294.224,294.229,294.224,294.229
2025-05-15 06:11:00,294.229,294.233,294.227,294.233
2025-05-15 06:11:05,294.232,294.233,294.23,294.233
2025-05-15 06:11:10,294.233,294.234,294.231,294.231
2025-05-15 06:11:15,294.231,294.237,294.229,294.237
2025-05-15 06:11:20,294.237,294.239,294.237,294.237
2025-05-15 06:11:25,294.237,294.237,294.229,294.229
2025-05-15 06:11:30,294.231,294.235,294.23,294.23
2025-05-15 06:11:35,294.23,294.232,294.226,294.227
2025-05-15 06:11:40,294.227,294.227,294.221,294.224
2025-05-15 06:11:45,294.224,294.232,294.224,294.232
2025-05-15 06:11:50,294.23,294.23,294.223,294.223
2025-05-15 06:11:55,294.223,294.226,294.223,294.226
2025-05-15 06:12:00,294.226,294.226,294.219,294.219
2025-05-15 06:12:05,294.214,294.219,294.214,294.219
2025-05-15 06:12:10,294.219,294.219,294.217,294.217
2025-05-15 06:12:15,294.217,294.22,294.217,294.22
2025-05-15 06:12:20,294.22,294.222,294.215,294.215
2025-05-15 06:12:25,294.215,294.217,294.212,294.213
2025-05-15 06:12:30,294.212,294.212,294.207,294.208
2025-05-15 06:12:35,294.208,294.21,294.203,294.207
2025-05-15 06:12:40,294.207,294.208,294.204,294.206
2025-05-15 06:12:45,294.206,294.206,294.2,294.202
2025-05-15 06:12:50,294.199,294.204,294.199,294.201
2025-05-15 06:12:55,294.201,294.201,294.198,294.199
2025-05-15 06:13:00,294.199,294.209,294.199,294.209
2025-05-15 06:13:05,294.207,294.209,294.207,294.209
2025-05-15 06:13:10,294.209,294.212,294.205,294.205
2025-05-15 06:13:15,294.205,294.207,294.202,294.203
2025-05-15 06:13:20,294.203,294.207,294.203,294.205
2025-05-15 06:13:25,294.205,294.205,294.201,294.201
2025-05-15 06:13:30,294.2,294.206,294.2,294.206
2025-05-15 06:13:35,294.204,294.204,294.202,294.202
2025-05-15 06:13:40,294.202,294.206,294.2,294.2
2025-05-15 06:13:45,294.208,294.213,294.208,294.211
2025-05-15 06:13:50,294.212,294.212,294.208,294.208
2025-05-15 06:13:55,294.208,294.208,294.198,294.205
2025-05-15 06:14:00,294.207,294.207,294.203,294.204
2025-05-15 06:14:05,294.208,294.215,294.208,294.215
2025-05-15 06:14:10,294.212,294.212,294.208,294.212
2025-05-15 06:14:15,294.215,294.222,294.215,294.22
2025-05-15 06:14:20,294.22,294.225,294.22,294.224
2025-05-15 06:14:25,294.224,294.233,294.224,294.233
2025-05-15 06:14:30,294.232,294.232,294.225,294.225
2025-05-15 06:14:35,294.227,294.232,294.227,294.228
2025-05-15 06:14:40,294.228,294.23,294.222,294.222
2025-05-15 06:14:45,294.222,294.225,294.219,294.225
2025-05-15 06:14:50,294.225,294.226,294.222,294.224
2025-05-15 06:14:55,294.222,294.222,294.215,294.219
2025-05-15 06:15:00,294.219,294.227,294.218,294.227
2025-05-15 06:15:05,294.226,294.23,294.226,294.23
2025-05-15 06:15:10,294.23,294.237,294.23,294.237
2025-05-15 06:15:15,294.237,294.239,294.234,294.239
2025-05-15 06:15:20,294.241,294.244,294.241,294.244
2025-05-15 06:15:25,294.244,294.244,294.238,294.238
2025-05-15 06:15:30,294.241,294.242,294.238,294.238
2025-05-15 06:15:35,294.237,294.237,294.23,294.23
2025-05-15 06:15:40,294.23,294.23,294.22,294.22
2025-05-15 06:15:45,294.22,294.222,294.219,294.221
2025-05-15 06:15:50,294.22,294.223,294.216,294.216
2025-05-15 06:15:55,294.214,294.214,294.21,294.21
2025-05-15 06:16:00,294.208,294.208,294.201,294.204
2025-05-15 06:16:05,294.204,294.208,294.204,294.207
2025-05-15 06:16:10,294.205,294.205,294.205,294.205
2025-05-15 06:16:15,294.205,294.206,294.203,294.205
2025-05-15 06:16:20,294.205,294.205,294.201,294.202
2025-05-15 06:16:25,294.202,294.202,294.193,294.193
2025-05-15 06:16:30,294.193,294.195,294.193,294.193
2025-05-15 06:16:35,294.193,294.194,294.191,294.191
2025-05-15 06:16:40,294.191,294.196,294.19,294.193
2025-05-15 06:16:45,294.193,294.203,294.193,294.203
2025-05-15 06:16:50,294.203,294.203,294.197,294.199
2025-05-15 06:16:55,294.194,294.194,294.191,294.192
2025-05-15 06:17:00,294.192,294.197,294.192,294.197
2025-05-15 06:17:05,294.197,294.198,294.194,294.197
2025-05-15 06:17:10,294.197,294.197,294.194,294.194
2025-05-15 06:17:15,294.195,294.195,294.191,294.194
2025-05-15 06:17:20,294.194,294.194,294.184,294.187
2025-05-15 06:17:25,294.187,294.192,294.186,294.19
2025-05-15 06:17:30,294.192,294.205,294.192,294.205
2025-05-15 06:17:35,294.204,294.205,294.202,294.202
2025-05-15 06:17:40,294.202,294.204,294.189,294.189
2025-05-15 06:17:45,294.189,294.193,294.188,294.193
2025-05-15 06:17:50,294.194,294.196,294.191,294.191
2025-05-15 06:17:55,294.191,294.193,294.191,294.193
2025-05-15 06:18:00,294.193,294.194,294.19,294.19
2025-05-15 06:18:05,294.19,294.194,294.184,294.184
2025-05-15 06:18:10,294.184,294.184,294.172,294.172
2025-05-15 06:18:15,294.172,294.176,294.17,294.17
2025-05-15 06:18:20,294.17,294.173,294.167,294.167
2025-05-15 06:18:25,294.167,294.167,294.162,294.163
2025-05-15 06:18:30,294.164,294.164,294.16,294.162
2025-05-15 06:18:35,294.162,294.168,294.162,294.164
2025-05-15 06:18:40,294.164,294.172,294.164,294.167
2025-05-15 06:18:45,294.167,294.173,294.167,294.173
2025-05-15 06:18:50,294.173,294.178,294.173,294.174
2025-05-15 06:18:55,294.174,294.181,294.173,294.181
2025-05-15 06:19:00,294.181,294.185,294.178,294.178
2025-05-15 06:19:05,294.178,294.178,294.175,294.175
2025-05-15 06:19:10,294.175,294.176,294.173,294.174
2025-05-15 06:19:15,294.175,294.175,294.174,294.175
2025-05-15 06:19:20,294.175,294.179,294.174,294.174
2025-05-15 06:19:25,294.174,294.175,294.17,294.172
2025-05-15 06:19:30,294.174,294.18,294.174,294.177
2025-05-15 06:19:35,294.178,294.178,294.169,294.169
2025-05-15 06:19:40,294.171,294.171,294.169,294.169
2025-05-15 06:19:45,294.169,294.17,294.163,294.163
2025-05-15 06:19:50,294.163,294.163,294.156,294.156
2025-05-15 06:19:55,294.154,294.154,294.15,294.153
2025-05-15 06:20:00,294.153,294.153,294.146,294.146
2025-05-15 06:20:05,294.146,294.147,294.138,294.139
2025-05-15 06:20:10,294.139,294.139,294.134,294.134
2025-05-15 06:20:15,294.132,294.133,294.125,294.13
2025-05-15 06:20:20,294.131,294.134,294.13,294.133
2025-05-15 06:20:25,294.133,294.136,294.13,294.13
2025-05-15 06:20:30,294.13,294.132,294.121,294.132
2025-05-15 06:20:35,294.137,294.138,294.131,294.131
2025-05-15 06:20:40,294.132,294.135,294.131,294.132
2025-05-15 06:20:45,294.134,294.134,294.129,294.129
2025-05-15 06:20:50,294.129,294.137,294.129,294.137
2025-05-15 06:20:55,294.137,294.142,294.136,294.142
2025-05-15 06:21:00,294.141,294.144,294.131,294.136
2025-05-15 06:21:05,294.136,294.139,294.135,294.138
2025-05-15 06:21:10,294.138,294.138,294.135,294.137
2025-05-15 06:21:15,294.138,294.138,294.133,294.137
2025-05-15 06:21:20,294.14,294.145,294.138,294.145
2025-05-15 06:21:25,294.144,294.15,294.144,294.148
2025-05-15 06:21:30,294.148,294.149,294.145,294.147
2025-05-15 06:21:35,294.147,294.148,294.147,294.147
2025-05-15 06:21:40,294.147,294.153,294.147,294.148
2025-05-15 06:21:45,294.148,294.154,294.148,294.151
2025-05-15 06:21:50,294.151,294.159,294.148,294.156
2025-05-15 06:21:55,294.156,294.157,294.155,294.157
2025-05-15 06:22:00,294.158,294.16,294.156,294.156
2025-05-15 06:22:05,294.156,294.158,294.152,294.152
2025-05-15 06:22:10,294.152,294.157,294.15,294.153
2025-05-15 06:22:15,294.15,294.153,294.149,294.152
2025-05-15 06:22:20,294.15,294.15,294.133,294.134
2025-05-15 06:22:25,294.134,294.135,294.132,294.134
2025-05-15 06:22:30,294.134,294.134,294.129,294.129
2025-05-15 06:22:35,294.128,294.128,294.113,294.113
2025-05-15 06:22:40,294.12,294.121,294.12,294.121
2025-05-15 06:22:45,294.121,294.133,294.121,294.133
2025-05-15 06:22:50,294.133,294.133,294.129,294.133
2025-05-15 06:22:55,294.132,294.136,294.132,294.136
2025-05-15 06:23:00,294.136,294.141,294.136,294.139
2025-05-15 06:23:05,294.139,294.15,294.139,294.15
2025-05-15 06:23:10,294.15,294.15,294.145,294.148
2025-05-15 06:23:15,294.149,294.153,294.148,294.153
2025-05-15 06:23:20,294.154,294.155,294.152,294.154
2025-05-15 06:23:25,294.154,294.156,294.151,294.151
2025-05-15 06:23:30,294.151,294.163,294.151,294.163
2025-05-15 06:23:35,294.163,294.165,294.158,294.162
2025-05-15 06:23:40,294.16,294.166,294.16,294.166
2025-05-15 06:23:45,294.166,294.171,294.165,294.168
2025-05-15 06:23:50,294.168,294.168,294.161,294.161
2025-05-15 06:23:55,294.161,294.167,294.161,294.167
2025-05-15 06:24:00,294.167,294.181,294.167,294.18
2025-05-15 06:24:05,294.18,294.18,294.177,294.178
2025-05-15 06:24:10,294.178,294.178,294.169,294.169
2025-05-15 06:24:15,294.174,294.175,294.17,294.171
2025-05-15 06:24:20,294.171,294.171,294.161,294.161
2025-05-15 06:24:25,294.161,294.163,294.154,294.154
2025-05-15 06:24:30,294.154,294.158,294.15,294.15
2025-05-15 06:24:35,294.15,294.15,294.145,294.145
2025-05-15 06:24:40,294.146,294.149,294.145,294.146
2025-05-15 06:24:45,294.146,294.146,294.141,294.141
2025-05-15 06:24:50,294.141,294.144,294.141,294.144
2025-05-15 06:24:55,294.144,294.152,294.144,294.152
2025-05-15 06:25:00,294.153,294.154,294.152,294.154
2025-05-15 06:25:05,294.154,294.156,294.151,294.154
2025-05-15 06:25:10,294.154,294.154,294.148,294.148
2025-05-15 06:25:15,294.148,294.148,294.145,294.145
2025-05-15 06:25:20,294.156,294.158,294.152,294.153
2025-05-15 06:25:25,294.153,294.156,294.15,294.15
2025-05-15 06:25:30,294.151,294.153,294.15,294.153
2025-05-15 06:25:35,294.153,294.156,294.152,294.155
2025-05-15 06:25:40,294.154,294.159,294.154,294.157
2025-05-15 06:25:45,294.156,294.156,294.153,294.154
2025-05-15 06:25:50,294.154,294.155,294.153,294.154
2025-05-15 06:25:55,294.154,294.162,294.152,294.162
2025-05-15 06:26:00,294.162,294.162,294.157,294.157
2025-05-15 06:26:05,294.158,294.16,294.154,294.154
2025-05-15 06:26:10,294.154,294.157,294.154,294.157
2025-05-15 06:26:15,294.157,294.174,294.157,294.174
2025-05-15 06:26:20,294.173,294.178,294.172,294.178
2025-05-15 06:26:25,294.178,294.178,294.166,294.166
2025-05-15 06:26:30,294.166,294.173,294.159,294.159
2025-05-15 06:26:35,294.159,294.163,294.159,294.159
2025-05-15 06:26:40,294.159,294.16,294.159,294.16
2025-05-15 06:26:45,294.158,294.158,294.153,294.155
2025-05-15 06:26:50,294.157,294.158,294.155,294.155
2025-05-15 06:26:55,294.155,294.155,294.148,294.148
2025-05-15 06:27:00,294.148,294.15,294.148,294.148
2025-05-15 06:27:05,294.148,294.154,294.146,294.146
2025-05-15 06:27:10,294.148,294.152,294.148,294.152
2025-05-15 06:27:15,294.152,294.157,294.147,294.157
2025-05-15 06:27:20,294.158,294.159,294.154,294.154
2025-05-15 06:27:25,294.154,294.155,294.15,294.154
2025-05-15 06:27:30,294.156,294.156,294.145,294.146
2025-05-15 06:27:35,294.146,294.146,294.144,294.146
2025-05-15 06:27:40,294.149,294.15,294.147,294.147
2025-05-15 06:27:45,294.147,294.148,294.146,294.146
2025-05-15 06:27:50,294.147,294.147,294.141,294.142
2025-05-15 06:27:55,294.142,294.142,294.14,294.14
2025-05-15 06:28:00,294.14,294.148,294.14,294.148
2025-05-15 06:28:05,294.148,294.153,294.148,294.149
2025-05-15 06:28:10,294.151,294.155,294.15,294.151
2025-05-15 06:28:15,294.151,294.165,294.151,294.164
2025-05-15 06:28:20,294.161,294.162,294.157,294.159
2025-05-15 06:28:25,294.163,294.166,294.162,294.164
2025-05-15 06:28:30,294.164,294.168,294.162,294.168
2025-05-15 06:28:35,294.168,294.177,294.168,294.177
2025-05-15 06:28:40,294.177,294.181,294.176,294.181
2025-05-15 06:28:45,294.179,294.187,294.179,294.183
2025-05-15 06:28:50,294.184,294.201,294.184,294.198
2025-05-15 06:28:55,294.198,294.202,294.198,294.198
2025-05-15 06:29:00,294.198,294.198,294.188,294.188
2025-05-15 06:29:05,294.187,294.191,294.183,294.191
2025-05-15 06:29:10,294.193,294.194,294.191,294.194
2025-05-15 06:29:15,294.194,294.195,294.193,294.194
2025-05-15 06:29:20,294.194,294.195,294.193,294.195
2025-05-15 06:29:25,294.195,294.201,294.195,294.199
2025-05-15 06:29:30,294.201,294.208,294.201,294.208
2025-05-15 06:29:35,294.208,294.216,294.208,294.216
2025-05-15 06:29:40,294.214,294.219,294.214,294.219
2025-05-15 06:29:45,294.219,294.225,294.219,294.224
2025-05-15 06:29:50,294.225,294.228,294.223,294.225
2025-05-15 06:29:55,294.225,294.226,294.221,294.226
2025-05-15 06:30:00,294.226,294.229,294.224,294.226
2025-05-15 06:30:05,294.225,294.225,294.219,294.221
2025-05-15 06:30:10,294.22,294.224,294.218,294.218
2025-05-15 06:30:15,294.218,294.219,294.217,294.218
2025-05-15 06:30:20,294.218,294.221,294.204,294.205
2025-05-15 06:30:25,294.206,294.208,294.205,294.208
2025-05-15 06:30:30,294.208,294.21,294.206,294.21
2025-05-15 06:30:35,294.21,294.213,294.21,294.211
2025-05-15 06:30:40,294.211,294.211,294.205,294.206
2025-05-15 06:30:45,294.206,294.206,294.201,294.205
2025-05-15 06:30:50,294.205,294.209,294.203,294.203
2025-05-15 06:30:55,294.203,294.203,294.198,294.198
2025-05-15 06:31:00,294.201,294.203,294.199,294.202
2025-05-15 06:31:05,294.202,294.204,294.201,294.201
2025-05-15 06:31:10,294.2,294.201,294.198,294.2
2025-05-15 06:31:15,294.202,294.202,294.195,294.195
2025-05-15 06:31:20,294.195,294.201,294.195,294.199
2025-05-15 06:31:25,294.199,294.201,294.199,294.201
2025-05-15 06:31:30,294.199,294.204,294.199,294.203
2025-05-15 06:31:35,294.203,294.205,294.199,294.2
2025-05-15 06:31:40,294.2,294.2,294.196,294.199
2025-05-15 06:31:45,294.199,294.203,294.195,294.197
2025-05-15 06:31:50,294.198,294.199,294.197,294.197
2025-05-15 06:31:55,294.197,294.202,294.197,294.2
2025-05-15 06:32:00,294.2,294.204,294.199,294.204
2025-05-15 06:32:05,294.204,294.206,294.19,294.19
2025-05-15 06:32:10,294.191,294.192,294.191,294.192
2025-05-15 06:32:15,294.192,294.194,294.191,294.193
2025-05-15 06:32:20,294.193,294.194,294.188,294.194
2025-05-15 06:32:25,294.19,294.191,294.188,294.191
2025-05-15 06:32:30,294.192,294.201,294.192,294.201
2025-05-15 06:32:35,294.2,294.201,294.191,294.194
2025-05-15 06:32:40,294.194,294.194,294.189,294.191
2025-05-15 06:32:45,294.191,294.191,294.186,294.187
2025-05-15 06:32:50,294.187,294.187,294.183,294.183
2025-05-15 06:32:55,294.183,294.183,294.175,294.175
2025-05-15 06:33:00,294.175,294.181,294.174,294.18
2025-05-15 06:33:05,294.18,294.189,294.18,294.189
2025-05-15 06:33:10,294.192,294.196,294.192,294.196
2025-05-15 06:33:15,294.196,294.2,294.196,294.196
2025-05-15 06:33:20,294.196,294.196,294.186,294.186
2025-05-15 06:33:25,294.188,294.189,294.182,294.189
2025-05-15 06:33:30,294.19,294.19,294.186,294.188
2025-05-15 06:33:35,294.187,294.19,294.179,294.179
2025-05-15 06:33:40,294.179,294.183,294.179,294.183
2025-05-15 06:33:45,294.184,294.184,294.181,294.181
2025-05-15 06:33:50,294.181,294.188,294.181,294.188
2025-05-15 06:33:55,294.189,294.191,294.189,294.19
2025-05-15 06:34:00,294.19,294.19,294.187,294.187
2025-05-15 06:34:05,294.187,294.187,294.184,294.186
2025-05-15 06:34:10,294.186,294.192,294.185,294.188
2025-05-15 06:34:15,294.188,294.191,294.187,294.187
2025-05-15 06:34:20,294.187,294.189,294.187,294.188
2025-05-15 06:34:25,294.188,294.192,294.188,294.192
2025-05-15 06:34:30,294.188,294.188,294.183,294.183
2025-05-15 06:34:35,294.183,294.184,294.179,294.181
2025-05-15 06:34:40,294.181,294.195,294.18,294.194
2025-05-15 06:34:45,294.194,294.195,294.193,294.195
2025-05-15 06:34:50,294.195,294.197,294.194,294.197
2025-05-15 06:34:55,294.198,294.203,294.196,294.201
2025-05-15 06:35:00,294.201,294.202,294.196,294.198
2025-05-15 06:35:05,294.198,294.205,294.192,294.193
2025-05-15 06:35:10,294.19,294.19,294.183,294.187
2025-05-15 06:35:15,294.187,294.198,294.187,294.196
2025-05-15 06:35:20,294.196,294.196,294.186,294.186
2025-05-15 06:35:25,294.186,294.186,294.179,294.179
2025-05-15 06:35:30,294.179,294.179,294.179,294.179
2025-05-15 06:35:35,294.181,294.185,294.181,294.184
2025-05-15 06:35:40,294.184,294.184,294.18,294.181
2025-05-15 06:35:45,294.181,294.183,294.179,294.183
2025-05-15 06:35:50,294.183,294.19,294.183,294.19
2025-05-15 06:35:55,294.197,294.208,294.196,294.208
2025-05-15 06:36:00,294.208,294.211,294.203,294.203
2025-05-15 06:36:05,294.203,294.207,294.203,294.207
2025-05-15 06:36:10,294.207,294.214,294.205,294.212
2025-05-15 06:36:15,294.213,294.213,294.206,294.207
2025-05-15 06:36:20,294.207,294.207,294.197,294.197
2025-05-15 06:36:25,294.197,294.197,294.196,294.197
2025-05-15 06:36:30,294.198,294.2,294.198,294.198
2025-05-15 06:36:35,294.201,294.21,294.201,294.21
2025-05-15 06:36:40,294.21,294.212,294.209,294.212
2025-05-15 06:36:45,294.211,294.212,294.211,294.211
2025-05-15 06:36:50,294.214,294.214,294.204,294.204
2025-05-15 06:36:55,294.203,294.208,294.201,294.203
2025-05-15 06:37:00,294.202,294.202,294.197,294.2
2025-05-15 06:37:05,294.199,294.201,294.196,294.201
2025-05-15 06:37:10,294.198,294.198,294.189,294.19
2025-05-15 06:37:15,294.19,294.19,294.185,294.185
2025-05-15 06:37:20,294.185,294.187,294.182,294.183
2025-05-15 06:37:25,294.183,294.188,294.183,294.188
2025-05-15 06:37:30,294.188,294.192,294.184,294.192
2025-05-15 06:37:35,294.19,294.19,294.185,294.186
2025-05-15 06:37:40,294.186,294.186,294.18,294.186
2025-05-15 06:37:45,294.185,294.185,294.179,294.181
2025-05-15 06:37:50,294.182,294.193,294.182,294.193
2025-05-15 06:37:55,294.192,294.192,294.191,294.192
2025-05-15 06:38:00,294.193,294.193,294.185,294.185
2025-05-15 06:38:05,294.185,294.191,294.185,294.188
2025-05-15 06:38:10,294.188,294.192,294.182,294.182
2025-05-15 06:38:15,294.181,294.181,294.174,294.176
2025-05-15 06:38:20,294.176,294.186,294.174,294.186
2025-05-15 06:38:25,294.189,294.191,294.187,294.187
2025-05-15 06:38:30,294.187,294.189,294.186,294.189
2025-05-15 06:38:35,294.189,294.19,294.186,294.186
2025-05-15 06:38:40,294.189,294.197,294.189,294.196
2025-05-15 06:38:45,294.196,294.197,294.192,294.196
2025-05-15 06:38:50,294.196,294.203,294.196,294.201
2025-05-15 06:38:55,294.199,294.2,294.198,294.2
2025-05-15 06:39:00,294.2,294.215,294.2,294.215
2025-05-15 06:39:05,294.215,294.215,294.213,294.214
2025-05-15 06:39:10,294.214,294.225,294.214,294.22
2025-05-15 06:39:15,294.219,294.224,294.219,294.223
2025-05-15 06:39:20,294.221,294.224,294.219,294.219
2025-05-15 06:39:25,294.219,294.22,294.206,294.206
2025-05-15 06:39:30,294.206,294.207,294.204,294.207
2025-05-15 06:39:35,294.207,294.207,294.202,294.205
2025-05-15 06:39:40,294.204,294.204,294.199,294.2
2025-05-15 06:39:45,294.2,294.204,294.2,294.203
2025-05-15 06:39:50,294.203,294.203,294.198,294.199
2025-05-15 06:39:55,294.199,294.2,294.198,294.198
2025-05-15 06:40:00,294.198,294.201,294.195,294.197
2025-05-15 06:40:05,294.197,294.198,294.194,294.194
2025-05-15 06:40:10,294.194,294.197,294.193,294.197
2025-05-15 06:40:15,294.197,294.201,294.197,294.2
2025-05-15 06:40:20,294.2,294.206,294.2,294.205
2025-05-15 06:40:25,294.205,294.209,294.203,294.209
2025-05-15 06:40:30,294.209,294.209,294.201,294.202
2025-05-15 06:40:35,294.201,294.205,294.201,294.203
2025-05-15 06:40:40,294.203,294.203,294.187,294.187
2025-05-15 06:40:45,294.187,294.199,294.185,294.191
2025-05-15 06:40:50,294.191,294.195,294.191,294.194
2025-05-15 06:40:55,294.194,294.196,294.194,294.194
2025-05-15 06:41:00,294.197,294.197,294.191,294.193
2025-05-15 06:41:05,294.193,294.195,294.191,294.191
2025-05-15 06:41:10,294.191,294.192,294.188,294.192
2025-05-15 06:41:15,294.192,294.204,294.192,294.204
2025-05-15 06:41:20,294.203,294.213,294.203,294.212
2025-05-15 06:41:25,294.212,294.223,294.212,294.223
2025-05-15 06:41:30,294.223,294.223,294.221,294.222
2025-05-15 06:41:35,294.223,294.236,294.222,294.225
2025-05-15 06:41:40,294.224,294.228,294.222,294.222
2025-05-15 06:41:45,294.223,294.224,294.219,294.219
2025-05-15 06:41:50,294.22,294.225,294.219,294.224
2025-05-15 06:41:55,294.225,294.227,294.224,294.224
2025-05-15 06:42:00,294.225,294.227,294.225,294.227
2025-05-15 06:42:05,294.222,294.222,294.218,294.218
2025-05-15 06:42:10,294.216,294.22,294.212,294.22
2025-05-15 06:42:15,294.222,294.223,294.209,294.209
2025-05-15 06:42:20,294.211,294.212,294.209,294.209
2025-05-15 06:42:25,294.209,294.213,294.204,294.213
2025-05-15 06:42:30,294.213,294.213,294.21,294.211
2025-05-15 06:42:35,294.208,294.209,294.207,294.209
2025-05-15 06:42:40,294.21,294.212,294.21,294.212
2025-05-15 06:42:45,294.213,294.218,294.213,294.218
2025-05-15 06:42:50,294.218,294.219,294.217,294.219
2025-05-15 06:42:55,294.219,294.222,294.216,294.216
2025-05-15 06:43:00,294.214,294.215,294.207,294.21
2025-05-15 06:43:05,294.208,294.214,294.208,294.209
2025-05-15 06:43:10,294.208,294.209,294.204,294.204
2025-05-15 06:43:15,294.204,294.211,294.204,294.206
2025-05-15 06:43:20,294.207,294.215,294.201,294.201
2025-05-15 06:43:25,294.198,294.203,294.198,294.202
2025-05-15 06:43:30,294.202,294.202,294.19,294.196
2025-05-15 06:43:35,294.196,294.196,294.192,294.193
2025-05-15 06:43:40,294.195,294.195,294.181,294.182
2025-05-15 06:43:45,294.181,294.185,294.181,294.183
2025-05-15 06:43:50,294.183,294.187,294.183,294.185
2025-05-15 06:43:55,294.185,294.189,294.185,294.185
2025-05-15 06:44:00,294.185,294.186,294.183,294.185
2025-05-15 06:44:05,294.189,294.19,294.187,294.189
2025-05-15 06:44:10,294.187,294.19,294.186,294.19
2025-05-15 06:44:15,294.19,294.19,294.187,294.189
2025-05-15 06:44:20,294.187,294.189,294.187,294.189
2025-05-15 06:44:25,294.189,294.199,294.189,294.196
2025-05-15 06:44:30,294.194,294.197,294.194,294.196
2025-05-15 06:44:35,294.196,294.196,294.185,294.19
2025-05-15 06:44:40,294.191,294.197,294.191,294.195
2025-05-15 06:44:45,294.194,294.196,294.191,294.191
2025-05-15 06:44:50,294.19,294.19,294.182,294.182
2025-05-15 06:44:55,294.182,294.183,294.179,294.179
2025-05-15 06:45:00,294.172,294.172,294.168,294.17
2025-05-15 06:45:05,294.17,294.17,294.165,294.165
2025-05-15 06:45:10,294.165,294.166,294.162,294.162
2025-05-15 06:45:15,294.162,294.164,294.158,294.158
2025-05-15 06:45:20,294.156,294.174,294.155,294.174
2025-05-15 06:45:25,294.174,294.174,294.169,294.172
2025-05-15 06:45:30,294.172,294.174,294.17,294.17
2025-05-15 06:45:35,294.17,294.177,294.17,294.177
2025-05-15 06:45:40,294.177,294.183,294.177,294.18
2025-05-15 06:45:45,294.181,294.19,294.18,294.19
2025-05-15 06:45:50,294.19,294.192,294.183,294.183
2025-05-15 06:45:55,294.183,294.185,294.174,294.175
2025-05-15 06:46:00,294.175,294.178,294.173,294.177
2025-05-15 06:46:05,294.177,294.179,294.176,294.179
2025-05-15 06:46:10,294.179,294.184,294.178,294.18
2025-05-15 06:46:15,294.18,294.185,294.171,294.182
2025-05-15 06:46:20,294.18,294.18,294.176,294.178
2025-05-15 06:46:25,294.179,294.179,294.176,294.176
2025-05-15 06:46:30,294.176,294.177,294.173,294.175
2025-05-15 06:46:35,294.175,294.187,294.175,294.186
2025-05-15 06:46:40,294.187,294.192,294.187,294.19
2025-05-15 06:46:45,294.19,294.203,294.19,294.203
2025-05-15 06:46:50,294.203,294.21,294.202,294.21
2025-05-15 06:46:55,294.21,294.214,294.21,294.214
2025-05-15 06:47:00,294.214,294.22,294.212,294.22
2025-05-15 06:47:05,294.219,294.22,294.218,294.218
2025-05-15 06:47:10,294.218,294.22,294.218,294.22
2025-05-15 06:47:15,294.22,294.22,294.209,294.209
2025-05-15 06:47:20,294.209,294.223,294.209,294.222
2025-05-15 06:47:25,294.224,294.242,294.224,294.242
2025-05-15 06:47:30,294.242,294.242,294.226,294.228
2025-05-15 06:47:35,294.228,294.24,294.228,294.24
2025-05-15 06:47:40,294.24,294.24,294.223,294.224
2025-05-15 06:47:45,294.224,294.224,294.221,294.222
2025-05-15 06:47:50,294.222,294.227,294.222,294.227
2025-05-15 06:47:55,294.227,294.227,294.223,294.226
2025-05-15 06:48:00,294.226,294.227,294.223,294.223
2025-05-15 06:48:05,294.223,294.234,294.223,294.234
2025-05-15 06:48:10,294.234,294.237,294.233,294.235
2025-05-15 06:48:15,294.235,294.237,294.232,294.232
2025-05-15 06:48:20,294.233,294.235,294.23,294.234
2025-05-15 06:48:25,294.233,294.233,294.222,294.224
2025-05-15 06:48:30,294.223,294.223,294.208,294.208
2025-05-15 06:48:35,294.209,294.21,294.209,294.21
2025-05-15 06:48:40,294.209,294.214,294.209,294.214
2025-05-15 06:48:45,294.215,294.215,294.212,294.214
2025-05-15 06:48:50,294.214,294.214,294.208,294.209
2025-05-15 06:48:55,294.209,294.218,294.209,294.218
2025-05-15 06:49:00,294.217,294.218,294.215,294.218
2025-05-15 06:49:05,294.219,294.224,294.219,294.224
2025-05-15 06:49:10,294.228,294.231,294.226,294.226
2025-05-15 06:49:15,294.226,294.227,294.224,294.224
2025-05-15 06:49:20,294.225,294.233,294.225,294.228
2025-05-15 06:49:25,294.227,294.233,294.227,294.23
2025-05-15 06:49:30,294.23,294.235,294.23,294.234
2025-05-15 06:49:35,294.234,294.234,294.226,294.229
2025-05-15 06:49:40,294.229,294.232,294.225,294.225
2025-05-15 06:49:45,294.226,294.231,294.226,294.23
2025-05-15 06:49:50,294.23,294.235,294.23,294.235
2025-05-15 06:49:55,294.234,294.235,294.223,294.223
2025-05-15 06:50:00,294.223,294.223,294.213,294.216
2025-05-15 06:50:05,294.214,294.22,294.214,294.218
2025-05-15 06:50:10,294.218,294.22,294.215,294.22
2025-05-15 06:50:15,294.218,294.218,294.214,294.214
2025-05-15 06:50:20,294.214,294.215,294.213,294.214
2025-05-15 06:50:25,294.214,294.216,294.212,294.212
2025-05-15 06:50:30,294.212,294.224,294.212,294.224
2025-05-15 06:50:35,294.225,294.226,294.223,294.224
2025-05-15 06:50:40,294.224,294.228,294.222,294.222
2025-05-15 06:50:45,294.222,294.222,294.213,294.22
2025-05-15 06:50:50,294.22,294.22,294.215,294.216
2025-05-15 06:50:55,294.22,294.222,294.22,294.22
2025-05-15 06:51:00,294.22,294.22,294.215,294.217
2025-05-15 06:51:05,294.217,294.226,294.215,294.225
2025-05-15 06:51:10,294.224,294.23,294.22,294.228
2025-05-15 06:51:15,294.228,294.235,294.228,294.234
2025-05-15 06:51:20,294.234,294.237,294.233,294.237
2025-05-15 06:51:25,294.237,294.241,294.235,294.238
2025-05-15 06:51:30,294.238,294.239,294.236,294.239
2025-05-15 06:51:35,294.242,294.248,294.242,294.246
2025-05-15 06:51:40,294.246,294.251,294.242,294.242
2025-05-15 06:51:45,294.242,294.248,294.242,294.246
2025-05-15 06:51:50,294.246,294.257,294.246,294.257
2025-05-15 06:51:55,294.257,294.263,294.257,294.263
2025-05-15 06:52:00,294.263,294.267,294.259,294.267
2025-05-15 06:52:05,294.267,294.27,294.265,294.268
2025-05-15 06:52:10,294.269,294.274,294.269,294.274
2025-05-15 06:52:15,294.274,294.274,294.269,294.269
2025-05-15 06:52:20,294.269,294.27,294.268,294.27
2025-05-15 06:52:25,294.27,294.272,294.269,294.271
2025-05-15 06:52:30,294.271,294.275,294.271,294.273
2025-05-15 06:52:35,294.273,294.278,294.273,294.275
2025-05-15 06:52:40,294.275,294.276,294.274,294.275
2025-05-15 06:52:45,294.275,294.276,294.271,294.273
2025-05-15 06:52:50,294.274,294.276,294.272,294.273
2025-05-15 06:52:55,294.272,294.274,294.272,294.274
2025-05-15 06:53:00,294.274,294.285,294.273,294.284
2025-05-15 06:53:05,294.284,294.285,294.283,294.285
2025-05-15 06:53:10,294.285,294.286,294.282,294.286
2025-05-15 06:53:15,294.287,294.297,294.287,294.296
2025-05-15 06:53:20,294.296,294.296,294.292,294.292
2025-05-15 06:53:25,294.292,294.293,294.29,294.29
2025-05-15 06:53:30,294.29,294.292,294.288,294.292
2025-05-15 06:53:35,294.296,294.3,294.295,294.299
2025-05-15 06:53:40,294.299,294.299,294.295,294.296
2025-05-15 06:53:45,294.296,294.298,294.296,294.298
2025-05-15 06:53:50,294.298,294.301,294.297,294.298
2025-05-15 06:53:55,294.3,294.3,294.293,294.293
2025-05-15 06:54:00,294.292,294.292,294.288,294.29
2025-05-15 06:54:05,294.289,294.295,294.288,294.295
2025-05-15 06:54:10,294.292,294.299,294.29,294.299
2025-05-15 06:54:15,294.3,294.303,294.3,294.303
2025-05-15 06:54:20,294.304,294.306,294.302,294.306
2025-05-15 06:54:25,294.306,294.306,294.299,294.301
2025-05-15 06:54:30,294.3,294.302,294.3,294.302
2025-05-15 06:54:35,294.305,294.313,294.305,294.313
2025-05-15 06:54:40,294.313,294.315,294.311,294.315
2025-05-15 06:54:45,294.313,294.313,294.307,294.307
2025-05-15 06:54:50,294.316,294.317,294.315,294.317
2025-05-15 06:54:55,294.316,294.316,294.312,294.313
2025-05-15 06:55:00,294.314,294.319,294.313,294.317
2025-05-15 06:55:05,294.318,294.321,294.317,294.321
2025-05-15 06:55:10,294.326,294.329,294.326,294.328
2025-05-15 06:55:15,294.33,294.342,294.33,294.34
2025-05-15 06:55:20,294.34,294.342,294.338,294.342
2025-05-15 06:55:25,294.342,294.349,294.342,294.349
2025-05-15 06:55:30,294.349,294.349,294.341,294.341
2025-05-15 06:55:35,294.342,294.35,294.341,294.35
2025-05-15 06:55:40,294.355,294.36,294.352,294.36
2025-05-15 06:55:45,294.361,294.367,294.36,294.362
2025-05-15 06:55:50,294.36,294.361,294.36,294.361
2025-05-15 06:55:55,294.361,294.361,294.357,294.36
2025-05-15 06:56:00,294.362,294.363,294.355,294.355
2025-05-15 06:56:05,294.355,294.362,294.355,294.356
2025-05-15 06:56:10,294.356,294.356,294.351,294.352
2025-05-15 06:56:15,294.353,294.356,294.35,294.35
2025-05-15 06:56:20,294.35,294.35,294.347,294.348
2025-05-15 06:56:25,294.348,294.352,294.348,294.351
2025-05-15 06:56:30,294.351,294.354,294.351,294.353
2025-05-15 06:56:35,294.352,294.352,294.348,294.35
2025-05-15 06:56:40,294.351,294.353,294.346,294.346
2025-05-15 06:56:45,294.346,294.346,294.341,294.342
2025-05-15 06:56:50,294.342,294.342,294.34,294.34
2025-05-15 06:56:55,294.34,294.342,294.329,294.34
2025-05-15 06:57:00,294.342,294.342,294.339,294.339
2025-05-15 06:57:05,294.339,294.339,294.336,294.338
2025-05-15 06:57:10,294.338,294.341,294.338,294.341
2025-05-15 06:57:15,294.339,294.339,294.337,294.339
2025-05-15 06:57:20,294.339,294.339,294.336,294.339
2025-05-15 06:57:25,294.339,294.341,294.337,294.341
2025-05-15 06:57:30,294.341,294.342,294.338,294.339
2025-05-15 06:57:35,294.337,294.338,294.334,294.337
2025-05-15 06:57:40,294.339,294.339,294.338,294.338
2025-05-15 06:57:45,294.338,294.338,294.333,294.335
2025-05-15 06:57:50,294.335,294.339,294.335,294.336
2025-05-15 06:57:55,294.336,294.339,294.333,294.337
2025-05-15 06:58:00,294.337,294.34,294.337,294.34
2025-05-15 06:58:05,294.34,294.342,294.331,294.331
2025-05-15 06:58:10,294.331,294.331,294.329,294.329
2025-05-15 06:58:15,294.331,294.331,294.328,294.328
2025-05-15 06:58:20,294.331,294.337,294.331,294.337
2025-05-15 06:58:25,294.337,294.337,294.333,294.333
2025-05-15 06:58:30,294.333,294.342,294.333,294.34
2025-05-15 06:58:35,294.34,294.34,294.325,294.325
2025-05-15 06:58:40,294.325,294.326,294.323,294.323
2025-05-15 06:58:45,294.323,294.323,294.31,294.312
2025-05-15 06:58:50,294.312,294.327,294.311,294.326
2025-05-15 06:58:55,294.326,294.331,294.326,294.331
2025-05-15 06:59:00,294.331,294.347,294.331,294.347
2025-05-15 06:59:05,294.347,294.348,294.344,294.345
2025-05-15 06:59:10,294.345,294.353,294.345,294.353
2025-05-15 06:59:15,294.353,294.357,294.353,294.357
2025-05-15 06:59:20,294.357,294.369,294.357,294.369
2025-05-15 06:59:25,294.369,294.377,294.369,294.372
2025-05-15 06:59:30,294.372,294.372,294.359,294.36
2025-05-15 06:59:35,294.359,294.359,294.342,294.345
2025-05-15 06:59:40,294.345,294.348,294.345,294.348
2025-05-15 06:59:45,294.348,294.351,294.345,294.346
2025-05-15 06:59:50,294.346,294.353,294.346,294.353
2025-05-15 06:59:55,294.352,294.352,294.349,294.349
2025-05-15 07:00:00,294.349,294.35,294.346,294.35
2025-05-15 07:00:05,294.35,294.357,294.345,294.357
2025-05-15 07:00:10,294.357,294.357,294.354,294.354
2025-05-15 07:00:15,294.354,294.363,294.354,294.362
2025-05-15 07:00:20,294.369,294.374,294.368,294.373
2025-05-15 07:00:25,294.374,294.374,294.364,294.364
2025-05-15 07:00:30,294.363,294.366,294.355,294.355
2025-05-15 07:00:35,294.355,294.357,294.354,294.354
2025-05-15 07:00:40,294.353,294.36,294.351,294.358
2025-05-15 07:00:45,294.358,294.364,294.358,294.36
2025-05-15 07:00:50,294.36,294.361,294.357,294.357
2025-05-15 07:00:55,294.357,294.362,294.356,294.362
2025-05-15 07:01:00,294.363,294.363,294.36,294.36
2025-05-15 07:01:05,294.355,294.355,294.349,294.35
2025-05-15 07:01:10,294.35,294.356,294.35,294.356
2025-05-15 07:01:15,294.356,294.369,294.356,294.369
2025-05-15 07:01:20,294.369,294.385,294.368,294.384
2025-05-15 07:01:25,294.382,294.382,294.381,294.381
2025-05-15 07:01:30,294.379,294.379,294.375,294.379
2025-05-15 07:01:35,294.379,294.387,294.379,294.383
2025-05-15 07:01:40,294.384,294.397,294.382,294.397
2025-05-15 07:01:45,294.397,294.397,294.38,294.38
2025-05-15 07:01:50,294.381,294.381,294.38,294.38
2025-05-15 07:01:55,294.38,294.387,294.38,294.38
2025-05-15 07:02:00,294.379,294.382,294.379,294.381
2025-05-15 07:02:05,294.376,294.381,294.375,294.381
2025-05-15 07:02:10,294.381,294.382,294.38,294.38
2025-05-15 07:02:15,294.38,294.383,294.379,294.381
2025-05-15 07:02:20,294.384,294.385,294.381,294.385
2025-05-15 07:02:25,294.385,294.388,294.384,294.388
2025-05-15 07:02:30,294.388,294.391,294.388,294.391
2025-05-15 07:02:35,294.391,294.391,294.388,294.39
2025-05-15 07:02:40,294.39,294.39,294.375,294.375
2025-05-15 07:02:45,294.373,294.375,294.37,294.37
2025-05-15 07:02:50,294.369,294.369,294.364,294.364
2025-05-15 07:02:55,294.364,294.371,294.364,294.37
2025-05-15 07:03:00,294.369,294.369,294.364,294.364
2025-05-15 07:03:05,294.366,294.366,294.362,294.362
2025-05-15 07:03:10,294.36,294.36,294.357,294.357
2025-05-15 07:03:15,294.357,294.359,294.357,294.359
2025-05-15 07:03:20,294.358,294.36,294.354,294.355
2025-05-15 07:03:25,294.358,294.362,294.35,294.351
2025-05-15 07:03:30,294.351,294.351,294.347,294.347
2025-05-15 07:03:35,294.347,294.349,294.347,294.347
2025-05-15 07:03:40,294.347,294.347,294.342,294.343
2025-05-15 07:03:45,294.345,294.348,294.344,294.348
2025-05-15 07:03:50,294.348,294.348,294.332,294.343
2025-05-15 07:03:55,294.343,294.345,294.339,294.339
2025-05-15 07:04:00,294.34,294.342,294.338,294.34
2025-05-15 07:04:05,294.34,294.345,294.34,294.344
2025-05-15 07:04:10,294.344,294.351,294.34,294.349
2025-05-15 07:04:15,294.349,294.359,294.346,294.356
2025-05-15 07:04:20,294.355,294.358,294.355,294.357
2025-05-15 07:04:25,294.357,294.357,294.353,294.353
2025-05-15 07:04:30,294.353,294.355,294.351,294.351
2025-05-15 07:04:35,294.351,294.357,294.351,294.355
2025-05-15 07:04:40,294.356,294.359,294.354,294.354
2025-05-15 07:04:45,294.354,294.354,294.351,294.352
2025-05-15 07:04:50,294.352,294.352,294.348,294.348
2025-05-15 07:04:55,294.348,294.352,294.348,294.352
2025-05-15 07:05:00,294.352,294.356,294.352,294.352
2025-05-15 07:05:05,294.352,294.353,294.35,294.35
2025-05-15 07:05:10,294.35,294.351,294.337,294.337
2025-05-15 07:05:15,294.337,294.34,294.331,294.34
2025-05-15 07:05:20,294.34,294.352,294.335,294.352
2025-05-15 07:05:25,294.354,294.354,294.352,294.353
2025-05-15 07:05:30,294.353,294.354,294.351,294.351
2025-05-15 07:05:35,294.35,294.355,294.35,294.354
2025-05-15 07:05:40,294.355,294.358,294.353,294.353
2025-05-15 07:05:45,294.352,294.352,294.348,294.349
2025-05-15 07:05:50,294.349,294.349,294.346,294.346
2025-05-15 07:05:55,294.346,294.354,294.345,294.345
2025-05-15 07:06:00,294.345,294.357,294.345,294.357
2025-05-15 07:06:05,294.357,294.357,294.351,294.353
2025-05-15 07:06:10,294.353,294.356,294.349,294.349
2025-05-15 07:06:15,294.349,294.351,294.348,294.348
2025-05-15 07:06:20,294.35,294.352,294.349,294.352
2025-05-15 07:06:25,294.353,294.357,294.353,294.355
2025-05-15 07:06:30,294.355,294.355,294.351,294.351
2025-05-15 07:06:35,294.351,294.363,294.351,294.363
2025-05-15 07:06:40,294.363,294.363,294.36,294.363
2025-05-15 07:06:45,294.363,294.374,294.363,294.373
2025-05-15 07:06:50,294.374,294.376,294.372,294.375
2025-05-15 07:06:55,294.37,294.371,294.36,294.361
2025-05-15 07:07:00,294.361,294.361,294.357,294.357
2025-05-15 07:07:05,294.355,294.355,294.349,294.351
2025-05-15 07:07:10,294.353,294.36,294.353,294.358
2025-05-15 07:07:15,294.361,294.361,294.351,294.351
2025-05-15 07:07:20,294.351,294.353,294.348,294.353
2025-05-15 07:07:25,294.351,294.351,294.345,294.347
2025-05-15 07:07:30,294.348,294.366,294.348,294.366
2025-05-15 07:07:35,294.366,294.368,294.362,294.362
2025-05-15 07:07:40,294.362,294.362,294.357,294.357
2025-05-15 07:07:45,294.356,294.361,294.356,294.361
2025-05-15 07:07:50,294.358,294.358,294.35,294.35
2025-05-15 07:07:55,294.35,294.351,294.346,294.35
2025-05-15 07:08:00,294.35,294.355,294.349,294.353
2025-05-15 07:08:05,294.354,294.356,294.352,294.356
2025-05-15 07:08:10,294.355,294.361,294.355,294.361
2025-05-15 07:08:15,294.361,294.363,294.359,294.363
2025-05-15 07:08:20,294.363,294.363,294.353,294.355
2025-05-15 07:08:25,294.356,294.356,294.347,294.348
2025-05-15 07:08:30,294.349,294.349,294.344,294.344
2025-05-15 07:08:35,294.344,294.359,294.342,294.359
2025-05-15 07:08:40,294.359,294.365,294.352,294.352
2025-05-15 07:08:45,294.352,294.352,294.347,294.347
2025-05-15 07:08:50,294.347,294.348,294.335,294.34
2025-05-15 07:08:55,294.339,294.339,294.335,294.339
2025-05-15 07:09:00,294.339,294.34,294.338,294.339
2025-05-15 07:09:05,294.339,294.353,294.339,294.353
2025-05-15 07:09:10,294.353,294.359,294.353,294.359
2025-05-15 07:09:15,294.36,294.375,294.36,294.375
2025-05-15 07:09:20,294.375,294.379,294.375,294.379
2025-05-15 07:09:25,294.379,294.386,294.376,294.386
2025-05-15 07:09:30,294.388,294.399,294.388,294.398
2025-05-15 07:09:35,294.399,294.403,294.399,294.402
2025-05-15 07:09:40,294.402,294.402,294.392,294.392
2025-05-15 07:09:45,294.392,294.402,294.392,294.402
2025-05-15 07:09:50,294.401,294.403,294.397,294.397
2025-05-15 07:09:55,294.398,294.404,294.398,294.402
2025-05-15 07:10:00,294.402,294.404,294.4,294.402
2025-05-15 07:10:05,294.402,294.402,294.399,294.399
2025-05-15 07:10:10,294.399,294.399,294.394,294.394
2025-05-15 07:10:15,294.394,294.395,294.393,294.395
2025-05-15 07:10:20,294.395,294.395,294.388,294.39
2025-05-15 07:10:25,294.39,294.396,294.39,294.395
2025-05-15 07:10:30,294.395,294.395,294.39,294.392
2025-05-15 07:10:35,294.392,294.392,294.387,294.392
2025-05-15 07:10:40,294.392,294.397,294.392,294.395
2025-05-15 07:10:45,294.395,294.395,294.382,294.382
2025-05-15 07:10:50,294.38,294.386,294.38,294.386
2025-05-15 07:10:55,294.383,294.383,294.372,294.374
2025-05-15 07:11:00,294.374,294.389,294.372,294.388
2025-05-15 07:11:05,294.388,294.388,294.382,294.382
2025-05-15 07:11:10,294.381,294.382,294.379,294.381
2025-05-15 07:11:15,294.383,294.387,294.383,294.386
2025-05-15 07:11:20,294.386,294.388,294.382,294.387
2025-05-15 07:11:25,294.387,294.389,294.386,294.386
2025-05-15 07:11:30,294.385,294.396,294.384,294.39
2025-05-15 07:11:35,294.389,294.39,294.387,294.39
2025-05-15 07:11:40,294.39,294.398,294.39,294.397
2025-05-15 07:11:45,294.398,294.4,294.398,294.4
2025-05-15 07:11:50,294.403,294.406,294.401,294.404
2025-05-15 07:11:55,294.405,294.406,294.401,294.401
2025-05-15 07:12:00,294.399,294.399,294.397,294.397
2025-05-15 07:12:05,294.397,294.397,294.388,294.388
2025-05-15 07:12:10,294.387,294.387,294.382,294.382
2025-05-15 07:12:15,294.382,294.39,294.382,294.389
2025-05-15 07:12:20,294.39,294.39,294.381,294.381
2025-05-15 07:12:25,294.381,294.381,294.372,294.372
2025-05-15 07:12:30,294.372,294.378,294.372,294.376
2025-05-15 07:12:35,294.376,294.376,294.368,294.368
2025-05-15 07:12:40,294.368,294.379,294.368,294.375
2025-05-15 07:12:45,294.376,294.381,294.376,294.376
2025-05-15 07:12:50,294.378,294.384,294.378,294.384
2025-05-15 07:12:55,294.384,294.388,294.384,294.388
2025-05-15 07:13:00,294.388,294.393,294.387,294.393
2025-05-15 07:13:05,294.395,294.399,294.394,294.399
2025-05-15 07:13:10,294.399,294.399,294.394,294.394
2025-05-15 07:13:15,294.392,294.392,294.389,294.389
2025-05-15 07:13:20,294.389,294.4,294.388,294.4
2025-05-15 07:13:25,294.4,294.406,294.4,294.406
2025-05-15 07:13:30,294.407,294.407,294.397,294.399
2025-05-15 07:13:35,294.398,294.402,294.396,294.402
2025-05-15 07:13:40,294.402,294.402,294.392,294.392
2025-05-15 07:13:45,294.392,294.396,294.385,294.385
2025-05-15 07:13:50,294.382,294.382,294.372,294.382
2025-05-15 07:13:55,294.381,294.383,294.38,294.381
2025-05-15 07:14:00,294.382,294.382,294.375,294.379
2025-05-15 07:14:05,294.379,294.38,294.375,294.379
2025-05-15 07:14:10,294.384,294.384,294.384,294.384
2025-05-15 07:14:15,294.386,294.39,294.384,294.388
2025-05-15 07:14:20,294.389,294.39,294.385,294.386
2025-05-15 07:14:25,294.386,294.386,294.383,294.386
2025-05-15 07:14:30,294.386,294.386,294.374,294.376
2025-05-15 07:14:35,294.373,294.373,294.368,294.37
2025-05-15 07:14:40,294.37,294.372,294.368,294.368
2025-05-15 07:14:45,294.368,294.375,294.366,294.375
2025-05-15 07:14:50,294.375,294.379,294.375,294.378
2025-05-15 07:14:55,294.378,294.378,294.377,294.378
2025-05-15 07:15:00,294.38,294.386,294.378,294.38
2025-05-15 07:15:05,294.38,294.38,294.371,294.371
2025-05-15 07:15:10,294.371,294.373,294.365,294.365
2025-05-15 07:15:15,294.366,294.371,294.357,294.357
2025-05-15 07:15:20,294.358,294.359,294.357,294.358
2025-05-15 07:15:25,294.358,294.364,294.358,294.362
2025-05-15 07:15:30,294.362,294.362,294.359,294.361
2025-05-15 07:15:35,294.361,294.363,294.36,294.36
2025-05-15 07:15:40,294.352,294.354,294.342,294.343
2025-05-15 07:15:45,294.343,294.343,294.335,294.335
2025-05-15 07:15:50,294.335,294.337,294.331,294.337
2025-05-15 07:15:55,294.34,294.342,294.337,294.337
2025-05-15 07:16:00,294.337,294.337,294.331,294.331
2025-05-15 07:16:05,294.331,294.334,294.331,294.333
2025-05-15 07:16:10,294.333,294.34,294.333,294.34
2025-05-15 07:16:15,294.341,294.345,294.341,294.345
2025-05-15 07:16:20,294.345,294.345,294.34,294.34
2025-05-15 07:16:25,294.34,294.342,294.34,294.341
2025-05-15 07:16:30,294.341,294.343,294.341,294.342
2025-05-15 07:16:35,294.341,294.344,294.341,294.344
2025-05-15 07:16:40,294.355,294.355,294.351,294.354
2025-05-15 07:16:45,294.354,294.356,294.353,294.354
2025-05-15 07:16:50,294.354,294.354,294.35,294.35
2025-05-15 07:16:55,294.351,294.351,294.348,294.348
2025-05-15 07:17:00,294.349,294.353,294.348,294.353
2025-05-15 07:17:05,294.354,294.358,294.344,294.344
2025-05-15 07:17:10,294.342,294.342,294.336,294.338
2025-05-15 07:17:15,294.339,294.344,294.339,294.341
2025-05-15 07:17:20,294.338,294.341,294.337,294.341
2025-05-15 07:17:25,294.341,294.349,294.341,294.346
2025-05-15 07:17:30,294.347,294.35,294.346,294.35
2025-05-15 07:17:35,294.351,294.351,294.35,294.35
2025-05-15 07:17:40,294.352,294.352,294.349,294.349
2025-05-15 07:17:45,294.344,294.346,294.344,294.346
2025-05-15 07:17:50,294.346,294.346,294.343,294.345
2025-05-15 07:17:55,294.345,294.347,294.335,294.335
2025-05-15 07:18:00,294.332,294.334,294.323,294.323
2025-05-15 07:18:05,294.325,294.325,294.32,294.321
2025-05-15 07:18:10,294.322,294.327,294.321,294.326
2025-05-15 07:18:15,294.326,294.332,294.322,294.322
2025-05-15 07:18:20,294.322,294.322,294.32,294.322
2025-05-15 07:18:25,294.322,294.323,294.319,294.319
2025-05-15 07:18:30,294.319,294.32,294.316,294.318
2025-05-15 07:18:35,294.318,294.319,294.315,294.316
2025-05-15 07:18:40,294.313,294.315,294.311,294.313
2025-05-15 07:18:45,294.313,294.315,294.309,294.309
2025-05-15 07:18:50,294.309,294.309,294.306,294.306
2025-05-15 07:18:55,294.306,294.309,294.306,294.309
2025-05-15 07:19:00,294.31,294.314,294.308,294.308
2025-05-15 07:19:05,294.308,294.314,294.308,294.313
2025-05-15 07:19:10,294.312,294.312,294.308,294.312
2025-05-15 07:19:15,294.312,294.315,294.31,294.312
2025-05-15 07:19:20,294.311,294.311,294.304,294.306
2025-05-15 07:19:25,294.307,294.31,294.305,294.31
2025-05-15 07:19:30,294.31,294.31,294.307,294.307
2025-05-15 07:19:35,294.307,294.307,294.294,294.296
2025-05-15 07:19:40,294.298,294.298,294.287,294.294
2025-05-15 07:19:45,294.293,294.293,294.29,294.292
2025-05-15 07:19:50,294.292,294.298,294.292,294.293
2025-05-15 07:19:55,294.293,294.295,294.289,294.291
2025-05-15 07:20:00,294.291,294.291,294.286,294.29
2025-05-15 07:20:05,294.29,294.291,294.279,294.279
2025-05-15 07:20:10,294.281,294.281,294.278,294.279
2025-05-15 07:20:15,294.279,294.28,294.261,294.261
2025-05-15 07:20:20,294.26,294.26,294.257,294.258
2025-05-15 07:20:25,294.259,294.261,294.258,294.26
2025-05-15 07:20:30,294.26,294.26,294.259,294.26
2025-05-15 07:20:35,294.26,294.262,294.256,294.262
2025-05-15 07:20:40,294.262,294.268,294.259,294.259
2025-05-15 07:20:45,294.259,294.259,294.255,294.255
2025-05-15 07:20:50,294.255,294.255,294.248,294.248
2025-05-15 07:20:55,294.248,294.249,294.243,294.249
2025-05-15 07:21:00,294.249,294.252,294.248,294.252
2025-05-15 07:21:05,294.244,294.244,294.237,294.238
2025-05-15 07:21:10,294.239,294.239,294.23,294.23
2025-05-15 07:21:15,294.23,294.234,294.23,294.234
2025-05-15 07:21:20,294.235,294.235,294.225,294.225
2025-05-15 07:21:25,294.225,294.225,294.217,294.217
2025-05-15 07:21:30,294.218,294.22,294.217,294.219
2025-05-15 07:21:35,294.219,294.222,294.214,294.214
2025-05-15 07:21:40,294.212,294.214,294.212,294.212
2025-05-15 07:21:45,294.211,294.216,294.211,294.212
2025-05-15 07:21:50,294.212,294.214,294.208,294.213
2025-05-15 07:21:55,294.213,294.213,294.204,294.209
2025-05-15 07:22:00,294.209,294.212,294.209,294.212
2025-05-15 07:22:05,294.213,294.213,294.209,294.212
2025-05-15 07:22:10,294.21,294.218,294.21,294.217
2025-05-15 07:22:15,294.217,294.217,294.214,294.214
2025-05-15 07:22:20,294.214,294.221,294.214,294.214
2025-05-15 07:22:25,294.211,294.212,294.208,294.208
2025-05-15 07:22:30,294.209,294.213,294.207,294.207
2025-05-15 07:22:35,294.207,294.215,294.207,294.215
2025-05-15 07:22:40,294.215,294.219,294.214,294.214
2025-05-15 07:22:45,294.215,294.22,294.206,294.206
2025-05-15 07:22:50,294.206,294.208,294.199,294.199
2025-05-15 07:22:55,294.199,294.211,294.199,294.211
2025-05-15 07:23:00,294.211,294.223,294.211,294.221
2025-05-15 07:23:05,294.221,294.227,294.221,294.227
2025-05-15 07:23:10,294.227,294.23,294.225,294.225
2025-05-15 07:23:15,294.225,294.225,294.219,294.221
2025-05-15 07:23:20,294.221,294.229,294.221,294.229
2025-05-15 07:23:25,294.229,294.241,294.229,294.241
2025-05-15 07:23:30,294.243,294.243,294.236,294.236
2025-05-15 07:23:35,294.236,294.239,294.229,294.229
2025-05-15 07:23:40,294.229,294.234,294.229,294.232
2025-05-15 07:23:45,294.234,294.234,294.231,294.233
2025-05-15 07:23:50,294.232,294.232,294.216,294.216
2025-05-15 07:23:55,294.216,294.218,294.214,294.214
2025-05-15 07:24:00,294.214,294.219,294.214,294.218
2025-05-15 07:24:05,294.219,294.223,294.219,294.22
2025-05-15 07:24:10,294.22,294.221,294.219,294.219
2025-05-15 07:24:15,294.219,294.221,294.217,294.217
2025-05-15 07:24:20,294.216,294.216,294.213,294.213
2025-05-15 07:24:25,294.214,294.222,294.214,294.222
2025-05-15 07:24:30,294.222,294.222,294.215,294.215
2025-05-15 07:24:35,294.216,294.22,294.215,294.22
2025-05-15 07:24:40,294.22,294.221,294.216,294.221
2025-05-15 07:24:45,294.224,294.225,294.223,294.223
2025-05-15 07:24:50,294.222,294.222,294.22,294.22
2025-05-15 07:24:55,294.22,294.221,294.213,294.216
2025-05-15 07:25:00,294.216,294.217,294.215,294.217
2025-05-15 07:25:05,294.216,294.22,294.216,294.218
2025-05-15 07:25:10,294.22,294.22,294.214,294.216
2025-05-15 07:25:15,294.208,294.208,294.197,294.197
2025-05-15 07:25:20,294.197,294.205,294.197,294.205
2025-05-15 07:25:25,294.207,294.207,294.203,294.205
2025-05-15 07:25:30,294.204,294.21,294.203,294.203
2025-05-15 07:25:35,294.203,294.207,294.199,294.205
2025-05-15 07:25:40,294.205,294.209,294.203,294.208
2025-05-15 07:25:45,294.208,294.21,294.198,294.199
2025-05-15 07:25:50,294.197,294.203,294.197,294.203
2025-05-15 07:25:55,294.201,294.208,294.201,294.208
2025-05-15 07:26:00,294.208,294.211,294.208,294.21
2025-05-15 07:26:05,294.208,294.219,294.208,294.213
2025-05-15 07:26:10,294.213,294.213,294.209,294.209
2025-05-15 07:26:15,294.21,294.217,294.21,294.217
2025-05-15 07:26:20,294.217,294.222,294.217,294.221
2025-05-15 07:26:25,294.223,294.225,294.222,294.222
2025-05-15 07:26:30,294.222,294.224,294.209,294.209
2025-05-15 07:26:35,294.209,294.216,294.209,294.216
2025-05-15 07:26:40,294.216,294.223,294.213,294.219
2025-05-15 07:26:45,294.22,294.225,294.22,294.223
2025-05-15 07:26:50,294.223,294.223,294.211,294.212
2025-05-15 07:26:55,294.212,294.22,294.212,294.217
2025-05-15 07:27:00,294.217,294.219,294.214,294.219
2025-05-15 07:27:05,294.219,294.225,294.217,294.224
2025-05-15 07:27:10,294.223,294.225,294.223,294.223
2025-05-15 07:27:15,294.223,294.224,294.223,294.224
2025-05-15 07:27:20,294.224,294.229,294.224,294.228
2025-05-15 07:27:25,294.228,294.232,294.226,294.232
2025-05-15 07:27:30,294.232,294.239,294.232,294.239
2025-05-15 07:27:35,294.241,294.243,294.24,294.243
2025-05-15 07:27:40,294.243,294.247,294.242,294.244
2025-05-15 07:27:45,294.244,294.255,294.244,294.254
2025-05-15 07:27:50,294.255,294.255,294.248,294.248
2025-05-15 07:27:55,294.248,294.257,294.248,294.256
2025-05-15 07:28:00,294.256,294.257,294.254,294.254
2025-05-15 07:28:05,294.254,294.261,294.254,294.258
2025-05-15 07:28:10,294.257,294.264,294.257,294.261
2025-05-15 07:28:15,294.263,294.264,294.256,294.258
2025-05-15 07:28:20,294.258,294.264,294.256,294.264
2025-05-15 07:28:25,294.264,294.271,294.26,294.271
2025-05-15 07:28:30,294.282,294.282,294.278,294.278
2025-05-15 07:28:35,294.278,294.279,294.276,294.279
2025-05-15 07:28:40,294.279,294.283,294.278,294.283
2025-05-15 07:28:45,294.283,294.283,294.276,294.277
2025-05-15 07:28:50,294.277,294.277,294.274,294.275
2025-05-15 07:28:55,294.276,294.283,294.276,294.283
2025-05-15 07:29:00,294.283,294.284,294.282,294.284
2025-05-15 07:29:05,294.284,294.298,294.282,294.297
2025-05-15 07:29:10,294.297,294.298,294.295,294.295
2025-05-15 07:29:15,294.296,294.302,294.295,294.3
2025-05-15 07:29:20,294.298,294.298,294.296,294.296
2025-05-15 07:29:25,294.3,294.304,294.3,294.304
2025-05-15 07:29:30,294.304,294.304,294.3,294.3
2025-05-15 07:29:35,294.301,294.305,294.3,294.305
2025-05-15 07:29:40,294.305,294.305,294.297,294.297
2025-05-15 07:29:45,294.297,294.299,294.297,294.299
2025-05-15 07:29:50,294.301,294.301,294.295,294.295
2025-05-15 07:29:55,294.298,294.302,294.297,294.302
2025-05-15 07:30:00,294.301,294.301,294.287,294.293
2025-05-15 07:30:05,294.293,294.293,294.288,294.29
2025-05-15 07:30:10,294.288,294.289,294.285,294.285
2025-05-15 07:30:15,294.292,294.294,294.29,294.293
2025-05-15 07:30:20,294.291,294.297,294.291,294.296
2025-05-15 07:30:25,294.296,294.301,294.296,294.298
2025-05-15 07:30:30,294.3,294.301,294.297,294.298
2025-05-15 07:30:35,294.298,294.3,294.296,294.3
2025-05-15 07:30:40,294.3,294.3,294.298,294.298
2025-05-15 07:30:45,294.298,294.299,294.289,294.289
2025-05-15 07:30:50,294.289,294.295,294.289,294.294
2025-05-15 07:30:55,294.294,294.294,294.291,294.291
2025-05-15 07:31:00,294.291,294.3,294.291,294.3
2025-05-15 07:31:05,294.3,294.303,294.297,294.303
2025-05-15 07:31:10,294.303,294.303,294.299,294.3
2025-05-15 07:31:15,294.3,294.302,294.3,294.302
2025-05-15 07:31:20,294.301,294.302,294.299,294.3
2025-05-15 07:31:25,294.3,294.307,294.3,294.307
2025-05-15 07:31:30,294.307,294.307,294.304,294.306
2025-05-15 07:31:35,294.309,294.312,294.301,294.301
2025-05-15 07:31:40,294.302,294.312,294.302,294.312
2025-05-15 07:31:45,294.312,294.318,294.31,294.318
2025-05-15 07:31:50,294.318,294.319,294.315,294.316
2025-05-15 07:31:55,294.315,294.315,294.309,294.311
2025-05-15 07:32:00,294.312,294.312,294.303,294.303
2025-05-15 07:32:05,294.302,294.309,294.301,294.306
2025-05-15 07:32:10,294.306,294.307,294.302,294.302
2025-05-15 07:32:15,294.301,294.301,294.299,294.299
2025-05-15 07:32:20,294.299,294.306,294.299,294.306
2025-05-15 07:32:25,294.306,294.306,294.302,294.306
2025-05-15 07:32:30,294.306,294.31,294.3,294.3
2025-05-15 07:32:35,294.3,294.3,294.297,294.299
2025-05-15 07:32:40,294.299,294.299,294.288,294.289
2025-05-15 07:32:45,294.289,294.292,294.287,294.292
2025-05-15 07:32:50,294.292,294.292,294.28,294.283
2025-05-15 07:32:55,294.282,294.282,294.277,294.278
2025-05-15 07:33:00,294.278,294.281,294.277,294.279
2025-05-15 07:33:05,294.279,294.291,294.279,294.291
2025-05-15 07:33:10,294.291,294.294,294.284,294.284
2025-05-15 07:33:15,294.285,294.287,294.283,294.283
2025-05-15 07:33:20,294.282,294.282,294.277,294.277
2025-05-15 07:33:25,294.277,294.284,294.276,294.283
2025-05-15 07:33:30,294.283,294.283,294.279,294.279
2025-05-15 07:33:35,294.28,294.284,294.28,294.284
2025-05-15 07:33:40,294.285,294.299,294.285,294.299
2025-05-15 07:33:45,294.299,294.307,294.299,294.307
2025-05-15 07:33:50,294.307,294.31,294.303,294.303
2025-05-15 07:33:55,294.302,294.303,294.299,294.301
2025-05-15 07:34:00,294.301,294.301,294.3,294.301
2025-05-15 07:34:05,294.301,294.309,294.301,294.309
2025-05-15 07:34:10,294.309,294.312,294.304,294.312
2025-05-15 07:34:15,294.312,294.315,294.311,294.315
2025-05-15 07:34:20,294.316,294.321,294.316,294.32
2025-05-15 07:34:25,294.32,294.324,294.316,294.323
2025-05-15 07:34:30,294.323,294.323,294.317,294.323
2025-05-15 07:34:35,294.323,294.331,294.323,294.331
2025-05-15 07:34:40,294.332,294.346,294.332,294.345
2025-05-15 07:34:45,294.345,294.345,294.338,294.338
2025-05-15 07:34:50,294.338,294.338,294.328,294.337
2025-05-15 07:34:55,294.336,294.336,294.326,294.329
2025-05-15 07:35:00,294.335,294.335,294.333,294.333
2025-05-15 07:35:05,294.333,294.333,294.326,294.329
2025-05-15 07:35:10,294.329,294.33,294.326,294.33
2025-05-15 07:35:15,294.331,294.337,294.331,294.336
2025-05-15 07:35:20,294.335,294.341,294.332,294.34
2025-05-15 07:35:25,294.34,294.34,294.337,294.339
2025-05-15 07:35:30,294.327,294.327,294.323,294.324
2025-05-15 07:35:35,294.324,294.329,294.324,294.328
2025-05-15 07:35:40,294.326,294.329,294.325,294.325
2025-05-15 07:35:45,294.324,294.326,294.32,294.322
2025-05-15 07:35:50,294.32,294.323,294.318,294.323
2025-05-15 07:35:55,294.323,294.328,294.323,294.325
2025-05-15 07:36:00,294.326,294.326,294.319,294.321
2025-05-15 07:36:05,294.321,294.324,294.32,294.32
2025-05-15 07:36:10,294.319,294.32,294.315,294.316
2025-05-15 07:36:15,294.316,294.317,294.314,294.317
2025-05-15 07:36:20,294.319,294.328,294.319,294.328
2025-05-15 07:36:25,294.326,294.326,294.323,294.324
2025-05-15 07:36:30,294.324,294.326,294.322,294.325
2025-05-15 07:36:35,294.325,294.325,294.316,294.316
2025-05-15 07:36:40,294.318,294.323,294.317,294.323
2025-05-15 07:36:45,294.323,294.326,294.323,294.326
2025-05-15 07:36:50,294.327,294.336,294.327,294.334
2025-05-15 07:36:55,294.334,294.334,294.328,294.328
2025-05-15 07:37:00,294.327,294.327,294.319,294.319
2025-05-15 07:37:05,294.322,294.328,294.322,294.328
2025-05-15 07:37:10,294.328,294.329,294.325,294.326
2025-05-15 07:37:15,294.326,294.327,294.325,294.327
2025-05-15 07:37:20,294.327,294.329,294.311,294.311
2025-05-15 07:37:25,294.311,294.315,294.311,294.313
2025-05-15 07:37:30,294.315,294.318,294.313,294.317
2025-05-15 07:37:35,294.317,294.321,294.317,294.32
2025-05-15 07:37:40,294.32,294.32,294.316,294.319
2025-05-15 07:37:45,294.319,294.322,294.317,294.317
2025-05-15 07:37:50,294.315,294.315,294.31,294.312
2025-05-15 07:37:55,294.312,294.313,294.299,294.299
2025-05-15 07:38:00,294.301,294.304,294.297,294.299
2025-05-15 07:38:05,294.301,294.303,294.296,294.296
2025-05-15 07:38:10,294.297,294.301,294.297,294.301
2025-05-15 07:38:15,294.301,294.301,294.292,294.292
2025-05-15 07:38:20,294.295,294.295,294.289,294.291
2025-05-15 07:38:25,294.289,294.301,294.287,294.301
2025-05-15 07:38:30,294.301,294.301,294.293,294.294
2025-05-15 07:38:35,294.294,294.301,294.294,294.298
2025-05-15 07:38:40,294.288,294.292,294.288,294.292
2025-05-15 07:38:45,294.294,294.295,294.287,294.287
2025-05-15 07:38:50,294.287,294.287,294.28,294.28
2025-05-15 07:38:55,294.28,294.28,294.273,294.273
2025-05-15 07:39:00,294.273,294.277,294.272,294.277
2025-05-15 07:39:05,294.279,294.293,294.279,294.293
2025-05-15 07:39:10,294.293,294.302,294.293,294.297
2025-05-15 07:39:15,294.297,294.307,294.297,294.307
2025-05-15 07:39:20,294.307,294.315,294.306,294.314
2025-05-15 07:39:25,294.314,294.315,294.313,294.313
2025-05-15 07:39:30,294.316,294.316,294.314,294.314
2025-05-15 07:39:35,294.314,294.315,294.314,294.315
2025-05-15 07:39:40,294.314,294.314,294.31,294.313
2025-05-15 07:39:45,294.313,294.313,294.306,294.307
2025-05-15 07:39:50,294.307,294.308,294.305,294.308
2025-05-15 07:39:55,294.308,294.308,294.306,294.306
2025-05-15 07:40:00,294.306,294.315,294.306,294.315
2025-05-15 07:40:05,294.313,294.316,294.313,294.316
2025-05-15 07:40:10,294.316,294.325,294.316,294.325
2025-05-15 07:40:15,294.325,294.329,294.325,294.326
2025-05-15 07:40:20,294.326,294.337,294.324,294.337
2025-05-15 07:40:25,294.332,294.332,294.327,294.327
2025-05-15 07:40:30,294.327,294.331,294.327,294.33
2025-05-15 07:40:35,294.33,294.331,294.329,294.329
2025-05-15 07:40:40,294.329,294.33,294.325,294.325
2025-05-15 07:40:45,294.323,294.331,294.321,294.331
2025-05-15 07:40:50,294.331,294.331,294.324,294.325
2025-05-15 07:40:55,294.325,294.327,294.324,294.327
2025-05-15 07:41:00,294.329,294.331,294.329,294.329
2025-05-15 07:41:05,294.331,294.337,294.331,294.337
2025-05-15 07:41:10,294.348,294.35,294.344,294.344
2025-05-15 07:41:15,294.343,294.343,294.339,294.34
2025-05-15 07:41:20,294.345,294.347,294.344,294.345
2025-05-15 07:41:25,294.341,294.342,294.34,294.34
2025-05-15 07:41:30,294.339,294.339,294.333,294.335
2025-05-15 07:41:35,294.335,294.336,294.331,294.335
2025-05-15 07:41:40,294.337,294.344,294.337,294.344
2025-05-15 07:41:45,294.342,294.342,294.337,294.337
2025-05-15 07:41:50,294.339,294.339,294.336,294.336
2025-05-15 07:41:55,294.337,294.337,294.327,294.327
2025-05-15 07:42:00,294.325,294.327,294.324,294.324
2025-05-15 07:42:05,294.323,294.326,294.323,294.324
2025-05-15 07:42:10,294.326,294.326,294.318,294.318
2025-05-15 07:42:15,294.318,294.32,294.314,294.316
2025-05-15 07:42:20,294.316,294.318,294.314,294.315
2025-05-15 07:42:25,294.316,294.318,294.315,294.318
2025-05-15 07:42:30,294.318,294.323,294.318,294.323
2025-05-15 08:12:10,294.357,294.361,294.357,294.361
2025-05-15 08:12:15,294.361,294.363,294.36,294.362
2025-05-15 08:12:20,294.362,294.366,294.362,294.366
2025-05-15 08:12:25,294.364,294.367,294.364,294.366
2025-05-15 08:12:30,294.366,294.366,294.361,294.366
2025-05-15 08:12:35,294.366,294.367,294.364,294.364
2025-05-15 08:12:40,294.364,294.364,294.357,294.357
2025-05-15 08:12:45,294.357,294.359,294.355,294.357
2025-05-15 08:12:50,294.357,294.366,294.357,294.366
2025-05-15 08:12:55,294.366,294.371,294.358,294.358
2025-05-15 08:13:00,294.356,294.358,294.355,294.355
2025-05-15 08:13:05,294.355,294.363,294.353,294.363
2025-05-15 08:13:10,294.363,294.369,294.363,294.366
2025-05-15 08:13:15,294.366,294.369,294.36,294.36
2025-05-15 08:13:20,294.36,294.36,294.356,294.357
2025-05-15 08:13:25,294.355,294.358,294.355,294.357
2025-05-15 08:13:30,294.357,294.358,294.355,294.355
2025-05-15 08:13:35,294.355,294.358,294.355,294.357
2025-05-15 08:13:40,294.362,294.364,294.362,294.364
2025-05-15 08:13:45,294.365,294.37,294.363,294.37
2025-05-15 08:13:50,294.37,294.38,294.37,294.38
2025-05-15 08:13:55,294.38,294.38,294.374,294.374
2025-05-15 08:14:00,294.379,294.384,294.379,294.384
2025-05-15 08:14:05,294.383,294.389,294.377,294.389
2025-05-15 08:14:10,294.389,294.4,294.389,294.4
2025-05-15 08:14:15,294.4,294.402,294.395,294.395
2025-05-15 08:14:20,294.393,294.394,294.391,294.394
2025-05-15 08:14:25,294.399,294.404,294.394,294.396
2025-05-15 08:14:30,294.396,294.399,294.395,294.396
2025-05-15 08:14:35,294.396,294.4,294.395,294.4
2025-05-15 08:14:40,294.399,294.411,294.399,294.408
2025-05-15 08:14:45,294.407,294.41,294.405,294.408
2025-05-15 08:14:50,294.408,294.408,294.399,294.402
2025-05-15 08:14:55,294.402,294.402,294.398,294.398
2025-05-15 08:15:00,294.395,294.4,294.395,294.399
2025-05-15 08:15:05,294.4,294.401,294.389,294.389
2025-05-15 08:15:10,294.39,294.399,294.39,294.399
2025-05-15 08:15:15,294.4,294.401,294.398,294.401
2025-05-15 08:15:20,294.4,294.403,294.4,294.402
2025-05-15 08:15:25,294.402,294.408,294.402,294.405
2025-05-15 08:15:30,294.405,294.412,294.405,294.407
2025-05-15 08:15:35,294.406,294.412,294.406,294.41
2025-05-15 08:15:40,294.411,294.411,294.406,294.406
2025-05-15 08:15:45,294.406,294.414,294.406,294.414
2025-05-15 08:15:50,294.412,294.421,294.411,294.411
2025-05-15 08:15:55,294.409,294.409,294.407,294.409
2025-05-15 08:16:00,294.411,294.418,294.405,294.405
2025-05-15 08:16:05,294.411,294.412,294.405,294.405
2025-05-15 08:16:10,294.406,294.406,294.402,294.402
2025-05-15 08:16:15,294.399,294.401,294.398,294.399
2025-05-15 08:16:20,294.399,294.402,294.399,294.4
2025-05-15 08:16:25,294.4,294.401,294.393,294.393
2025-05-15 08:16:30,294.393,294.394,294.391,294.392
2025-05-15 08:16:35,294.392,294.394,294.375,294.375
2025-05-15 08:16:40,294.375,294.377,294.367,294.367
2025-05-15 08:16:45,294.367,294.369,294.367,294.369
2025-05-15 08:16:50,294.369,294.375,294.369,294.375
2025-05-15 08:16:55,294.375,294.377,294.373,294.377
2025-05-15 08:17:00,294.377,294.381,294.376,294.381
2025-05-15 08:17:05,294.381,294.381,294.374,294.376
2025-05-15 08:17:10,294.377,294.387,294.377,294.387
2025-05-15 08:17:15,294.387,294.388,294.386,294.387
2025-05-15 08:17:20,294.387,294.39,294.387,294.39
2025-05-15 08:17:25,294.39,294.393,294.39,294.392
2025-05-15 08:17:30,294.392,294.392,294.382,294.382
2025-05-15 08:17:35,294.382,294.382,294.372,294.373
2025-05-15 08:17:40,294.373,294.377,294.372,294.372
2025-05-15 08:17:45,294.372,294.372,294.369,294.369
2025-05-15 08:17:50,294.37,294.371,294.364,294.367
2025-05-15 08:17:55,294.367,294.377,294.365,294.375
2025-05-15 08:18:00,294.375,294.376,294.374,294.376
2025-05-15 08:18:05,294.377,294.377,294.365,294.365
2025-05-15 08:18:10,294.364,294.368,294.364,294.366
2025-05-15 08:18:15,294.366,294.366,294.364,294.364
2025-05-15 08:18:20,294.364,294.382,294.364,294.379
2025-05-15 08:18:25,294.38,294.388,294.38,294.387
2025-05-15 08:18:30,294.392,294.392,294.39,294.391
2025-05-15 08:18:35,294.391,294.395,294.391,294.395
2025-05-15 08:18:40,294.395,294.398,294.392,294.398
2025-05-15 08:18:45,294.397,294.398,294.395,294.395
2025-05-15 08:18:50,294.394,294.394,294.391,294.392
2025-05-15 08:18:55,294.392,294.406,294.39,294.406
2025-05-15 08:19:00,294.406,294.408,294.404,294.406
2025-05-15 08:19:05,294.406,294.415,294.405,294.415
2025-05-15 08:19:10,294.415,294.419,294.415,294.417
2025-05-15 08:19:15,294.417,294.417,294.413,294.417
2025-05-15 08:19:20,294.417,294.432,294.417,294.432
2025-05-15 08:19:25,294.432,294.432,294.425,294.425
2025-05-15 08:19:30,294.427,294.427,294.423,294.423
2025-05-15 08:19:35,294.423,294.423,294.414,294.415
2025-05-15 08:19:40,294.415,294.415,294.41,294.413
2025-05-15 08:19:45,294.413,294.428,294.411,294.428
2025-05-15 08:19:50,294.431,294.435,294.43,294.435
2025-05-15 08:19:55,294.433,294.436,294.432,294.435
2025-05-15 08:20:00,294.436,294.448,294.436,294.445
2025-05-15 08:20:05,294.444,294.447,294.444,294.444
2025-05-15 08:20:10,294.442,294.449,294.442,294.449
2025-05-15 08:20:15,294.444,294.444,294.438,294.441
2025-05-15 08:20:20,294.442,294.445,294.44,294.44
2025-05-15 08:20:25,294.442,294.446,294.442,294.444
2025-05-15 08:20:30,294.446,294.447,294.445,294.447
2025-05-15 08:20:35,294.447,294.447,294.441,294.442
2025-05-15 08:20:40,294.441,294.443,294.439,294.442
2025-05-15 08:20:45,294.441,294.445,294.441,294.445
2025-05-15 08:20:50,294.443,294.443,294.434,294.437
2025-05-15 08:20:55,294.439,294.441,294.437,294.439
2025-05-15 08:21:00,294.438,294.438,294.429,294.432
2025-05-15 08:21:05,294.423,294.423,294.42,294.421
2025-05-15 08:21:10,294.423,294.423,294.413,294.413
2025-05-15 08:21:15,294.413,294.414,294.408,294.408
2025-05-15 08:21:20,294.409,294.413,294.407,294.412
2025-05-15 08:21:25,294.412,294.412,294.406,294.406
2025-05-15 08:21:30,294.404,294.408,294.404,294.406
2025-05-15 08:21:35,294.405,294.405,294.401,294.401
2025-05-15 08:21:40,294.4,294.403,294.399,294.399
2025-05-15 08:21:45,294.399,294.406,294.399,294.406
2025-05-15 08:21:50,294.405,294.407,294.401,294.401
2025-05-15 08:21:55,294.401,294.408,294.401,294.408
2025-05-15 08:22:00,294.41,294.413,294.408,294.413
2025-05-15 08:22:05,294.413,294.42,294.413,294.42
2025-05-15 08:22:10,294.42,294.422,294.418,294.419
2025-05-15 08:22:15,294.419,294.422,294.418,294.422
2025-05-15 08:22:20,294.424,294.425,294.42,294.422
2025-05-15 08:22:25,294.422,294.429,294.422,294.429
2025-05-15 08:22:30,294.428,294.432,294.428,294.432
2025-05-15 08:22:35,294.43,294.43,294.425,294.425
2025-05-15 08:22:40,294.425,294.425,294.421,294.422
2025-05-15 08:22:45,294.422,294.422,294.415,294.416
2025-05-15 08:22:50,294.416,294.423,294.416,294.42
2025-05-15 08:22:55,294.421,294.423,294.421,294.423
2025-05-15 08:23:00,294.423,294.423,294.416,294.417
2025-05-15 08:23:05,294.417,294.42,294.417,294.42
2025-05-15 08:23:10,294.42,294.423,294.412,294.414
2025-05-15 08:23:15,294.414,294.416,294.408,294.409
2025-05-15 08:23:20,294.409,294.409,294.401,294.401
2025-05-15 08:23:25,294.401,294.401,294.396,294.396
2025-05-15 08:23:30,294.395,294.404,294.393,294.4
2025-05-15 08:23:35,294.402,294.417,294.399,294.417
2025-05-15 08:23:40,294.418,294.419,294.414,294.414
2025-05-15 08:23:45,294.414,294.414,294.411,294.411
2025-05-15 08:23:50,294.411,294.415,294.411,294.415
2025-05-15 08:23:55,294.416,294.423,294.416,294.417
2025-05-15 08:24:00,294.417,294.419,294.415,294.418
2025-05-15 08:24:05,294.418,294.425,294.416,294.418
2025-05-15 08:24:10,294.418,294.427,294.418,294.427
2025-05-15 08:24:15,294.427,294.434,294.426,294.434
2025-05-15 08:24:20,294.435,294.436,294.431,294.432
2025-05-15 08:24:25,294.432,294.432,294.43,294.43
2025-05-15 08:24:30,294.431,294.431,294.431,294.431
2025-05-15 08:24:35,294.432,294.433,294.429,294.429
2025-05-15 08:24:40,294.429,294.436,294.429,294.435
2025-05-15 08:24:45,294.435,294.435,294.433,294.434
2025-05-15 08:24:50,294.435,294.446,294.432,294.446
2025-05-15 08:24:55,294.448,294.448,294.443,294.447
2025-05-15 08:25:00,294.447,294.448,294.447,294.448
2025-05-15 08:25:05,294.448,294.452,294.447,294.45
2025-05-15 08:25:10,294.45,294.451,294.442,294.442
2025-05-15 08:25:15,294.442,294.451,294.442,294.451
2025-05-15 08:25:20,294.451,294.451,294.447,294.448
2025-05-15 08:25:25,294.448,294.453,294.448,294.45
2025-05-15 08:25:30,294.45,294.45,294.446,294.446
2025-05-15 08:25:35,294.446,294.446,294.441,294.444
2025-05-15 08:25:40,294.444,294.449,294.442,294.444
2025-05-15 08:25:45,294.444,294.451,294.438,294.451
2025-05-15 08:25:50,294.451,294.451,294.444,294.446
2025-05-15 08:25:55,294.446,294.448,294.443,294.443
2025-05-15 08:26:00,294.443,294.443,294.437,294.437
2025-05-15 08:26:05,294.437,294.437,294.433,294.435
2025-05-15 08:26:10,294.435,294.436,294.433,294.433
2025-05-15 08:26:15,294.438,294.439,294.43,294.43
2025-05-15 08:26:20,294.43,294.436,294.43,294.436
2025-05-15 08:26:25,294.436,294.45,294.436,294.448
2025-05-15 08:26:30,294.448,294.455,294.448,294.455
2025-05-15 08:26:35,294.449,294.449,294.443,294.443
2025-05-15 08:26:40,294.443,294.443,294.437,294.437
2025-05-15 08:26:45,294.437,294.437,294.434,294.435
2025-05-15 08:26:50,294.435,294.437,294.435,294.436
2025-05-15 08:26:55,294.437,294.444,294.436,294.444
2025-05-15 08:27:00,294.441,294.442,294.439,294.442
2025-05-15 08:27:05,294.441,294.441,294.429,294.438
2025-05-15 08:27:10,294.435,294.437,294.427,294.427
2025-05-15 08:27:15,294.426,294.429,294.426,294.428
2025-05-15 08:27:20,294.428,294.43,294.426,294.43
2025-05-15 08:27:25,294.428,294.428,294.422,294.422
2025-05-15 08:27:30,294.422,294.427,294.422,294.427
2025-05-15 08:27:35,294.425,294.426,294.423,294.425
2025-05-15 08:27:40,294.425,294.426,294.425,294.426
2025-05-15 08:27:45,294.428,294.432,294.428,294.428
2025-05-15 08:27:50,294.428,294.428,294.419,294.428
2025-05-15 08:27:55,294.429,294.429,294.423,294.423
2025-05-15 08:28:00,294.422,294.422,294.419,294.42
2025-05-15 08:28:05,294.419,294.424,294.419,294.424
2025-05-15 08:28:10,294.424,294.432,294.424,294.43
2025-05-15 08:28:15,294.427,294.433,294.427,294.432
2025-05-15 08:28:20,294.432,294.432,294.423,294.423
2025-05-15 08:28:25,294.422,294.427,294.42,294.427
2025-05-15 08:28:30,294.427,294.434,294.427,294.434
2025-05-15 08:28:35,294.435,294.435,294.432,294.432
2025-05-15 08:28:40,294.433,294.433,294.429,294.432
2025-05-15 08:28:45,294.432,294.432,294.417,294.417
2025-05-15 08:28:50,294.417,294.42,294.412,294.418
2025-05-15 08:28:55,294.417,294.42,294.417,294.417
2025-05-15 08:29:00,294.417,294.418,294.404,294.404
2025-05-15 08:29:05,294.404,294.405,294.403,294.405
2025-05-15 08:29:10,294.405,294.407,294.404,294.405
2025-05-15 08:29:15,294.406,294.408,294.405,294.408
2025-05-15 08:29:20,294.408,294.408,294.404,294.404
2025-05-15 08:29:25,294.404,294.404,294.403,294.404
2025-05-15 08:29:30,294.404,294.406,294.402,294.406
2025-05-15 08:29:35,294.406,294.413,294.406,294.409
2025-05-15 08:29:40,294.407,294.407,294.395,294.397
2025-05-15 08:29:45,294.398,294.398,294.389,294.389
2025-05-15 08:29:50,294.389,294.392,294.386,294.392
2025-05-15 08:29:55,294.392,294.398,294.392,294.392
2025-05-15 08:30:00,294.394,294.394,294.382,294.382
2025-05-15 08:30:05,294.382,294.385,294.381,294.385
2025-05-15 08:30:10,294.385,294.397,294.385,294.393
2025-05-15 08:30:15,294.393,294.393,294.386,294.392
2025-05-15 08:30:20,294.392,294.395,294.391,294.393
2025-05-15 08:30:25,294.394,294.395,294.392,294.392
2025-05-15 08:30:30,294.392,294.394,294.39,294.394
2025-05-15 08:30:35,294.394,294.394,294.386,294.386
2025-05-15 08:30:40,294.389,294.389,294.383,294.386
2025-05-15 08:30:45,294.385,294.385,294.383,294.383
2025-05-15 08:30:50,294.383,294.394,294.383,294.394
2025-05-15 08:30:55,294.394,294.395,294.387,294.394
2025-05-15 08:31:00,294.393,294.393,294.391,294.392
2025-05-15 08:31:05,294.392,294.394,294.391,294.394
2025-05-15 08:31:10,294.394,294.401,294.394,294.4
2025-05-15 08:31:15,294.4,294.406,294.399,294.406
2025-05-15 08:31:20,294.404,294.406,294.401,294.405
2025-05-15 08:31:25,294.405,294.405,294.397,294.397
2025-05-15 08:31:30,294.392,294.405,294.392,294.405
2025-05-15 08:31:35,294.405,294.412,294.405,294.412
2025-05-15 08:31:40,294.412,294.413,294.41,294.411
2025-05-15 08:31:45,294.411,294.414,294.411,294.411
2025-05-15 08:31:50,294.411,294.411,294.393,294.393
2025-05-15 08:31:55,294.393,294.393,294.391,294.392
2025-05-15 08:32:00,294.389,294.395,294.389,294.395
2025-05-15 08:32:05,294.396,294.408,294.394,294.408
2025-05-15 08:32:10,294.408,294.413,294.405,294.413
2025-05-15 08:32:15,294.416,294.416,294.411,294.413
2025-05-15 08:32:20,294.417,294.426,294.417,294.426
2025-05-15 08:32:25,294.422,294.425,294.421,294.423
2025-05-15 08:32:30,294.423,294.429,294.423,294.429
2025-05-15 08:32:35,294.429,294.43,294.427,294.427
2025-05-15 08:32:40,294.428,294.428,294.423,294.425
2025-05-15 08:32:45,294.425,294.426,294.423,294.426
2025-05-15 08:32:50,294.426,294.429,294.426,294.429
2025-05-15 08:32:55,294.429,294.43,294.426,294.43
2025-05-15 08:33:00,294.431,294.44,294.429,294.44
2025-05-15 08:33:05,294.44,294.443,294.436,294.436
2025-05-15 08:33:10,294.439,294.447,294.439,294.445
2025-05-15 08:33:15,294.445,294.447,294.44,294.44
2025-05-15 08:33:20,294.44,294.44,294.428,294.428
2025-05-15 08:33:25,294.427,294.429,294.425,294.425
2025-05-15 08:33:30,294.427,294.429,294.424,294.424
2025-05-15 08:33:35,294.424,294.426,294.424,294.424
2025-05-15 08:33:40,294.422,294.435,294.422,294.435
2025-05-15 08:33:45,294.435,294.44,294.433,294.44
2025-05-15 08:33:50,294.439,294.444,294.439,294.443
2025-05-15 08:33:55,294.443,294.453,294.443,294.453
2025-05-15 08:34:00,294.453,294.458,294.452,294.458
2025-05-15 08:34:05,294.459,294.462,294.454,294.454
2025-05-15 08:34:10,294.458,294.465,294.458,294.464
2025-05-15 08:34:15,294.469,294.469,294.463,294.463
2025-05-15 08:34:20,294.463,294.465,294.463,294.464
2025-05-15 08:34:25,294.464,294.471,294.462,294.462
2025-05-15 08:34:30,294.462,294.467,294.462,294.464
2025-05-15 08:34:35,294.463,294.464,294.461,294.461
2025-05-15 08:34:40,294.461,294.464,294.451,294.451
2025-05-15 08:34:45,294.451,294.457,294.451,294.457
2025-05-15 08:34:50,294.457,294.46,294.457,294.457
2025-05-15 08:34:55,294.456,294.456,294.453,294.454
2025-05-15 08:35:00,294.454,294.456,294.445,294.456
2025-05-15 08:35:05,294.456,294.457,294.453,294.455
2025-05-15 08:35:10,294.455,294.455,294.448,294.448
2025-05-15 08:35:15,294.446,294.446,294.439,294.441
2025-05-15 08:35:20,294.441,294.443,294.44,294.443
2025-05-15 08:35:25,294.443,294.447,294.443,294.444
2025-05-15 08:35:30,294.444,294.452,294.444,294.452
2025-05-15 08:35:35,294.453,294.453,294.446,294.446
2025-05-15 08:35:40,294.446,294.448,294.442,294.448
2025-05-15 08:35:45,294.448,294.449,294.445,294.445
2025-05-15 08:35:50,294.446,294.453,294.446,294.453
2025-05-15 08:35:55,294.451,294.458,294.451,294.456
2025-05-15 08:36:00,294.456,294.456,294.453,294.453
2025-05-15 08:36:05,294.452,294.454,294.448,294.448
2025-05-15 08:36:10,294.448,294.455,294.448,294.453
2025-05-15 08:36:15,294.453,294.453,294.452,294.453
2025-05-15 08:36:20,294.453,294.46,294.453,294.46
2025-05-15 08:36:25,294.462,294.464,294.461,294.463
2025-05-15 08:36:30,294.463,294.465,294.456,294.456
2025-05-15 08:36:35,294.458,294.461,294.457,294.458
2025-05-15 08:36:40,294.458,294.458,294.452,294.452
2025-05-15 08:36:45,294.452,294.455,294.446,294.451
2025-05-15 08:36:50,294.451,294.451,294.443,294.444
2025-05-15 08:36:55,294.444,294.444,294.44,294.444
2025-05-15 08:37:00,294.444,294.444,294.442,294.444
2025-05-15 08:37:05,294.444,294.45,294.435,294.45
2025-05-15 08:37:10,294.452,294.459,294.452,294.459
2025-05-15 08:37:15,294.459,294.467,294.459,294.467
2025-05-15 08:37:20,294.467,294.47,294.466,294.466
2025-05-15 08:37:25,294.466,294.468,294.46,294.46
2025-05-15 08:37:30,294.454,294.46,294.454,294.458
2025-05-15 08:37:35,294.458,294.458,294.457,294.457
2025-05-15 08:37:40,294.457,294.457,294.455,294.457
2025-05-15 08:37:45,294.46,294.46,294.456,294.456
2025-05-15 08:37:50,294.455,294.463,294.455,294.463
2025-05-15 08:37:55,294.463,294.47,294.463,294.47
2025-05-15 08:38:00,294.47,294.471,294.465,294.466
2025-05-15 08:38:05,294.466,294.471,294.466,294.471
2025-05-15 08:38:10,294.468,294.471,294.468,294.468
2025-05-15 08:38:15,294.468,294.471,294.467,294.467
2025-05-15 08:38:20,294.467,294.467,294.457,294.459
2025-05-15 08:38:25,294.459,294.466,294.459,294.463
2025-05-15 08:38:30,294.463,294.463,294.459,294.462
2025-05-15 08:38:35,294.461,294.464,294.461,294.461
2025-05-15 08:38:40,294.461,294.478,294.459,294.478
2025-05-15 08:38:45,294.478,294.478,294.47,294.47
2025-05-15 08:38:50,294.468,294.468,294.465,294.465
2025-05-15 08:38:55,294.465,294.467,294.464,294.465
2025-05-15 08:39:00,294.466,294.471,294.466,294.471
2025-05-15 08:39:05,294.471,294.472,294.463,294.463
2025-05-15 08:39:10,294.465,294.486,294.465,294.486
2025-05-15 08:39:15,294.485,294.489,294.48,294.481
2025-05-15 08:39:20,294.481,294.485,294.481,294.485
2025-05-15 08:39:25,294.485,294.491,294.485,294.491
2025-05-15 08:39:30,294.49,294.49,294.485,294.486
2025-05-15 08:39:35,294.484,294.487,294.481,294.486
2025-05-15 08:39:40,294.485,294.495,294.485,294.495
2025-05-15 08:39:45,294.495,294.496,294.493,294.493
2025-05-15 08:39:50,294.493,294.494,294.49,294.494
2025-05-15 08:39:55,294.496,294.498,294.494,294.494
2025-05-15 08:40:00,294.488,294.488,294.484,294.487
2025-05-15 08:40:05,294.487,294.488,294.486,294.486
2025-05-15 08:40:10,294.486,294.493,294.486,294.493
2025-05-15 08:40:15,294.493,294.493,294.489,294.489
2025-05-15 08:40:20,294.488,294.496,294.488,294.496
2025-05-15 08:40:25,294.496,294.496,294.492,294.492
2025-05-15 08:40:30,294.491,294.501,294.491,294.501
2025-05-15 08:40:35,294.501,294.501,294.493,294.493
2025-05-15 08:40:40,294.495,294.495,294.494,294.494
2025-05-15 08:40:45,294.494,294.501,294.494,294.498
2025-05-15 08:40:50,294.499,294.5,294.497,294.499
2025-05-15 08:40:55,294.501,294.501,294.496,294.498
2025-05-15 08:41:00,294.499,294.506,294.499,294.506
2025-05-15 08:41:05,294.506,294.51,294.505,294.509
2025-05-15 08:41:10,294.51,294.512,294.509,294.51
2025-05-15 08:41:15,294.511,294.511,294.507,294.507
2025-05-15 08:41:20,294.504,294.508,294.501,294.508
2025-05-15 08:41:25,294.508,294.508,294.502,294.507
2025-05-15 08:41:30,294.505,294.506,294.505,294.505
2025-05-15 08:41:35,294.506,294.51,294.505,294.506
2025-05-15 08:41:40,294.506,294.506,294.501,294.504
2025-05-15 08:41:45,294.504,294.515,294.503,294.515
2025-05-15 08:41:50,294.515,294.518,294.514,294.518
2025-05-15 08:41:55,294.522,294.522,294.52,294.522
2025-05-15 08:42:00,294.524,294.526,294.516,294.516
2025-05-15 08:42:05,294.516,294.518,294.513,294.513
2025-05-15 08:42:10,294.513,294.513,294.504,294.508
2025-05-15 08:42:15,294.505,294.517,294.505,294.517
2025-05-15 08:42:20,294.518,294.52,294.517,294.518
2025-05-15 08:42:25,294.518,294.518,294.511,294.511
2025-05-15 08:42:30,294.511,294.511,294.508,294.511
2025-05-15 08:42:35,294.512,294.514,294.512,294.513
2025-05-15 08:42:40,294.513,294.516,294.513,294.515
2025-05-15 08:42:45,294.515,294.523,294.515,294.523
2025-05-15 08:42:50,294.521,294.523,294.519,294.519
2025-05-15 08:42:55,294.519,294.52,294.506,294.508
2025-05-15 08:43:00,294.508,294.513,294.508,294.513
2025-05-15 08:43:05,294.513,294.513,294.508,294.509
2025-05-15 08:43:10,294.509,294.513,294.509,294.511
2025-05-15 08:43:15,294.511,294.511,294.509,294.509
2025-05-15 08:43:20,294.509,294.511,294.509,294.511
2025-05-15 08:43:25,294.511,294.511,294.508,294.511
2025-05-15 08:43:30,294.511,294.511,294.501,294.51
2025-05-15 08:43:35,294.508,294.529,294.508,294.528
2025-05-15 08:43:40,294.528,294.528,294.51,294.511
2025-05-15 08:43:45,294.511,294.511,294.505,294.507
2025-05-15 08:43:50,294.506,294.522,294.506,294.518
2025-05-15 08:43:55,294.53,294.53,294.527,294.527
2025-05-15 08:44:00,294.527,294.529,294.525,294.527
2025-05-15 08:44:05,294.529,294.529,294.526,294.526
2025-05-15 08:44:10,294.526,294.526,294.522,294.522
2025-05-15 08:44:15,294.521,294.521,294.519,294.52
2025-05-15 08:44:20,294.518,294.518,294.508,294.508
2025-05-15 08:44:25,294.509,294.509,294.507,294.507
2025-05-15 08:44:30,294.508,294.51,294.498,294.51
2025-05-15 08:44:35,294.51,294.523,294.51,294.522
2025-05-15 08:44:40,294.522,294.524,294.519,294.52
2025-05-15 08:44:45,294.521,294.523,294.521,294.523
2025-05-15 08:44:50,294.523,294.528,294.522,294.525
2025-05-15 08:44:55,294.527,294.527,294.525,294.526
2025-05-15 08:45:00,294.527,294.534,294.525,294.533
2025-05-15 08:45:05,294.529,294.53,294.527,294.529
2025-05-15 08:45:10,294.529,294.531,294.525,294.525
2025-05-15 08:45:15,294.524,294.533,294.524,294.527
2025-05-15 08:45:20,294.528,294.529,294.526,294.526
2025-05-15 08:45:25,294.528,294.531,294.525,294.531
2025-05-15 08:45:30,294.531,294.533,294.531,294.533
2025-05-15 08:45:35,294.534,294.534,294.528,294.528
2025-05-15 08:45:40,294.529,294.537,294.529,294.537
2025-05-15 08:45:45,294.537,294.537,294.53,294.537
2025-05-15 08:45:50,294.537,294.538,294.53,294.53
2025-05-15 08:45:55,294.529,294.529,294.524,294.527
2025-05-15 08:46:00,294.527,294.529,294.526,294.528
2025-05-15 08:46:05,294.529,294.535,294.529,294.533
2025-05-15 08:46:10,294.533,294.534,294.53,294.533
2025-05-15 08:46:15,294.534,294.546,294.534,294.546
2025-05-15 08:46:20,294.546,294.548,294.542,294.542
2025-05-15 08:46:25,294.542,294.554,294.542,294.554
2025-05-15 08:46:30,294.554,294.564,294.554,294.564
2025-05-15 08:46:35,294.56,294.56,294.557,294.557
2025-05-15 08:46:40,294.554,294.559,294.553,294.558
2025-05-15 08:46:45,294.558,294.559,294.556,294.559
2025-05-15 08:46:50,294.559,294.571,294.559,294.571
2025-05-15 08:46:55,294.569,294.57,294.566,294.566
2025-05-15 08:47:00,294.566,294.585,294.566,294.585
2025-05-15 08:47:05,294.586,294.589,294.581,294.581
2025-05-15 08:47:10,294.581,294.581,294.58,294.581
2025-05-15 08:47:15,294.581,294.581,294.577,294.577
2025-05-15 08:47:20,294.578,294.585,294.572,294.572
2025-05-15 08:47:25,294.572,294.576,294.572,294.575
2025-05-15 08:47:30,294.575,294.581,294.573,294.581
2025-05-15 08:47:35,294.581,294.581,294.58,294.58
2025-05-15 08:47:40,294.581,294.581,294.571,294.571
2025-05-15 08:47:45,294.571,294.573,294.569,294.57
2025-05-15 08:47:50,294.57,294.57,294.567,294.568
2025-05-15 08:47:55,294.568,294.568,294.561,294.562
2025-05-15 08:48:00,294.564,294.567,294.563,294.565
2025-05-15 08:48:05,294.566,294.567,294.564,294.564
2025-05-15 08:48:10,294.564,294.566,294.564,294.565
2025-05-15 08:48:15,294.565,294.565,294.563,294.563
2025-05-15 08:48:20,294.562,294.564,294.559,294.559
2025-05-15 08:48:25,294.559,294.562,294.557,294.561
2025-05-15 08:48:30,294.561,294.567,294.559,294.563
2025-05-15 08:48:35,294.563,294.563,294.558,294.56
2025-05-15 08:48:40,294.563,294.563,294.562,294.562
2025-05-15 08:48:45,294.562,294.562,294.548,294.548
2025-05-15 08:48:50,294.548,294.551,294.547,294.548
2025-05-15 08:48:55,294.548,294.556,294.548,294.555
2025-05-15 08:49:00,294.557,294.557,294.551,294.551
2025-05-15 08:49:05,294.547,294.55,294.544,294.547
2025-05-15 08:49:10,294.547,294.547,294.541,294.542
2025-05-15 08:49:15,294.542,294.543,294.541,294.542
2025-05-15 08:49:20,294.542,294.545,294.54,294.54
2025-05-15 08:49:25,294.537,294.537,294.526,294.529
2025-05-15 08:49:30,294.529,294.531,294.526,294.527
2025-05-15 08:49:35,294.527,294.527,294.524,294.524
2025-05-15 08:49:40,294.524,294.528,294.523,294.528
2025-05-15 08:49:45,294.531,294.531,294.522,294.526
2025-05-15 08:49:50,294.526,294.539,294.526,294.535
2025-05-15 08:49:55,294.535,294.542,294.535,294.54
2025-05-15 08:50:00,294.541,294.541,294.533,294.533
2025-05-15 08:50:05,294.533,294.543,294.533,294.536
2025-05-15 08:50:10,294.536,294.537,294.526,294.527
2025-05-15 08:50:15,294.527,294.529,294.526,294.526
2025-05-15 08:50:20,294.528,294.529,294.524,294.524
2025-05-15 08:50:25,294.522,294.522,294.513,294.513
2025-05-15 08:50:30,294.513,294.513,294.508,294.508
2025-05-15 08:50:35,294.508,294.511,294.508,294.51
2025-05-15 08:50:40,294.512,294.513,294.512,294.513
2025-05-15 08:50:45,294.513,294.517,294.513,294.516
2025-05-15 08:50:50,294.516,294.516,294.511,294.514
2025-05-15 08:50:55,294.514,294.514,294.507,294.507
2025-05-15 08:51:00,294.5,294.502,294.498,294.498
2025-05-15 08:51:05,294.5,294.5,294.494,294.498
2025-05-15 08:51:10,294.498,294.501,294.498,294.499
2025-05-15 08:51:15,294.501,294.503,294.499,294.503
2025-05-15 08:51:20,294.503,294.508,294.497,294.508
2025-05-15 08:51:25,294.508,294.511,294.507,294.511
2025-05-15 08:51:30,294.509,294.509,294.504,294.504
2025-05-15 08:51:35,294.504,294.51,294.504,294.51
2025-05-15 08:51:40,294.51,294.51,294.506,294.51
2025-05-15 08:51:45,294.512,294.512,294.505,294.508
2025-05-15 08:51:50,294.507,294.511,294.507,294.507
2025-05-15 08:51:55,294.508,294.508,294.504,294.504
2025-05-15 08:52:00,294.504,294.505,294.503,294.505
2025-05-15 08:52:05,294.504,294.504,294.501,294.502
2025-05-15 08:52:10,294.502,294.504,294.501,294.503
2025-05-15 08:52:15,294.505,294.508,294.505,294.505
2025-05-15 08:52:20,294.505,294.513,294.505,294.512
2025-05-15 08:52:25,294.513,294.514,294.511,294.514
2025-05-15 08:52:30,294.514,294.521,294.514,294.521
2025-05-15 08:52:35,294.522,294.526,294.522,294.522
2025-05-15 08:52:40,294.522,294.522,294.514,294.517
2025-05-15 08:52:45,294.514,294.515,294.506,294.506
2025-05-15 08:52:50,294.506,294.506,294.5,294.501
2025-05-15 08:52:55,294.502,294.504,294.498,294.501
2025-05-15 08:53:00,294.501,294.501,294.499,294.501
2025-05-15 08:53:05,294.5,294.5,294.497,294.498
2025-05-15 08:53:10,294.5,294.509,294.5,294.509
2025-05-15 08:53:15,294.509,294.511,294.504,294.504
2025-05-15 08:53:20,294.504,294.509,294.504,294.509
2025-05-15 08:53:25,294.513,294.514,294.49,294.49
2025-05-15 08:53:30,294.493,294.495,294.493,294.495
2025-05-15 08:53:35,294.494,294.495,294.494,294.495
2025-05-15 08:53:40,294.495,294.496,294.494,294.494
2025-05-15 08:53:45,294.494,294.5,294.494,294.5
2025-05-15 08:53:50,294.5,294.501,294.495,294.501
2025-05-15 08:53:55,294.506,294.515,294.505,294.515
2025-05-15 08:54:00,294.515,294.515,294.505,294.505
2025-05-15 08:54:05,294.505,294.513,294.503,294.513
2025-05-15 08:54:10,294.513,294.513,294.509,294.509
2025-05-15 08:54:15,294.497,294.502,294.496,294.502
2025-05-15 08:54:20,294.502,294.505,294.502,294.505
2025-05-15 08:54:25,294.505,294.505,294.504,294.504
2025-05-15 08:54:30,294.502,294.502,294.498,294.501
2025-05-15 08:54:35,294.502,294.509,294.502,294.509
2025-05-15 08:54:40,294.509,294.512,294.506,294.508
2025-05-15 08:54:45,294.506,294.512,294.505,294.512
2025-05-15 08:54:50,294.513,294.522,294.512,294.522
2025-05-15 08:54:55,294.522,294.526,294.522,294.526
2025-05-15 08:55:00,294.526,294.526,294.517,294.517
2025-05-15 08:55:05,294.519,294.521,294.519,294.52
2025-05-15 08:55:10,294.52,294.525,294.519,294.525
2025-05-15 08:55:15,294.525,294.527,294.522,294.525
2025-05-15 08:55:20,294.525,294.528,294.525,294.525
2025-05-15 08:55:25,294.525,294.528,294.525,294.528
2025-05-15 08:55:30,294.53,294.534,294.53,294.534
2025-05-15 08:55:35,294.533,294.536,294.533,294.536
2025-05-15 08:55:40,294.536,294.539,294.524,294.525
2025-05-15 08:55:45,294.525,294.53,294.525,294.53
2025-05-15 08:55:50,294.539,294.54,294.538,294.539
2025-05-15 08:55:55,294.539,294.54,294.53,294.53
2025-05-15 08:56:00,294.53,294.533,294.527,294.529
2025-05-15 08:56:05,294.529,294.533,294.521,294.521
2025-05-15 08:56:10,294.521,294.521,294.515,294.515
2025-05-15 08:56:15,294.515,294.52,294.515,294.52
2025-05-15 08:56:20,294.52,294.521,294.51,294.51
2025-05-15 08:56:25,294.51,294.51,294.505,294.505
2025-05-15 08:56:30,294.504,294.504,294.501,294.501
2025-05-15 08:56:35,294.501,294.504,294.487,294.491
2025-05-15 08:56:40,294.491,294.499,294.491,294.499
2025-05-15 08:56:45,294.497,294.497,294.489,294.489
2025-05-15 08:56:50,294.491,294.492,294.487,294.488
2025-05-15 08:56:55,294.487,294.487,294.478,294.478
2025-05-15 08:57:00,294.474,294.475,294.474,294.475
2025-05-15 08:57:05,294.479,294.48,294.476,294.479
2025-05-15 08:57:10,294.479,294.479,294.474,294.476
2025-05-15 08:57:15,294.476,294.488,294.476,294.488
2025-05-15 08:57:20,294.487,294.489,294.485,294.488
2025-05-15 08:57:25,294.496,294.498,294.495,294.496
2025-05-15 08:57:30,294.499,294.499,294.492,294.492
2025-05-15 08:57:35,294.493,294.494,294.492,294.492
2025-05-15 08:57:40,294.492,294.492,294.489,294.489
2025-05-15 08:57:45,294.489,294.489,294.482,294.482
2025-05-15 08:57:50,294.482,294.489,294.481,294.488
2025-05-15 08:57:55,294.488,294.493,294.488,294.493
2025-05-15 08:58:00,294.491,294.496,294.485,294.485
2025-05-15 08:58:05,294.485,294.486,294.483,294.485
2025-05-15 08:58:10,294.484,294.489,294.484,294.488
2025-05-15 08:58:15,294.488,294.491,294.488,294.489
2025-05-15 08:58:20,294.487,294.487,294.481,294.481
2025-05-15 08:58:25,294.481,294.487,294.481,294.484
2025-05-15 08:58:30,294.485,294.489,294.485,294.489
2025-05-15 08:58:35,294.489,294.489,294.487,294.487
2025-05-15 08:58:40,294.484,294.485,294.478,294.478
2025-05-15 08:58:45,294.478,294.479,294.473,294.473
2025-05-15 08:58:50,294.471,294.472,294.467,294.469
2025-05-15 08:58:55,294.466,294.468,294.462,294.468
2025-05-15 08:59:00,294.468,294.472,294.468,294.47
2025-05-15 08:59:05,294.47,294.474,294.469,294.471
2025-05-15 08:59:10,294.472,294.474,294.471,294.471
2025-05-15 08:59:15,294.471,294.473,294.47,294.47
2025-05-15 08:59:20,294.47,294.478,294.47,294.478
2025-05-15 08:59:25,294.478,294.483,294.475,294.483
2025-05-15 08:59:30,294.485,294.487,294.483,294.487
2025-05-15 08:59:35,294.489,294.489,294.488,294.488
2025-05-15 08:59:40,294.488,294.491,294.486,294.488
2025-05-15 08:59:45,294.488,294.488,294.46,294.46
2025-05-15 08:59:50,294.46,294.467,294.46,294.465
2025-05-15 08:59:55,294.464,294.467,294.462,294.467
2025-05-15 09:00:00,294.466,294.466,294.461,294.461
2025-05-15 09:00:05,294.461,294.461,294.452,294.457
2025-05-15 09:00:10,294.457,294.459,294.451,294.459
2025-05-15 09:00:15,294.456,294.456,294.446,294.446
2025-05-15 09:00:20,294.447,294.447,294.437,294.437
2025-05-15 09:00:25,294.437,294.442,294.437,294.439
2025-05-15 09:00:30,294.439,294.439,294.438,294.438
2025-05-15 09:00:35,294.438,294.439,294.437,294.437
2025-05-15 09:00:40,294.436,294.436,294.428,294.428
2025-05-15 09:00:45,294.428,294.43,294.423,294.43
2025-05-15 09:00:50,294.43,294.432,294.43,294.431
2025-05-15 09:00:55,294.431,294.432,294.427,294.43
2025-05-15 09:01:00,294.43,294.436,294.43,294.434
2025-05-15 09:01:05,294.434,294.436,294.428,294.428
2025-05-15 09:01:10,294.428,294.428,294.424,294.425
2025-05-15 09:01:15,294.425,294.425,294.42,294.42
2025-05-15 09:01:20,294.42,294.421,294.418,294.418
2025-05-15 09:01:25,294.418,294.42,294.411,294.411
2025-05-15 09:01:30,294.411,294.415,294.411,294.415
2025-05-15 09:01:35,294.415,294.419,294.414,294.419
2025-05-15 09:01:40,294.419,294.424,294.419,294.422
2025-05-15 09:01:45,294.422,294.422,294.417,294.42
2025-05-15 09:01:50,294.42,294.42,294.417,294.417
2025-05-15 09:01:55,294.419,294.419,294.412,294.415
2025-05-15 09:02:00,294.416,294.416,294.408,294.408
2025-05-15 09:02:05,294.408,294.408,294.402,294.402
2025-05-15 09:02:10,294.402,294.404,294.402,294.404
2025-05-15 09:02:15,294.403,294.403,294.4,294.402
2025-05-15 09:02:20,294.403,294.407,294.398,294.398
2025-05-15 09:02:25,294.398,294.403,294.395,294.4
2025-05-15 09:02:30,294.4,294.4,294.396,294.396
2025-05-15 09:02:35,294.396,294.4,294.396,294.396
2025-05-15 09:02:40,294.396,294.402,294.396,294.399
2025-05-15 09:02:45,294.399,294.399,294.397,294.399
2025-05-15 09:02:50,294.399,294.399,294.392,294.394
2025-05-15 09:02:55,294.395,294.4,294.394,294.394
2025-05-15 09:03:00,294.394,294.398,294.394,294.398
2025-05-15 09:03:05,294.396,294.396,294.391,294.396
2025-05-15 09:03:10,294.397,294.4,294.395,294.4
2025-05-15 09:03:15,294.4,294.403,294.397,294.403
2025-05-15 09:03:20,294.403,294.403,294.392,294.392
2025-05-15 09:03:25,294.392,294.392,294.389,294.389
2025-05-15 09:03:30,294.389,294.392,294.388,294.389
2025-05-15 09:03:35,294.387,294.387,294.377,294.38
2025-05-15 09:03:40,294.377,294.377,294.375,294.377
2025-05-15 09:03:45,294.376,294.382,294.376,294.38
2025-05-15 09:03:50,294.378,294.379,294.375,294.377
2025-05-15 09:03:55,294.38,294.38,294.377,294.38
2025-05-15 09:04:00,294.38,294.383,294.38,294.383
2025-05-15 09:04:05,294.383,294.388,294.383,294.386
2025-05-15 09:04:10,294.386,294.388,294.386,294.388
2025-05-15 09:04:15,294.386,294.388,294.386,294.387
2025-05-15 09:04:20,294.386,294.39,294.386,294.39
2025-05-15 09:04:25,294.391,294.399,294.391,294.399
2025-05-15 09:04:30,294.393,294.393,294.39,294.393
2025-05-15 09:04:35,294.393,294.393,294.384,294.386
2025-05-15 09:04:40,294.386,294.39,294.386,294.388
2025-05-15 09:04:45,294.388,294.388,294.386,294.386
2025-05-15 09:04:50,294.386,294.386,294.379,294.379
2025-05-15 09:04:55,294.379,294.387,294.379,294.384
2025-05-15 09:05:00,294.383,294.385,294.382,294.385
2025-05-15 09:05:05,294.385,294.385,294.382,294.382
2025-05-15 09:05:10,294.382,294.382,294.375,294.376
2025-05-15 09:05:15,294.376,294.377,294.369,294.371
2025-05-15 09:05:20,294.369,294.371,294.361,294.366
2025-05-15 09:05:25,294.366,294.369,294.366,294.369
2025-05-15 09:05:30,294.369,294.371,294.366,294.371
2025-05-15 09:05:35,294.371,294.374,294.37,294.374
2025-05-15 09:05:40,294.373,294.376,294.373,294.376
2025-05-15 09:05:45,294.376,294.377,294.376,294.377
2025-05-15 09:05:50,294.377,294.377,294.367,294.367
2025-05-15 09:05:55,294.367,294.368,294.364,294.365
2025-05-15 09:06:00,294.364,294.366,294.354,294.354
2025-05-15 09:06:05,294.356,294.358,294.356,294.356
2025-05-15 09:06:10,294.356,294.356,294.345,294.346
2025-05-15 09:06:15,294.346,294.348,294.345,294.345
2025-05-15 09:06:20,294.345,294.347,294.344,294.344
2025-05-15 09:06:25,294.345,294.345,294.341,294.341
2025-05-15 09:06:30,294.341,294.343,294.34,294.343
2025-05-15 09:06:35,294.343,294.344,294.338,294.338
2025-05-15 09:06:40,294.338,294.346,294.337,294.345
2025-05-15 09:06:45,294.347,294.358,294.347,294.358
2025-05-15 09:06:50,294.358,294.361,294.355,294.361
2025-05-15 09:06:55,294.361,294.361,294.358,294.36
2025-05-15 09:07:00,294.36,294.36,294.348,294.348
2025-05-15 09:07:05,294.348,294.35,294.347,294.35
2025-05-15 09:07:10,294.35,294.354,294.349,294.354
2025-05-15 09:07:15,294.354,294.357,294.354,294.355
2025-05-15 09:07:20,294.357,294.366,294.357,294.366
2025-05-15 09:07:25,294.366,294.368,294.362,294.362
2025-05-15 09:07:30,294.362,294.375,294.362,294.373
2025-05-15 09:07:35,294.373,294.374,294.369,294.369
2025-05-15 09:07:40,294.369,294.369,294.367,294.368
2025-05-15 09:07:45,294.368,294.38,294.368,294.377
2025-05-15 09:07:50,294.377,294.377,294.369,294.369
2025-05-15 09:07:55,294.369,294.375,294.366,294.366
2025-05-15 09:08:00,294.366,294.366,294.365,294.366
2025-05-15 09:08:05,294.365,294.365,294.359,294.363
2025-05-15 09:08:10,294.365,294.372,294.364,294.37
2025-05-15 09:08:15,294.37,294.372,294.361,294.361
2025-05-15 09:08:20,294.357,294.357,294.352,294.353
2025-05-15 09:08:25,294.352,294.352,294.35,294.351
2025-05-15 09:08:30,294.341,294.345,294.341,294.342
2025-05-15 09:08:35,294.342,294.346,294.342,294.346
2025-05-15 09:08:40,294.346,294.352,294.345,294.349
2025-05-15 09:08:45,294.347,294.347,294.342,294.342
2025-05-15 09:08:50,294.343,294.343,294.341,294.343
2025-05-15 09:08:55,294.343,294.343,294.338,294.34
2025-05-15 09:09:00,294.34,294.345,294.34,294.344
2025-05-15 09:09:05,294.342,294.345,294.342,294.343
2025-05-15 09:09:10,294.342,294.348,294.342,294.347
2025-05-15 09:09:15,294.348,294.348,294.335,294.335
2025-05-15 09:09:20,294.335,294.341,294.333,294.341
2025-05-15 09:09:25,294.345,294.348,294.345,294.347
2025-05-15 09:09:30,294.338,294.338,294.335,294.336
2025-05-15 09:09:35,294.336,294.338,294.336,294.336
2025-05-15 09:09:40,294.336,294.338,294.335,294.336
2025-05-15 09:09:45,294.335,294.335,294.335,294.335
2025-05-15 09:09:50,294.335,294.339,294.335,294.339
2025-05-15 09:09:55,294.339,294.339,294.335,294.335
2025-05-15 09:10:00,294.335,294.336,294.324,294.324
2025-05-15 09:10:05,294.324,294.324,294.321,294.321
2025-05-15 09:10:10,294.321,294.325,294.321,294.322
2025-05-15 09:10:15,294.322,294.323,294.321,294.321
2025-05-15 09:10:20,294.321,294.321,294.313,294.316
2025-05-15 09:10:25,294.314,294.314,294.306,294.308
2025-05-15 09:10:30,294.308,294.315,294.308,294.314
2025-05-15 09:10:35,294.312,294.312,294.309,294.309
2025-05-15 09:10:40,294.309,294.311,294.309,294.309
2025-05-15 09:10:45,294.307,294.308,294.3,294.3
2025-05-15 09:10:50,294.3,294.307,294.3,294.305
2025-05-15 09:10:55,294.305,294.305,294.295,294.297
2025-05-15 09:11:00,294.297,294.298,294.295,294.295
2025-05-15 09:11:05,294.298,294.302,294.298,294.302
2025-05-15 09:11:10,294.305,294.312,294.305,294.312
2025-05-15 09:11:15,294.311,294.316,294.308,294.316
2025-05-15 09:11:20,294.316,294.32,294.316,294.32
2025-05-15 09:11:25,294.32,294.324,294.32,294.321
2025-05-15 09:11:30,294.323,294.323,294.321,294.321
2025-05-15 09:11:35,294.32,294.327,294.32,294.327
2025-05-15 09:11:40,294.327,294.33,294.324,294.326
2025-05-15 09:11:45,294.329,294.332,294.329,294.329
2025-05-15 09:11:50,294.329,294.333,294.329,294.33
2025-05-15 09:11:55,294.33,294.331,294.329,294.33
2025-05-15 09:12:00,294.33,294.33,294.326,294.329
2025-05-15 09:12:05,294.328,294.333,294.328,294.332
2025-05-15 09:12:10,294.33,294.33,294.32,294.321
2025-05-15 09:12:15,294.321,294.328,294.32,294.327
2025-05-15 09:12:20,294.327,294.329,294.322,294.322
2025-05-15 09:12:25,294.321,294.328,294.321,294.328
2025-05-15 09:12:30,294.328,294.328,294.323,294.326
2025-05-15 09:12:35,294.326,294.33,294.326,294.33
2025-05-15 09:12:40,294.33,294.334,294.324,294.334
2025-05-15 09:12:45,294.332,294.334,294.329,294.329
2025-05-15 09:12:50,294.329,294.33,294.326,294.326
2025-05-15 09:12:55,294.325,294.33,294.324,294.33
2025-05-15 09:13:00,294.33,294.334,294.329,294.333
2025-05-15 09:13:05,294.331,294.333,294.331,294.333
2025-05-15 09:13:10,294.333,294.333,294.329,294.33
2025-05-15 09:13:15,294.33,294.33,294.323,294.326
2025-05-15 09:13:20,294.326,294.33,294.326,294.327
2025-05-15 09:13:25,294.327,294.33,294.324,294.328
2025-05-15 09:13:30,294.328,294.332,294.323,294.323
2025-05-15 09:13:35,294.323,294.323,294.317,294.318
2025-05-15 09:13:40,294.318,294.324,294.318,294.318
2025-05-15 09:13:45,294.318,294.321,294.314,294.319
2025-05-15 09:13:50,294.322,294.326,294.322,294.326
2025-05-15 09:13:55,294.326,294.328,294.326,294.328
2025-05-15 09:14:00,294.328,294.329,294.327,294.329
2025-05-15 09:14:05,294.329,294.335,294.328,294.334
2025-05-15 09:14:10,294.332,294.334,294.332,294.333
2025-05-15 09:14:15,294.33,294.333,294.329,294.33
2025-05-15 09:14:20,294.33,294.33,294.323,294.33
2025-05-15 09:14:25,294.33,294.332,294.326,294.327
2025-05-15 09:14:30,294.326,294.33,294.319,294.33
2025-05-15 09:14:35,294.33,294.331,294.33,294.33
2025-05-15 09:14:40,294.33,294.333,294.328,294.333
2025-05-15 09:14:45,294.331,294.334,294.331,294.334
2025-05-15 09:14:50,294.333,294.333,294.329,294.329
2025-05-15 09:14:55,294.329,294.33,294.324,294.324
2025-05-15 09:15:00,294.321,294.321,294.317,294.317
2025-05-15 09:15:05,294.317,294.319,294.316,294.317
2025-05-15 09:15:10,294.319,294.319,294.317,294.319
2025-05-15 09:15:15,294.319,294.319,294.315,294.317
2025-05-15 09:15:20,294.316,294.316,294.311,294.313
2025-05-15 09:15:25,294.313,294.313,294.312,294.313
2025-05-15 09:15:30,294.309,294.311,294.302,294.302
2025-05-15 09:15:35,294.302,294.305,294.301,294.302
2025-05-15 09:15:40,294.302,294.302,294.293,294.297
2025-05-15 09:15:45,294.297,294.299,294.295,294.299
2025-05-15 09:15:50,294.298,294.298,294.292,294.294
2025-05-15 09:15:55,294.294,294.294,294.285,294.285
2025-05-15 09:16:00,294.283,294.284,294.282,294.283
2025-05-15 09:16:05,294.283,294.289,294.283,294.287
2025-05-15 09:16:10,294.287,294.291,294.287,294.289
2025-05-15 09:16:15,294.289,294.289,294.283,294.285
2025-05-15 09:16:20,294.285,294.291,294.285,294.288
2025-05-15 09:16:25,294.288,294.294,294.284,294.294
2025-05-15 09:16:30,294.294,294.294,294.293,294.293
2025-05-15 09:16:35,294.293,294.293,294.286,294.286
2025-05-15 09:16:40,294.286,294.286,294.274,294.28
2025-05-15 09:16:45,294.28,294.293,294.28,294.293
2025-05-15 09:16:50,294.291,294.296,294.291,294.295
2025-05-15 09:16:55,294.295,294.295,294.292,294.293
2025-05-15 09:17:00,294.294,294.294,294.291,294.293
2025-05-15 09:17:05,294.293,294.293,294.287,294.291
2025-05-15 09:17:10,294.291,294.294,294.289,294.292
2025-05-15 09:17:15,294.294,294.298,294.293,294.298
2025-05-15 09:17:20,294.298,294.299,294.296,294.299
2025-05-15 09:17:25,294.299,294.304,294.297,294.304
2025-05-15 09:17:30,294.304,294.304,294.301,294.301
2025-05-15 09:17:35,294.301,294.302,294.3,294.302
2025-05-15 09:17:40,294.301,294.313,294.301,294.313
2025-05-15 09:17:45,294.313,294.313,294.306,294.306
2025-05-15 09:17:50,294.306,294.312,294.306,294.312
2025-05-15 09:17:55,294.312,294.315,294.309,294.315
2025-05-15 09:18:00,294.316,294.316,294.311,294.313
2025-05-15 09:18:05,294.313,294.317,294.313,294.317
2025-05-15 09:18:10,294.317,294.317,294.314,294.315
2025-05-15 09:18:15,294.315,294.319,294.314,294.319
2025-05-15 09:18:20,294.315,294.318,294.315,294.316
2025-05-15 09:18:25,294.316,294.32,294.316,294.32
2025-05-15 09:18:30,294.32,294.326,294.32,294.325
2025-05-15 09:18:35,294.325,294.33,294.325,294.33
2025-05-15 09:18:40,294.33,294.334,294.329,294.334
2025-05-15 09:18:45,294.334,294.344,294.334,294.343
2025-05-15 09:18:50,294.343,294.343,294.338,294.338
2025-05-15 09:18:55,294.338,294.339,294.333,294.338
2025-05-15 09:19:00,294.339,294.339,294.326,294.326
2025-05-15 09:19:05,294.326,294.327,294.323,294.323
2025-05-15 09:19:10,294.323,294.325,294.315,294.319
2025-05-15 09:19:15,294.318,294.32,294.317,294.319
2025-05-15 09:19:20,294.327,294.327,294.319,294.319
2025-05-15 09:19:25,294.319,294.323,294.319,294.321
2025-05-15 09:19:30,294.321,294.332,294.321,294.332
2025-05-15 09:19:35,294.331,294.334,294.331,294.332
2025-05-15 09:19:40,294.332,294.333,294.331,294.333
2025-05-15 09:19:45,294.333,294.334,294.329,294.329
2025-05-15 09:19:50,294.329,294.33,294.325,294.325
2025-05-15 09:19:55,294.324,294.324,294.318,294.318
2025-05-15 09:20:00,294.318,294.32,294.316,294.32
2025-05-15 09:20:05,294.32,294.322,294.312,294.32
2025-05-15 09:20:10,294.315,294.318,294.315,294.318
2025-05-15 09:20:15,294.318,294.318,294.311,294.311
2025-05-15 09:20:20,294.308,294.313,294.306,294.313
2025-05-15 09:20:25,294.313,294.313,294.309,294.311
2025-05-15 09:20:30,294.311,294.311,294.304,294.304
2025-05-15 09:20:35,294.303,294.303,294.302,294.303
2025-05-15 09:20:40,294.303,294.303,294.299,294.299
2025-05-15 09:20:45,294.297,294.301,294.295,294.301
2025-05-15 09:20:50,294.301,294.304,294.3,294.304
2025-05-15 09:20:55,294.304,294.313,294.304,294.312
2025-05-15 09:21:00,294.314,294.318,294.314,294.318
2025-05-15 09:21:05,294.316,294.316,294.314,294.314
2025-05-15 09:21:10,294.314,294.316,294.311,294.312
2025-05-15 09:21:15,294.312,294.312,294.301,294.303
2025-05-15 09:21:20,294.296,294.297,294.293,294.294
2025-05-15 09:21:25,294.29,294.29,294.289,294.289
2025-05-15 09:21:30,294.289,294.292,294.288,294.292
2025-05-15 09:21:35,294.293,294.293,294.291,294.292
2025-05-15 09:21:40,294.291,294.296,294.289,294.296
2025-05-15 09:21:45,294.296,294.296,294.287,294.287
2025-05-15 09:21:50,294.286,294.286,294.285,294.285
2025-05-15 09:21:55,294.286,294.287,294.284,294.286
2025-05-15 09:22:00,294.286,294.288,294.285,294.286
2025-05-15 09:22:05,294.286,294.291,294.286,294.286
2025-05-15 09:22:10,294.285,294.285,294.281,294.283
2025-05-15 09:22:15,294.283,294.284,294.28,294.28
2025-05-15 09:22:20,294.285,294.286,294.283,294.284
2025-05-15 09:22:25,294.285,294.285,294.274,294.276
2025-05-15 09:22:30,294.276,294.279,294.274,294.277
2025-05-15 09:22:35,294.277,294.278,294.274,294.274
2025-05-15 09:22:40,294.275,294.278,294.274,294.277
2025-05-15 09:22:45,294.28,294.287,294.28,294.286
2025-05-15 09:22:50,294.286,294.289,294.285,294.286
2025-05-15 09:22:55,294.286,294.287,294.283,294.283
2025-05-15 09:23:00,294.283,294.292,294.282,294.292
2025-05-15 09:23:05,294.293,294.296,294.293,294.296
2025-05-15 09:23:10,294.296,294.299,294.294,294.299
2025-05-15 09:23:15,294.299,294.307,294.299,294.307
2025-05-15 09:23:20,294.304,294.318,294.304,294.318
2025-05-15 09:23:25,294.319,294.322,294.318,294.318
2025-05-15 09:23:30,294.318,294.331,294.318,294.325
2025-05-15 09:23:35,294.325,294.337,294.325,294.337
2025-05-15 09:23:40,294.336,294.349,294.336,294.349
2025-05-15 09:23:45,294.346,294.346,294.341,294.341
2025-05-15 09:23:50,294.341,294.352,294.341,294.352
2025-05-15 09:23:55,294.352,294.362,294.352,294.358
2025-05-15 09:24:00,294.358,294.358,294.352,294.353
2025-05-15 09:24:05,294.352,294.353,294.347,294.347
2025-05-15 09:24:10,294.347,294.348,294.34,294.34
2025-05-15 09:24:15,294.34,294.342,294.34,294.341
2025-05-15 09:24:20,294.342,294.355,294.342,294.355
2025-05-15 09:24:25,294.355,294.358,294.353,294.358
2025-05-15 09:24:30,294.358,294.36,294.355,294.359
2025-05-15 09:24:35,294.359,294.359,294.346,294.347
2025-05-15 09:24:40,294.347,294.349,294.346,294.346
2025-05-15 09:24:45,294.346,294.349,294.345,294.349
2025-05-15 09:24:50,294.349,294.359,294.348,294.35
2025-05-15 09:24:55,294.35,294.351,294.344,294.347
2025-05-15 09:25:00,294.346,294.35,294.345,294.35
2025-05-15 09:25:05,294.35,294.351,294.348,294.351
2025-05-15 09:25:10,294.351,294.364,294.35,294.364
2025-05-15 09:25:15,294.364,294.364,294.362,294.362
2025-05-15 09:25:20,294.363,294.366,294.362,294.366
2025-05-15 09:25:25,294.366,294.367,294.365,294.365
2025-05-15 09:25:30,294.365,294.365,294.36,294.362
2025-05-15 09:25:35,294.362,294.367,294.358,294.366
2025-05-15 09:25:40,294.366,294.367,294.361,294.363
2025-05-15 09:25:45,294.362,294.362,294.359,294.359
2025-05-15 09:25:50,294.359,294.359,294.349,294.349
2025-05-15 09:25:55,294.349,294.349,294.347,294.348
2025-05-15 09:26:00,294.347,294.348,294.345,294.345
2025-05-15 09:26:05,294.344,294.344,294.342,294.342
2025-05-15 09:26:10,294.342,294.347,294.338,294.34
2025-05-15 09:26:15,294.342,294.342,294.335,294.335
2025-05-15 09:26:20,294.333,294.333,294.33,294.332
2025-05-15 09:26:25,294.331,294.332,294.328,294.329
2025-05-15 09:26:30,294.329,294.329,294.323,294.323
2025-05-15 09:26:35,294.325,294.325,294.322,294.322
2025-05-15 09:26:40,294.322,294.326,294.322,294.323
2025-05-15 09:26:45,294.322,294.324,294.314,294.314
2025-05-15 09:26:50,294.303,294.303,294.295,294.295
2025-05-15 09:26:55,294.293,294.295,294.287,294.287
2025-05-15 09:27:00,294.287,294.287,294.283,294.283
2025-05-15 09:27:05,294.29,294.29,294.288,294.29
2025-05-15 09:27:10,294.291,294.296,294.291,294.296
2025-05-15 09:27:15,294.298,294.301,294.298,294.301
2025-05-15 09:27:20,294.301,294.306,294.299,294.306
2025-05-15 09:27:25,294.308,294.308,294.302,294.302
2025-05-15 09:27:30,294.302,294.305,294.299,294.299
2025-05-15 09:27:35,294.299,294.3,294.296,294.296
2025-05-15 09:27:40,294.296,294.298,294.296,294.297
2025-05-15 09:27:45,294.298,294.3,294.298,294.299
2025-05-15 09:27:50,294.299,294.299,294.294,294.295
2025-05-15 09:27:55,294.294,294.301,294.293,294.301
2025-05-15 09:28:00,294.301,294.305,294.301,294.302
2025-05-15 09:28:05,294.302,294.305,294.301,294.302
2025-05-15 09:28:10,294.303,294.303,294.298,294.303
2025-05-15 09:28:15,294.305,294.305,294.294,294.298
2025-05-15 09:28:20,294.298,294.299,294.294,294.294
2025-05-15 09:28:25,294.294,294.296,294.293,294.294
2025-05-15 09:28:30,294.294,294.301,294.294,294.301
2025-05-15 09:28:35,294.301,294.303,294.3,294.3
2025-05-15 09:28:40,294.3,294.3,294.289,294.289
2025-05-15 09:28:45,294.288,294.292,294.288,294.292
2025-05-15 09:28:50,294.292,294.295,294.292,294.294
2025-05-15 09:28:55,294.295,294.295,294.286,294.287
2025-05-15 09:29:00,294.287,294.288,294.283,294.288
2025-05-15 09:29:05,294.288,294.288,294.283,294.285
2025-05-15 09:29:10,294.285,294.285,294.275,294.277
2025-05-15 09:29:15,294.282,294.282,294.273,294.275
2025-05-15 09:29:20,294.275,294.281,294.274,294.274
2025-05-15 09:29:25,294.274,294.28,294.273,294.28
2025-05-15 09:29:30,294.28,294.287,294.28,294.287
2025-05-15 09:29:35,294.284,294.286,294.281,294.282
2025-05-15 09:29:40,294.282,294.284,294.28,294.282
2025-05-15 09:29:45,294.282,294.282,294.277,294.28
2025-05-15 09:29:50,294.279,294.296,294.279,294.294
2025-05-15 09:29:55,294.294,294.294,294.291,294.291
2025-05-15 09:30:00,294.291,294.292,294.287,294.292
2025-05-15 09:30:05,294.292,294.292,294.287,294.287
2025-05-15 09:30:10,294.287,294.287,294.28,294.285
2025-05-15 09:30:15,294.285,294.289,294.285,294.289
2025-05-15 09:30:20,294.289,294.29,294.284,294.284
2025-05-15 09:30:25,294.285,294.285,294.279,294.279
2025-05-15 09:30:30,294.279,294.28,294.275,294.277
2025-05-15 09:30:35,294.277,294.279,294.277,294.279
2025-05-15 09:30:40,294.279,294.281,294.279,294.28
2025-05-15 09:30:45,294.28,294.28,294.265,294.265
2025-05-15 09:30:50,294.264,294.265,294.257,294.258
2025-05-15 09:30:55,294.258,294.258,294.253,294.255
2025-05-15 09:31:00,294.255,294.256,294.25,294.25
2025-05-15 09:31:05,294.25,294.258,294.249,294.258
2025-05-15 09:31:10,294.254,294.254,294.25,294.251
2025-05-15 09:31:15,294.249,294.251,294.248,294.25
2025-05-15 09:31:20,294.25,294.257,294.25,294.257
2025-05-15 09:31:25,294.257,294.259,294.252,294.259
2025-05-15 09:31:30,294.259,294.262,294.255,294.262
2025-05-15 09:31:35,294.261,294.263,294.259,294.261
2025-05-15 09:31:40,294.261,294.266,294.261,294.266
2025-05-15 09:31:45,294.268,294.269,294.265,294.267
2025-05-15 09:31:50,294.264,294.264,294.25,294.25
2025-05-15 09:31:55,294.25,294.252,294.25,294.252
2025-05-15 09:32:00,294.252,294.252,294.248,294.25
2025-05-15 09:32:05,294.25,294.252,294.249,294.252
2025-05-15 09:32:10,294.248,294.248,294.244,294.244
2025-05-15 09:32:15,294.25,294.25,294.248,294.25
2025-05-15 09:32:20,294.249,294.252,294.247,294.251
2025-05-15 09:32:25,294.251,294.251,294.248,294.248
2025-05-15 09:32:30,294.248,294.248,294.243,294.243
2025-05-15 09:32:35,294.239,294.241,294.235,294.235
2025-05-15 09:32:40,294.234,294.234,294.228,294.229
2025-05-15 09:32:45,294.229,294.23,294.224,294.224
2025-05-15 09:32:50,294.228,294.232,294.227,294.232
2025-05-15 09:32:55,294.232,294.237,294.232,294.234
2025-05-15 09:33:00,294.233,294.233,294.23,294.231
2025-05-15 09:33:05,294.231,294.232,294.23,294.231
2025-05-15 09:33:10,294.231,294.233,294.23,294.232
2025-05-15 09:33:15,294.232,294.237,294.232,294.235
2025-05-15 09:33:20,294.237,294.237,294.23,294.233
2025-05-15 09:33:25,294.233,294.234,294.223,294.223
2025-05-15 09:33:30,294.221,294.221,294.211,294.214
2025-05-15 09:33:35,294.214,294.219,294.214,294.219
2025-05-15 09:33:40,294.217,294.223,294.215,294.223
2025-05-15 09:33:45,294.223,294.226,294.216,294.219
2025-05-15 09:33:50,294.22,294.221,294.216,294.216
2025-05-15 09:33:55,294.216,294.226,294.216,294.226
2025-05-15 09:34:00,294.223,294.224,294.213,294.213
2025-05-15 09:34:05,294.213,294.214,294.211,294.213
2025-05-15 09:34:10,294.214,294.214,294.205,294.205
2025-05-15 09:34:15,294.205,294.207,294.198,294.2
2025-05-15 09:34:20,294.2,294.209,294.2,294.208
2025-05-15 09:34:25,294.208,294.22,294.208,294.22
2025-05-15 09:34:30,294.22,294.22,294.216,294.216
2025-05-15 09:34:35,294.216,294.219,294.215,294.219
2025-05-15 09:34:40,294.219,294.223,294.219,294.22
2025-05-15 09:34:45,294.22,294.222,294.22,294.221
2025-05-15 09:34:50,294.221,294.226,294.221,294.222
2025-05-15 09:34:55,294.222,294.222,294.218,294.218
2025-05-15 09:35:00,294.218,294.221,294.215,294.22
2025-05-15 09:35:05,294.22,294.22,294.214,294.214
2025-05-15 09:35:10,294.214,294.214,294.207,294.209
2025-05-15 09:35:15,294.208,294.208,294.203,294.208
2025-05-15 09:35:20,294.21,294.216,294.21,294.214
2025-05-15 09:35:25,294.214,294.221,294.213,294.22
2025-05-15 09:35:30,294.22,294.22,294.215,294.217
2025-05-15 09:35:35,294.217,294.222,294.217,294.219
2025-05-15 09:35:40,294.211,294.211,294.202,294.204
2025-05-15 09:35:45,294.204,294.204,294.199,294.202
2025-05-15 09:35:50,294.202,294.203,294.201,294.202
2025-05-15 09:35:55,294.202,294.206,294.202,294.206
2025-05-15 09:36:00,294.202,294.204,294.201,294.201
2025-05-15 09:36:05,294.201,294.201,294.196,294.197
2025-05-15 09:36:10,294.197,294.205,294.197,294.203
2025-05-15 09:36:15,294.202,294.203,294.199,294.201
2025-05-15 09:36:20,294.201,294.202,294.2,294.202
2025-05-15 09:36:25,294.202,294.213,294.201,294.213
2025-05-15 09:36:30,294.213,294.233,294.213,294.232
2025-05-15 09:36:35,294.23,294.23,294.225,294.23
2025-05-15 09:36:40,294.23,294.235,294.225,294.225
2025-05-15 09:36:45,294.225,294.225,294.216,294.216
2025-05-15 09:36:50,294.216,294.224,294.215,294.216
2025-05-15 09:36:55,294.217,294.22,294.217,294.22
2025-05-15 09:37:00,294.22,294.22,294.217,294.217
2025-05-15 09:37:05,294.217,294.221,294.216,294.219
2025-05-15 09:37:10,294.219,294.222,294.219,294.221
2025-05-15 09:37:15,294.221,294.221,294.212,294.212
2025-05-15 09:37:20,294.212,294.213,294.21,294.211
2025-05-15 09:37:25,294.211,294.214,294.209,294.209
2025-05-15 09:37:30,294.209,294.211,294.203,294.208
2025-05-15 09:37:35,294.209,294.212,294.208,294.212
2025-05-15 09:37:40,294.212,294.212,294.205,294.205
2025-05-15 09:37:45,294.205,294.205,294.203,294.203
2025-05-15 09:37:50,294.206,294.206,294.202,294.204
2025-05-15 09:37:55,294.206,294.206,294.199,294.199
2025-05-15 09:38:00,294.197,294.197,294.183,294.183
2025-05-15 09:38:05,294.183,294.194,294.183,294.194
2025-05-15 09:38:10,294.194,294.201,294.192,294.192
2025-05-15 09:38:15,294.187,294.187,294.175,294.178
2025-05-15 09:38:20,294.178,294.178,294.173,294.173
2025-05-15 09:38:25,294.174,294.183,294.174,294.18
2025-05-15 09:38:30,294.18,294.183,294.18,294.182
2025-05-15 09:38:35,294.183,294.19,294.183,294.19
2025-05-15 09:38:40,294.19,294.193,294.188,294.188
2025-05-15 09:38:45,294.188,294.195,294.188,294.194
2025-05-15 09:38:50,294.194,294.198,294.192,294.198
2025-05-15 09:38:55,294.195,294.195,294.193,294.194
2025-05-15 09:39:00,294.194,294.199,294.194,294.198
2025-05-15 09:39:05,294.198,294.198,294.186,294.186
2025-05-15 09:39:10,294.186,294.189,294.183,294.183
2025-05-15 09:39:15,294.184,294.184,294.177,294.179
2025-05-15 09:39:20,294.179,294.179,294.173,294.173
2025-05-15 09:39:25,294.173,294.173,294.167,294.167
2025-05-15 09:39:30,294.167,294.167,294.159,294.162
2025-05-15 09:39:35,294.162,294.164,294.158,294.163
2025-05-15 09:39:40,294.163,294.163,294.161,294.161
2025-05-15 09:39:45,294.158,294.158,294.153,294.156
2025-05-15 09:39:50,294.156,294.158,294.152,294.156
2025-05-15 09:39:55,294.156,294.157,294.154,294.154
2025-05-15 09:40:00,294.152,294.156,294.151,294.154
2025-05-15 09:40:05,294.154,294.163,294.154,294.163
2025-05-15 09:40:10,294.163,294.167,294.163,294.165
2025-05-15 09:40:15,294.165,294.168,294.164,294.168
2025-05-15 09:40:20,294.171,294.171,294.168,294.168
2025-05-15 09:40:25,294.17,294.17,294.168,294.169
2025-05-15 09:40:30,294.169,294.183,294.169,294.183
2025-05-15 09:40:35,294.183,294.186,294.183,294.186
2025-05-15 09:40:40,294.186,294.186,294.18,294.185
2025-05-15 09:40:45,294.183,294.183,294.177,294.181
2025-05-15 09:40:50,294.181,294.181,294.173,294.173
2025-05-15 09:40:55,294.173,294.175,294.165,294.166
2025-05-15 09:41:00,294.167,294.168,294.167,294.168
2025-05-15 09:41:05,294.169,294.171,294.165,294.165
2025-05-15 09:41:10,294.165,294.167,294.161,294.167
2025-05-15 09:41:15,294.167,294.175,294.163,294.175
2025-05-15 09:41:20,294.176,294.176,294.172,294.172
2025-05-15 09:41:25,294.17,294.174,294.17,294.173
2025-05-15 09:41:30,294.173,294.174,294.172,294.174
2025-05-15 09:41:35,294.174,294.181,294.174,294.179
2025-05-15 09:41:40,294.176,294.176,294.172,294.173
2025-05-15 09:41:45,294.173,294.174,294.166,294.171
2025-05-15 09:41:50,294.171,294.174,294.168,294.171
2025-05-15 09:41:55,294.171,294.176,294.171,294.171
2025-05-15 09:42:00,294.171,294.184,294.171,294.176
2025-05-15 09:42:05,294.178,294.179,294.174,294.174
2025-05-15 09:42:10,294.174,294.175,294.169,294.174
2025-05-15 09:42:15,294.174,294.178,294.174,294.175
2025-05-15 09:42:20,294.175,294.178,294.174,294.177
2025-05-15 09:42:25,294.177,294.18,294.177,294.18
2025-05-15 09:42:30,294.18,294.189,294.18,294.189
2025-05-15 09:42:35,294.189,294.195,294.189,294.191
2025-05-15 09:42:40,294.189,294.189,294.183,294.183
2025-05-15 09:42:45,294.183,294.185,294.179,294.185
2025-05-15 09:42:50,294.185,294.185,294.172,294.172
2025-05-15 09:42:55,294.172,294.173,294.168,294.168
2025-05-15 09:43:00,294.168,294.174,294.167,294.174
2025-05-15 09:43:05,294.178,294.188,294.177,294.188
2025-05-15 09:43:10,294.188,294.188,294.184,294.185
2025-05-15 09:43:15,294.184,294.184,294.173,294.176
2025-05-15 09:43:20,294.175,294.175,294.167,294.168
2025-05-15 09:43:25,294.168,294.169,294.166,294.166
2025-05-15 09:43:30,294.165,294.172,294.161,294.172
2025-05-15 09:43:35,294.173,294.173,294.168,294.17
2025-05-15 09:43:40,294.169,294.17,294.165,294.17
2025-05-15 09:43:45,294.169,294.169,294.158,294.162
2025-05-15 09:43:50,294.161,294.168,294.16,294.16
2025-05-15 09:43:55,294.161,294.162,294.16,294.16
2025-05-15 09:44:00,294.159,294.159,294.156,294.156
2025-05-15 09:44:05,294.157,294.164,294.155,294.161
2025-05-15 09:44:10,294.161,294.162,294.154,294.155
2025-05-15 09:44:15,294.155,294.161,294.153,294.161
2025-05-15 09:44:20,294.161,294.162,294.156,294.161
2025-05-15 09:44:25,294.163,294.164,294.161,294.161
2025-05-15 09:44:30,294.168,294.168,294.164,294.164
2025-05-15 09:44:35,294.164,294.174,294.163,294.172
2025-05-15 09:44:40,294.172,294.178,294.172,294.177
2025-05-15 09:44:45,294.177,294.177,294.167,294.169
2025-05-15 09:44:50,294.167,294.167,294.164,294.164
2025-05-15 09:44:55,294.164,294.167,294.163,294.167
2025-05-15 09:45:00,294.167,294.169,294.165,294.168
2025-05-15 09:45:05,294.167,294.176,294.167,294.176
2025-05-15 09:45:10,294.175,294.177,294.175,294.175
2025-05-15 09:45:15,294.175,294.178,294.174,294.174
2025-05-15 09:45:20,294.174,294.176,294.174,294.176
2025-05-15 09:45:25,294.175,294.177,294.173,294.175
2025-05-15 09:45:30,294.17,294.176,294.168,294.176
2025-05-15 09:45:35,294.176,294.177,294.175,294.177
2025-05-15 09:45:40,294.177,294.177,294.17,294.172
2025-05-15 09:45:45,294.174,294.175,294.17,294.172
2025-05-15 09:45:50,294.175,294.175,294.17,294.171
2025-05-15 09:45:55,294.169,294.169,294.152,294.152
2025-05-15 09:46:00,294.152,294.155,294.149,294.155
2025-05-15 09:46:05,294.158,294.158,294.153,294.154
2025-05-15 09:46:10,294.154,294.159,294.151,294.153
2025-05-15 09:46:15,294.151,294.151,294.146,294.148
2025-05-15 09:46:20,294.148,294.158,294.148,294.157
2025-05-15 09:46:25,294.157,294.161,294.152,294.159
2025-05-15 09:46:30,294.159,294.159,294.154,294.156
2025-05-15 09:46:35,294.156,294.158,294.147,294.147
2025-05-15 09:46:40,294.147,294.147,294.139,294.142
2025-05-15 09:46:45,294.145,294.147,294.14,294.142
2025-05-15 09:46:50,294.142,294.144,294.135,294.135
2025-05-15 09:46:55,294.135,294.147,294.135,294.147
2025-05-15 09:47:00,294.147,294.15,294.147,294.15
2025-05-15 09:47:05,294.15,294.15,294.146,294.148
2025-05-15 09:47:10,294.144,294.147,294.143,294.146
2025-05-15 09:47:15,294.146,294.147,294.141,294.147
2025-05-15 09:47:20,294.147,294.149,294.146,294.149
2025-05-15 09:47:25,294.149,294.16,294.149,294.154
2025-05-15 09:47:30,294.155,294.16,294.154,294.158
2025-05-15 09:47:35,294.158,294.158,294.149,294.149
2025-05-15 09:47:40,294.149,294.155,294.149,294.155
2025-05-15 09:47:45,294.153,294.159,294.153,294.159
2025-05-15 09:47:50,294.159,294.165,294.158,294.162
2025-05-15 09:47:55,294.162,294.164,294.159,294.159
2025-05-15 09:48:00,294.159,294.169,294.158,294.168
2025-05-15 09:48:05,294.159,294.159,294.151,294.151
2025-05-15 09:48:10,294.154,294.155,294.145,294.145
2025-05-15 09:48:15,294.141,294.141,294.141,294.141
2025-05-15 09:48:20,294.141,294.146,294.14,294.141
2025-05-15 09:48:25,294.139,294.143,294.139,294.142
2025-05-15 09:48:30,294.144,294.144,294.141,294.142
2025-05-15 09:48:35,294.142,294.144,294.137,294.138
2025-05-15 09:48:40,294.135,294.139,294.128,294.128
2025-05-15 09:48:45,294.128,294.135,294.127,294.135
2025-05-15 09:48:50,294.134,294.14,294.134,294.14
2025-05-15 09:48:55,294.137,294.137,294.134,294.136
2025-05-15 09:49:00,294.136,294.137,294.13,294.13
2025-05-15 09:49:05,294.129,294.133,294.129,294.131
2025-05-15 09:49:10,294.131,294.138,294.131,294.138
2025-05-15 09:49:15,294.138,294.157,294.138,294.157
2025-05-15 09:49:20,294.155,294.157,294.153,294.156
2025-05-15 09:49:25,294.156,294.157,294.15,294.15
2025-05-15 09:49:30,294.149,294.149,294.139,294.139
2025-05-15 09:49:35,294.139,294.142,294.137,294.137
2025-05-15 09:49:40,294.136,294.138,294.133,294.133
2025-05-15 09:49:45,294.133,294.135,294.132,294.132
2025-05-15 09:49:50,294.126,294.131,294.126,294.13
2025-05-15 09:49:55,294.13,294.131,294.13,294.13
2025-05-15 09:50:00,294.13,294.132,294.129,294.13
2025-05-15 09:50:05,294.13,294.135,294.13,294.133
2025-05-15 09:50:10,294.133,294.136,294.133,294.133
2025-05-15 09:50:15,294.136,294.147,294.136,294.146
2025-05-15 09:50:20,294.146,294.148,294.146,294.148
2025-05-15 09:50:25,294.148,294.15,294.147,294.147
2025-05-15 09:50:30,294.144,294.144,294.139,294.139
2025-05-15 09:50:35,294.139,294.141,294.139,294.141
2025-05-15 09:50:40,294.141,294.141,294.137,294.137
2025-05-15 09:50:45,294.137,294.141,294.134,294.141
2025-05-15 09:50:50,294.141,294.141,294.135,294.136
2025-05-15 09:50:55,294.136,294.138,294.134,294.136
2025-05-15 09:51:00,294.135,294.138,294.135,294.138
2025-05-15 09:51:05,294.138,294.138,294.13,294.13
2025-05-15 09:51:10,294.13,294.131,294.127,294.13
2025-05-15 09:51:15,294.127,294.13,294.121,294.121
2025-05-15 09:51:20,294.117,294.117,294.102,294.102
2025-05-15 09:51:25,294.102,294.105,294.091,294.092
2025-05-15 09:51:30,294.093,294.1,294.093,294.1
2025-05-15 09:51:35,294.1,294.107,294.1,294.104
2025-05-15 09:51:40,294.104,294.106,294.103,294.105
2025-05-15 09:51:45,294.105,294.109,294.105,294.105
2025-05-15 09:51:50,294.105,294.107,294.099,294.099
2025-05-15 09:51:55,294.099,294.102,294.099,294.099
2025-05-15 09:52:00,294.098,294.1,294.096,294.096
2025-05-15 09:52:05,294.096,294.101,294.094,294.1
2025-05-15 09:52:10,294.1,294.1,294.095,294.097
2025-05-15 09:52:15,294.097,294.099,294.083,294.083
2025-05-15 09:52:20,294.084,294.085,294.076,294.076
2025-05-15 09:52:25,294.076,294.076,294.07,294.076
2025-05-15 09:52:30,294.077,294.082,294.073,294.074
2025-05-15 09:52:35,294.073,294.076,294.073,294.075
2025-05-15 09:52:40,294.075,294.077,294.075,294.077
2025-05-15 09:52:45,294.077,294.084,294.075,294.081
2025-05-15 09:52:50,294.082,294.082,294.063,294.063
2025-05-15 09:52:55,294.064,294.066,294.053,294.053
2025-05-15 09:53:00,294.053,294.056,294.052,294.053
2025-05-15 09:53:05,294.053,294.056,294.046,294.056
2025-05-15 09:53:10,294.056,294.057,294.05,294.05
2025-05-15 09:53:15,294.048,294.051,294.046,294.047
2025-05-15 09:53:20,294.047,294.052,294.047,294.048
2025-05-15 09:53:25,294.048,294.049,294.046,294.047
2025-05-15 09:53:30,294.047,294.053,294.047,294.053
2025-05-15 09:53:35,294.048,294.049,294.031,294.032
2025-05-15 09:53:40,294.032,294.032,294.029,294.03
2025-05-15 09:53:45,294.03,294.033,294.028,294.033
2025-05-15 09:53:50,294.033,294.036,294.03,294.032
2025-05-15 09:53:55,294.032,294.032,294.021,294.023
2025-05-15 09:54:00,294.023,294.025,294.021,294.021
2025-05-15 09:54:05,294.021,294.026,294.018,294.018
2025-05-15 09:54:10,294.018,294.028,294.017,294.028
2025-05-15 09:54:15,294.028,294.029,294.028,294.028
2025-05-15 09:54:20,294.028,294.028,294.023,294.023
2025-05-15 09:54:25,294.023,294.029,294.022,294.027
2025-05-15 09:54:30,294.027,294.037,294.027,294.033
2025-05-15 09:54:35,294.033,294.035,294.033,294.033
2025-05-15 09:54:40,294.035,294.047,294.035,294.041
2025-05-15 09:54:45,294.041,294.041,294.032,294.032
2025-05-15 09:54:50,294.036,294.037,294.034,294.034
2025-05-15 09:54:55,294.036,294.038,294.035,294.038
2025-05-15 09:55:00,294.038,294.038,294.034,294.034
2025-05-15 09:55:05,294.034,294.037,294.033,294.033
2025-05-15 09:55:10,294.038,294.042,294.036,294.04
2025-05-15 09:55:15,294.04,294.04,294.034,294.037
2025-05-15 09:55:20,294.035,294.043,294.035,294.043
2025-05-15 09:55:25,294.043,294.045,294.039,294.042
2025-05-15 09:55:30,294.042,294.042,294.038,294.038
2025-05-15 09:55:35,294.038,294.038,294.029,294.029
2025-05-15 09:55:40,294.029,294.032,294.028,294.029
2025-05-15 09:55:45,294.03,294.039,294.03,294.036
2025-05-15 09:55:50,294.037,294.038,294.035,294.036
2025-05-15 09:55:55,294.035,294.036,294.027,294.027
2025-05-15 09:56:00,294.027,294.03,294.024,294.029
2025-05-15 09:56:05,294.029,294.029,294.025,294.025
2025-05-15 09:56:10,294.025,294.026,294.017,294.022
2025-05-15 09:56:15,294.025,294.025,294.015,294.015
2025-05-15 09:56:20,294.015,294.015,294.01,294.011
2025-05-15 09:56:25,294.011,294.011,294.004,294.004
2025-05-15 09:56:30,294.004,294.007,294,294
2025-05-15 09:56:35,294.002,294.003,293.994,293.996
2025-05-15 09:56:40,293.997,294.003,293.997,293.998
2025-05-15 09:56:45,293.999,294.001,293.999,294.001
2025-05-15 09:56:50,294.001,294.002,293.995,293.995
2025-05-15 09:56:55,293.997,293.998,293.997,293.997
2025-05-15 09:57:00,293.999,294.002,293.999,294.001
2025-05-15 09:57:05,294.002,294.004,293.994,293.997
2025-05-15 09:57:10,293.997,293.998,293.985,293.985
2025-05-15 09:57:15,293.984,293.99,293.984,293.99
2025-05-15 09:57:20,293.99,293.996,293.99,293.996
2025-05-15 09:57:25,293.995,293.995,293.992,293.992
2025-05-15 09:57:30,293.992,293.996,293.992,293.996
2025-05-15 09:57:35,293.996,293.996,293.993,293.995
2025-05-15 09:57:40,293.986,293.99,293.984,293.989
2025-05-15 09:57:45,293.99,294,293.99,294
2025-05-15 09:57:50,294,294.007,293.992,294.004
2025-05-15 09:57:55,294.006,294.006,293.998,294.001
2025-05-15 09:58:00,293.999,294.003,293.998,293.999
2025-05-15 09:58:05,293.999,293.999,293.993,293.995
2025-05-15 09:58:10,293.995,293.995,293.975,293.975
2025-05-15 09:58:15,293.975,293.978,293.973,293.977
2025-05-15 09:58:20,293.978,293.983,293.978,293.979
2025-05-15 09:58:25,293.978,293.984,293.976,293.976
2025-05-15 09:58:30,293.976,293.976,293.965,293.965
2025-05-15 09:58:35,293.965,293.967,293.962,293.962
2025-05-15 09:58:40,293.962,293.974,293.962,293.973
2025-05-15 09:58:45,293.974,293.981,293.974,293.98
2025-05-15 09:58:50,293.98,293.98,293.971,293.974
2025-05-15 09:58:55,293.974,293.974,293.968,293.968
2025-05-15 09:59:00,293.968,293.968,293.959,293.96
2025-05-15 09:59:05,293.961,293.962,293.958,293.958
2025-05-15 09:59:10,293.958,293.958,293.955,293.955
2025-05-15 09:59:15,293.955,293.956,293.949,293.949
2025-05-15 09:59:20,293.948,293.952,293.948,293.952
2025-05-15 09:59:25,293.951,293.953,293.949,293.949
2025-05-15 09:59:30,293.949,293.953,293.947,293.953
2025-05-15 09:59:35,293.953,293.953,293.945,293.95
2025-05-15 09:59:40,293.95,293.951,293.948,293.95
2025-05-15 09:59:45,293.95,293.952,293.947,293.952
2025-05-15 09:59:50,293.952,293.952,293.946,293.946
2025-05-15 09:59:55,293.946,293.948,293.944,293.948
2025-05-15 10:00:00,293.948,293.956,293.948,293.956
2025-05-15 10:00:05,293.956,293.957,293.954,293.956
2025-05-15 10:00:10,293.956,293.956,293.951,293.952
2025-05-15 10:00:15,293.952,293.953,293.95,293.953
2025-05-15 10:00:20,293.957,293.963,293.955,293.963
2025-05-15 10:00:25,293.962,293.973,293.962,293.973
2025-05-15 10:00:30,293.973,293.973,293.965,293.965
2025-05-15 10:00:35,293.966,293.968,293.962,293.962
2025-05-15 10:00:40,293.96,293.975,293.96,293.974
2025-05-15 10:00:45,293.974,293.976,293.972,293.972
2025-05-15 10:00:50,293.971,293.973,293.969,293.973
2025-05-15 10:00:55,293.972,293.972,293.962,293.966
2025-05-15 10:01:00,293.969,293.971,293.968,293.968
2025-05-15 10:01:05,293.967,293.967,293.958,293.958
2025-05-15 10:01:10,293.961,293.963,293.95,293.95
2025-05-15 10:01:15,293.95,293.951,293.947,293.951
2025-05-15 10:01:20,293.952,293.954,293.948,293.953
2025-05-15 10:01:25,293.951,293.954,293.944,293.945
2025-05-15 10:01:30,293.943,293.943,293.942,293.942
2025-05-15 10:01:35,293.942,293.949,293.941,293.949
2025-05-15 10:01:40,293.95,293.954,293.95,293.954
2025-05-15 10:01:45,293.952,293.952,293.949,293.949
2025-05-15 10:01:50,293.952,293.952,293.947,293.947
2025-05-15 10:01:55,293.947,293.949,293.939,293.94
2025-05-15 10:02:00,293.938,293.94,293.934,293.934
2025-05-15 10:02:05,293.933,293.936,293.933,293.933
2025-05-15 10:02:10,293.931,293.932,293.927,293.927
2025-05-15 10:02:15,293.927,293.931,293.926,293.93
2025-05-15 10:02:20,293.929,293.931,293.929,293.93
2025-05-15 10:02:25,293.929,293.941,293.925,293.941
2025-05-15 10:02:30,293.94,293.94,293.937,293.939
2025-05-15 10:02:35,293.939,293.939,293.927,293.928
2025-05-15 10:02:40,293.928,293.929,293.925,293.929
2025-05-15 10:02:45,293.928,293.928,293.921,293.921
2025-05-15 10:02:50,293.921,293.921,293.909,293.909
2025-05-15 10:02:55,293.909,293.912,293.909,293.911
2025-05-15 10:03:00,293.911,293.919,293.911,293.918
2025-05-15 10:03:05,293.918,293.918,293.913,293.913
2025-05-15 10:03:10,293.904,293.909,293.904,293.909
2025-05-15 10:03:15,293.909,293.914,293.909,293.913
2025-05-15 10:03:20,293.913,293.913,293.912,293.912
2025-05-15 10:03:25,293.913,293.928,293.913,293.928
2025-05-15 10:03:30,293.928,293.929,293.928,293.929
2025-05-15 10:03:35,293.929,293.94,293.929,293.939
2025-05-15 10:03:40,293.939,293.94,293.937,293.94
2025-05-15 10:03:45,293.94,293.941,293.938,293.941
2025-05-15 10:03:50,293.94,293.945,293.937,293.945
2025-05-15 10:03:55,293.945,293.949,293.945,293.945
2025-05-15 10:04:00,293.945,293.954,293.945,293.954
2025-05-15 10:04:05,293.954,293.955,293.95,293.955
2025-05-15 10:04:10,293.955,293.958,293.954,293.955
2025-05-15 10:04:15,293.955,293.955,293.95,293.95
2025-05-15 10:04:20,293.95,293.95,293.944,293.945
2025-05-15 10:04:25,293.945,293.957,293.943,293.955
2025-05-15 10:04:30,293.951,293.951,293.941,293.944
2025-05-15 10:04:35,293.944,293.959,293.944,293.955
2025-05-15 10:04:40,293.955,293.955,293.952,293.952
2025-05-15 10:04:45,293.952,293.953,293.951,293.952
2025-05-15 10:04:50,293.952,293.952,293.947,293.949
2025-05-15 10:04:55,293.949,293.956,293.949,293.956
2025-05-15 10:05:00,293.956,293.957,293.955,293.956
2025-05-15 10:05:05,293.956,293.967,293.956,293.963
2025-05-15 10:05:10,293.96,293.965,293.96,293.965
2025-05-15 10:05:15,293.965,293.971,293.965,293.971
2025-05-15 10:05:20,293.971,293.978,293.971,293.973
2025-05-15 10:05:25,293.973,293.976,293.973,293.975
2025-05-15 10:05:30,293.977,293.977,293.973,293.973
2025-05-15 10:05:35,293.973,293.974,293.969,293.969
2025-05-15 10:05:40,293.969,293.971,293.968,293.971
2025-05-15 10:05:45,293.971,293.972,293.964,293.964
2025-05-15 10:05:50,293.964,293.965,293.958,293.958
2025-05-15 10:05:55,293.958,293.969,293.956,293.969
2025-05-15 10:06:00,293.969,293.972,293.967,293.971
2025-05-15 10:06:05,293.97,293.971,293.969,293.97
2025-05-15 10:06:10,293.969,293.976,293.968,293.975
2025-05-15 10:06:15,293.974,293.976,293.974,293.976
2025-05-15 10:06:20,293.975,293.975,293.966,293.967
2025-05-15 10:06:25,293.968,293.974,293.968,293.973
2025-05-15 10:06:30,293.975,293.975,293.971,293.971
2025-05-15 10:06:35,293.971,293.972,293.97,293.971
2025-05-15 10:06:40,293.972,293.973,293.963,293.967
2025-05-15 10:06:45,293.965,293.965,293.961,293.964
2025-05-15 10:06:50,293.963,293.966,293.962,293.962
2025-05-15 10:06:55,293.963,293.964,293.961,293.964
2025-05-15 10:07:00,293.972,293.974,293.97,293.974
2025-05-15 10:07:05,293.974,293.98,293.973,293.978
2025-05-15 10:07:10,293.98,293.985,293.98,293.981
2025-05-15 10:07:15,293.983,293.987,293.983,293.987
2025-05-15 10:07:20,293.989,293.989,293.986,293.986
2025-05-15 10:07:25,293.986,293.986,293.972,293.972
2025-05-15 10:07:30,293.973,293.975,293.969,293.969
2025-05-15 10:07:35,293.969,293.972,293.961,293.967
2025-05-15 10:07:40,293.967,293.97,293.963,293.963
2025-05-15 10:07:45,293.963,293.965,293.96,293.96
2025-05-15 10:07:50,293.959,293.966,293.958,293.965
2025-05-15 10:07:55,293.966,293.971,293.966,293.971
2025-05-15 10:08:00,293.971,293.971,293.963,293.967
2025-05-15 10:08:05,293.967,293.968,293.966,293.968
2025-05-15 10:08:10,293.966,293.967,293.961,293.961
2025-05-15 10:08:15,293.962,293.97,293.962,293.966
2025-05-15 10:08:20,293.966,293.966,293.962,293.963
