time,open,high,low,close,bbwidth,adx,candle_size,upper_wick,lower_wick,atr,macd_line,signal_line,macd_histogram
08:54:40,294.438,294.438,294.433,294.433,0.07569773687782799,88.3600573402681,0.0049999999999954525,0.0049999999999954525,0.0,0.005884807664651925,-0.01319054433531619,-0.011893223976661559,-0.0012973203586546314
08:54:45,294.432,294.435,294.429,294.43,0.07073151609017714,84.98191496168067,0.006000000000028649,0.0049999999999954525,0.0010000000000331966,0.0059001666427021555,-0.013090009991231,-0.012132581179575448,-0.0009574288116555515
08:54:50,294.431,294.432,294.42,294.421,0.06767600834302812,82.56092821231358,0.012000000000000455,0.011000000000024102,0.0009999999999763531,0.006713477757008595,-0.013580018582104003,-0.01242206866008116,-0.0011579499220228436
08:54:55,294.421,294.43,294.421,294.43,0.06428718461131666,79.50614513028607,0.009000000000014552,0.0,0.009000000000014552,0.00701834738940939,-0.013091221682316245,-0.012555899264528176,-0.0005353224177880693
08:55:00,294.432,294.432,294.43,294.432,0.05719035619824808,75.50917455208891,0.0020000000000095497,0.0,0.0020000000000095497,0.006349234404156078,-0.01239952927721788,-0.012524625267066119,0.0001250959898482385
08:55:05,294.432,294.434,294.423,294.423,0.05043641124154874,73.71772080155438,0.011000000000024102,0.011000000000024102,0.0,0.006969336483605148,-0.012434248569263673,-0.01250654992750563,7.230135824195724e-05
08:55:10,294.422,294.424,294.421,294.422,0.04169614395868848,71.92320287653766,0.002999999999985903,0.0019999999999527063,0.0010000000000331966,0.006440091619122582,-0.012399521535144231,-0.012485144249033351,8.562271388912017e-05
08:55:15,294.422,294.423,294.421,294.421,0.0417566887169869,70.01165009213052,0.0020000000000095497,0.0020000000000095497,0.0,0.005848079403240845,-0.012310780735901972,-0.012450271546407076,0.0001394908105051048
08:55:20,294.425,294.425,294.419,294.421,0.04185186910217453,68.05975628040045,0.006000000000028649,0.004000000000019099,0.0020000000000095497,0.005868335482812553,-0.012100960671148187,-0.0123804093713553,0.0002794487002071126
08:55:25,294.425,294.428,294.424,294.428,0.03893908873556029,64.9777544134223,0.004000000000019099,0.0,0.004000000000019099,0.00601922408510488,-0.011240264487412333,-0.012152380394566707,0.000912115907154374
08:55:30,294.428,294.429,294.426,294.428,0.035162180639758844,61.04467014186648,0.002999999999985903,0.0009999999999763531,0.0020000000000095497,0.005616660873755683,-0.010437835688378527,-0.011809471453329072,0.0013716357649505451
08:55:35,294.428,294.428,294.426,294.428,0.028974762157531586,57.11158587031066,0.0020000000000095497,0.0,0.0020000000000095497,0.005134439423922866,-0.009690202461911213,-0.011385617655045501,0.0016954151931342885
08:55:40,294.428,294.431,294.426,294.431,0.02446135512843739,51.345801169993486,0.0049999999999954525,0.0,0.0049999999999954525,0.005116514167399211,-0.008754704037016836,-0.010859434931439768,0.0021047308944229324
08:55:45,294.431,294.435,294.428,294.432,0.02258551002614695,48.2382651368347,0.007000000000005002,0.002999999999985903,0.004000000000019099,0.005367645611746651,-0.007842222888882588,-0.010255992522928333,0.0024137696340457444
08:55:50,294.43,294.433,294.429,294.429,0.020192755344623947,46.527490666669436,0.004000000000019099,0.004000000000019099,0.0,0.005185292863516311,-0.007277262184402389,-0.009660246455223145,0.002382984270820756
08:55:55,294.429,294.43,294.426,294.429,0.01718138527553492,42.90112642620425,0.004000000000019099,0.0010000000000331966,0.002999999999985903,0.005027253815050016,-0.006751697391052858,-0.009078536642389088,0.0023268392513362303
08:56:00,294.43,294.43,294.428,294.428,0.01697056274804254,38.317606556518726,0.0020000000000095497,0.0020000000000095497,0.0,0.00462361997304462,-0.006342759762162586,-0.008531381266343788,0.002188621504181202
08:56:05,294.431,294.435,294.429,294.435,0.017916766625262426,35.66420858780284,0.006000000000028649,0.0,0.006000000000028649,0.004940470643306005,-0.005391680312015978,-0.007903441075478227,0.0025117607634622483
08:56:10,294.434,294.446,294.431,294.446,0.023961372423286775,36.14570056930902,0.015000000000043201,0.0,0.015000000000043201,0.006281741224204298,-0.0037075960669312735,-0.0070642720737688364,0.003356676006837563
08:56:15,294.446,294.451,294.446,294.451,0.030625754555444473,36.324801257943044,0.0049999999999954525,0.0,0.0049999999999954525,0.006110842394309785,-0.001947044637631734,-0.006040826586541416,0.004093781948909682
08:56:20,294.448,294.448,294.44,294.446,0.03377884732049097,33.92243698319088,0.007999999999981355,0.0019999999999527063,0.006000000000028649,0.006762730075071694,-0.0009443670832069984,-0.005021534685874533,0.004077167602667534
08:56:25,294.446,294.446,294.439,294.445,0.03615405633468072,31.16714447741061,0.007000000000005002,0.0010000000000331966,0.005999999999971806,0.006794366065062802,-0.0002278035624385666,-0.0040627884611873395,0.003834984898748773
08:56:30,294.445,294.445,294.434,294.434,0.034882660448715797,26.798597280535347,0.010999999999967258,0.010999999999967258,0.0,0.007355117256383396,-0.0005412902220882643,-0.0033584888133675246,0.0028171985912792603
08:56:35,294.434,294.435,294.424,294.424,0.035571129629829557,25.628584148683007,0.011000000000024102,0.011000000000024102,0.0,0.007841101622202157,-0.001578451676550685,-0.003002481386004157,0.001424029709453472
08:56:40,294.424,294.437,294.423,294.437,0.035892236368908925,24.43705374364124,0.014000000000010004,0.0,0.014000000000010004,0.008662288072576537,-0.001336017469327544,-0.002669188602668835,0.0013331711333412909
08:56:45,294.437,294.437,294.432,294.434,0.034930909249965225,23.245523338599472,0.0049999999999954525,0.002999999999985903,0.0020000000000095497,0.008173982996232393,-0.0013701671078933941,-0.002409384303713747,0.0010392171958203528
08:56:50,294.434,294.434,294.425,294.428,0.033813731249779266,25.07034763994824,0.009000000000014552,0.006000000000028649,0.002999999999985903,0.008284118596736681,-0.0018599405614168063,-0.002299495555254359,0.0004395549938375526
08:56:55,294.428,294.428,294.426,294.426,0.03262546632015528,26.560891007888646,0.0020000000000095497,0.0020000000000095497,0.0,0.007446236117173064,-0.0023820144572823665,-0.0023159993356599603,-6.601512162240615e-05
08:57:00,294.424,294.425,294.424,294.424,0.03179606066260021,27.912462947928464,0.0010000000000331966,0.0010000000000331966,0.0,0.0067200713015512625,-0.0029234454075890426,-0.002437488550045777,-0.0004859568575432656
08:57:05,294.423,294.424,294.422,294.424,0.03253435431213347,30.948422125598643,0.0019999999999527063,0.0,0.0019999999999527063,0.006090728461338122,-0.003314327828320529,-0.0026128564057007276,-0.0007014714226198015
08:57:10,294.424,294.428,294.424,294.425,0.03302566784816463,32.26805400001599,0.004000000000019099,0.002999999999985903,0.0010000000000331966,0.005811964666495586,-0.003503032541743778,-0.002790891632909338,-0.00071214090883444
08:57:15,294.425,294.425,294.421,294.425,0.03349846815001456,32.46423713930133,0.004000000000019099,0.0,0.004000000000019099,0.005570369377632055,-0.0036109575161162866,-0.002954904809550728,-0.0006560527065655585
08:57:20,294.425,294.426,294.423,294.424,0.03436277055152459,30.037610099670896,0.002999999999985903,0.0020000000000095497,0.0009999999999763531,0.0052276534606125686,-0.003734135686784157,-0.003110750984997414,-0.0006233847017867427
08:57:25,294.424,294.43,294.421,294.43,0.03442398184836293,25.508767096916255,0.009000000000014552,0.0,0.009000000000014552,0.0057306329991994994,-0.0033094560690756225,-0.0031504920018130557,-0.00015896406726256676
08:57:30,294.43,294.438,294.429,294.436,0.03444538010398901,25.114866594348445,0.009000000000014552,0.0020000000000095497,0.007000000000005002,0.006166548599308173,-0.0024603827951068524,-0.0030124701604718153,0.0005520873653649628
08:57:35,294.436,294.438,294.431,294.433,0.034283646553831204,25.073894322808723,0.007000000000005002,0.0049999999999954525,0.0020000000000095497,0.006277675452734418,-0.0020064321355448556,-0.0028112625554864235,0.0008048304199415679
08:57:40,294.432,294.434,294.425,294.434,0.03400247668957945,24.814142919628445,0.009000000000014552,0.0,0.009000000000014552,0.006640652059038435,-0.0015481353836435119,-0.0025586371211178413,0.0010105017374743295
08:57:45,294.432,294.437,294.432,294.433,0.03395290856428801,23.72594434120871,0.0049999999999954525,0.004000000000019099,0.0009999999999763531,0.006421898451166038,-0.0012512004881841676,-0.0022971497945311068,0.0010459493063469391
08:57:50,294.433,294.434,294.432,294.434,0.03168994527538871,23.199784659982992,0.0020000000000095497,0.0,0.0020000000000095497,0.00583231199101184,-0.0009245284135204201,-0.0020226255183289697,0.0010980971048085496
08:57:55,294.434,294.444,294.433,294.444,0.02869806521960072,24.83168392303818,0.011000000000024102,0.0,0.011000000000024102,0.0065213370588801415,0.00013966798013598236,-0.0015901668186359794,0.0017298347987719617
08:58:00,294.443,294.452,294.443,294.452,0.0315254283326567,26.140441883716342,0.009000000000014552,0.0,0.009000000000014552,0.006851825451031396,0.0016100250637691715,-0.0009501284421549492,0.0025601535059241206
08:58:05,294.45,294.45,294.43,294.43,0.02920634393922228,24.22972606254251,0.01999999999998181,0.01999999999998181,0.0,0.00887158205755939,0.0009886806129202341,-0.0005623666311399126,0.0015510472440601467
08:58:10,294.43,294.433,294.43,294.432,0.029119716597392653,21.930772768088794,0.002999999999985903,0.0009999999999763531,0.0020000000000095497,0.008088704449882926,0.0006501494265194196,-0.0003198634196080462,0.0009700128461274659
08:58:15,294.432,294.437,294.432,294.437,0.028636377306497707,19.999671376161334,0.0049999999999954525,0.0,0.0049999999999954525,0.00767687718989793,0.0007763697285554372,-0.00010061678997534955,0.0008769865185307867
08:58:20,294.435,294.436,294.433,294.433,0.02828129379861366,20.06467320190942,0.002999999999985903,0.002999999999985903,0.0,0.007186626897914087,0.0005473244411859923,2.897145625691882e-05,0.0005183529849290735
08:58:25,294.433,294.445,294.433,294.445,0.03058654674975969,20.860293270570896,0.012000000000000455,0.0,0.012000000000000455,0.007828409978192268,0.001318900646936072,0.00028695729439274945,0.0010319433525433227
08:58:30,294.445,294.446,294.434,294.435,0.03036895922127769,22.219311079419082,0.012000000000000455,0.011000000000024102,0.0009999999999763531,0.008384621981100026,0.0011106609147191193,0.00045169801845802346,0.0006589628962610959
08:58:35,294.435,294.443,294.434,294.443,0.03096415584730039,25.139202152020324,0.008999999999957708,0.0,0.008999999999957708,0.008466672383614385,0.0015730296611309313,0.000675964346992605,0.0008970653141383263
08:58:40,294.443,294.445,294.441,294.445,0.031149216429412263,26.62771936573053,0.004000000000019099,0.0,0.004000000000019099,0.00787111606580168,0.0020769022725062314,0.0009561519320953303,0.001120750340410901
08:58:45,294.445,294.454,294.445,294.454,0.03390637263419194,29.193282808017184,0.009000000000014552,0.0,0.009000000000014552,0.008021633923696729,0.0031659545775255538,0.0013981124611813752,0.0017678421163441786
08:58:50,294.455,294.456,294.451,294.452,0.03497909149825773,33.77361952437726,0.0049999999999954525,0.004000000000019099,0.0009999999999763531,0.007618749400536559,0.003823577271475642,0.0018832054232402287,0.0019403718482354135
08:58:55,294.452,294.46,294.452,294.46,0.03825895147997471,38.062002186470025,0.007999999999981355,0.0,0.007999999999981355,0.007669582813795865,0.004933411834883827,0.002493246705568949,0.0024401651293148785
08:59:00,294.46,294.464,294.453,294.454,0.03755921640231463,42.64129352856566,0.011000000000024102,0.009999999999990905,0.0010000000000331966,0.008113638438626298,0.005268086642843173,0.0030482146930237933,0.0022198719498193794
08:59:05,294.457,294.458,294.452,294.454,0.03788069915299275,44.58961185519751,0.006000000000028649,0.004000000000019099,0.0020000000000095497,0.007831819980146612,0.005470261074776772,0.0035326239693743893,0.0019376371054023829
08:59:10,294.454,294.456,294.453,294.453,0.03865692557133116,46.078385344626575,0.0030000000000427463,0.0030000000000427463,0.0,0.007187577316132764,0.005486548608928388,0.003923408897285189,0.001563139711643199
08:59:15,294.454,294.46,294.454,294.46,0.040368825907421524,51.27010693204614,0.005999999999971806,0.0,0.005999999999971806,0.0071625670073157295,0.005995189285442848,0.00433776497491672,0.0016574243105261276
08:59:20,294.46,294.465,294.457,294.465,0.043196003712182574,56.7538153727099,0.007999999999981355,0.0,0.007999999999981355,0.0072742247396711465,0.006724236091486091,0.004815059198230595,0.0019091768932554959
08:59:25,294.463,294.471,294.462,294.471,0.04695843626745955,61.74661310721284,0.009000000000014552,0.0,0.009000000000014552,0.007504328107716934,0.00769742961654174,0.005391533281892825,0.0023058963346489153
08:59:30,294.47,294.47,294.464,294.466,0.04783964442560773,66.4199798537023,0.006000000000028649,0.004000000000019099,0.0020000000000095497,0.0074370843600220105,0.007973322781481329,0.005907891181810526,0.002065431599670803
08:59:35,294.468,294.475,294.468,294.473,0.05200971568967816,69.83799252404934,0.007000000000005002,0.0020000000000095497,0.0049999999999954525,0.007645473112021016,0.008657018876192524,0.0064577167206869256,0.002199302155505598
08:59:40,294.473,294.475,294.472,294.475,0.05637879407049695,73.12271517907303,0.0030000000000427463,0.0,0.0030000000000427463,0.00702607669709058,0.00925356688338752,0.007016886753227045,0.0022366801301604757
08:59:45,294.477,294.477,294.469,294.469,0.05440742983103064,74.53194113609814,0.007999999999981355,0.007999999999981355,0.0,0.007155933137476016,0.009136861568435961,0.007440881716268829,0.0016959798521671322
08:59:50,294.469,294.47,294.464,294.465,0.05118346772314908,73.17162579135966,0.006000000000028649,0.005000000000052296,0.0009999999999763531,0.007001808719149702,0.008622213682713209,0.007677148109557705,0.0009450655731555041
08:59:55,294.463,294.466,294.461,294.465,0.04875329948072249,69.56403341122683,0.0049999999999954525,0.0010000000000331966,0.003999999999962256,0.006734900889929136,0.008120740681931693,0.0077658666240325025,0.00035487405789919046
09:00:00,294.465,294.469,294.465,294.469,0.044357874750062365,66.57405661642393,0.004000000000019099,0.0,0.004000000000019099,0.006370247437941131,0.007954392995429771,0.0078035718983119565,0.00015082109711781443
09:00:05,294.469,294.471,294.468,294.469,0.04332059191551707,63.7342043929783,0.002999999999985903,0.0020000000000095497,0.0009999999999763531,0.005920881112880434,0.007733415258201148,0.007789540570289795,-5.6125312088646344e-05
09:00:10,294.471,294.471,294.47,294.47,0.03730725906086718,60.603443489529795,0.0009999999999763531,0.0009999999999763531,0.0,0.00539809696449765,0.007551926543726495,0.007742017764977135,-0.00019009122125064008
09:00:15,294.47,294.475,294.47,294.473,0.034235100480827896,58.90215728541382,0.0049999999999954525,0.0020000000000095497,0.002999999999985903,0.005345017369230691,0.007562988929350922,0.007706211997851892,-0.00014322306850097014
09:00:20,294.473,294.478,294.473,294.477,0.03187079177052965,57.224688473140205,0.0049999999999954525,0.0010000000000331966,0.003999999999962256,0.005299015053332659,0.007804556451674216,0.007725880888616357,7.867556305785929e-05
09:00:25,294.476,294.483,294.474,294.483,0.03414581733909472,55.9808320742986,0.009000000000014552,0.0,0.009000000000014552,0.005792479712890245,0.008383510419832874,0.007857406794859662,0.0005261036249732121
09:00:30,294.481,294.485,294.48,294.485,0.035365162751986645,54.68887620065395,0.0049999999999954525,0.0,0.0049999999999954525,0.005686815751170939,0.008901112412900147,0.00806614791846776,0.0008349644944323879
09:00:35,294.487,294.488,294.482,294.483,0.03703710798697557,53.47625492126643,0.005999999999971806,0.0049999999999954525,0.0009999999999763531,0.005728573651011055,0.009045659701882869,0.00826205027515078,0.0007836094267320882
09:00:40,294.483,294.488,294.483,294.488,0.03795343406727625,52.30328871546965,0.0049999999999954525,0.0,0.0049999999999954525,0.005631430497542308,0.009454684960189752,0.008500577212158576,0.0009541077480311761
09:00:45,294.489,294.489,294.483,294.483,0.03605609663918585,51.05978525760172,0.005999999999971806,0.005999999999971806,0.0,0.005680573097866241,0.009268540248456247,0.008654169819418111,0.0006143704290381361
09:00:50,294.484,294.488,294.484,294.486,0.033311922942061756,49.81628179973378,0.004000000000019099,0.0020000000000095497,0.0020000000000095497,0.005589830018150136,0.009256392223619514,0.008774614300258393,0.00048177792336112114
09:00:55,294.485,294.485,294.482,294.484,0.0318542734401035,48.83701601675551,0.002999999999985903,0.0010000000000331966,0.0019999999999527063,0.005377852682391753,0.008981844429570174,0.008816060326120749,0.0001657841034494248
09:01:00,294.484,294.49,294.482,294.49,0.033102074979751706,51.301618856491736,0.007999999999981355,0.0,0.007999999999981355,0.005727472324737033,0.00914301815868157,0.008881451892632914,0.0002615662660486566
09:01:05,294.492,294.494,294.49,294.494,0.03629760032026752,55.46597981988153,0.004000000000019099,0.0,0.004000000000019099,0.005497142681441309,0.009484188252315562,0.009001999164569445,0.00048218908774611685
09:01:10,294.493,294.496,294.492,294.496,0.038262803148541025,59.04827278405816,0.003999999999962256,0.0,0.003999999999962256,0.005297523657244102,0.009802949000857097,0.009162189131826976,0.0006407598690301216
09:01:15,294.493,294.493,294.485,294.485,0.038223167396608915,58.459165680571,0.007999999999981355,0.007999999999981355,0.0,0.006057853836273857,0.009063482932049283,0.009142447891871438,-7.896495982215486e-05
09:01:20,294.485,294.492,294.483,294.486,0.038410524867003915,57.092227148674134,0.009000000000014552,0.006000000000028649,0.002999999999985903,0.006450139991439283,0.008460613699469377,0.009006081053391027,-0.0005454673539216498
09:01:25,294.486,294.489,294.485,294.485,0.03719875492436131,55.679935676427725,0.003999999999962256,0.003999999999962256,0.0,0.006123454659242346,0.0078120909251993,0.008767283027752681,-0.0009551921025533813
09:01:30,294.487,294.487,294.484,294.485,0.03422772036810784,53.14522412146048,0.0030000000000427463,0.0020000000000095497,0.0010000000000331966,0.005706994038015733,0.007214962359284982,0.008456818894059142,-0.0012418565347741602
09:01:35,294.485,294.488,294.485,294.488,0.03072389777059925,50.26847189827685,0.002999999999985903,0.0,0.002999999999985903,0.005346061499611756,0.006904221034346847,0.008146299322116683,-0.0012420782877698364
09:01:40,294.488,294.495,294.488,294.494,0.02926754983172941,49.09984350850123,0.007000000000005002,0.0009999999999763531,0.006000000000028649,0.0055665866329975226,0.007060714628380538,0.007929182383369454,-0.0008684677549889164
09:01:45,294.494,294.496,294.491,294.496,0.027360363176399005,47.79691045211325,0.0049999999999954525,0.0,0.0049999999999954525,0.005491041748597247,0.007262403744732637,0.0077958266556420915,-0.0005334229109094542
09:01:50,294.498,294.5,294.496,294.496,0.024667045979185787,47.1827609292352,0.004000000000019099,0.004000000000019099,0.0,0.0052922361821201615,0.007337659847394207,0.007704193293992515,-0.0003665334465983083
09:01:55,294.496,294.496,294.494,294.494,0.021711990368316947,45.246695258616015,0.0019999999999527063,0.0019999999999527063,0.0,0.004853271357831168,0.007153456966534577,0.0075940460285009274,-0.00044058906196635036
09:02:00,294.494,294.498,294.494,294.497,0.020597393791490504,43.73239094377236,0.003999999999962256,0.0009999999999763531,0.002999999999985903,0.004739501843448646,0.007166933832365885,0.007508623589273919,-0.0003416897569080337
09:02:05,294.498,294.512,294.498,294.51,0.027187458398088893,45.45961402343441,0.014000000000010004,0.0020000000000095497,0.012000000000000455,0.0061075682643203415,0.008132855207861667,0.007633469912991468,0.0004993852948701983
09:02:10,294.51,294.514,294.509,294.512,0.03291839990072276,46.32966328946413,0.0049999999999954525,0.0020000000000095497,0.002999999999985903,0.0059598924957436905,0.008956493263156062,0.007898074583024387,0.0010584186801316751
09:02:15,294.508,294.51,294.505,294.51,0.0357176058520281,44.904341608639086,0.0049999999999954525,0.0,0.0049999999999954525,0.006098573496311866,0.009340181275035775,0.008186495921426666,0.0011536853536091088
09:02:20,294.51,294.517,294.51,294.517,0.04131318127099348,44.03919734746028,0.007000000000005002,0.0,0.007000000000005002,0.006218763696804285,0.010092755286791544,0.008567747794499642,0.0015250074922919018
09:02:25,294.518,294.523,294.518,294.522,0.04663452526517631,47.34841523467604,0.005000000000052296,0.0010000000000331966,0.004000000000019099,0.0061895952039008675,0.010966222044885399,0.009047442644576794,0.0019187794003086046
09:02:30,294.526,294.526,294.52,294.521,0.050444758731941874,51.64632781552526,0.006000000000028649,0.0049999999999954525,0.0010000000000331966,0.006164315843384572,0.011445818826416598,0.009527117880944756,0.001918700945471842
09:02:35,294.521,294.526,294.521,294.526,0.05439194986229268,55.033032708574375,0.0049999999999954525,0.0,0.0049999999999954525,0.0060090737309326904,0.012089995007670495,0.010039693306289905,0.00205030170138059
09:02:40,294.526,294.526,294.523,294.523,0.05712074007431056,58.96933554652368,0.002999999999985903,0.002999999999985903,0.0,0.005607863900139786,0.012217597485744136,0.010475274142180751,0.0017423233435633848
09:02:45,294.524,294.526,294.521,294.526,0.06048888544523834,61.432058001433084,0.0049999999999954525,0.0,0.0049999999999954525,0.005526815380120542,0.012417655296360408,0.010863750373016682,0.0015539049233437262
09:02:50,294.525,294.525,294.521,294.522,0.06223723711286766,61.94276924449331,0.003999999999962256,0.002999999999985903,0.0009999999999763531,0.005456573329437197,0.012113795685877449,0.011113759435588835,0.0010000362502886138
09:02:55,294.522,294.527,294.52,294.523,0.0613569367180844,62.58108349816085,0.007000000000005002,0.003999999999962256,0.0030000000000427463,0.005662363552179571,0.011817452165587383,0.011254497981588545,0.0005629541839988379
09:03:00,294.523,294.525,294.521,294.523,0.059775016777621204,63.26925849426453,0.003999999999962256,0.0019999999999527063,0.0020000000000095497,0.005440715078550596,0.011450602374338814,0.011293718860138599,0.00015688351420021542
09:03:05,294.523,294.531,294.523,294.531,0.058696005415981745,65.78873446312066,0.007999999999981355,0.0,0.007999999999981355,0.005781953068074697,0.01167086988976962,0.011369149066064803,0.0003017208237048163
09:03:10,294.53,294.536,294.53,294.536,0.05753205055646049,68.20978131724779,0.006000000000028649,0.0,0.006000000000028649,0.0058110259923352245,0.012109303186548459,0.011517179890161535,0.0005921232963869236
09:03:15,294.536,294.536,294.529,294.536,0.05571166370498304,68.34012134253503,0.007000000000005002,0.0,0.007000000000005002,0.005969555860024529,0.012314807300128905,0.011676705372155009,0.0006381019279738959
09:03:20,294.536,294.54,294.532,294.54,0.05578115130731476,68.66566277000872,0.008000000000038199,0.0,0.008000000000038199,0.006240281745359686,0.01265456343128335,0.01187227698398068,0.0007822864473026707
09:03:25,294.54,294.542,294.538,294.542,0.05564208932355541,70.89617249671036,0.003999999999962256,0.0,0.003999999999962256,0.005941577512640029,0.01293608674279767,0.012085038935744079,0.0008510478070535912
09:03:30,294.532,294.535,294.532,294.534,0.051892601633198865,69.06264020881817,0.0030000000000427463,0.0010000000000331966,0.0020000000000095497,0.006482700510953479,0.012371057009715969,0.012142242550538458,0.00022881445917751105
09:03:35,294.534,294.538,294.534,294.536,0.04588819363141283,67.31896452865804,0.004000000000019099,0.0020000000000095497,0.0020000000000095497,0.006151673776162229,0.011946933349804567,0.012103180710391681,-0.00015624736058711397
09:03:40,294.536,294.544,294.536,294.544,0.041327447219373425,66.26987329877946,0.007999999999981355,0.0,0.007999999999981355,0.006398117272671445,0.012116671982653315,0.012105878964844009,1.0793017809306374e-05
09:03:45,294.544,294.544,294.542,294.542,0.04033752332986751,65.22078206890087,0.0020000000000095497,0.0020000000000095497,0.0,0.005811701636316526,0.01195203219947416,0.01207510961177004,-0.00012307741229587894
09:03:50,294.54,294.547,294.539,294.546,0.04023091242663668,64.57645138743099,0.008000000000038199,0.0010000000000331966,0.007000000000005002,0.006103474751479416,0.012005923740275648,0.012061272437471161,-5.534869719551333e-05
09:03:55,294.546,294.548,294.544,294.545,0.037677300145219306,65.1358351313969,0.004000000000019099,0.002999999999985903,0.0010000000000331966,0.005823011451284708,0.011831554733873872,0.012015328896751705,-0.00018377416287783215
09:04:00,294.545,294.55,294.545,294.55,0.03835348057907595,65.94980005848215,0.0049999999999954525,0.0,0.0049999999999954525,0.005713276591112808,0.011958968706210271,0.01200405685864342,-4.508815243314812e-05
09:04:05,294.55,294.551,294.541,294.543,0.03769070803957675,64.1932990203219,0.009999999999990905,0.007999999999981355,0.0020000000000095497,0.006284839712296554,0.011364105365998967,0.011876066560114529,-0.0005119611941155622
09:04:10,294.548,294.548,294.544,294.545,0.036574941074604794,61.69815370621562,0.004000000000019099,0.002999999999985903,0.0010000000000331966,0.006113527750656407,0.010928083029739355,0.011686469854039495,-0.0007583868243001401
09:04:15,294.546,294.555,294.546,294.554,0.03885682218583497,59.95271406481409,0.009000000000014552,0.0010000000000331966,0.007999999999981355,0.006631724050567674,0.011179882247461137,0.011585152332723824,-0.0004052700852626868
09:04:20,294.551,294.556,294.551,294.556,0.040002105192570525,58.03468291459384,0.0049999999999954525,0.0,0.0049999999999954525,0.006414160843824711,0.01140929893080056,0.011549981652339171,-0.00014068272153861146
09:04:25,294.556,294.556,294.554,294.555,0.0406530894641719,56.777090221816664,0.0020000000000095497,0.0009999999999763531,0.0010000000000331966,0.005825606064649357,0.011379248766218097,0.011515835075114958,-0.00013658630889686052
09:04:30,294.555,294.555,294.553,294.553,0.03839078835255805,54.517446039606945,0.0020000000000095497,0.0020000000000095497,0.0,0.005315525256030716,0.01106648298178925,0.011425964656449817,-0.00035948167466056703
09:04:35,294.558,294.561,294.558,294.561,0.0378451136913327,53.195835739175855,0.002999999999985903,0.0,0.002999999999985903,0.005673455221890802,0.01133350143578582,0.011407472012317017,-7.397057653119737e-05
09:04:40,294.561,294.564,294.556,294.556,0.034037131408240384,55.536049622873286,0.008000000000038199,0.008000000000038199,0.0,0.005983661192310455,0.011014686817816255,0.011328914973416865,-0.00031422815560061025
09:04:45,294.556,294.557,294.556,294.557,0.032792168493188,57.29468179417809,0.0010000000000331966,0.0,0.0010000000000331966,0.005319173033340154,0.010719151868556764,0.011206962352444845,-0.0004878104838880806
09:04:50,294.553,294.557,294.552,294.557,0.03248060147802789,55.6888601030244,0.0049999999999954525,0.0,0.0049999999999954525,0.005276616628894195,0.010365451815744109,0.011038660245104697,-0.0006732084293605885
09:04:55,294.557,294.559,294.556,294.556,0.03137280080341043,54.57675965774474,0.0030000000000427463,0.0030000000000427463,0.0,0.004973067745047336,0.00989043950295354,0.010809016096674466,-0.0009185765937209257
09:05:00,294.556,294.571,294.556,294.571,0.03611152314590527,54.82874855065399,0.015000000000043201,0.0,0.015000000000043201,0.006309992045713452,0.0106021484943426,0.010767642576208094,-0.00016549408186549396
09:05:05,294.571,294.584,294.57,294.584,0.046246479225146686,55.78950136910144,0.014000000000010004,0.0,0.014000000000010004,0.007335326439619659,0.012075970085959398,0.011029308078158356,0.0010466620078010413
09:05:10,294.584,294.586,294.581,294.581,0.049611543634000554,56.587413020893585,0.0049999999999954525,0.0049999999999954525,0.0,0.007023949581003099,0.012853739480135573,0.011394194358553801,0.001459545121581772
09:05:15,294.581,294.585,294.578,294.578,0.05056480988355361,58.468905961067456,0.007000000000005002,0.007000000000005002,0.0,0.007020756303536687,0.013077305364731728,0.011730816559789388,0.00134648880494234
09:05:20,294.578,294.583,294.578,294.583,0.054216330794815804,60.35039890124132,0.005000000000052296,0.0,0.005000000000052296,0.006751322129738768,0.013502295099215189,0.01208511226767455,0.0014171828315406396
09:05:25,294.583,294.601,294.583,294.601,0.06379440660668934,61.97080973658347,0.01799999999997226,0.0,0.01799999999997226,0.0082511458457699,0.015117289391412214,0.012691547692422084,0.00242574169899013
******
07:16:35,294.177,294.182,294.176,294.182,0.03746212122018733,41.54964416033564,0.006000000000028649,0.0,0.006000000000028649,0.006631835426204505,0.001746416705827869,-0.0013388630671836547,0.0030852797730115235
07:16:40,294.186,294.189,294.183,294.183,0.04131318127872419,45.49926647241887,0.006000000000028649,0.006000000000028649,0.0,0.006680924036044571,0.002892325991808775,-0.0004926252553851686,0.003384951247193944
07:16:45,294.183,294.183,294.173,294.175,0.04291043303396691,45.68291964940023,0.009999999999990905,0.007999999999981355,0.0020000000000095497,0.007123467497904082,0.0031189805493454514,0.00022969590556095535,0.002889284643784496
07:16:50,294.175,294.175,294.171,294.173,0.04273738656650039,46.40425484526117,0.004000000000019099,0.0020000000000095497,0.0020000000000095497,0.0067070051648527515,0.0031014708089287524,0.0008040508862345149,0.0022974199226942376
07:16:55,294.173,294.176,294.17,294.174,0.0413839531576059,47.12559004112211,0.005999999999971806,0.0020000000000095497,0.003999999999962256,0.006612737809535292,0.003132180034413068,0.0012696767158702255,0.0018625033185428424
07:17:00,294.173,294.18,294.173,294.178,0.041149790560439214,49.44939945945005,0.007000000000005002,0.0020000000000095497,0.0049999999999954525,0.006664372768264587,0.003439633928621788,0.0017036681584205382,0.00173596577020125
07:17:05,294.178,294.179,294.163,294.164,0.03972325316635761,48.969827248758484,0.01599999999996271,0.014999999999986358,0.0009999999999763531,0.007909123065824338,0.0025245093850685407,0.0018678364037501387,0.000656672981318402
07:17:10,294.163,294.167,294.163,294.165,0.038813996390558714,48.63292672907598,0.003999999999962256,0.0019999999999527063,0.0020000000000095497,0.007387906657042727,0.001858534208281526,0.0018659759646564163,-7.441756374890413e-06
07:17:15,294.167,294.167,294.165,294.166,0.03777997241661524,46.90403410467025,0.0019999999999527063,0.0009999999999763531,0.0009999999999763531,0.006669519102764058,0.0013953509876500902,0.0017718509692551513,-0.0003764999816050611
07:17:20,294.167,294.169,294.156,294.156,0.03801163256878226,45.445173951670036,0.012999999999976808,0.012999999999976808,0.0,0.007513583222392425,0.00021883591756477472,0.001461247958917076,-0.0012424120413523014
07:17:25,294.154,294.157,294.154,294.157,0.03840175434606863,43.869626036100506,0.002999999999985903,0.0,0.002999999999985903,0.006911772126071555,-0.000625656925592466,0.0010438669820151678,-0.0016695239076076338
07:17:30,294.157,294.161,294.157,294.159,0.03777997241661524,39.482755231987326,0.004000000000019099,0.0020000000000095497,0.0020000000000095497,0.006523535842597895,-0.001120622464554799,0.0006109690927011745,-0.0017315915572559736
07:17:35,294.159,294.167,294.159,294.167,0.035762962317221536,34.08589510504592,0.007999999999981355,0.0,0.007999999999981355,0.006720397730249023,-0.0008574687133773295,0.0003172815314854737,-0.0011747502448628032
07:17:40,294.164,294.165,294.158,294.165,0.03417539896997823,28.49973777684523,0.007000000000005002,0.0,0.007000000000005002,0.007024344699543514,-0.0008010665583810805,9.361191351216284e-05,-0.0008946784718932433
07:17:45,294.165,294.172,294.164,294.172,0.032023675452592215,24.045704234285786,0.008000000000038199,0.0,0.008000000000038199,0.007154432072942805,-0.0001893433137638567,3.7020868056958936e-05,-0.00022636418182081565
07:17:50,294.172,294.175,294.172,294.174,0.031184341550215322,19.868210599490396,0.002999999999985903,0.0010000000000331966,0.0019999999999527063,0.006600507796548552,0.00045162895270323133,0.00011994248498621343,0.0003316864677170179
07:17:55,294.174,294.174,294.167,294.167,0.030672463220639656,18.24296611071328,0.007000000000005002,0.007000000000005002,0.0,0.006653773423676079,0.000390263874237462,0.00017400676283646315,0.00021625711140099886
07:18:00,294.167,294.172,294.167,294.171,0.03014281794571616,17.230261998026133,0.005000000000052296,0.0010000000000331966,0.004000000000019099,0.0064332703005262415,0.0006568266888393737,0.00027057074803704526,0.0003862559408023284
07:18:05,294.169,294.173,294.169,294.17,0.030109274668689068,16.48328622751463,0.004000000000019099,0.002999999999985903,0.0010000000000331966,0.006108834260458623,0.0007784149146345953,0.0003721395813565553,0.00040627533327804004
07:18:10,294.169,294.171,294.167,294.168,0.02971017901097639,14.233158119494941,0.004000000000019099,0.002999999999985903,0.0010000000000331966,0.005827656359066687,0.0007052613603377722,0.0004387639371527987,0.0002664974231849735
07:18:15,294.168,294.179,294.168,294.179,0.02873545398654187,16.07815293797835,0.010999999999967258,0.0,0.010999999999967258,0.00651730217785343,0.001517403033062692,0.0006544917563347775,0.0008629112767279145
07:18:20,294.179,294.181,294.179,294.179,0.027298737198862,18.298189390794143,0.0020000000000095497,0.0020000000000095497,0.0,0.00591499522080758,0.0021364040241564908,0.0009508742098991202,0.0011855298142573706
07:18:25,294.179,294.184,294.178,294.184,0.03002875814638628,21.048042025345886,0.006000000000028649,0.0,0.006000000000028649,0.005926329191370389,0.0029958902248949926,0.0013598774128982948,0.0016360128119966978
07:18:30,294.181,294.181,294.174,294.174,0.03014281794571616,20.26270809875055,0.007000000000005002,0.007000000000005002,0.0,0.006469485299194037,0.002837414852535858,0.0016553849008258074,0.0011820299517100504
07:18:35,294.174,294.184,294.174,294.184,0.03263772437924217,19.792123786746455,0.010000000000047748,0.0,0.010000000000047748,0.006940220592641199,0.003478638821718505,0.002020035685004347,0.001458603136714158
07:18:40,294.186,294.186,294.18,294.18,0.03309889487775308,21.086070715849953,0.005999999999971806,0.005999999999971806,0.0,0.006814857846951947,0.0036222913466303908,0.0023404868173295557,0.001281804529300835
07:18:45,294.179,294.183,294.179,294.183,0.03450705496175033,22.94880206748107,0.004000000000019099,0.0,0.004000000000019099,0.006439543467360901,0.0039328761869796836,0.0026589646912595815,0.001273911495720102
07:18:50,294.183,294.183,294.177,294.177,0.03441908895138113,24.198387276469763,0.005999999999971806,0.005999999999971806,0.0,0.0063809376717090215,0.0036527603076024207,0.0028577238145281493,0.0007950364930742713
07:18:55,294.177,294.179,294.176,294.178,0.03444843591330482,23.418920798486223,0.002999999999985903,0.0009999999999763531,0.0020000000000095497,0.00593014598214594,0.0034714414812242467,0.0029804673478673687,0.000490974133356878
07:19:00,294.179,294.179,294.176,294.177,0.03108900634993006,22.089576882057617,0.002999999999985903,0.0019999999999527063,0.0010000000000331966,0.0055394598511912686,0.0032100499052489795,0.003026383859343691,0.00018366604590528855
07:19:05,294.175,294.176,294.174,294.175,0.027075722278141257,21.51348896475479,0.0020000000000095497,0.0009999999999763531,0.0010000000000331966,0.005200865204371466,0.0028091300106325434,0.0029829330896014618,-0.00017380307896891836
07:19:10,294.176,294.176,294.171,294.171,0.023283154064756673,22.15518924428724,0.0049999999999954525,0.0049999999999954525,0.0,0.005174083177121331,0.002143917785360827,0.002815130028753335,-0.000671212243392508
07:19:15,294.171,294.18,294.169,294.18,0.022530447236476903,21.659498406013512,0.011000000000024102,0.0,0.011000000000024102,0.005950872086841701,0.002316256722451726,0.0027153553674930135,-0.0003990986450412874
07:19:20,294.179,294.179,294.17,294.171,0.020768397045458187,21.865663226026378,0.008999999999957708,0.007999999999981355,0.0009999999999763531,0.006490755808594928,0.0017069353002057142,0.002513671354035554,-0.0008067360538298396
07:19:25,294.176,294.178,294.169,294.176,0.020474374228456327,19.688610634040575,0.009000000000014552,0.0020000000000095497,0.007000000000005002,0.006825321700784211,0.0016089548662421294,0.0023327280564768692,-0.0007237731902347399
07:19:30,294.176,294.176,294.171,294.171,0.02088061301901689,17.13651640772239,0.0049999999999954525,0.0049999999999954525,0.0,0.006581945474012377,0.0011149935021421697,0.0020891811456099293,-0.0009741876434677596
07:19:35,294.171,294.171,294.164,294.164,0.02207737589401404,16.74416234885694,0.007000000000005002,0.007000000000005002,0.0,0.006637686077478061,0.0001568756983374442,0.0017027200561554325,-0.0015458443578179883
07:19:40,294.164,294.169,294.164,294.169,0.022496783396832143,17.912072086326475,0.0049999999999954525,0.0,0.0049999999999954525,0.006419327933813714,-0.00019671375702046134,0.0013228332935202537,-0.001519547050540715
07:19:45,294.169,294.169,294.166,294.166,0.023578759398787952,18.431559685579195,0.002999999999985903,0.002999999999985903,0.0,0.005963417542636673,-0.0007108170197511754,0.000916103230865968,-0.0016269202506171434
07:19:50,294.167,294.172,294.167,294.171,0.022940655706861435,16.575433645571103,0.005000000000052296,0.0010000000000331966,0.004000000000019099,0.00596829520362227,-0.0007066435985620956,0.0005915538649803553,-0.001298197463542451
07:19:55,294.171,294.171,294.163,294.163,0.025207350641494486,16.659865742561347,0.007999999999981355,0.007999999999981355,0.0,0.006239189176470148,-0.0013334975437828689,0.0002065435832277105,-0.0015400411270105794
07:20:00,294.163,294.166,294.159,294.159,0.02844088976405601,18.66590815259222,0.007000000000005002,0.007000000000005002,0.0,0.006340630619608129,-0.002128514195533171,-0.0002604679725244658,-0.0018680462230087052
07:20:05,294.159,294.161,294.157,294.161,0.0288298091352317,21.528925151470624,0.004000000000019099,0.0,0.004000000000019099,0.006028546536996258,-0.0025675897580299534,-0.0007218923296255634,-0.00184569742840439
07:20:10,294.161,294.161,294.157,294.159,0.03119716586377308,24.391942150349024,0.004000000000019099,0.0020000000000095497,0.0020000000000095497,0.005758073665399304,-0.003041878705801082,-0.0011858896048606673,-0.0018559891009404148
07:20:15,294.159,294.16,294.155,294.155,0.0323689259701041,28.440985149696957,0.005000000000052296,0.005000000000052296,0.0,0.00565699717668637,-0.003697895645416338,-0.0016882908129718017,-0.0020096048324445364
07:20:20,294.157,294.157,294.153,294.154,0.03411435876159885,31.65453500899635,0.003999999999962256,0.002999999999985903,0.0009999999999763531,0.005436064219789822,-0.004249499850061511,-0.0022005326203897438,-0.0020489672296717673
07:20:25,294.152,294.152,294.142,294.143,0.03873798625352265,36.90671182496762,0.009999999999990905,0.009000000000014552,0.0009999999999763531,0.00631125565715124,-0.005510733915230048,-0.002862572879357805,-0.002648161035872243
07:20:30,294.138,294.138,294.136,294.136,0.04642095715485084,42.474884535372084,0.0019999999999527063,0.0019999999999527063,0.0,0.0064030882361908285,-0.0069944844344149715,-0.0036889551903692384,-0.003305529244045733
07:20:35,294.136,294.137,294.134,294.135,0.05185567014632397,48.54303810246961,0.002999999999985903,0.0020000000000095497,0.0009999999999763531,0.0059493431380301725,-0.00815702989041256,-0.004582570130377902,-0.003574459760034657
07:20:40,294.135,294.141,294.134,294.137,0.05488514322996707,52.58864821828066,0.007000000000005002,0.004000000000019099,0.002999999999985903,0.006089430719626816,-0.008815354337286863,-0.005429126971759695,-0.003386227365527168
07:20:45,294.136,294.137,294.133,294.137,0.05708571579100408,54.0735166320362,0.004000000000019099,0.0,0.004000000000019099,0.0058108399570124545,-0.009230675720573345,-0.006189436721522425,-0.00304123899905092
07:20:50,294.136,294.141,294.133,294.141,0.05802939364082249,53.70785395460185,0.008000000000038199,0.0,0.008000000000038199,0.006102727962749221,-0.009131788761919779,-0.006777907129601897,-0.0023538816323178825
07:20:55,294.141,294.141,294.131,294.131,0.05850739944207817,53.75255849437565,0.010000000000047748,0.010000000000047748,0.0,0.006622364234389025,-0.009747968053488876,-0.007371919314379293,-0.002376048739109583
07:21:00,294.132,294.137,294.13,294.137,0.05855631567351338,55.97443059078876,0.007000000000005002,0.0,0.007000000000005002,0.006672715669804489,-0.009641009173094517,-0.007825737286122337,-0.00181527188697218
07:21:05,294.137,294.143,294.137,294.143,0.055096470418902754,54.20222204860027,0.005999999999971806,0.0,0.005999999999971806,0.006583020247160131,-0.008968707951396482,-0.008054331419177167,-0.0009143765322193152
07:21:10,294.143,294.145,294.142,294.145,0.05221977846701975,51.07328035561125,0.002999999999985903,0.0,0.002999999999985903,0.006105284214203568,-0.008180224567411187,-0.00807951004882397,-0.00010071451858721658
07:21:15,294.145,294.145,294.14,294.142,0.05105373845765371,47.84267948173415,0.0049999999999954525,0.002999999999985903,0.0020000000000095497,0.005957912985642486,-0.007708561237336653,-0.008005320286526507,0.0002967590491898542
07:21:20,294.138,294.14,294.134,294.134,0.04918664773867931,46.202731476725525,0.005999999999971806,0.005999999999971806,0.0,0.006230191254221002,-0.007889354226733758,-0.007982127074567958,9.277284783420006e-05
07:21:25,294.134,294.138,294.133,294.138,0.046602010347100986,44.34987682521479,0.0049999999999954525,0.0,0.0049999999999954525,0.0060661657536575965,-0.007622005665950837,-0.007910102792844534,0.00028809712689369625
07:21:30,294.138,294.142,294.138,294.14,0.04047091223105781,40.5208913827609,0.004000000000019099,0.0020000000000095497,0.0020000000000095497,0.005790676986505797,-0.007166139919888792,-0.007761310218253385,0.0005951702983645933
07:21:35,294.14,294.142,294.138,294.138,0.03686390332541123,35.524941759265666,0.004000000000019099,0.004000000000019099,0.0,0.005551920054974238,-0.00688685889468843,-0.007586419953540395,0.0006995610588519646
07:21:40,294.138,294.138,294.127,294.127,0.03645963882320302,32.66878367615139,0.010999999999967258,0.010999999999967258,0.0,0.006278330714306641,-0.007467059129737663,-0.007562547788779849,9.548865904218575e-05
07:21:45,294.126,294.128,294.126,294.128,0.033541804237870565,29.878344402915555,0.0020000000000095497,0.0,0.0020000000000095497,0.005707886619067029,-0.007756765192766579,-0.0076013912695771955,-0.00015537392318938376
07:21:50,294.128,294.128,294.116,294.116,0.03504643536109597,30.28651754910291,0.012000000000000455,0.012000000000000455,0.0,0.006546835069858152,-0.008852611650183917,-0.00785163534569854,-0.0010009763044853768
07:21:55,294.116,294.117,294.116,294.117,0.035858787368056255,30.565876048157076,0.0010000000000331966,0.0,0.0010000000000331966,0.005807257060548158,-0.009530524268939189,-0.00818741313034667,-0.0013431111385925187
07:22:00,294.117,294.119,294.117,294.117,0.035443654319237794,31.814546267801486,0.0020000000000095497,0.0020000000000095497,0.0,0.005299622785809677,-0.009953042425877356,-0.008540538989452808,-0.0014125034364245483
07:22:05,294.117,294.119,294.116,294.118,0.03716874748204191,32.800507379885765,0.0030000000000427463,0.0010000000000331966,0.0020000000000095497,0.004993006414374087,-0.010090878105188494,-0.008850606812599946,-0.0012402712925885483
07:22:10,294.118,294.118,294.11,294.111,0.0418196629641443,34.33969958464866,0.007999999999981355,0.007000000000005002,0.0009999999999763531,0.005393938892455056,-0.010642277818590173,-0.009208941013797992,-0.0014333368047921811
07:22:15,294.111,294.111,294.107,294.11,0.04588819364164465,38.67434324316254,0.003999999999962256,0.0009999999999763531,0.002999999999985903,0.0052080803734560165,-0.011032778701519419,-0.009573708551342278,-0.0014590701501771414
07:22:20,294.11,294.112,294.105,294.105,0.05066089533045215,43.51258822183225,0.007000000000005002,0.007000000000005002,0.0,0.005447002990329216,-0.011611857413754478,-0.009981338323824718,-0.0016305190899297602
07:22:25,294.104,294.107,294.096,294.096,0.057806938209409964,48.663418657477344,0.011000000000024102,0.011000000000024102,0.0,0.006187402591621867,-0.012651171420031915,-0.010515304943066158,-0.002135866476965757
07:22:30,294.096,294.096,294.087,294.087,0.06613542724369381,52.60586031120722,0.009000000000014552,0.009000000000014552,0.0,0.006562415579407558,-0.014039224599684985,-0.011220088874389923,-0.0028191357252950622
07:22:35,294.087,294.087,294.076,294.076,0.0783930716585246,56.621335983279316,0.010999999999967258,0.010999999999967258,0.0,0.007154093502148851,-0.015844232366134747,-0.01214491757273889,-0.003699314793395858
07:22:40,294.076,294.079,294.073,294.073,0.0878896437216099,62.293810826697154,0.006000000000028649,0.006000000000028649,0.0,0.007000214368532825,-0.01731716742676781,-0.013179367543544675,-0.0041377998832231346
07:22:45,294.073,294.074,294.067,294.067,0.09566498561900971,68.08059541559643,0.007000000000005002,0.007000000000005002,0.0,0.0070001857860624486,-0.018752462218742494,-0.01429398647858424,-0.004458475740158254
07:22:50,294.067,294.071,294.062,294.068,0.09953491849489637,71.49315316620103,0.009000000000014552,0.0030000000000427463,0.005999999999971806,0.007266827681256062,-0.01958350557748645,-0.015351890298364684,-0.004231615279121765
07:22:55,294.068,294.068,294.065,294.066,0.10238749923576052,74.69854255549392,0.002999999999985903,0.0020000000000095497,0.0009999999999763531,0.006697917323753374,-0.020170978230851233,-0.016315707884861995,-0.003855270345989238
07:23:00,294.066,294.069,294.066,294.067,0.1047975491866282,76.2414554173658,0.0030000000000427463,0.0020000000000095497,0.0010000000000331966,0.006204861680591958,-0.020321608050664963,-0.01711688791802259,-0.003204720132642374
07:23:05,294.069,294.072,294.069,294.072,0.10297858745093436,76.33865783001318,0.002999999999985903,0.0,0.002999999999985903,0.006044213456512424,-0.019809177190950322,-0.017655345772608137,-0.0021538314183421857
07:23:10,294.072,294.072,294.069,294.069,0.09923836269933872,77.31707961326019,0.002999999999985903,0.002999999999985903,0.0,0.005638318328975555,-0.019421270651946543,-0.018008530748475818,-0.001412739903470725
07:23:15,294.069,294.069,294.068,294.068,0.09414792392078652,78.26617956820698,0.0010000000000331966,0.0010000000000331966,0.0,0.005019875885116574,-0.018975802330487568,-0.01820198506487817,-0.0007738172656093986
07:23:20,294.068,294.07,294.067,294.07,0.09049547822166915,78.4558568542084,0.002999999999985903,0.0,0.002999999999985903,0.004750559100432485,-0.018250996069184566,-0.01821178726573945,-3.9208803445114904e-05
07:23:25,294.071,294.071,294.064,294.064,0.08588143601639331,78.72503302225523,0.007000000000005002,0.007000000000005002,0.0,0.005050484553708821,-0.01795377183520941,-0.018160184179633443,0.000206412344424034
07:23:30,294.064,294.065,294.062,294.062,0.08400776906182728,79.02627745510911,0.002999999999985903,0.002999999999985903,0.0,0.004777086613212432,-0.01767584661672572,-0.0180633166670519,0.0003874700503261781
07:23:35,294.062,294.062,294.048,294.049,0.08363202609666587,79.54610114690934,0.014000000000010004,0.013000000000033651,0.0009999999999763531,0.0060068083981187756,-0.018293701825996322,-0.018109393698840785,-0.00018430812715553718
07:23:40,294.049,294.051,294.047,294.051,0.08030966383194027,79.71980945679498,0.003999999999962256,0.0,0.003999999999962256,0.00573923394503124,-0.01840975702606329,-0.018169466364285285,-0.00024029066177800457
07:23:45,294.061,294.061,294.057,294.057,0.07252905043776536,75.61626304373105,0.003999999999962256,0.003999999999962256,0.0,0.006307336085692529,-0.017812253185411464,-0.01809802372851052,0.0002857705430990565
07:23:50,294.057,294.058,294.055,294.055,0.0657062041412928,71.76696124366298,0.002999999999985903,0.002999999999985903,0.0,0.005866357940931646,-0.017300678914978107,-0.01793855476580404,0.0006378758508259336
07:23:55,294.056,294.056,294.046,294.046,0.058779158493166506,68.95869680532239,0.009999999999990905,0.009999999999990905,0.0,0.00641751021547288,-0.017420662846518553,-0.017834976381946942,0.0004143135354283886
07:24:00,294.047,294.05,294.045,294.049,0.05011817612808045,66.17640416827352,0.0049999999999954525,0.0010000000000331966,0.003999999999962256,0.006228508853409224,-0.017076825039680443,-0.017683346113493644,0.0006065210738132008
07:24:05,294.05,294.051,294.046,294.047,0.04386150451580306,63.06873004816465,0.0049999999999954525,0.003999999999962256,0.0010000000000331966,0.006064707672954055,-0.0167723729113618,-0.017501151473067276,0.0007287785617054766
07:24:10,294.047,294.052,294.047,294.051,0.038917456500598746,60.04109710132809,0.0049999999999954525,0.0010000000000331966,0.003999999999962256,0.005922746649892909,-0.016023615569622507,-0.017205644292378322,0.0011820287227558152
07:24:15,294.051,294.053,294.051,294.051,0.037386178130532244,58.0274991070004,0.0020000000000095497,0.0020000000000095497,0.0,0.005399713763241795,-0.015254377019061849,-0.01681539083771503,0.00156101381865318
07:24:20,294.051,294.052,294.047,294.047,0.0370626780558041,56.7623901097862,0.0049999999999954525,0.0049999999999954525,0.0,0.00534641859480895,-0.01479694650777219,-0.01641170197172646,0.0016147554639542698
07:24:25,294.047,294.05,294.045,294.05,0.03701436420215032,55.708727886980604,0.0049999999999954525,0.0,0.0049999999999954525,0.005300229448833817,-0.014030618369190506,-0.01593548525121927,0.0019048668820287641
07:24:30,294.05,294.05,294.041,294.042,0.03835073593495508,55.234679281060366,0.009000000000014552,0.008000000000038199,0.0009999999999763531,0.0057935321889912485,-0.013908502381752896,-0.015530088677325995,0.0016215862955730985
07:24:35,294.042,294.044,294.041,294.044,0.03887848815838879,54.38040774124761,0.002999999999985903,0.0,0.002999999999985903,0.005421061230457203,-0.013494781851647986,-0.015123027312190394,0.0016282454605424084
07:24:40,294.044,294.044,294.041,294.041,0.03938206911504949,53.305891990531066,0.002999999999985903,0.002999999999985903,0.0,0.005098253066394364,-0.013256171386728965,-0.014749656127098108,0.0014934847403691425
07:24:45,294.04,294.041,294.04,294.04,0.03759675237074589,51.55545177488329,0.0009999999999763531,0.0009999999999763531,0.0,0.004551819324205296,-0.012997930465360241,-0.014399310994750534,0.0014013805293902927
07:24:50,294.038,294.047,294.038,294.045,0.03483434480915548,46.37621035783682,0.009000000000014552,0.0020000000000095497,0.007000000000005002,0.005144910080979863,-0.012248619994579713,-0.01396917279471637,0.0017205528001366568
07:24:55,294.045,294.045,294.035,294.037,0.033438710617247125,46.06571375230785,0.009999999999990905,0.008000000000038199,0.0019999999999527063,0.005792255403514669,-0.012160144611527812,-0.013607367158078658,0.001447222546550846
07:25:00,294.037,294.039,294.022,294.022,0.036557093045530564,47.63739391511458,0.016999999999995907,0.016999999999995907,0.0,0.007286621349712167,-0.013148830341549456,-0.013515659794772818,0.0003668294532233624
07:25:05,294.023,294.026,294.023,294.026,0.03788959028440786,47.93611826174378,0.002999999999985903,0.0,0.002999999999985903,0.006848405169753092,-0.0134545091289624,-0.013503429661610736,4.892053264833607e-05
07:25:10,294.029,294.029,294.019,294.02,0.04106990189154658,48.60564507114357,0.009999999999990905,0.009000000000014552,0.0009999999999763531,0.007268617813784801,-0.014019305795670789,-0.013606604888422748,-0.0004127009072480408
07:25:15,294.019,294.02,294.017,294.02,0.04572641755521545,49.86989485829039,0.002999999999985903,0.0,0.002999999999985903,0.006699468771944948,-0.014302046138027436,-0.013745693138343687,-0.0005563529996837485
07:25:20,294.02,294.022,294.017,294.02,0.04891238137622622,50.536164837310885,0.0049999999999954525,0.0020000000000095497,0.002999999999985903,0.006472872935685016,-0.014360580068512263,-0.013868670524377404,-0.0004919095441348591
07:25:25,294.02,294.02,294.012,294.012,0.05255373189493184,52.31604788935568,0.007999999999981355,0.007999999999981355,0.0,0.006676489877591194,-0.014880963289613192,-0.014071129077424563,-0.0008098342121886284
07:25:30,294.022,294.023,294.017,294.017,0.05333942946890602,51.9682557619307,0.006000000000028649,0.006000000000028649,0.0,0.007252957893915581,-0.014720226915358126,-0.014200948645011277,-0.0005192782703468488
07:25:35,294.017,294.026,294.016,294.026,0.05329204541476429,50.060342995626506,0.009999999999990905,0.0,0.009999999999990905,0.007619230174725625,-0.013708593266983371,-0.014102477569405697,0.0003938843024223256
07:25:40,294.026,294.029,294.019,294.019,0.05357572112393427,46.47910784758341,0.009999999999990905,0.009999999999990905,0.0,0.007936666151427662,-0.013318184075046702,-0.013945618870533898,0.0006274347954871966
07:25:45,294.017,294.017,294.013,294.013,0.05515566487338219,44.33187819310984,0.004000000000019099,0.004000000000019099,0.0,0.007678443997907795,-0.01333916622866127,-0.013824328342159372,0.00048516211349810233
07:25:50,294.014,294.016,294.014,294.015,0.054185257261110564,42.59461603033902,0.0020000000000095497,0.0010000000000331966,0.0009999999999763531,0.007054651464859122,-0.013044047788014268,-0.013668272231330353,0.0006242244433160848
07:25:55,294.01,294.01,294.003,294.005,0.05503644724626611,42.35627039339732,0.007000000000005002,0.0049999999999954525,0.0020000000000095497,0.007714031269544633,-0.013461900316997344,-0.013626997848463752,0.00016509753146640854
07:26:00,294.005,294.011,294.005,294.01,0.0542524314196271,45.098313857932986,0.006000000000028649,0.0010000000000331966,0.0049999999999954525,0.007485493766942502,-0.013237005286271142,-0.013548999336025231,0.0003119940497540892
07:26:05,294.01,294.02,294.01,294.02,0.04960645118478624,43.96037757169249,0.009999999999990905,0.0,0.009999999999990905,0.007820761264682289,-0.012112235615006739,-0.013261646591821533,0.001149410976814794
07:26:10,294.019,294.02,294.019,294.019,0.04705159541094872,40.62285646693112,0.0009999999999763531,0.0009999999999763531,0.0,0.0069113264293881645,-0.011172746720262694,-0.012843866617509766,0.0016711198972470722
07:26:15,294.019,294.023,294.017,294.022,0.04293397623007422,36.72518337603643,0.006000000000028649,0.0010000000000331966,0.0049999999999954525,0.006789816238806897,-0.010070038934088643,-0.012289101080825543,0.0022190621467368995
07:26:20,294.022,294.031,294.022,294.031,0.040136084291930274,34.115275345860496,0.009000000000014552,0.0,0.009000000000014552,0.007084507406967917,-0.008373387091012319,-0.011505958282862898,0.0031325711918505795
07:26:25,294.031,294.035,294.03,294.035,0.03845653731536913,31.957406536895643,0.005000000000052296,0.0,0.005000000000052296,0.006806573086045835,-0.006629589925125856,-0.010530684611315492,0.0039010946861896354
07:26:30,294.035,294.038,294.029,294.029,0.032493562101876705,31.258776914722088,0.009000000000014552,0.009000000000014552,0.0,0.00709903000790833,-0.00566644867069499,-0.009557837423191393,0.003891388752496403
07:26:35,294.029,294.029,294.008,294.008,0.030696476724983768,28.404716956721067,0.021000000000015007,0.021000000000015007,0.0,0.008952492673522555,-0.006522489583346669,-0.008950767855222449,0.0024282782718757796
07:26:40,294.008,294.018,294.008,294.018,0.030625067117625804,26.929843181076343,0.009999999999990905,0.0,0.009999999999990905,0.009092160317051668,-0.006321125744705114,-0.008424839433118982,0.0021037136884138677
07:26:45,294.018,294.023,294.018,294.023,0.030182602154241067,25.62030106672935,0.005000000000052296,0.0,0.005000000000052296,0.008546538941451753,-0.005692466033622168,-0.00787836475321962,0.0021858987195974514
07:26:50,294.023,294.027,294.02,294.02,0.030182602154241067,25.29759986896351,0.007000000000005002,0.007000000000005002,0.0,0.008340333749258853,-0.0053743712054483694,-0.00737756604366537,0.002003194838217001
07:26:55,294.019,294.027,294.018,294.027,0.03099677401144163,23.289508500460546,0.009000000000014552,0.0,0.009000000000014552,0.008428289249359613,-0.004505500656875938,-0.006803152966307484,0.002297652309431546
07:27:00,294.027,294.029,294.026,294.027,0.03172513529750631,21.1427143670173,0.002999999999985903,0.0020000000000095497,0.0009999999999763531,0.007704517349443119,-0.003773416886247105,-0.006197205750295409,0.002423788864048304
07:27:05,294.027,294.027,294.014,294.014,0.0313593769938052,18.823374008495552,0.012999999999976808,0.012999999999976808,0.0,0.00841058170284761,-0.004193882115657743,-0.005796541023367876,0.0016026589077101326
07:27:10,294.017,294.035,294.017,294.035,0.033980799519326865,15.254512628336547,0.018000000000029104,0.0,0.018000000000029104,0.010089170809136596,-0.0028002992370943502,-0.005197292666113171,0.0023969934290188205
07:27:15,294.034,294.034,294.026,294.031,0.03490679317349077,14.879361140409548,0.007999999999981355,0.002999999999985903,0.0049999999999954525,0.00994394803458699,-0.0019956368765861043,-0.004556961508207758,0.0025613246316216537
07:27:20,294.031,294.034,294.031,294.033,0.03642728877582613,14.504209652482555,0.002999999999985903,0.0009999999999763531,0.0020000000000095497,0.00901808829664018,-0.0011829169430939146,-0.0038821525951849892,0.0026992356520910746
07:27:25,294.033,294.039,294.032,294.037,0.03786902635442857,15.181732559159176,0.007000000000005002,0.0020000000000095497,0.0049999999999954525,0.008749009857088824,-0.00021360170239859144,-0.0031484424166277098,0.0029348407142291183
07:27:30,294.037,294.037,294.026,294.027,0.037263782320451355,13.948068093562565,0.010999999999967258,0.009999999999990905,0.0009999999999763531,0.009049141876139283,-0.000249453275102951,-0.0025686445883227583,0.0023191913132198073
07:27:35,294.027,294.027,294.018,294.018,0.03343115469749591,13.435409553967002,0.009000000000014552,0.009000000000014552,0.0,0.00904258962598932,-0.0009926480596504916,-0.002253445282588305,0.0012607972229378133
07:27:40,294.018,294.019,294.014,294.015,0.03190710198441593,13.029288321876095,0.0049999999999954525,0.004000000000019099,0.0009999999999763531,0.008503577675856805,-0.0018029271864747898,-0.002163341663365602,0.0003604144768908123
07:27:45,294.015,294.017,294.014,294.017,0.032368925956347994,14.096659849303993,0.002999999999985903,0.0,0.002999999999985903,0.007769767319074018,-0.0022576709218924407,-0.0021822075150709696,-7.546340682147105e-05
07:27:50,294.022,294.025,294.022,294.025,0.03198420661567525,12.972145562799962,0.002999999999985903,0.0,0.002999999999985903,0.007800465009861663,-0.0019500465445503323,-0.0021357753209668424,0.0001857287764165101
07:27:55,294.025,294.025,294.021,294.021,0.03206506541698673,13.12572850627687,0.003999999999962256,0.003999999999962256,0.0,0.007293736341875076,-0.002005895860918372,-0.0021097994289571483,0.00010390356803877641
07:28:00,294.023,294.024,294.021,294.022,0.03154679063140975,13.386179298026178,0.002999999999985903,0.0020000000000095497,0.0009999999999763531,0.006721238162956521,-0.0019470211559564632,-0.0020772437743570116,0.00013022261840054837
07:28:05,294.021,294.027,294.018,294.018,0.030237655143992015,14.630146398929629,0.009000000000014552,0.009000000000014552,0.0,0.007025073074564258,-0.0021977942941475703,-0.002101353878315123,-9.644041583244719e-05
07:28:10,294.018,294.02,294.018,294.02,0.029865664129033576,15.602848773070592,0.0020000000000095497,0.0,0.0020000000000095497,0.0063550633312902975,-0.002209678726785569,-0.0021230188480092123,-8.665987877635659e-05
07:28:15,294.018,294.018,294.012,294.012,0.028373449397463446,16.40906556121465,0.005999999999971806,0.005999999999971806,0.0,0.006574388220449105,-0.0028319850060825047,-0.002264812079623871,-0.0005671729264586337
07:28:20,294.015,294.015,294.01,294.01,0.030391134427077304,19.24047775617056,0.0049999999999954525,0.0049999999999954525,0.0,0.006364469791055285,-0.0034468177319695315,-0.0025012132100930033,-0.0009456045218765282
07:28:25,294.009,294.009,294.002,294.002,0.035528491149079855,22.992729179513265,0.007000000000005002,0.007000000000005002,0.0,0.006582540485578761,-0.004527420947624705,-0.0029064547575993437,-0.0016209661900253615
07:28:30,294.001,294.005,294.001,294.002,0.039603827555083626,26.8582511011193,0.004000000000019099,0.002999999999985903,0.0010000000000331966,0.006238201754170806,-0.0053224528579107755,-0.00338965437766163,-0.0019327984802491455
07:28:35,294.002,294.002,293.997,293.997,0.044357874743241155,30.77718366513388,0.0049999999999954525,0.0049999999999954525,0.0,0.006073108186947426,-0.0062835467721811256,-0.0039684328565655295,-0.002315113915615596
07:28:40,293.993,293.995,293.993,293.995,0.048618385077247694,35.20046312468891,0.0020000000000095497,0.0,0.0020000000000095497,0.005796693762023649,-0.0071244773685634755,-0.004599641758965119,-0.0025248356095983566
07:28:45,293.991,293.996,293.991,293.996,0.052254841116791795,38.39858552776644,0.0049999999999954525,0.0,0.0049999999999954525,0.005690467927086557,-0.007622363421319278,-0.005204186091435951,-0.002418177329883327
07:28:50,293.994,293.999,293.994,293.998,0.05179067177869001,39.56886715901448,0.0049999999999954525,0.0010000000000331966,0.003999999999962256,0.005598405536807744,-0.007766036386669839,-0.00571655615048273,-0.002049480236187109
07:28:55,293.998,293.998,293.996,293.998,0.05150820066660344,41.25997799890217,0.0020000000000095497,0.0,0.0020000000000095497,0.005118618131901318,-0.007790098836608195,-0.006131264687707823,-0.0016588341489003717
07:29:00,293.998,293.998,293.993,293.995,0.050377522129338104,45.55202056398287,0.0049999999999954525,0.002999999999985903,0.0020000000000095497,0.005102802380980536,-0.007959491367557803,-0.00649691002367782,-0.0014625813438799828
07:29:05,293.996,294.0,293.995,293.998,0.04542385182730868,48.46680014404929,0.0049999999999954525,0.0020000000000095497,0.002999999999985903,0.0050890953968491925,-0.007762183619888674,-0.006749964742919992,-0.0010122188769686822
07:29:10,293.996,294.001,293.996,293.999,0.043079363713786734,50.80868098568281,0.0049999999999954525,0.0019999999999527063,0.0030000000000427463,0.005077216010602028,-0.007439367764845883,-0.006887845347305171,-0.0005515224175407125
07:29:15,294.001,294.005,294.0,294.001,0.04240109232807754,50.41405836570647,0.0049999999999954525,0.004000000000019099,0.0009999999999763531,0.005200253875851331,-0.006942126080559774,-0.006898701493956092,-4.342458660368167e-05
07:29:20,293.999,294.01,293.999,294.005,0.04176072190193736,49.956120225485904,0.010999999999967258,0.0049999999999954525,0.005999999999971806,0.005973553359066788,-0.006154348395341458,-0.006749830874233166,0.000595482478891708
07:29:25,294.005,294.005,294.002,294.003,0.04067379861487552,49.625662870982126,0.002999999999985903,0.0020000000000095497,0.0009999999999763531,0.005577079577856004,-0.005626552791341055,-0.006525175257654744,0.000898622466313689
07:29:30,294.0,294.0,293.996,293.996,0.03730725905188592,47.07869521212961,0.004000000000019099,0.004000000000019099,0.0,0.005766802300809204,-0.005707322015609861,-0.006361604609245768,0.0006542825936359069
07:29:35,293.996,294.0,293.996,294.0,0.034022283704643996,43.410129113224066,0.004000000000019099,0.0,0.004000000000019099,0.005531228660703857,-0.005386473721102902,-0.006166578431617196,0.0007801047105142934
07:29:40,294.0,294.0,293.995,293.997,0.029533923386111383,40.03953967537234,0.0049999999999954525,0.002999999999985903,0.0020000000000095497,0.005460398172609403,-0.005313028775617568,-0.005995868500417271,0.0006828397247997031
07:29:45,293.996,294.006,293.996,294.005,0.02567735022898887,36.8678357713271,0.009999999999990905,0.0009999999999763531,0.009000000000014552,0.00606567841626027,-0.004556762464744679,-0.005708047293282753,0.001151284828538074
07:29:50,294.004,294.006,294.003,294.003,0.018958125574613405,33.33687242271419,0.002999999999985903,0.002999999999985903,0.0,0.005656921294090355,-0.004071861366924168,-0.0053808101080110365,0.0013089487410868688
07:29:55,294.002,294.004,294.002,294.004,0.016031547813554425,29.10355682996343,0.0020000000000095497,0.0,0.0020000000000095497,0.005169331788212914,-0.003565778041036083,-0.005017803694616046,0.0014520256535799627
07:30:00,294.002,294.006,293.998,293.998,0.013196490722862109,26.19682943737473,0.007999999999981355,0.007999999999981355,0.0,0.005546754216448706,-0.0036072708422238975,-0.0047356971241376165,0.001128426281913719
07:30:05,293.999,293.999,293.998,293.999,0.013008499206648594,22.76927283614637,0.0010000000000331966,0.0,0.0010000000000331966,0.004940520320926639,-0.0035188988677532507,-0.0044923374728607435,0.0009734386051074928
07:30:10,294.001,294.001,293.99,293.99,0.015260544207080784,21.283890003742563,0.010999999999967258,0.010999999999967258,0.0,0.0057484509447987215,-0.004127508872159069,-0.004419371752720409,0.0002918628805613395
07:30:15,293.989,293.989,293.984,293.984,0.02021359623245189,21.927505275877007,0.0049999999999954525,0.0049999999999954525,0.0,0.005781990818829379,-0.005035935412649906,-0.004542684484706308,-0.0004932509279435976
07:30:20,293.984,293.988,293.98,293.98,0.025873375850551383,23.61649452786787,0.007999999999981355,0.007999999999981355,0.0,0.006077725376316309,-0.006009364349949919,-0.004836020457755031,-0.0011733438921948886
07:30:25,293.975,293.975,293.951,293.951,0.04898291860149584,28.743277169420008,0.02400000000000091,0.02400000000000091,0.0,0.00913402865947365,-0.009016929877986968,-0.005672202341801418,-0.0033447275361855495
07:30:30,293.94,293.947,293.94,293.947,0.06511237249196711,34.14969453243411,0.007000000000005002,0.0,0.007000000000005002,0.009382824838213712,-0.011589615919945118,-0.006855685057430158,-0.0047339308625149595
07:30:35,293.949,293.95,293.944,293.944,0.07801187493225825,37.301878615819795,0.005999999999971806,0.005999999999971806,0.0,0.008931781526448124,-0.013712493976470341,-0.008227046841238195,-0.005485447135232146
07:30:40,293.944,293.947,293.942,293.944,0.08793681941801879,42.379327545170845,0.0049999999999954525,0.002999999999985903,0.0020000000000095497,0.008407543989587768,-0.0152194497874234,-0.009625527430475237,-0.005593922356948163
07:30:45,293.944,293.944,293.94,293.94,0.09689495124996483,47.53262280431861,0.004000000000019099,0.004000000000019099,0.0,0.007819871457645278,-0.016545760467920445,-0.011009574037964279,-0.005536186429956166
07:30:50,293.942,293.942,293.926,293.926,0.10894537500780643,52.69566650457886,0.016000000000019554,0.016000000000019554,0.0,0.008910555263295181,-0.01851314620944322,-0.01251028847226007,-0.006002857737183152
07:30:55,293.926,293.928,293.917,293.917,0.12109170078372244,57.41830045436608,0.011000000000024102,0.011000000000024102,0.0,0.009189147894859038,-0.020561517987459865,-0.014120534375300028,-0.0064409836121598375
07:31:00,293.916,293.916,293.912,293.913,0.1305436406106537,62.23037660194306,0.004000000000019099,0.002999999999985903,0.0010000000000331966,0.00863059484221056,-0.02225113669686607,-0.015746654839613235,-0.006504481857252834
07:31:05,293.913,293.915,293.908,293.915,0.13656400079946707,67.64981258001075,0.007000000000005002,0.0,0.007000000000005002,0.008413182196583152,-0.02316179367210225,-0.01722968260611104,-0.005932111065991209
07:31:10,293.915,293.919,293.907,293.918,0.14068628780898962,72.01781590599832,0.012000000000000455,0.0009999999999763531,0.011000000000024102,0.008891424570372126,-0.02337200305527176,-0.018458146695943183,-0.0049138563593285785
07:31:15,293.919,293.932,293.919,293.932,0.13906923682122851,73.32247457389401,0.013000000000033651,0.0,0.013000000000033651,0.00957256796099051,-0.022153540286467432,-0.019197225414048034,-0.0029563148724193987
07:31:20,293.921,293.93,293.921,293.93,0.13709773693278748,72.27591356170406,0.009000000000014552,0.0,0.009000000000014552,0.009762892232861656,-0.021105986376085184,-0.019578977606455463,-0.001527008769629721
07:31:25,293.93,293.93,293.925,293.928,0.13158323360812574,70.26452612183431,0.0049999999999954525,0.0020000000000095497,0.002999999999985903,0.009127839935146162,-0.020204273353670033,-0.019704036755898376,-0.0005002365977716562
07:31:30,293.928,293.93,293.927,293.93,0.12429167731966118,67.78066344054102,0.002999999999985903,0.0,0.002999999999985903,0.008310794610458128,-0.019108010748027482,-0.0195848315543242,0.0004768208062967197
07:31:35,293.93,293.936,293.927,293.936,0.11360429939202277,62.296981444703064,0.008999999999957708,0.0,0.008999999999957708,0.008402688662391406,-0.01755272795730889,-0.019178410834921143,0.0016256828776122535
07:31:40,293.936,293.938,293.936,293.936,0.10277005501950498,56.12668673170185,0.0020000000000095497,0.0020000000000095497,0.0,0.007548996840740492,-0.016134170466500564,-0.018569562761237026,0.0024353922947364624
07:31:45,293.936,293.943,293.936,293.941,0.08821886657165123,51.62361246673136,0.007000000000005002,0.0020000000000095497,0.0049999999999954525,0.00747579726197576,-0.014440039435612562,-0.017743658096112135,0.003303618660499573
07:31:50,293.941,293.941,293.937,293.937,0.07466951747676376,47.33860196819975,0.003999999999962256,0.003999999999962256,0.0,0.007012357627040626,-0.01326725826402253,-0.016848378129694214,0.0035811198656716843
07:31:55,293.937,293.955,293.937,293.955,0.06304551403695768,45.12732604338685,0.01799999999997226,0.0,0.01799999999997226,0.008477376610098179,-0.010761321354493703,-0.015630966774654115,0.004869645420160412
07:32:00,293.956,293.965,293.956,293.962,0.05385203898947566,43.358009954771816,0.008999999999957708,0.002999999999985903,0.005999999999971806,0.008680393062083876,-0.008116939771696252,-0.014128161374062543,0.006011221602366291
07:32:05,293.962,293.969,293.962,293.968,0.05988726249051979,41.6783194913403,0.007000000000005002,0.0009999999999763531,0.006000000000028649,0.008456340653806693,-0.005473997622573279,-0.012397328623764692,0.006923331001191413
07:32:10,293.968,293.97,293.968,293.969,0.06620510393895529,39.97926748469307,0.0020000000000095497,0.0010000000000331966,0.0009999999999763531,0.0075954952333004075,-0.003261162632554715,-0.010570095425522697,0.007308932792967982
07:32:15,293.968,293.969,293.967,293.967,0.0712428020239031,37.85492059718053,0.0020000000000095497,0.0020000000000095497,0.0,0.00684942920219496,-0.0016498399180022716,-0.008786044324018612,0.0071362044060163405
07:32:20,293.967,293.983,293.967,293.983,0.0816903009009593,37.86626309178555,0.016000000000019554,0.0,0.016000000000019554,0.008069505308571572,0.000907747279029536,-0.0068472860034089825,0.0077550332824385185
07:32:25,293.983,293.984,293.98,293.98,0.08912463182628017,40.99180933807706,0.003999999999962256,0.003999999999962256,0.0,0.007526904600756997,0.0026618939743343617,-0.0049454500078603145,0.007607343982194676
07:32:30,293.98,293.987,293.979,293.987,0.09623305044635799,44.27441237381564,0.008000000000038199,0.0,0.008000000000038199,0.0075899839873278235,0.004564295015143216,-0.003043501003259609,0.007607796018402824
07:32:35,293.988,293.998,293.988,293.998,0.10325950955757435,48.006635190238,0.009999999999990905,0.0,0.009999999999990905,0.008044652789013082,0.006880258280546059,-0.0010587491464984756,0.007939007427044535
07:32:40,293.998,294.004,293.994,294.004,0.10831221925730006,51.91829465046239,0.009999999999990905,0.0,0.009999999999990905,0.008305365750476792,0.009094984391254002,0.00097199756105202,0.008122986830201982
07:32:45,294.004,294.004,293.996,293.997,0.1084078070527994,57.396351865293525,0.008000000000038199,0.007000000000005002,0.0010000000000331966,0.00826465031708498,0.010168117561818235,0.0028112215612052633,0.007356896000612971
07:32:50,293.997,294.002,293.994,293.999,0.10750745383484173,62.56589719530374,0.007999999999981355,0.002999999999985903,0.0049999999999954525,0.00822936360813783,0.011052559589415978,0.004459489166847406,0.006593070422568572
07:32:55,293.999,293.999,293.993,293.993,0.10704057272380396,66.45178526713758,0.006000000000028649,0.006000000000028649,0.0,0.007932115127056607,0.011140910926201286,0.005795773518718182,0.005345137407483104
07:33:00,293.993,294.003,293.993,294.003,0.10685376134870239,70.34795646827084,0.009999999999990905,0.0,0.009999999999990905,0.008207833110114514,0.01188089090885569,0.007012796996745684,0.004868093912110006
07:33:05,294.003,294.003,293.999,294.0,0.1031289432991116,72.09454676588865,0.003999999999962256,0.002999999999985903,0.0009999999999763531,0.007646788695427547,0.012085936298035449,0.008027424857003638,0.004058511441031811
07:33:10,294.0,294.001,293.997,294.0,0.09784950850394125,71.98449433086935,0.003999999999962256,0.0009999999999763531,0.002999999999985903,0.007160550202698842,0.012108852927212865,0.008843710471045485,0.0032651424561673803
07:33:15,293.998,294.003,293.997,294.003,0.09316787338082122,71.85119014809432,0.005999999999971806,0.0,0.005999999999971806,0.007005810175668571,0.012228131164533806,0.00952059460974315,0.002707536554790656
07:33:20,294.004,294.004,293.996,293.998,0.08517573164886016,71.64780531074527,0.008000000000038199,0.006000000000028649,0.0020000000000095497,0.0071383688189178545,0.011783370453997577,0.009973149778594035,0.0018102206754035417
07:33:25,293.998,294.006,293.996,294.006,0.07825975640457727,72.07846083788685,0.009999999999990905,0.0,0.009999999999990905,0.007519919643060928,0.011938804422072735,0.010366280707289776,0.0015725237147829595
07:33:30,294.006,294.007,294.005,294.006,0.06559717579705193,71.70020142358736,0.0020000000000095497,0.0010000000000331966,0.0009999999999763531,0.006783930357320745,0.011924528420706793,0.01067793024997318,0.0012465981707336128
07:33:35,294.006,294.007,294.005,294.005,0.05872182414123017,71.27108291569326,0.0020000000000095497,0.0020000000000095497,0.0,0.006146072976345919,0.01169767937784627,0.010881880075547799,0.0008157993022984717
07:33:40,294.009,294.011,294.008,294.008,0.053510058070628475,71.21099296044748,0.0030000000000427463,0.0030000000000427463,0.0,0.006126596579503617,0.011625957998091963,0.011030695660056631,0.0005952623380353315
07:33:45,294.008,294.008,294.002,294.004,0.048393126947985365,67.16030968953902,0.005999999999971806,0.003999999999962256,0.0020000000000095497,0.006109717035566042,0.0111181881649145,0.011048194161028205,6.999400388629437e-05
07:33:50,294.004,294.008,294.004,294.007,0.042439306495680285,62.9301897748285,0.003999999999962256,0.0009999999999763531,0.002999999999985903,0.005828421430818871,0.01083297603736355,0.011005150536295274,-0.00017217449893172296
07:33:55,294.007,294.007,294.006,294.007,0.03214179111171234,58.343414929568326,0.0010000000000331966,0.0,0.0010000000000331966,0.005184631906714115,0.010486066523924364,0.010901333733821093,-0.0004152672098967289
07:34:00,294.009,294.01,294.009,294.01,0.02950468293056474,55.60466827130757,0.0009999999999763531,0.0,0.0009999999999763531,0.004893347652483687,0.010334088226784388,0.010787884632413753,-0.00045379640562936453
07:34:05,294.01,294.014,294.01,294.014,0.024639719733613674,54.30997384825478,0.004000000000019099,0.0,0.004000000000019099,0.004774234632155076,0.010416337843253132,0.01071357527458163,-0.00029723743132849777
07:34:10,294.014,294.021,294.014,294.017,0.023377001724611546,53.82966289503245,0.007000000000005002,0.004000000000019099,0.002999999999985903,0.0050710033478684,0.010601389960527285,0.010691138211770762,-8.974825124347628e-05
07:34:15,294.02,294.029,294.02,294.027,0.030474147787003858,54.065868239055085,0.009000000000014552,0.0020000000000095497,0.007000000000005002,0.005994869568152674,0.01142328104998569,0.010837566779413749,0.0005857142705719409
07:34:20,294.029,294.033,294.029,294.033,0.039154753683419585,55.546451057344036,0.004000000000019099,0.0,0.004000000000019099,0.005995553625736138,0.012415665452863323,0.011153186514103663,0.0012624789387596595
07:34:25,294.037,294.05,294.037,294.05,0.053861420616158284,57.39068257970905,0.013000000000033651,0.0,0.013000000000033651,0.007462813142304108,0.01440781089149823,0.011804111389582577,0.0026036995019156524
07:34:30,294.05,294.052,294.049,294.051,0.06437914012690271,59.281382222663794,0.0030000000000427463,0.0010000000000331966,0.0020000000000095497,0.0068677713900025935,0.015884189102564505,0.012620126932178963,0.0032640621703855423
07:34:35,294.05,294.056,294.045,294.049,0.06965660129935713,60.89515657379673,0.010999999999967258,0.007000000000005002,0.003999999999962256,0.007418735204664549,0.016700335118571275,0.013436168569457426,0.0032641665491138488
07:34:40,294.049,294.049,294.044,294.044,0.07331518116211555,61.91316031370389,0.0049999999999954525,0.0049999999999954525,0.0,0.007096237177375337,0.01675058814970498,0.014099052485506938,0.002651535664198044
07:34:45,294.044,294.044,294.04,294.04,0.07425106768278056,61.159243220748756,0.003999999999962256,0.003999999999962256,0.0,0.00668340555372026,0.016279981970114932,0.014535238382428537,0.0017447435876863943
07:34:50,294.04,294.042,294.038,294.039,0.0740628467086708,59.06070676511097,0.003999999999962256,0.002999999999985903,0.0009999999999763531,0.006325618146552526,0.01564597448503946,0.014757385602950722,0.000888588882088738
07:34:55,294.039,294.039,294.025,294.029,0.07240354745226796,57.65249151957552,0.014000000000010004,0.009999999999990905,0.004000000000019099,0.007348869060346857,0.014173222472720681,0.014640552976904714,-0.00046733050418403324
07:35:00,294.028,294.033,294.028,294.032,0.0691469830336473,56.11473061327224,0.0049999999999954525,0.0010000000000331966,0.003999999999962256,0.00703568651896667,0.013097154970466818,0.014331873375617137,-0.0012347184051503188
07:35:05,294.032,294.032,294.024,294.026,0.06706979867465179,55.38776237268689,0.007999999999981355,0.005999999999971806,0.0020000000000095497,0.0071642616497686286,0.011626194335121909,0.01379073756751809,-0.002164543232396182
07:35:10,294.025,294.026,294.022,294.023,0.06471801180634884,54.06329141057105,0.004000000000019099,0.002999999999985903,0.0010000000000331966,0.006742360096468692,0.01010192381647812,0.013052974817310098,-0.0029510510008319783
07:35:15,294.023,294.024,294.023,294.023,0.06179456627080526,51.44034999171469,0.0009999999999763531,0.0009999999999763531,0.0,0.005976712083603047,0.00879257313869175,0.012200894481586429,-0.0034083213428946785
07:35:20,294.024,294.025,294.021,294.021,0.05954352675576047,48.27811365673606,0.003999999999962256,0.003999999999962256,0.0,0.005713150472450941,0.007506984167321207,0.011262112418733386,-0.003755128251412179
07:35:25,294.021,294.023,294.017,294.017,0.056307052933902924,45.39153882874564,0.006000000000028649,0.006000000000028649,0.0,0.0057513970761279695,0.0060951183445467905,0.010228713603896067,-0.004133595259349277
07:35:30,294.016,294.016,294.014,294.014,0.05443064152132138,42.86759730276389,0.0020000000000095497,0.0020000000000095497,0.0,0.005384544132642361,0.004680179385445626,0.009119006760205979,-0.004438827374760352
07:35:35,294.014,294.014,294.005,294.007,0.05443064152132138,40.98931404892488,0.009000000000014552,0.007000000000005002,0.0020000000000095497,0.005866604914958653,0.0029598690398984218,0.007887179216144468,-0.004927310176246046
07:35:40,294.007,294.008,294.006,294.006,0.055666677168233036,38.94894697199419,0.0020000000000095497,0.0020000000000095497,0.0,0.00535105759296544,0.001498544762966958,0.006609452325508966,-0.005110907562542008
07:35:45,294.006,294.012,294.006,294.008,0.057184466050443916,35.054100972150806,0.006000000000028649,0.004000000000019099,0.0020000000000095497,0.005437583247240535,0.0004960993065310504,0.005386781721713383,-0.0048906824151823325
07:35:50,294.007,294.007,294.002,294.003,0.06067549578733633,32.36474994858291,0.0049999999999954525,0.004000000000019099,0.0009999999999763531,0.005512572147604705,-0.000693806385015705,0.004170664100367565,-0.00486447048538327
07:35:55,294.003,294.003,293.995,293.995,0.06712752984196868,32.40837039607319,0.007999999999981355,0.007999999999981355,0.0,0.005844229194588258,-0.00225633869166586,0.00288526354196088,-0.00514160223362674
07:36:00,293.995,293.998,293.995,293.997,0.07133139856011894,33.27052486415071,0.002999999999985903,0.0009999999999763531,0.0020000000000095497,0.005464998635307945,-0.0032952874938700916,0.0016491533347946859,-0.004944440828664777
07:36:05,294.003,294.003,293.998,294.0,0.06980996761490132,34.87727105219869,0.0049999999999954525,0.002999999999985903,0.0020000000000095497,0.00553633215059646,-0.0038324093474670917,0.0005528407983423305,-0.004385250145809422
07:36:10,293.999,293.999,293.993,293.994,0.06791046736941553,37.52203816500587,0.006000000000028649,0.0049999999999954525,0.0010000000000331966,0.005731487863850932,-0.004688189610590143,-0.0004953652834441643,-0.004192824327145979
07:36:15,293.994,293.998,293.993,293.996,0.06421149265361237,39.71266754264476,0.0049999999999954525,0.0020000000000095497,0.002999999999985903,0.005633956148670202,-0.005145701900971744,-0.0014254326069496803,-0.0037202692940220636
07:36:20,293.997,293.997,293.991,293.994,0.06115519515151391,41.79521555376449,0.006000000000028649,0.002999999999985903,0.0030000000000427463,0.005682761995517995,-0.005605055383114177,-0.0022613571621825797,-0.0033436982209315972
07:36:25,293.992,293.999,293.992,293.997,0.057256210872310476,43.19588865008069,0.007000000000005002,0.0020000000000095497,0.0049999999999954525,0.005858393729449596,-0.005661756198151124,-0.002941436969376289,-0.0027203192287748356
07:36:30,293.997,293.999,293.997,293.998,0.05189463007661743,44.02096076504183,0.0020000000000095497,0.0010000000000331966,0.0009999999999763531,0.005343941232190923,-0.005561886395696547,-0.0034655268546403403,-0.0020963595410562067
07:36:35,293.998,294.012,293.998,294.012,0.04849351556470083,43.32788857831692,0.014000000000010004,0.0,0.014000000000010004,0.006498082401233468,-0.004303448386394848,-0.0036331111609912417,-0.0006703372254036064
07:36:40,294.012,294.016,294.011,294.011,0.04313796714836826,42.739496847102465,0.0049999999999954525,0.0049999999999954525,0.0,0.0062983380810684,-0.0033482226140222338,-0.0035761334515974404,0.00022791083757520668
07:36:45,294.003,294.004,294.003,294.004,0.039341955630447956,38.58929695193877,0.0010000000000331966,0.0,0.0010000000000331966,0.006525226336931041,-0.003120074528965233,-0.0034849216670709993,0.00036484713810576615
07:36:50,294.004,294.008,293.999,293.999,0.03635150035518109,34.55471275927705,0.008999999999957708,0.008999999999957708,0.0,0.0068551961586679295,-0.0033046300232513204,-0.0034488633383070637,0.00014423331505574333
07:36:55,293.999,293.999,293.993,293.998,0.03248254590653232,33.308242736428895,0.006000000000028649,0.0010000000000331966,0.0049999999999954525,0.006741170004182693,-0.0034913372620621885,-0.0034573581230580887,-3.397913900409985e-05
07:37:00,293.996,294.0,293.996,294.0,0.02812004340637486,31.02086431292948,0.004000000000019099,0.0,0.004000000000019099,0.006375680670294214,-0.003438286383527611,-0.0034535437751519933,1.5257391624382086e-05
07:37:05,294.0,294.005,293.999,294.003,0.024609796917502536,27.380096997421084,0.005999999999971806,0.0020000000000095497,0.003999999999962256,0.006325589914251226,-0.0031182233148001615,-0.0033864796830816273,0.0002682563682814658
07:37:10,294.003,294.005,293.992,293.994,0.022686884666654805,24.411636906339016,0.012999999999976808,0.010999999999967258,0.0020000000000095497,0.007215511259014638,-0.003549875060798513,-0.0034191587586250047,-0.00013071630217350834
07:37:15,293.994,293.996,293.987,293.99,0.023840699368633977,24.452251191892316,0.008999999999957708,0.005999999999971806,0.002999999999985903,0.0074534430911403805,-0.004166697653090523,-0.003568666537518109,-0.0005980311155724142
07:37:20,293.987,293.994,293.987,293.991,0.024403623524221985,23.584390213454263,0.007000000000005002,0.0030000000000427463,0.003999999999962256,0.007392984012322331,-0.004522707403168624,-0.0037594747106482118,-0.0007632326925204125
07:37:25,293.993,293.995,293.991,293.991,0.023974547886382425,22.360968883704214,0.004000000000019099,0.004000000000019099,0.0,0.006940586144015233,-0.004750091595894901,-0.00395759808769755,-0.0007924935081973505
07:37:30,293.991,294.004,293.989,293.994,0.02385570656724667,19.895028729999357,0.015000000000043201,0.009999999999990905,0.005000000000052296,0.008015174658152296,-0.004634793267200621,-0.004093037123598165,-0.0005417561436024563
07:37:35,293.994,293.998,293.994,293.998,0.023698989519516545,20.165744554810676,0.003999999999962256,0.0,0.003999999999962256,0.0074798180370602915,-0.00417255334281208,-0.004108940367440948,-6.361297537113217e-05
07:37:40,293.998,294.008,293.998,294.003,0.024079692230884575,21.98164890382145,0.009999999999990905,0.0049999999999954525,0.0049999999999954525,0.007815842298784374,-0.003363988691603481,-0.003959950032273454,0.000595961340669973
07:37:45,294.004,294.004,293.995,293.995,0.024206132303334016,23.12807191150801,0.009000000000014552,0.009000000000014552,0.0,0.007973729992281731,-0.0033303384526561786,-0.003834027716349999,0.0005036892636938206
07:37:50,293.995,294.005,293.995,294.002,0.024122494394873684,23.719605870416054,0.009999999999990905,0.002999999999985903,0.007000000000005002,0.008243899326642955,-0.0027076171719500053,-0.0036087456074700005,0.0009011284355199952
07:37:55,294.002,294.004,294.001,294.002,0.024195693375986593,26.421072660342325,0.0030000000000427463,0.0020000000000095497,0.0010000000000331966,0.007544712749762927,-0.0021888740925533057,-0.003324771304486662,0.0011358972119333561
07:38:00,294.002,294.003,293.999,294.0,0.023785001887517865,28.13163432802489,0.003999999999962256,0.002999999999985903,0.0009999999999763531,0.007072084383122838,-0.00191705117742913,-0.0030432272790751557,0.0011261761016460258
07:38:05,294.0,294.0,293.992,293.992,0.02456441583490232,27.589336384630695,0.007999999999981355,0.007999999999981355,0.0,0.00719580646537064,-0.002320414407165572,-0.002898664704693239,0.0005782502975276672
07:38:10,293.992,293.999,293.992,293.995,0.024797283362318012,27.342702959751527,0.007000000000005002,0.004000000000019099,0.002999999999985903,0.0071696989366552225,-0.0023706800212721646,-0.002793067768009024,0.0004223877467368596
07:38:15,293.995,293.999,293.993,293.993,0.021865618265451303,27.488407788685468,0.006000000000028649,0.006000000000028649,0.0,0.007013739078438347,-0.002542589775714532,-0.002742972169550126,0.00020038239383559373
07:38:20,293.993,293.996,293.989,293.996,0.017982447553436032,28.261319587895308,0.007000000000005002,0.0,0.007000000000005002,0.007011907201313901,-0.0024089852838073966,-0.00267617479240158,0.0002671895085941834
07:38:25,293.996,293.996,293.989,293.989,0.018070039145868577,28.131217615375903,0.007000000000005002,0.007000000000005002,0.0,0.007010319574472715,-0.002835261134521261,-0.0027079920608255163,-0.00012726907369574455
07:38:30,293.989,293.992,293.987,293.99,0.01869871931967282,28.61230773377676,0.0049999999999954525,0.0020000000000095497,0.002999999999985903,0.006742276964542414,-0.0030571551926641405,-0.0027778246871932415,-0.000279330505470899
07:38:35,293.99,293.991,293.989,293.99,0.01926655129818755,30.15188846068386,0.0020000000000095497,0.0009999999999763531,0.0010000000000331966,0.0061099733692713655,-0.003196164438293181,-0.0028614926374132296,-0.00033467180087995126
07:38:40,293.987,293.987,293.98,293.981,0.022645087743399017,34.24518188563895,0.007000000000005002,0.006000000000028649,0.0009999999999763531,0.006628643586700638,-0.003986600007579,-0.0030865141114463836,-0.0009000858961326162
07:38:45,293.981,293.985,293.981,293.985,0.02264508774294427,36.41740044537866,0.004000000000019099,0.0,0.004000000000019099,0.006278157775143099,-0.004241367476197411,-0.0033174847843965892,-0.0009238826918008215
07:38:50,293.985,293.985,293.983,293.984,0.024191342490894385,37.04443048091891,0.0020000000000095497,0.0010000000000331966,0.0009999999999763531,0.005707736738458626,-0.004472409025993329,-0.0035484696327159376,-0.0009239393932773915
07:38:55,293.984,293.984,293.981,293.981,0.026386599448414927,39.18299274339429,0.002999999999985903,0.002999999999985903,0.0,0.00534670517332893,-0.004841773100338287,-0.0038071303262404077,-0.0010346427740978792
07:39:00,293.979,293.98,293.978,293.978,0.029436103841703698,41.54261997214547,0.0020000000000095497,0.0020000000000095497,0.0,0.005033811150216527,-0.005315300245740673,-0.004108764310140461,-0.0012065359356002118
07:39:05,293.979,293.991,293.979,293.991,0.029436103841703698,38.718063027859934,0.012000000000000455,0.0,0.012000000000000455,0.0060959696635178974,-0.004588687037824002,-0.004204748855677169,-0.0003839381821468327
07:39:10,293.991,293.992,293.982,293.982,0.030663539104693882,37.19700533969627,0.009999999999990905,0.009999999999990905,0.0,0.0066165070417142985,-0.004685059173596073,-0.00430081091926095,-0.0003842482543351235
07:39:15,293.981,293.982,293.978,293.978,0.0321908780620106,37.4249111911825,0.004000000000019099,0.004000000000019099,0.0,0.006267639436154939,-0.00502626173954468,-0.004445901083317696,-0.0005803606562269836
07:39:20,293.978,293.979,293.972,293.972,0.03383178198794212,39.083609134950606,0.007000000000005002,0.007000000000005002,0.0,0.006365287511334947,-0.005714938829783023,-0.004699708632610762,-0.001015230197172261
07:39:25,293.972,293.976,293.972,293.975,0.0354365258906455,40.742307078718696,0.004000000000019099,0.0009999999999763531,0.0030000000000427463,0.006049915843159502,-0.005950056905305701,-0.00494977828714975,-0.0010002786181559503
07:39:30,293.978,293.98,293.972,293.976,0.03427443421651333,39.515301908930795,0.008000000000038199,0.004000000000019099,0.004000000000019099,0.006309927064076662,-0.005986687227675702,-0.005157160075254941,-0.000829527152420761
07:39:35,293.976,293.977,293.973,293.977,0.03197038100950067,37.9601094540027,0.003999999999962256,0.0,0.003999999999962256,0.006001936788861409,-0.005867389762499897,-0.005299206012703932,-0.0005681837497959648
07:39:40,293.977,293.98,293.971,293.98,0.029073409786519733,36.16864903256338,0.009000000000014552,0.0,0.009000000000014552,0.006401678550348494,-0.005467742007624565,-0.005332913211688059,-0.00013482879593650597
07:39:45,293.98,293.98,293.978,293.978,0.028623876650385682,33.6742583539298,0.0020000000000095497,0.0020000000000095497,0.0,0.005814788076969969,-0.0052518613790653035,-0.005316702845163508,6.484146609820468e-05
07:39:50,293.978,293.979,293.976,293.977,0.027044602511523408,28.929765534979133,0.002999999999985903,0.0020000000000095497,0.0009999999999763531,0.005439483000038761,-0.005102645942145045,-0.005273891464559816,0.00017124552241477072
07:39:55,293.977,293.979,293.977,293.979,0.02538047319751513,24.31485500334142,0.0020000000000095497,0.0,0.0020000000000095497,0.004980885266701533,-0.0047680452898930525,-0.005172722229626464,0.0004046769397334114
07:40:00,293.979,293.984,293.979,293.984,0.02180391077274635,21.405199014025523,0.0049999999999954525,0.0,0.0049999999999954525,0.00498343389780739,-0.0040526966844254275,-0.004948717120586257,0.0008960204361608297
07:40:05,293.985,293.985,293.979,293.98,0.02059739377295955,18.499987764621828,0.006000000000028649,0.0049999999999954525,0.0010000000000331966,0.005118976044770225,-0.0037651421167765875,-0.004712002119824324,0.0009468600030477364
07:40:10,293.98,293.982,293.977,293.977,0.018979212970066328,14.05880502673219,0.005000000000052296,0.005000000000052296,0.0,0.005103112572141168,-0.003736258713445295,-0.004516853438548518,0.000780594725103223
07:40:15,293.977,293.982,293.975,293.982,0.016734458578184785,13.971093998544305,0.007000000000005002,0.0,0.007000000000005002,0.005356030895856345,-0.0032721904206596264,-0.00426792083497074,0.0009957304143111134
07:40:20,293.982,293.986,293.981,293.981,0.016734458578184785,15.158382466736258,0.0049999999999954525,0.0049999999999954525,0.0,0.00530856010974156,-0.002951086311838935,-0.004004553930344379,0.0010534676185054437
07:40:25,293.982,293.988,293.982,293.986,0.01701516347600318,16.546252502244105,0.005999999999971806,0.0020000000000095497,0.003999999999962256,0.005534085428443353,-0.0022670180064778833,-0.0036570467455710803,0.001390028739093197
07:40:30,293.986,293.991,293.986,293.989,0.018548372001646385,17.310454366616952,0.0049999999999954525,0.0020000000000095497,0.002999999999985903,0.005462874037983633,-0.0014659158526342253,-0.0032188205669837094,0.001752904714349484
07:40:35,293.987,293.991,293.987,293.989,0.02016667388284077,18.074656230989802,0.003999999999962256,0.0020000000000095497,0.0019999999999527063,0.00526782416624745,-0.0008215661212602754,-0.0027393696778390225,0.0019178035565787471
07:40:40,293.989,293.998,293.989,293.994,0.023297616745935557,21.80969799357157,0.009000000000014552,0.003999999999962256,0.005000000000052296,0.00576544761074973,9.148926511670652e-05,-0.0021731978892478767,0.0022646871543645832
07:40:45,293.994,293.996,293.991,293.996,0.02537798463117724,25.872927041293547,0.0049999999999954525,0.0,0.0049999999999954525,0.005663387929315827,0.000965347596149968,-0.001545488792168308,0.0025108363883182758
07:40:50,293.996,293.999,293.993,293.993,0.027354206811082804,29.99905999556387,0.006000000000028649,0.006000000000028649,0.0,0.005708269538744204,0.0013996770851463225,-0.000956455616705382,0.0023561327018517047
07:40:55,293.993,293.994,293.991,293.993,0.028695130684809556,32.79349632040562,0.0030000000000427463,0.0010000000000331966,0.0020000000000095497,0.00534716693358401,0.001724012985846457,-0.0004203618961950142,0.0021443748820414712
07:41:00,293.993,293.994,293.987,293.987,0.02698225535380061,33.98691458208644,0.007000000000005002,0.007000000000005002,0.0,0.005567544675773476,0.001479842959497546,-4.0320925056502204e-05,0.0015201638845540482
07:41:05,293.989,293.989,293.976,293.976,0.02672589910412171,35.782336735258,0.012999999999976808,0.012999999999976808,0.0,0.006558538719000587,0.0003941844720429799,4.658015436339422e-05,0.0003476043176795857
07:41:10,293.976,293.98,293.976,293.979,0.026126010406755995,35.87250434610776,0.004000000000019099,0.0010000000000331966,0.002999999999985903,0.006217400223136389,-0.0002215785534076531,-7.051587190815235e-06,-0.00021452696621683786
07:41:15,293.979,293.984,293.979,293.98,0.02559605230226225,34.18680260642148,0.0049999999999954525,0.003999999999962256,0.0010000000000331966,0.006055080193384265,-0.0006217167807562873,-0.00012998462590390966,-0.0004917321548523777
07:41:20,293.98,293.989,293.98,293.989,0.025677350223872963,34.05425685745467,0.008999999999957708,0.0,0.008999999999957708,0.0064477361675940575,-0.0002101815824175901,-0.00014602401720664575,-6.415756521094436e-05
07:41:25,293.988,293.995,293.986,293.993,0.026007286404251317,36.22322016629704,0.009000000000014552,0.0020000000000095497,0.007000000000005002,0.00678803801191679,0.00043372983031986223,-3.0073247701344145e-05,0.0004638030780212064
07:41:30,293.993,293.994,293.991,293.992,0.02547981654936393,36.60082351718428,0.0030000000000427463,0.0020000000000095497,0.0010000000000331966,0.006282966277000251,0.0008535039590356064,0.00014664219364604597,0.0007068617653895604
07:41:35,293.992,293.992,293.986,293.989,0.024742037503415304,34.59266257131256,0.006000000000028649,0.0030000000000427463,0.002999999999985903,0.0062452374400707045,0.0009333440432897078,0.0003039825635747784,0.0006293614797149294
07:41:40,293.989,293.996,293.989,293.996,0.02603560313025355,32.817110936914936,0.007000000000005002,0.0,0.007000000000005002,0.006345872448061944,0.0015436649749176468,0.000551919045843352,0.0009917459290742948
07:41:45,293.996,294.0,293.994,294.0,0.027574969558713747,31.909685508635878,0.005999999999971806,0.0,0.005999999999971806,0.006299756121649926,0.0023233333403709366,0.0009062019047488691,0.0014171314356220676
07:41:50,294.0,294.007,294.0,294.007,0.030365492861278653,30.767300756579402,0.007000000000005002,0.0,0.007000000000005002,0.006393121972097271,0.0034661124490753537,0.001418184013614166,0.0020479284354611876
07:41:55,294.007,294.007,294.004,294.006,0.03282810091013744,29.624916004522927,0.002999999999985903,0.0010000000000331966,0.0019999999999527063,0.0059407057091490885,0.004242180269841356,0.001982983264859604,0.0022591970049817517
07:42:00,294.006,294.006,294.0,294.002,0.032949083509492993,26.489052873484543,0.005999999999971806,0.003999999999962256,0.0020000000000095497,0.005948611614592118,0.004482778359999884,0.00248294228388766,0.001999836076112224
07:42:05,294.002,294.004,293.999,294.004,0.034190795913332295,24.318744918577778,0.0049999999999954525,0.0,0.0049999999999954525,0.00582213006597923,0.004779739503419478,0.0029423017277940234,0.0018374377756254544
07:42:10,294.004,294.006,294.003,294.003,0.035193300781998005,24.825586227338334,0.002999999999985903,0.002999999999985903,0.0,0.00544584605718012,0.004878159322288411,0.0033294732466929012,0.00154868607559551
07:42:15,294.005,294.007,294.003,294.005,0.03639780211619836,24.98169851646469,0.004000000000019099,0.0020000000000095497,0.0020000000000095497,0.0052530665828919845,0.005059221467320185,0.0036754228908183586,0.0013837985765018266
07:42:20,294.005,294.005,293.999,294.004,0.03743569924347412,23.464787626512837,0.005999999999971806,0.0009999999999763531,0.0049999999999954525,0.005352657705169295,0.005063652247940809,0.003953068762242849,0.0011105834856979593
07:42:25,294.005,294.018,294.005,294.016,0.04201453381335796,26.10266411737262,0.012999999999976808,0.0019999999999527063,0.011000000000024102,0.006505636677807144,0.005966683175813614,0.004355791644957002,0.0016108915308566119
07:42:30,294.017,294.026,294.017,294.025,0.04938527373724355,29.22768314548892,0.009000000000014552,0.0010000000000331966,0.007999999999981355,0.006971551787431645,0.007324138368005606,0.004949460989566723,0.002374677378438883
07:42:35,294.025,294.032,294.024,294.032,0.05807979990390777,31.57234442969054,0.007999999999981355,0.0,0.007999999999981355,0.0071086782157716065,0.008862610232313273,0.005732090838116033,0.00313051939419724
07:42:40,294.032,294.033,294.029,294.031,0.0633582960883814,34.19911976690027,0.004000000000019099,0.0020000000000095497,0.0020000000000095497,0.006694187787004606,0.009887195194608012,0.006563111709414428,0.0033240834851935835
07:42:45,294.029,294.032,294.028,294.03,0.0635016783789979,38.185916510284684,0.003999999999962256,0.0020000000000095497,0.0019999999999527063,0.006334962748732294,0.010497486031795233,0.00734998657389059,0.0031474994579046437
07:42:50,294.03,294.033,294.029,294.033,0.06385872564658257,41.24185741799892,0.004000000000019099,0.0,0.004000000000019099,0.006023634382237201,0.01109532089253662,0.008099053437619796,0.0029962674549168233
07:42:55,294.034,294.04,294.034,294.04,0.06515116026105261,44.08010380710261,0.006000000000028649,0.0,0.006000000000028649,0.006153816464606242,0.011995672183502393,0.008878377186796316,0.0031172949967060767
07:43:00,294.04,294.04,294.032,294.032,0.064914518684418,44.90802720502739,0.008000000000038199,0.008000000000038199,0.0,0.006399974269330503,0.011926196161482494,0.009487940981733552,0.0024382551797489417
07:43:05,294.032,294.041,294.028,294.041,0.0672390863713872,44.15043483510091,0.012999999999976808,0.0,0.012999999999976808,0.007279977700083345,0.012453801031256262,0.010081112991638094,0.0023726880396181677
07:43:10,294.042,294.046,294.041,294.046,0.06940225993059812,45.72508128891251,0.0049999999999954525,0.0,0.0049999999999954525,0.00697598067340496,0.013124103410405041,0.010689711075391484,0.0024343923350135573
07:43:15,294.047,294.051,294.047,294.051,0.07041052552415294,48.2893854700775,0.003999999999962256,0.0,0.003999999999962256,0.006712516583617026,0.013898567058902245,0.011331482272093638,0.002567084786808607
07:43:20,294.051,294.051,294.044,294.044,0.06960217781966094,49.22936411016047,0.007000000000005002,0.007000000000005002,0.0,0.0067508477058020894,0.013788547785622995,0.011822895374799509,0.0019656524108234864
07:43:25,294.039,294.042,294.036,294.036,0.06716390007341033,47.550234146644314,0.005999999999971806,0.005999999999971806,0.0,0.006917401345025991,0.012907039263438946,0.012039724152527397,0.0008673151109115495
07:43:30,294.025,294.029,294.024,294.024,0.06514598989497244,48.86027061347977,0.0049999999999954525,0.0049999999999954525,0.0,0.007595081165689253,0.01111204495958873,0.011854188313939664,-0.0007421433543509347
07:43:35,294.024,294.027,294.024,294.027,0.06257761496044623,47.470859921969385,0.002999999999985903,0.0,0.002999999999985903,0.006982403676928807,0.009818393639363876,0.011447029379024507,-0.0016286357396606312
07:43:40,294.027,294.029,294.026,294.028,0.05824666242483545,44.65173475473889,0.002999999999985903,0.0009999999999763531,0.0020000000000095497,0.006451416520003087,0.008772730711712029,0.010912169645562013,-0.002139438933849984
07:43:45,294.028,294.029,294.022,294.022,0.054188753926155186,42.05948005236068,0.007000000000005002,0.007000000000005002,0.0,0.006524560984003343,0.007374872512400543,0.010204710218929719,-0.0028298377065291754
07:43:50,294.022,294.024,294.022,294.024,0.0488602733848893,39.38887762467149,0.0020000000000095497,0.0,0.0020000000000095497,0.005921286186137504,0.006355184492861099,0.009434805073715994,-0.0030796205808548954
07:43:55,294.024,294.025,294.024,294.024,0.04348018301777756,36.75611213023165,0.0009999999999763531,0.0009999999999763531,0.0,0.0052651146946493515,0.00548385986797939,0.008644616032568674,-0.003160756164589284
07:44:00,294.024,294.027,294.024,294.024,0.03630281995015139,33.28766847815148,0.002999999999985903,0.002999999999985903,0.0,0.004963099402027559,0.00473870399525822,0.007863433625106584,-0.003124729629848364
07:44:05,294.024,294.028,294.024,294.028,0.03346388468855821,28.801972658957435,0.004000000000019099,0.0,0.004000000000019099,0.004834686148426431,0.0044199784084071325,0.007174742581766694,-0.0027547641733595618
07:44:10,294.03,294.031,294.025,294.025,0.03346388468855821,25.222462311506995,0.006000000000028649,0.006000000000028649,0.0,0.004990061328640061,0.0038805782658641874,0.0065159097185861934,-0.002635331452722006
07:44:15,294.025,294.026,294.015,294.015,0.036795308618479794,24.788213210388076,0.011000000000024102,0.011000000000024102,0.0,0.0057913864848246,0.0026160274047697385,0.005735933255822902,-0.0031199058510531638
07:44:20,294.015,294.026,294.015,294.017,0.03894341373279531,23.57737563355561,0.011000000000024102,0.009000000000014552,0.0020000000000095497,0.0064858682868512,0.001755014309537728,0.004939749466565868,-0.00318473515702814
07:44:25,294.017,294.022,294.017,294.022,0.03968878934244913,21.23375510636144,0.0049999999999954525,0.0,0.0049999999999954525,0.006287752515270434,0.0014592916359674746,0.0042436579004461895,-0.002784366264478715
07:44:30,294.022,294.023,294.022,294.023,0.04008989897045012,19.531985026979054,0.0010000000000331966,0.0,0.0010000000000331966,0.005582718846572136,0.0012907420582450868,0.0036530747320059694,-0.0023623326737608826
07:44:35,294.023,294.024,294.021,294.024,0.039154753687057564,20.198048679339248,0.002999999999985903,0.0,0.002999999999985903,0.005238356333693971,0.001223750314352401,0.003167209848475256,-0.0019434595341228551
07:44:40,294.024,294.024,294.02,294.02,0.03980743119552699,19.96004406282888,0.004000000000019099,0.004000000000019099,0.0,0.005073242155870655,0.0008382297136790839,0.0027014138215160216,-0.0018631841078369377
07:44:45,294.02,294.024,294.013,294.015,0.039586813320738656,21.71982484173692,0.011000000000024102,0.009000000000014552,0.0020000000000095497,0.005863476535091115,0.00012777078484305093,0.0021866852141814276,-0.0020589144293383767
07:44:50,294.015,294.015,294.012,294.012,0.03743063759770848,24.221227914098943,0.002999999999985903,0.002999999999985903,0.0,0.005481679663743754,-0.000669628897696839,0.0016154223918057745,-0.0022850512895026135
07:44:55,294.012,294.012,294.009,294.01,0.031108638153682477,26.544607394458325,0.002999999999985903,0.0020000000000095497,0.0009999999999763531,0.005150789041909375,-0.0014462852997212394,0.0010030808535003717,-0.0024493661532216113
07:45:00,294.004,294.004,293.998,294.001,0.030669031171669303,30.029554538459998,0.006000000000028649,0.0030000000000427463,0.002999999999985903,0.006064017169654852,-0.0027562436170001092,0.0002512159594002754,-0.0030074595764003845
07:45:05,293.998,294.011,293.998,294.011,0.028480094606265993,30.98881905316981,0.013000000000033651,0.0,0.013000000000033651,0.006988814880372026,-0.0029534332545608777,-0.00038971388339195526,-0.0025637193711689223
07:45:10,294.009,294.009,293.998,294.006,0.0307081336615056,32.67488432856915,0.011000000000024102,0.0030000000000427463,0.007999999999981355,0.0077903062296602425,-0.0034731296001950795,-0.0010063970267525802,-0.0024667325734424993
07:45:15,294.004,294.007,294.004,294.007,0.03146660718437033,35.65389137272522,0.002999999999985903,0.0,0.002999999999985903,0.007151598732370331,-0.0037609471974064945,-0.001557307060883363,-0.0022036401365231315
07:45:20,294.007,294.008,294.007,294.008,0.03114380903741676,38.032579571326,0.0009999999999763531,0.0,0.0009999999999763531,0.006331385568051135,-0.0038638134381017153,-0.002018608336327034,-0.0018452051017746815
07:45:25,294.008,294.011,294.001,294.001,0.033798785392036734,39.971773305607144,0.010000000000047748,0.010000000000047748,0.0,0.0068205341589840165,-0.004458779143021729,-0.002506642497665973,-0.0019521366453557564
07:45:30,294.007,294.008,294.005,294.006,0.03397770165486236,43.93506787308778,0.002999999999985903,0.0020000000000095497,0.0009999999999763531,0.006844462937786814,-0.00447524766798324,-0.0029003635317294265,-0.0015748841362538133
07:45:35,294.008,294.011,294.008,294.011,0.03303841463070967,46.12590883056244,0.0030000000000427463,0.0,0.0030000000000427463,0.006598534546088879,-0.004038289986226573,-0.0031279488226288563,-0.0009103411635977168
07:45:40,294.011,294.011,294.008,294.008,0.03217059787471044,48.79836324884152,0.0030000000000427463,0.0030000000000427463,0.0,0.006118729939949394,-0.003889240064779642,-0.003280207071059014,-0.0006090329937206282
07:45:45,294.008,294.014,294.008,294.011,0.029171723858212317,49.427498251588716,0.006000000000028649,0.002999999999985903,0.0030000000000427463,0.006102899281293295,-0.00348882499741876,-0.0033219306563309634,-0.0001668943410877968
07:45:50,294.012,294.012,294.01,294.011,0.026769188871639926,49.644558271933064,0.0020000000000095497,0.0009999999999763531,0.0010000000000331966,0.005555846043788796,-0.003135350799311709,-0.0032846146849271124,0.00014926388561540323
07:45:55,294.007,294.008,294.003,294.005,0.027298737182945843,49.847441404167434,0.0049999999999954525,0.002999999999985903,0.0020000000000095497,0.005881733237955383,-0.0033013143102493814,-0.0032879546099915664,-1.3359700257814956e-05
07:46:00,294.003,294.004,294.003,294.004,0.027548235193989967,49.84990982590477,0.0010000000000331966,0.0,0.0010000000000331966,0.0053641688062292725,-0.003473492966293179,-0.003325062281251889,-0.00014843068504128993
07:46:05,294.004,294.005,294.001,294.002,0.02648852778827404,49.72128868479778,0.004000000000019099,0.002999999999985903,0.0010000000000331966,0.005182279632067917,-0.0037283509677763504,-0.0034057200185567816,-0.0003226309492195688
07:46:10,294.004,294.005,294.001,294.001,0.024489740046078623,48.4310998800485,0.004000000000019099,0.004000000000019099,0.0,0.005024642347794742,-0.003965309789862204,-0.0035176379728178663,-0.0004476718170443373
07:46:15,294.002,294.002,293.991,293.993,0.023868940379998094,51.37094864398774,0.011000000000024102,0.009000000000014552,0.0020000000000095497,0.005821356701425323,-0.004743949211274412,-0.0037629002205091756,-0.0009810489907652363
07:46:20,293.987,293.99,293.987,293.99,0.025307373568693947,54.59424466740935,0.002999999999985903,0.0,0.002999999999985903,0.005845175807898187,-0.00553924848202314,-0.004118169872811968,-0.001421078609211172
07:46:25,293.99,293.993,293.99,293.991,0.026894726524233192,55.2193937626377,0.002999999999985903,0.0020000000000095497,0.0009999999999763531,0.005465819033509883,-0.006019448782637937,-0.0044984256547771625,-0.0015210231278607747
07:46:30,293.991,293.994,293.99,293.994,0.027452542765104226,55.86599734024798,0.004000000000019099,0.0,0.004000000000019099,0.005270376495711112,-0.006087760143145715,-0.004816292552450873,-0.001271467590694842
07:46:35,293.996,293.999,293.994,293.994,0.02801127590703345,53.091011639419996,0.0049999999999954525,0.0049999999999954525,0.0,0.005234326296282358,-0.0060719042559185255,-0.005067414893144404,-0.0010044893627741214
07:46:40,293.989,293.992,293.989,293.992,0.029596585845752088,49.45846062799016,0.0030000000000427463,0.0,0.0030000000000427463,0.0052030827901183505,-0.006149830221716002,-0.005283897958858724,-0.0008659322628572774
07:46:45,293.992,293.992,293.99,293.99,0.030348848916332827,48.107629902871565,0.0020000000000095497,0.0020000000000095497,0.0,0.004776005084770511,-0.006300343953057563,-0.005487187157698492,-0.0008131567953590709
07:46:50,293.99,293.995,293.99,293.995,0.030493485050669733,45.4450989014827,0.0049999999999954525,0.0,0.0049999999999954525,0.0048058710734671705,-0.005947608626286183,-0.005579271451416031,-0.00036833717487015204
07:46:55,293.995,293.995,293.986,293.994,0.03044857613122076,45.87314581616003,0.009000000000014552,0.0009999999999763531,0.008000000000038199,0.005365088263673488,-0.005683242103884822,-0.005600065581909789,-8.317652197503342e-05
07:47:00,293.994,293.994,293.992,293.992,0.030293303046278197,46.793449520549416,0.0020000000000095497,0.0020000000000095497,0.0,0.0049164098285182966,-0.005570895203391046,-0.0055942315062060405,2.3336302814994103e-05
07:47:05,293.992,293.997,293.99,293.997,0.03030997749533526,44.21356373876877,0.007000000000005002,0.0,0.007000000000005002,0.00519422185138319,-0.005020527743454295,-0.005479490753655692,0.00045896301020139675
07:47:10,293.997,293.997,293.994,293.995,0.02977812688902759,41.63367795698814,0.002999999999985903,0.0020000000000095497,0.0009999999999763531,0.004901658937863552,-0.004691658334706972,-0.005321924269865948,0.0006302659351589759
07:47:15,293.991,293.992,293.989,293.991,0.02803005903342637,40.16670714448857,0.0030000000000427463,0.0010000000000331966,0.0020000000000095497,0.005048104412818899,-0.004699619244263431,-0.005197463264745445,0.0004978440204820135
07:47:20,293.991,293.992,293.984,293.985,0.02832220625748505,39.71599710973482,0.008000000000038199,0.007000000000005002,0.0010000000000331966,0.005441690491114806,-0.005130931988333032,-0.0051841570094629625,5.3225021129930765e-05
07:47:25,293.985,293.986,293.982,293.986,0.026178335737881753,38.246327390446375,0.003999999999962256,0.0,0.003999999999962256,0.005249465092294466,-0.005330610839223482,-0.005213447775415067,-0.00011716306380841514
07:47:30,293.986,293.986,293.981,293.981,0.024534401173013975,36.65544853126323,0.0049999999999954525,0.0049999999999954525,0.0,0.005216203079987932,-0.005825167080331539,-0.005335791636398362,-0.0004893754439331769
07:47:35,293.983,293.983,293.977,293.977,0.026297088068758967,37.30904441838068,0.006000000000028649,0.006000000000028649,0.0,0.0053207093359933615,-0.006465344567459397,-0.005561702222610569,-0.000903642344848828
07:47:40,293.977,293.978,293.976,293.978,0.026751094396217923,38.622074766688,0.0020000000000095497,0.0,0.0020000000000095497,0.00487794809119552,-0.006813456905604198,-0.005812053159209295,-0.001001403746394903
07:47:45,293.978,293.982,293.977,293.982,0.025724041566832057,39.876892677816635,0.005000000000052296,0.0,0.005000000000052296,0.004894221679043091,-0.0066894599408442446,-0.005987534515536285,-0.0007019254253079598
07:47:50,293.982,293.993,293.98,293.988,0.02353496835723945,38.625382617245016,0.012999999999976808,0.0049999999999954525,0.007999999999981355,0.005974992121834253,-0.006037445681442932,-0.005997516748717614,-3.992893272531783e-05
07:47:55,293.988,293.997,293.987,293.991,0.02333373430519714,38.20004235566413,0.009999999999990905,0.006000000000028649,0.003999999999962256,0.0065116598389218065,-0.00521848925956192,-0.005841711250886476,0.0006232219913245556
07:48:00,293.991,293.996,293.991,293.995,0.023908597854415348,38.87257697095705,0.0049999999999954525,0.0009999999999763531,0.004000000000019099,0.006310105193731626,-0.004198298453104599,-0.0055130286913301005,0.0013147302382255019
07:48:05,293.995,294.0,293.995,293.997,0.024831219712837083,39.360056564691554,0.0049999999999954525,0.002999999999985903,0.0020000000000095497,0.00613542450123347,-0.0031916156451643474,-0.0050487460820969506,0.0018571304369326032
07:48:10,293.997,293.997,293.991,293.991,0.024536975295063712,37.81734189593077,0.006000000000028649,0.006000000000028649,0.0,0.006117367901072828,-0.002845164833843228,-0.004608029832446206,0.0017628649986029784
07:48:15,293.991,293.994,293.99,293.994,0.024536975295063712,37.43337387100247,0.004000000000019099,0.0,0.004000000000019099,0.005835052180932331,-0.0023019892428237654,-0.004146821714521718,0.0018448324716979526
07:48:20,293.994,293.996,293.992,293.996,0.025127045584213192,37.62894298041051,0.003999999999962256,0.0,0.003999999999962256,0.005590378556802988,-0.00169064666590657,-0.0036555867047986888,0.0019649400388921188
07:48:25,293.996,293.998,293.993,293.993,0.025294892324154716,36.84306454505235,0.0049999999999954525,0.0049999999999954525,0.0,0.0055116614158953175,-0.001431724172164195,-0.00321081419827179,0.001779090026107595
07:48:30,293.993,293.997,293.993,293.995,0.025294892324154716,35.04092533194837,0.004000000000019099,0.0020000000000095497,0.0020000000000095497,0.005310106560445156,-0.0010530045639711716,-0.0027792522714116664,0.0017262477074404948
07:48:35,293.997,293.999,293.99,293.99,0.02500021050025225,31.471611127477473,0.009000000000014552,0.009000000000014552,0.0,0.005802092352387741,-0.0011431472690333067,-0.0024520312709359945,0.0013088840019026878
07:48:40,293.99,293.991,293.988,293.99,0.024909097868658137,27.66151956635063,0.002999999999985903,0.0009999999999763531,0.0020000000000095497,0.005428480038734164,-0.0012007445761810231,-0.002201773931985,0.001001029355803977
07:48:45,293.99,293.991,293.984,293.989,0.02391564118875067,24.64069194435977,0.007000000000005002,0.0020000000000095497,0.0049999999999954525,0.005638016033570276,-0.0013119590524297564,-0.0020238109560739514,0.000711851903644195
07:48:50,293.989,294.001,293.989,294.001,0.025678170101969044,21.280842488059356,0.012000000000000455,0.0,0.012000000000000455,0.006486280562427634,-0.0004268768437896142,-0.001704424133617084,0.0012775472898274697
07:48:55,294.001,294.004,294.001,294.004,0.02876474448112276,20.91427154589346,0.0030000000000427463,0.0,0.0030000000000427463,0.006021443154109649,0.0005107445657017706,-0.001261390393753313,0.0017721349594550836
07:49:00,294.004,294.012,294.003,294.012,0.034298994903792845,23.17178765269884,0.009000000000014552,0.0,0.009000000000014552,0.0064185840668969695,0.001877704421474391,-0.0006335714307077723,0.0025112758521821633
07:49:05,294.012,294.015,294.012,294.014,0.03929697991441117,24.97429478344855,0.002999999999985903,0.0009999999999763531,0.0020000000000095497,0.005962772857975494,0.0030868301839177548,0.00011050889221733316,0.0029763212917004217
07:49:10,294.014,294.015,294.011,294.011,0.040779767931326205,26.583687619854157,0.003999999999962256,0.003999999999962256,0.0,0.005701069810240396,0.0037596571467588547,0.0008403385431256375,0.002919318603633217
07:49:15,294.011,294.011,294.008,294.008,0.03902981315184206,26.12907525245959,0.0030000000000427463,0.0030000000000427463,0.0,0.005340927168880709,0.0040046394435648835,0.0014731987232134867,0.002531440720351397
07:49:20,294.008,294.01,294.006,294.01,0.03708255369292601,26.459255240535708,0.004000000000019099,0.0,0.004000000000019099,0.005162136879699162,0.00431048438332482,0.0020406558552357535,0.002269828528089066
07:49:25,294.01,294.01,294.007,294.008,0.035142417000429305,27.147269563640936,0.002999999999985903,0.0020000000000095497,0.0009999999999763531,0.004873851962404061,0.004341439998427177,0.0025008126838740384,0.0018406273145531384
07:49:30,294.008,294.013,294.008,294.012,0.035457313090660136,28.044596239911648,0.0049999999999954525,0.0009999999999763531,0.004000000000019099,0.004890671700749581,0.004635306192653843,0.0029277113856299997,0.0017075948070238434
07:49:35,294.013,294.014,294.011,294.013,0.03618141423226007,28.639777188404885,0.002999999999985903,0.0010000000000331966,0.0019999999999527063,0.004638582140647758,0.004892491316979886,0.003320667371899977,0.0015718239450799084
07:49:40,294.013,294.014,294.01,294.01,0.0365202178910522,28.703548568582068,0.004000000000019099,0.004000000000019099,0.0,0.004553437855230604,0.0047989185076176,0.003616317599043502,0.0011826009085740981
07:49:45,294.01,294.01,294.004,294.004,0.03626510573212727,28.80786858375663,0.005999999999971806,0.005999999999971806,0.0,0.004746312807862764,0.004192285468832324,0.003731511173001267,0.0004607742958310573
07:49:50,294.003,294.005,293.997,293.997,0.03507525742236339,30.77635010086301,0.007999999999981355,0.007999999999981355,0.0,0.005180137766811909,0.0031108232820997728,0.003607373594820968,-0.0004965503127211954
07:49:55,293.987,293.987,293.986,293.986,0.03737209765631633,32.964991435979066,0.0010000000000331966,0.0010000000000331966,0.0,0.005956119397906867,0.0013505799930157991,0.0031560148744599345,-0.0018054348814441354
07:50:00,293.986,293.986,293.978,293.984,0.04044957873782096,36.06360350009684,0.007999999999981355,0.0020000000000095497,0.005999999999971806,0.006228636811516799,-0.00020346338152421595,0.002484119223263105,-0.002687582604787321
07:50:05,293.985,293.985,293.981,293.981,0.04386534418028987,38.90803680458941,0.004000000000019099,0.004000000000019099,0.0,0.00593148523665044,-0.0016580163002686277,0.0016556921185567587,-0.003313708418825386
07:50:10,293.981,293.983,293.981,293.981,0.047130278557233396,40.468175509213324,0.0020000000000095497,0.0020000000000095497,0.0,0.005407287205098321,-0.0027787285152385266,0.0007688079917977016,-0.003547536507036228
07:50:15,293.98,293.98,293.974,293.976,0.05118346771564575,42.151933054844314,0.006000000000028649,0.004000000000019099,0.0020000000000095497,0.005619648911085878,-0.0040239733729663385,-0.00018974828115510636,-0.0038342250918112324
07:50:20,293.98,293.982,293.979,293.982,0.052911445374320465,43.34763443238601,0.0030000000000427463,0.0,0.0030000000000427463,0.005670362389611582,-0.004475102838455314,-0.0010468191926151478,-0.003428283645840166
07:50:25,293.982,293.983,293.977,293.977,0.05585658326185694,45.937039086914936,0.006000000000028649,0.006000000000028649,0.0,0.005714314071000525,-0.005176413925823908,-0.0018727381392569,-0.0033036757865670084
07:50:30,293.975,293.975,293.971,293.973,0.06026293264983451,49.76641213677351,0.004000000000019099,0.0020000000000095497,0.0020000000000095497,0.005752405528196695,-0.005985972026451236,-0.0026953849166957674,-0.003290587109755469
07:50:35,293.974,293.974,293.972,293.973,0.06358285103908656,53.51848811865641,0.0020000000000095497,0.0009999999999763531,0.0010000000000331966,0.005252084791105076,-0.006552024988138783,-0.0034667129309843706,-0.003085312057154412
07:50:40,293.973,293.987,293.973,293.98,0.06307222258669754,51.74394176634819,0.014000000000010004,0.007000000000005002,0.007000000000005002,0.006418473485625733,-0.006362442265981372,-0.0040458587979837705,-0.0023165834679976013
07:50:45,293.981,293.984,293.98,293.983,0.06084977186208107,50.58718809876477,0.003999999999962256,0.0009999999999763531,0.002999999999985903,0.006096010354203937,-0.005902086090259218,-0.0044171042564388596,-0.001484981833820358
07:50:50,293.984,293.984,293.982,293.984,0.058671610626788606,49.96184399949741,0.0019999999999527063,0.0,0.0019999999999527063,0.005549875640303773,-0.00539437585473479,-0.004612558576098045,-0.0007818172786367445
07:50:55,293.984,293.993,293.983,293.983,0.05683994146852456,50.720295246615315,0.009999999999990905,0.009999999999990905,0.0,0.006143225554928724,-0.00501489489118967,-0.00469302583911637,-0.00032186905207329947
07:51:00,293.984,293.99,293.984,293.988,0.053585151112997664,50.046198115238106,0.006000000000028649,0.0020000000000095497,0.004000000000019099,0.0062574621476055615,-0.00426157054783971,-0.0046067347808610385,0.00034516423302132816
07:51:05,293.989,293.989,293.975,293.975,0.05169790791637752,47.11541768602575,0.013999999999953161,0.013999999999953161,0.0,0.007289800527918575,-0.004659831298226891,-0.0046173540843342095,-4.247721389268131e-05
07:51:10,293.975,293.975,293.97,293.97,0.048192596054377645,44.48572486535297,0.0049999999999954525,0.0049999999999954525,0.0,0.006984493790862159,-0.005317615859951275,-0.004757406439457623,-0.0005602094204936519
07:51:15,293.976,293.983,293.976,293.983,0.04034587305193327,39.59718830488196,0.007000000000005002,0.0,0.007000000000005002,0.007786561285410779,-0.004735337486806657,-0.004752992648927429,1.7655162120772637e-05
07:51:20,293.987,293.987,293.982,293.984,0.031751667982462095,35.53402828306563,0.0049999999999954525,0.0030000000000427463,0.0019999999999527063,0.007415019780688736,-0.004145400442439495,-0.004631474207629842,0.0004860737651903469
07:51:25,293.986,293.992,293.986,293.992,0.02613003914973433,31.87458036479091,0.006000000000028649,0.0,0.006000000000028649,0.007493017143268665,-0.0029977813856021385,-0.004304735643224302,0.0013069542576221631
07:51:30,293.992,293.994,293.992,293.994,0.0247420375000047,29.442536790319085,0.0020000000000095497,0.0,0.0020000000000095497,0.006760614857500784,-0.0019049427355071202,-0.0038247770616808654,0.0019198343261737452
07:51:35,293.994,293.995,293.992,293.993,0.026552034289693438,26.992078526847795,0.002999999999985903,0.0020000000000095497,0.0009999999999763531,0.006259199543165467,-0.0011067934485708975,-0.003281180339058872,0.0021743868904879745
07:51:40,293.993,294.006,293.993,294.003,0.032622239729107605,25.52771788859789,0.012999999999976808,0.002999999999985903,0.009999999999990905,0.007157972937406979,0.00032887101781398087,-0.0025591700676843017,0.0028880410854982825
07:51:45,294.003,294.003,293.994,293.994,0.03407484021215623,24.505199188393025,0.008999999999957708,0.008999999999957708,0.0,0.007403576545747076,0.0007319828246181714,-0.0019009394892238072,0.0026329223138419787
07:51:50,293.994,293.995,293.992,293.995,0.03551485973241597,27.413180524091725,0.002999999999985903,0.0,0.002999999999985903,0.006816433006312254,0.0011192415583991533,-0.0012969032796992153,0.0024161448380983688
07:51:55,293.992,293.996,293.992,293.996,0.03617268522759787,29.60414005323064,0.003999999999962256,0.0,0.003999999999962256,0.006440908605465588,0.0014896665884975846,-0.0007395893060598553,0.0022292558945574397
07:52:00,293.996,293.997,293.993,293.997,0.03755192894004722,31.952920314033708,0.004000000000019099,0.0,0.004000000000019099,0.00611545412473939,0.0018426814515350998,-0.00022313515454086433,0.002065816606075964
07:52:05,293.997,294.013,293.996,294.011,0.04275708619388752,35.86069936927603,0.016999999999995907,0.0019999999999527063,0.015000000000043201,0.007566726908106926,0.0032150699459521093,0.00046450586555773035,0.002750564080394379
07:52:10,294.011,294.011,294.004,294.006,0.043482119723194046,39.283537305381635,0.007000000000005002,0.005000000000052296,0.0019999999999527063,0.007491163320360003,0.003854803724266276,0.0011425654372994396,0.002712238286966836
07:52:15,294.006,294.007,294.005,294.007,0.04344918385618257,43.886431765939,0.0020000000000095497,0.0,0.0020000000000095497,0.006759008210979943,0.004391862340014541,0.00179242481784246,0.0025994375221720808
07:52:20,294.007,294.013,294.007,294.013,0.04640281296951798,47.83466283673236,0.005999999999971806,0.0,0.005999999999971806,0.006657807116178858,0.005241217525110642,0.002482183359296096,0.0027590341658145457
07:52:25,294.014,294.015,294.014,294.015,0.04957546081152486,53.756837700627024,0.0009999999999763531,0.0,0.0009999999999763531,0.006036766167356284,0.006006481929091478,0.003187043073255173,0.0028194388558363055
07:52:30,294.015,294.02,294.015,294.017,0.05258136551026382,59.05858489215941,0.0049999999999954525,0.002999999999985903,0.0020000000000095497,0.005898530678374841,0.00669714228064322,0.0038890629147327826,0.0028080793659104376
07:52:35,294.017,294.019,294.015,294.016,0.0540794736720045,63.461840316208054,0.004000000000019099,0.002999999999985903,0.0010000000000331966,0.005645393254594075,0.007082165151132358,0.004527683362012698,0.00255448178911966
07:52:40,294.017,294.026,294.017,294.026,0.058949041321170625,67.76409862089035,0.009000000000014552,0.0,0.009000000000014552,0.0062260074873136525,0.008100833609205438,0.0052423134114512465,0.0028585201977541913
07:52:45,294.025,294.026,294.021,294.021,0.057282678553065125,71.89287006240917,0.0049999999999954525,0.0049999999999954525,0.0,0.006062539822337893,0.008407758086491413,0.00587540234645928,0.002532355740032133
07:52:50,294.021,294.024,294.02,294.024,0.0523031648349388,73.91524112339495,0.004000000000019099,0.0,0.004000000000019099,0.0057875345126953874,0.008791727314132913,0.0064586673399940064,0.002333059974138907
07:52:55,294.024,294.032,294.023,294.031,0.0534120033742056,75.96485491437465,0.008999999999957708,0.0009999999999763531,0.007999999999981355,0.0062158632443303635,0.009550771839315075,0.007077088239858221,0.0024736835994568548
07:53:00,294.033,294.033,294.025,294.025,0.05125129009172724,78.85962989592562,0.008000000000038199,0.008000000000038199,0.0,0.006453748145091408,0.009557991660017251,0.007573268923890027,0.001984722736127224
07:53:05,294.025,294.028,294.021,294.022,0.049978521695265954,79.44817045235979,0.007000000000005002,0.006000000000028649,0.0009999999999763531,0.006526581725746555,0.009215408993497931,0.00790169693781161,0.0013137120556863217
07:53:10,294.022,294.026,294.022,294.024,0.04893131597964384,80.42650607646263,0.004000000000019099,0.0020000000000095497,0.0020000000000095497,0.006189704162316228,0.009001529024089905,0.008121663355067268,0.0008798656690226364
07:53:15,294.024,294.024,294.021,294.022,0.04635560488861756,79.23347821765883,0.002999999999985903,0.0020000000000095497,0.0009999999999763531,0.005764410274005518,0.008571833560608866,0.00821169739617559,0.0003601361644332765
07:53:20,294.022,294.022,294.02,294.02,0.045678971315055605,77.52650813016494,0.0020000000000095497,0.0020000000000095497,0.0,0.005262488904139389,0.0079779486982261,0.008164947656585693,-0.00018699895835959206
07:53:25,294.016,294.018,294.012,294.015,0.04157478992453889,72.20585298639972,0.005999999999971806,0.002999999999985903,0.002999999999985903,0.005627490383584985,0.0070228770972562415,0.007936533544719803,-0.0009136564474635615
07:53:30,294.015,294.017,294.012,294.015,0.03700981376857726,66.54170049500785,0.0049999999999954525,0.0020000000000095497,0.002999999999985903,0.005543824999106381,0.006194568838907344,0.007588140603557312,-0.001393571764649968
07:53:35,294.015,294.015,294.014,294.014,0.031907101988622344,60.782898897259884,0.0009999999999763531,0.0009999999999763531,0.0,0.0049379816658890446,0.005395243920418125,0.0071495612669294755,-0.001754317346511351
07:53:40,294.012,294.013,294.009,294.013,0.026126010420512102,56.53820776131361,0.003999999999962256,0.0,0.003999999999962256,0.004946250777103233,0.004627735862698046,0.00664519618608319,-0.0020174603233851438
07:53:45,294.016,294.023,294.016,294.023,0.02567735023797013,51.64789730935019,0.007000000000005002,0.0,0.007000000000005002,0.005620084006829168,0.004771394952967967,0.0062704359394601455,-0.0014990409864921788
07:53:50,294.023,294.025,294.018,294.018,0.022867121870149276,46.977534397960724,0.007000000000005002,0.007000000000005002,0.0,0.00580407280591928,0.004430713101157835,0.005902491371799684,-0.0014717782706418492
07:53:55,294.018,294.018,294.012,294.012,0.021010273163824422,40.60346008687935,0.005999999999971806,0.005999999999971806,0.0,0.00583019643179295,0.0036346721847735353,0.005448927534394455,-0.0018142553496209197
07:54:00,294.012,294.012,294.009,294.012,0.021280087047102825,35.63198588752247,0.002999999999985903,0.0,0.002999999999985903,0.00545283690755201,0.002969572638505724,0.004953056555216709,-0.001983483916710985
07:54:05,294.012,294.019,294.012,294.019,0.020904796717218233,30.353656987611128,0.007000000000005002,0.0,0.007000000000005002,0.005659125319879076,0.0029730465251418536,0.004557054549201738,-0.0015840080240598848
07:54:10,294.019,294.024,294.018,294.024,0.021150090195305893,26.01369476108074,0.006000000000028649,0.0,0.006000000000028649,0.0057045752772323524,0.003340747757988538,0.004313793190959098,-0.0009730454329705601
07:54:15,294.024,294.032,294.024,294.032,0.023446243095463615,25.006848060121683,0.007999999999981355,0.0,0.007999999999981355,0.006010631906932219,0.004228938208086674,0.004296822194384613,-6.788398629793864e-05
07:54:20,294.032,294.034,294.032,294.034,0.02595542737140022,23.69902980431314,0.0020000000000095497,0.0,0.0020000000000095497,0.005475880986009197,0.005036165048409202,0.004444690765189531,0.0005914742832196715
07:54:25,294.032,294.033,294.031,294.032,0.027757597339245876,22.661438390696482,0.0020000000000095497,0.0010000000000331966,0.0009999999999763531,0.0051457635212060916,0.0054516713757379875,0.004646086887299223,0.0008055844884387649
07:54:30,294.032,294.034,294.03,294.034,0.029862139373335594,21.88661859118974,0.004000000000019099,0.0,0.004000000000019099,0.004992995051714493,0.0058746273715541975,0.004891794984150218,0.0009828323874039799
07:54:35,294.034,294.036,294.03,294.036,0.03141839889315179,24.5837437522754,0.006000000000028649,0.0,0.006000000000028649,0.005127262378156381,0.006298599990714138,0.005173155985463002,0.001125444005251136
07:54:40,294.036,294.044,294.034,294.044,0.03690956229809217,28.407104771400913,0.009999999999990905,0.0,0.009999999999990905,0.0057769607277343175,0.007197169991627561,0.005577958786695913,0.0016192112049316478
07:54:45,294.047,294.047,294.042,294.042,0.04049951266244989,32.54889542461273,0.005000000000052296,0.005000000000052296,0.0,0.005673365964043382,0.007659614636338574,0.005994289956624445,0.0016653246797141289
07:54:50,294.042,294.043,294.038,294.04,0.042875093980228485,33.368097192512295,0.0049999999999954525,0.002999999999985903,0.0020000000000095497,0.005583583835503659,0.007775095601402882,0.006350451085580133,0.0014246445158227483
07:54:55,294.04,294.045,294.04,294.041,0.045049680174656714,35.153523305091504,0.0049999999999954525,0.004000000000019099,0.0009999999999763531,0.005505772657435898,0.007856739142710012,0.006651708697006109,0.0012050304457039028
07:55:00,294.039,294.045,294.039,294.044,0.047410414131036305,36.06625663842158,0.006000000000028649,0.0010000000000331966,0.0049999999999954525,0.005571669636448265,0.008070485630696567,0.006935464083744201,0.0011350215469523653
07:55:05,294.044,294.05,294.044,294.05,0.050085821081324866,39.52960587585623,0.006000000000028649,0.0,0.006000000000028649,0.005628780351592317,0.008624611960271977,0.007273293659049757,0.0013513183012222206
07:55:10,294.05,294.05,294.047,294.049,0.051328047116498965,42.22383447886096,0.002999999999985903,0.0010000000000331966,0.0019999999999527063,0.005278276304711462,0.008880698264476905,0.007594774580135187,0.0012859236843417183
07:55:15,294.049,294.049,294.043,294.046,0.0505610626116777,43.021616347685516,0.005999999999971806,0.002999999999985903,0.002999999999985903,0.005374506130746175,0.008740814904399485,0.007823982644988048,0.0009168322594114379
07:55:20,294.044,294.044,294.038,294.038,0.047390871870675255,41.09839988005134,0.005999999999971806,0.005999999999971806,0.0,0.005724571979977533,0.00789343261482145,0.007837872638954729,5.555997586672093e-05
07:55:25,294.038,294.039,294.033,294.038,0.04648259436373792,39.308221333474094,0.005999999999971806,0.0009999999999763531,0.0049999999999954525,0.005761295715976769,0.007139575463554593,0.0076982132038747025,-0.0005586377403201098
07:55:30,294.038,294.044,294.034,294.044,0.044607764250713444,36.12806429531472,0.009999999999990905,0.0,0.009999999999990905,0.0063264562871786535,0.006946216436574559,0.007547813850414675,-0.0006015974138401155
07:55:35,294.045,294.045,294.036,294.036,0.03871352272790318,33.57657724173374,0.009000000000014552,0.009000000000014552,0.0,0.00668292878222344,0.006077388521589455,0.007253728784649631,-0.0011763402630601758
07:55:40,294.036,294.039,294.035,294.039,0.030926738557923272,31.081951204459138,0.003999999999962256,0.0,0.003999999999962256,0.006325204944588616,0.00556674114073985,0.0069163312558676755,-0.0013495901151278251
07:55:45,294.041,294.044,294.041,294.044,0.025539237097973455,29.620546093890805,0.002999999999985903,0.0,0.002999999999985903,0.006148510951976194,0.005502083037299599,0.006633481612154061,-0.0011313985748544622
07:55:50,294.044,294.06,294.044,294.06,0.027538298690160445,29.415946246001926,0.016000000000019554,0.0,0.016000000000019554,0.007462042825048643,0.006665076454396512,0.006639800580602552,2.527587379396075e-05
07:55:55,294.06,294.06,294.053,294.053,0.028063086825000028,28.89291676402674,0.007000000000005002,0.007000000000005002,0.0,0.0074004371150428235,0.0069418937873706454,0.006700219221956171,0.00024167456541447467
07:56:00,294.052,294.057,294.052,294.057,0.029884690677931758,29.597848841153358,0.0049999999999954525,0.0,0.0049999999999954525,0.007080378833036508,0.007398751882647048,0.006839925754094346,0.0005588261285527016
07:56:05,294.058,294.06,294.056,294.056,0.029918485750158652,30.36385035977879,0.004000000000019099,0.004000000000019099,0.0,0.006669661655300854,0.007592600796215265,0.0069904607625185305,0.0006021400336967348
07:56:10,294.055,294.055,294.051,294.051,0.02870980027284986,29.690325568343013,0.004000000000019099,0.004000000000019099,0.0,0.006447040101260134,0.007259090961611037,0.007044186802337032,0.0002149041592740047
07:56:15,294.051,294.054,294.046,294.046,0.027311844358223425,26.675096564335995,0.007999999999981355,0.007999999999981355,0.0,0.00665410142108963,0.0065162090004378115,0.006938591241957188,-0.00042238224151937634
07:56:20,294.044,294.046,294.043,294.044,0.027311844358223425,23.345818190067146,0.002999999999985903,0.0020000000000095497,0.0009999999999763531,0.0061668878982758,0.005700376022332421,0.006690948198032235,-0.0009905721756998144
07:56:25,294.044,294.044,294.041,294.042,0.027311844358223425,22.327477145527855,0.002999999999985903,0.0020000000000095497,0.0009999999999763531,0.005744636178503814,0.00483668493092182,0.0063200955446101525,-0.001483410613688333
07:56:30,294.042,294.044,294.036,294.036,0.028257462919782483,24.159847136391395,0.007999999999981355,0.007999999999981355,0.0,0.00604535135470082,0.003626252481183201,0.005781326931924763,-0.002155074450741562
07:56:35,294.036,294.039,294.034,294.038,0.028799853803093356,25.07464416542253,0.0049999999999954525,0.0009999999999763531,0.004000000000019099,0.005905971174073438,0.002796127314240948,0.005184287008388,-0.0023881596941470514
07:56:40,294.038,294.045,294.038,294.045,0.028768403723006486,25.226883293837655,0.007000000000005002,0.0,0.007000000000005002,0.006051841684197647,0.002672284208358633,0.004681886448382126,-0.0020096022400234934
07:56:45,294.045,294.05,294.045,294.05,0.028768403723006486,25.682621133275358,0.0049999999999954525,0.0,0.0049999999999954525,0.005911596126304022,0.0029436631514840883,0.004334241789002519,-0.0013905786375184304
07:56:50,294.049,294.052,294.048,294.052,0.029189039041057185,26.902860887606217,0.004000000000019099,0.0,0.004000000000019099,0.005656716642799366,0.0032822801223346687,0.004123849455668949,-0.0008415693333342807
07:56:55,294.051,294.06,294.051,294.059,0.03150672443098301,28.1471462841935,0.009000000000014552,0.0009999999999763531,0.008000000000038199,0.006102487757094724,0.004068577975601784,0.004112795159655517,-4.421718405373323e-05
07:57:00,294.058,294.06,294.057,294.058,0.03208934894905724,27.00839056006148,0.002999999999985903,0.0020000000000095497,0.0009999999999763531,0.005688822722813548,0.0045584856614482305,0.00420193326001406,0.0003565524014341702
07:57:05,294.058,294.058,294.05,294.052,0.03106258538377915,23.673628018348182,0.007999999999981355,0.005999999999971806,0.0020000000000095497,0.005996979693102589,0.004411735436292474,0.004243893695269743,0.0001678417410227312
07:57:10,294.051,294.058,294.051,294.057,0.031785465069560814,20.714433474751264,0.007000000000005002,0.0009999999999763531,0.006000000000028649,0.00613071573402291,0.0046453444002168,0.0043241838362591545,0.00032116056395764536
07:57:15,294.057,294.058,294.053,294.054,0.02971513880038401,17.373564460993016,0.0049999999999954525,0.004000000000019099,0.0009999999999763531,0.005979953636152583,0.004536116729184414,0.004366570414844207,0.0001695463143402071
07:57:20,294.054,294.054,294.044,294.044,0.028518507383864744,17.11822368875452,0.009999999999990905,0.009999999999990905,0.0,0.006515959817997693,0.003601125058423804,0.004213481343560126,-0.0006123562851363222
07:57:25,294.043,294.043,294.04,294.04,0.029425373945286992,19.081516742348956,0.002999999999985903,0.002999999999985903,0.0,0.006180498508926302,0.002508454945370886,0.003872476063922278,-0.0013640211185513922
07:57:30,294.04,294.04,294.037,294.039,0.02922940120754447,21.843900858296262,0.0030000000000427463,0.0010000000000331966,0.0020000000000095497,0.005756432041075161,0.0015440159115200913,0.003406784033441841,-0.0018627681219217495
07:57:35,294.039,294.039,294.027,294.027,0.03470840941884035,25.297641269094154,0.012000000000000455,0.012000000000000455,0.0,0.006588907768931867,-0.00018645929634431013,0.002688135367484611,-0.002874594663828921
07:57:40,294.027,294.03,294.027,294.028,0.03749863155587718,27.645413927781476,0.002999999999985903,0.0019999999999527063,0.0010000000000331966,0.0061103867330724055,-0.001460347743602597,0.0018584387452671692,-0.003318786488869766
07:57:45,294.026,294.032,294.026,294.031,0.03848225838794406,28.797531630466626,0.005999999999971806,0.0009999999999763531,0.0049999999999954525,0.0060956685019923264,-0.002202450113998111,0.0010462609734141132,-0.0032487110874122246
07:57:50,294.031,294.035,294.031,294.035,0.038917456509238946,30.70370889640148,0.004000000000019099,0.0,0.004000000000019099,0.005816246035062563,-0.0024396818843115398,0.0003490724018689826,-0.0027887542861805225
07:57:55,294.035,294.035,294.027,294.027,0.04164815027252189,32.74300941128659,0.008000000000038199,0.008000000000038199,0.0,0.0061074132303926484,-0.003235921227144445,-0.0003679263239337029,-0.002867994903210742
07:58:00,294.027,294.027,294.019,294.021,0.0459908457714846,35.39356490294229,0.007999999999981355,0.005999999999971806,0.0020000000000095497,0.006359758133004476,-0.004301511353560272,-0.0011546433298590167,-0.0031468680237012555
07:58:05,294.02,294.02,294.015,294.016,0.05142966581968267,37.02055876457192,0.0049999999999954525,0.003999999999962256,0.0010000000000331966,0.006311790381941033,-0.005486215739097133,-0.00202095781170664,-0.003465257927390493
07:58:10,294.018,294.018,294.01,294.011,0.05772676110223074,39.07140355545511,0.007999999999981355,0.006999999999948159,0.0010000000000331966,0.006536884997679742,-0.006750742357553463,-0.002966914720876005,-0.003783827636677458
07:58:15,294.011,294.011,294.008,294.009,0.06374785858076848,43.472859532098596,0.0030000000000427463,0.0020000000000095497,0.0010000000000331966,0.006065300331328143,-0.00782408096341669,-0.003938347969384142,-0.0038857329940325484
07:58:20,294.009,294.02,294.009,294.02,0.06525738514301338,44.77713816462555,0.010999999999967258,0.0,0.010999999999967258,0.006723260287146692,-0.007698359575215363,-0.004690350290550387,-0.0030080092846649763
07:58:25,294.02,294.02,294.01,294.011,0.06773912808387195,46.0814167971525,0.009999999999990905,0.008999999999957708,0.0010000000000331966,0.0071601589155259205,-0.008230078036604027,-0.005398295839761116,-0.0028317821968429115
07:58:30,294.011,294.011,294.005,294.005,0.07053002346765425,47.000798180569845,0.006000000000028649,0.006000000000028649,0.0,0.007005471060126285,-0.009031508990233306,-0.0061249384698555545,-0.002906570520377751
07:58:35,294.005,294.01,294.005,294.01,0.06843667837597422,47.19634544631287,0.0049999999999954525,0.0,0.0049999999999954525,0.006738074918775508,-0.009157627156355375,-0.0067314762071555186,-0.002426150949199856
07:58:40,294.01,294.01,294.007,294.008,0.06560969119470883,46.90685101996485,0.002999999999985903,0.0020000000000095497,0.0009999999999763531,0.0062396649296035615,-0.00931162142148878,-0.007247505250022171,-0.0020641161714666095
07:58:45,294.011,294.016,294.011,294.016,0.06197418817282596,43.19298501053985,0.0049999999999954525,0.0,0.0049999999999954525,0.0064743762723281795,-0.008687980217018776,-0.007535600243421493,-0.001152379973597283
07:58:50,294.018,294.03,294.018,294.03,0.054674539438451575,41.42272299539177,0.012000000000000455,0.0,0.012000000000000455,0.007477792769344844,-0.006983554997304964,-0.007425191194198187,0.00044163619689322354
07:58:55,294.03,294.034,294.029,294.034,0.04798069786954784,40.9821168847646,0.0049999999999954525,0.0,0.0049999999999954525,0.007147420400098259,-0.005249506121515424,-0.006990054179661634,0.0017405480581462107
07:59:00,294.034,294.035,294.033,294.034,0.04505715667949062,41.823840119021476,0.0020000000000095497,0.0010000000000331966,0.0009999999999763531,0.0064610976800864315,-0.0038310973883426414,-0.006358262821397836,0.0025271654330551946
07:59:05,294.034,294.035,294.032,294.032,0.04297563568775331,41.604125094383825,0.0030000000000427463,0.0030000000000427463,0.0,0.00599961798941394,-0.002835693424913188,-0.005653748942100907,0.0028180555171877187
07:59:10,294.03,294.031,294.025,294.026,0.040178024886813546,38.181527917043105,0.006000000000028649,0.0049999999999954525,0.0010000000000331966,0.006133002257492748,-0.002502135408860795,-0.005023426235452885,0.0025212908265920897
07:59:15,294.026,294.028,294.026,294.028,0.040302017706039805,34.6495084987503,0.0020000000000095497,0.0,0.0020000000000095497,0.005581935289828322,-0.0020527422577174548,-0.004429289439905799,0.002376547182188344
07:59:20,294.028,294.034,294.021,294.034,0.041445461939702,31.985808382931427,0.012999999999976808,0.0,0.012999999999976808,0.006571010584514787,-0.0011986280537144012,-0.0037831571626675197,0.0025845291089531186
07:59:25,294.032,294.033,294.03,294.031,0.041445461939702,28.961932146022594,0.0030000000000427463,0.0020000000000095497,0.0010000000000331966,0.006228209173248696,-0.0007551069189162263,-0.0031775471139172612,0.002422440195001035
07:59:30,294.03,294.035,294.03,294.03,0.04034117655589853,29.486327815043353,0.005000000000052296,0.005000000000052296,0.0,0.006064447950155843,-0.00047878572303261535,-0.002637794835740332,0.002159009112707717
07:59:35,294.03,294.034,294.03,294.034,0.04158947234736843,30.010723484064112,0.004000000000019099,0.0,0.004000000000019099,0.005789188223470944,6.224980904789845e-05,-0.002097785906782686,0.0021600357158305843
07:59:40,294.034,294.037,294.034,294.034,0.04293005326462662,30.396708268544366,0.002999999999985903,0.002999999999985903,0.0,0.005417296460339605,0.00048542864686851317,-0.001581142996052446,0.002066571642920959
07:59:45,294.034,294.048,294.034,294.048,0.04799780696384914,32.33994437089374,0.014000000000010004,0.0,0.014000000000010004,0.006561656932295659,0.0019282561847830948,-0.000879263159885338,0.0028075193446684328
07:59:50,294.048,294.051,294.048,294.048,0.05072775633573201,34.55232427451174,0.002999999999985903,0.002999999999985903,0.0,0.006086769341321025,0.0030367021910251424,-9.607008970324187e-05,0.0031327722807283844
07:59:55,294.048,294.057,294.048,294.048,0.05164208809594584,39.44192012632123,0.009000000000014552,0.009000000000014552,0.0,0.006475200095813495,0.0038705365014379822,0.0006972512285250029,0.003173285272912979
08:00:00,294.048,294.05,294.044,294.045,0.05317854731481475,40.725347238890876,0.006000000000028649,0.0049999999999954525,0.0010000000000331966,0.006411840083042183,0.0042404005737353145,0.0014058810975670654,0.002834519476168249
08:00:05,294.045,294.05,294.045,294.05,0.053317322156431146,41.483532961836126,0.0049999999999954525,0.0,0.0049999999999954525,0.006223594738635953,0.004880716863112866,0.0021008482506762256,0.0027798686124366405
08:00:10,294.045,294.045,294.041,294.043,0.048144956558076046,40.48069261757604,0.004000000000019099,0.0020000000000095497,0.0020000000000095497,0.006593782106819766,0.004768363906180184,0.002634351381777017,0.002134012524403167
08:00:15,294.043,294.044,294.042,294.042,0.043468076609315176,40.24888658752654,0.0020000000000095497,0.0020000000000095497,0.0,0.0059812778259117376,0.004546225676051563,0.0030167262406319262,0.0015294994354196367
08:00:20,294.042,294.042,294.038,294.038,0.03546681176499078,40.503803010039405,0.003999999999962256,0.003999999999962256,0.0,0.005717107449118474,0.004001288593485697,0.0032136387112026805,0.0007876498822830163
08:00:25,294.037,294.037,294.033,294.034,0.030053286009206204,40.42299342361337,0.003999999999962256,0.002999999999985903,0.0009999999999763531,0.005621493122568738,0.003209656536228067,0.003212842276207758,-3.1857399796909706e-06
08:00:30,294.03,294.03,294.027,294.027,0.030765667809077968,40.430547507889244,0.002999999999985903,0.002999999999985903,0.0,0.0058052940395602395,0.0019944501490840594,0.0029691638507830186,-0.0009747137016989592
08:00:35,294.027,294.036,294.027,294.035,0.03069647673862619,38.78469033849602,0.009000000000014552,0.0009999999999763531,0.008000000000038199,0.006231254834287481,0.0016578132343738616,0.002706893727501187,-0.0010490804931273254
08:00:40,294.035,294.042,294.03,294.03,0.031234933209134397,37.496202972774675,0.012000000000000455,0.012000000000000455,0.0,0.007000420856382545,0.0009763135065554707,0.0023607776833120438,-0.001384464176756573
08:00:45,294.029,294.029,294.024,294.028,0.03195457301831084,35.47140726576728,0.0049999999999954525,0.0009999999999763531,0.004000000000019099,0.0068670314088611125,0.00027170473396154193,0.0019429630934419434,-0.0016712583594804015
08:00:50,294.029,294.029,294.015,294.015,0.03626568626032167,34.340652613659714,0.014000000000010004,0.014000000000010004,0.0,0.007818093887680965,-0.001320472563520525,0.0012902759620494499,-0.002610748525569975
08:00:55,294.015,294.015,294.013,294.013,0.0412290137992386,31.947629220519424,0.0020000000000095497,0.0020000000000095497,0.0,0.007042348035991444,-0.0027124009582166764,0.0004897405779962246,-0.003202141536212901
08:01:00,294.013,294.013,294.01,294.012,0.046228266585103484,29.72376870988648,0.002999999999985903,0.0009999999999763531,0.0020000000000095497,0.006503368297857372,-0.003851804675321091,-0.00037856847266723854,-0.0034732362026538527
08:01:05,294.007,294.011,294.007,294.009,0.05142639092991885,27.47349584503503,0.004000000000019099,0.0020000000000095497,0.0020000000000095497,0.006302919191475784,-0.004939920924641683,-0.0012908389630621275,-0.0036490819615795558
08:01:10,294.009,294.02,294.009,294.018,0.05313696304790483,24.37303382208724,0.010999999999967258,0.0020000000000095497,0.008999999999957708,0.00692919663260798,-0.0050181895424543654,-0.0020363090789405755,-0.00298188046351379
08:01:15,294.018,294.024,294.018,294.024,0.05365739268086145,20.940413006247812,0.006000000000028649,0.0,0.006000000000028649,0.00680530374826407,-0.004543691285277873,-0.0025377855202080354,-0.002005905765069838
08:01:20,294.025,294.03,294.02,294.02,0.05468031493990111,20.251912339892357,0.009999999999990905,0.009999999999990905,0.0,0.0072312632484943145,-0.004439241752947964,-0.0029180767667560214,-0.001521164986191943
08:01:25,294.019,294.025,294.019,294.025,0.05261338632749357,18.888298535743363,0.005999999999971806,0.0,0.005999999999971806,0.00706709481535798,-0.003907958025308744,-0.003116053018466566,-0.0007919050068421782
08:01:30,294.025,294.04,294.025,294.04,0.05078914098396581,21.257982963106794,0.015000000000043201,0.0,0.015000000000043201,0.008124815506649345,-0.0022505937596974945,-0.002942961166712752,0.0006923674070152576
08:01:35,294.04,294.04,294.035,294.035,0.0481274623406307,23.67560470608305,0.0049999999999954525,0.0049999999999954525,0.0,0.007708173439095493,-0.0013253015999339368,-0.002619429253356989,0.0012941276534230522
08:01:40,294.034,294.034,294.029,294.029,0.045759554650999235,23.115866526363863,0.0049999999999954525,0.0049999999999954525,0.0,0.007480416980553248,-0.001063886926658597,-0.0023083207880173107,0.0012444338613587136
08:01:45,294.029,294.043,294.029,294.043,0.043334682837098626,25.586560543629947,0.014000000000010004,0.0,0.014000000000010004,0.008349694716480817,0.00026985832363379814,-0.001792684965687089,0.002062543289320887
08:01:50,294.044,294.044,294.034,294.034,0.041416498107992084,27.364158649637897,0.009999999999990905,0.009999999999990905,0.0,0.00856973542094883,0.0005937914021387769,-0.001315389692121916,0.0019091810942606928
08:01:55,294.034,294.04,294.034,294.04,0.04086383035541985,29.8780650969319,0.006000000000028649,0.0,0.006000000000028649,0.008227104031492806,0.0013194507496336882,-0.0007884216037707952,0.0021078723534044834
08:02:00,294.041,294.043,294.039,294.043,0.04217457452762119,31.202509419281178,0.004000000000019099,0.0,0.004000000000019099,0.007663490160629645,0.0021122670390241183,-0.0002082838752118125,0.0023205509142359307
08:02:05,294.043,294.045,294.043,294.044,0.044326064564302214,32.4952246392622,0.0020000000000095497,0.0010000000000331966,0.0009999999999763531,0.006908358139213633,0.0027891200630278945,0.00039119691243612894,0.0023979231505917653
08:02:10,294.044,294.044,294.037,294.038,0.04515936692223477,31.30689690348556,0.007000000000005002,0.005999999999971806,0.0010000000000331966,0.006920577053985815,0.0028090006936736245,0.0008747576686836281,0.0019342430249899964
08:02:15,294.039,294.045,294.037,294.045,0.04716600024096351,29.90116065212195,0.008000000000038199,0.0,0.008000000000038199,0.007064500113459465,0.003350969840766993,0.001370000103100301,0.001980969737666692
08:02:20,294.047,294.057,294.046,294.057,0.05330981937618162,32.798203664354176,0.011000000000024102,0.0,0.011000000000024102,0.0077225667649982645,0.004694666809655246,0.00203493344441129,0.002659733365243956
08:02:25,294.057,294.062,294.052,294.058,0.05857105446295918,36.52581588506147,0.009999999999990905,0.004000000000019099,0.005999999999971806,0.00802622452966395,0.00577369244848569,0.00278268524522617,0.00299100720325952
08:02:30,294.058,294.061,294.057,294.059,0.06092756700343216,39.03730229787059,0.003999999999962256,0.0019999999999527063,0.0020000000000095497,0.007489394592370391,0.006633057921021646,0.0035527597803852655,0.00308029814063638
08:02:35,294.058,294.059,294.058,294.059,0.061276251087519995,42.23687602741081,0.0010000000000331966,0.0,0.0010000000000331966,0.006624141980058766,0.0072307595542611125,0.004288359735160435,0.002942399819100677
08:02:40,294.058,294.06,294.058,294.06,0.06007714339011727,43.491314196301275,0.0020000000000095497,0.0,0.0020000000000095497,0.006007589716052204,0.007696414571171317,0.004969970702362612,0.002726443868808705
08:02:45,294.06,294.062,294.06,294.06,0.055796245865849414,44.98994887366772,0.0020000000000095497,0.0020000000000095497,0.0,0.005473244420579851,0.007973535572205037,0.005570683676331098,0.0024028518958739394
08:02:50,294.057,294.058,294.053,294.053,0.05200971569286139,44.9199064551106,0.0049999999999954525,0.0049999999999954525,0.0,0.005676811831169871,0.0075413821049323815,0.005964823362051355,0.0015765587428810263
08:02:55,294.05,294.053,294.049,294.053,0.0493473190244913,42.378980987155465,0.004000000000019099,0.0,0.004000000000019099,0.005453236920349769,0.007116858652125302,0.0061952304200661445,0.0009216282320591573
08:03:00,294.056,294.057,294.047,294.047,0.043507289167791896,40.74349579542114,0.009999999999990905,0.009999999999990905,0.0,0.006059471997635253,0.006224518526380507,0.006201088041329018,2.3430485051489057e-05
08:03:05,294.047,294.053,294.047,294.053,0.039051922255112004,39.1080106036868,0.005999999999971806,0.0,0.005999999999971806,0.006051542397946794,0.005933089441839456,0.006147488321431106,-0.0002143988795916497
08:03:10,294.053,294.053,294.048,294.048,0.03840833243259567,37.0665865602574,0.0049999999999954525,0.0049999999999954525,0.0,0.005911336744886616,0.005238287857707746,0.005965648228686435,-0.0007273603709786886
08:03:15,294.048,294.049,294.047,294.047,0.03646483526358679,34.31228613883633,0.0019999999999527063,0.0019999999999527063,0.0,0.005389825178895428,0.00455445997431525,0.005683410577812198,-0.0011289506034969478
08:03:20,294.048,294.052,294.048,294.051,0.03153344090060273,34.59457022082745,0.004000000000019099,0.0010000000000331966,0.002999999999985903,0.005337848488375432,0.0042858830290128935,0.005403905068052337,-0.0011180220390394433
08:03:25,294.051,294.072,294.051,294.072,0.03667151483557518,37.60260549943761,0.021000000000015007,0.0,0.021000000000015007,0.007426135356594043,0.005701831199701246,0.005463490294382119,0.00023834090531912704
08:03:30,294.071,294.071,294.068,294.068,0.03596196822024922,38.741547723027054,0.0030000000000427463,0.0030000000000427463,0.0,0.006969317309050717,0.006427125849711501,0.005656217405447996,0.0007709084442635052
08:03:35,294.07,294.07,294.063,294.064,0.03519509535783527,37.5204663021086,0.007000000000005002,0.005999999999971806,0.0010000000000331966,0.006973408334511289,0.006603044725295604,0.005845582869417517,0.0007574618558780864
08:03:40,294.063,294.063,294.06,294.06,0.034005572305090936,35.42386717561283,0.002999999999985903,0.002999999999985903,0.0,0.00657695388991233,0.006346536212163301,0.005945773537966674,0.0004007626741966263
08:03:45,294.06,294.061,294.059,294.059,0.03261191258650342,32.56988975273527,0.0019999999999527063,0.0019999999999527063,0.0,0.005966693371251048,0.0059934707251159125,0.005955312975396523,3.815774971938947e-05
08:03:50,294.058,294.058,294.049,294.049,0.028899826996962474,29.212955767735938,0.009000000000014552,0.009000000000014552,0.0,0.0065044675884239405,0.004850830007626428,0.005734416381842505,-0.000883586374216077
08:03:55,294.047,294.065,294.044,294.065,0.02795183828732206,25.02951570903619,0.021000000000015007,0.0,0.021000000000015007,0.00843720524330275,0.005176671838569291,0.005622867473187862,-0.00044619563461857116
08:04:00,294.066,294.067,294.063,294.064,0.028623876681535876,24.409258850462653,0.004000000000019099,0.002999999999985903,0.0010000000000331966,0.007845577877531595,0.005293195531294259,0.0055569330848091415,-0.00026373755351488237
08:04:05,294.064,294.07,294.063,294.069,0.030435436418315476,25.67471297898704,0.007000000000005002,0.0009999999999763531,0.006000000000028649,0.00773283416052805,0.005723028105023786,0.005590152088852071,0.00013287601617171553
08:04:10,294.069,294.075,294.069,294.072,0.032915202062781646,26.78459521578512,0.005999999999971806,0.002999999999985903,0.002999999999985903,0.007501789605787217,0.006233888063320592,0.0057188992837457755,0.0005149887795748162
08:04:15,294.073,294.073,294.064,294.064,0.03326195868044124,26.469499126694252,0.008999999999957708,0.008999999999957708,0.0,0.007701550991676616,0.005924916371782274,0.005760102701353075,0.0001648136704291989
08:04:20,294.064,294.064,294.055,294.063,0.03345318803940245,26.215453952302273,0.009000000000014552,0.0010000000000331966,0.007999999999981355,0.007874677526121674,0.005535552039475533,0.005715192568977567,-0.00017964052950203424
08:04:25,294.063,294.064,294.06,294.06,0.03345318803940245,26.411031681433823,0.004000000000019099,0.004000000000019099,0.0,0.007358053855974664,0.004928095060677151,0.005557773067317485,-0.000629678006640334
08:04:30,294.064,294.066,294.064,294.064,0.03322396092414692,25.0786291429714,0.0019999999999527063,0.0019999999999527063,0.0,0.007176980008507616,0.004715094919902185,0.005389237437834426,-0.0006741425179322405
08:04:35,294.065,294.065,294.061,294.061,0.032651267413484675,21.503301911623815,0.004000000000019099,0.004000000000019099,0.0,0.006753382674042481,0.004255164953008261,0.005162422940869193,-0.0009072579878609318
08:04:40,294.061,294.063,294.061,294.063,0.030341217415411847,18.007042374760356,0.0020000000000095497,0.0,0.0020000000000095497,0.006119598317504757,0.004005873213088762,0.004931112995313107,-0.0009252397822243448
08:04:45,294.063,294.063,294.062,294.062,0.02944754480949996,16.37239606682136,0.0009999999999763531,0.0009999999999763531,0.0,0.00543698520850097,0.0036851361152798745,0.004681917619306461,-0.0009967815040265865
08:04:50,294.064,294.068,294.059,294.066,0.026919763832552235,15.155703670294091,0.008999999999957708,0.0020000000000095497,0.006999999999948159,0.005912053847361869,0.0037109388321709957,0.004487721861879368,-0.0007767830297083726
08:04:55,294.069,294.069,294.06,294.061,0.02289656376365201,14.565262637615765,0.009000000000014552,0.008000000000038199,0.0009999999999763531,0.006323780001048893,0.003290004335951835,0.004248178356693862,-0.000958174020742027
08:05:00,294.061,294.062,294.06,294.062,0.02003785891974985,14.35619513571557,0.0020000000000095497,0.0,0.0020000000000095497,0.005747276000910314,0.0030024915046169554,0.0039990409862784805,-0.0009965494816615251
08:05:05,294.062,294.063,294.06,294.063,0.01832915424517978,15.088280757802993,0.002999999999985903,0.0,0.002999999999985903,0.005380972534120393,0.0028227878161715125,0.0037637903522570867,-0.0009410025360855742
08:05:10,294.064,294.064,294.057,294.059,0.018005847020162946,14.336560908392686,0.007000000000005002,0.0049999999999954525,0.0020000000000095497,0.005596842862905007,0.0023307374868295483,0.003477179779171579,-0.001146442292342031
08:05:15,294.06,294.061,294.059,294.059,0.01820930937628873,13.718110675259648,0.0019999999999527063,0.0019999999999527063,0.0,0.005117263814511368,0.001918666858614415,0.0031654771950601467,-0.0012468103364457316
08:05:20,294.059,294.061,294.059,294.06,0.01820930937628873,12.234423603405292,0.0019999999999527063,0.0009999999999763531,0.0009999999999763531,0.00470162863923688,0.0016537264307316946,0.0028631270421944563,-0.0012094006114627617
08:05:25,294.06,294.065,294.06,294.063,0.017957845392061245,13.930318254239456,0.0049999999999954525,0.0020000000000095497,0.002999999999985903,0.004741411487338023,0.0016666223754668863,0.0026238261088489426,-0.0009572037333820563
08:05:30,294.063,294.065,294.062,294.062,0.012774975562024338,15.565161990374731,0.002999999999985903,0.002999999999985903,0.0,0.004509223289024407,0.0015779611085235956,0.0024146531087838735,-0.0008366920002602779
08:05:35,294.063,294.063,294.061,294.062,0.012680694011237392,16.36817736097033,0.0020000000000095497,0.0009999999999763531,0.0010000000000331966,0.004174660183822426,0.0014905146902037814,0.002229825425067855,-0.0007393107348640736
08:05:40,294.063,294.065,294.06,294.061,0.012755184728007407,18.584160603621807,0.0049999999999954525,0.004000000000019099,0.0009999999999763531,0.004284705492645496,0.001325244536928949,0.002048909247440074,-0.0007236647105111249
08:05:45,294.059,294.069,294.057,294.068,0.012371444223731487,21.346591355297637,0.012000000000000455,0.0010000000000331966,0.010999999999967258,0.005313411426959491,0.0017390614306123098,0.001986939684074521,-0.0002478782534622113
08:05:50,294.068,294.068,294.065,294.067,0.009754890841691122,23.829791560785765,0.002999999999985903,0.0009999999999763531,0.0020000000000095497,0.005004956570029679,0.0019636865019379,0.001982289047647197,-1.8602545709296703e-05
08:05:55,294.066,294.073,294.062,294.064,0.009754890841691122,27.481918699423755,0.010999999999967258,0.008999999999957708,0.0020000000000095497,0.005804295694021357,0.001877980372626098,0.001961427312642977,-8.344694001687905e-05
08:06:00,294.063,294.065,294.059,294.062,0.009752732441143053,29.46445856228695,0.005999999999971806,0.002999999999985903,0.002999999999985903,0.005830389601481417,0.0016298860505798984,0.0018951190602303613,-0.00026523300965046286
08:06:05,294.061,294.062,294.059,294.062,0.009490161141570752,31.147421994820967,0.002999999999985903,0.0,0.002999999999985903,0.005453004321282016,0.0014169359571951645,0.0017994824396233222,-0.00038254648242815764
08:06:10,294.062,294.069,294.061,294.069,0.011057743206151827,34.51341102153087,0.008000000000038199,0.0,0.008000000000038199,0.005792603745116174,0.001792351856067853,0.0017980563229122283,-5.7044668443752625e-06
08:06:15,294.07,294.077,294.07,294.077,0.01669036912926458,38.46662322276304,0.007000000000005002,0.0,0.007000000000005002,0.006086923245764864,0.0027042320975283474,0.0019792914778354524,0.000724940619692895
08:06:20,294.077,294.077,294.072,294.077,0.020523670560237406,43.505960811556314,0.0049999999999954525,0.0,0.0049999999999954525,0.005942000146328943,0.003387850724323016,0.0022610033271329654,0.0011268473971900506
08:06:25,294.078,294.079,294.074,294.076,0.022886447394284914,48.0171138017515,0.0049999999999954525,0.002999999999985903,0.0020000000000095497,0.005816400126817812,0.0038050692983233603,0.0025698165213710444,0.001235252776952316
08:06:30,294.076,294.076,294.069,294.075,0.02457127121419944,49.768993172149955,0.007000000000005002,0.0010000000000331966,0.005999999999971806,0.005974213443242771,0.004008815254678666,0.0028576162680325687,0.0011511989866460973
08:06:35,294.078,294.078,294.071,294.071,0.024673872834796384,50.183597884496116,0.006999999999948159,0.006999999999948159,0.0,0.006110984984136823,0.003803672453955187,0.0030468275052170923,0.0007568449487380946
08:06:40,294.07,294.085,294.07,294.082,0.02820899447181091,51.712602540538,0.014999999999986358,0.002999999999985903,0.012000000000000455,0.007296186986250095,0.004477094220305844,0.003332880848234843,0.001144213372071001
08:06:45,294.082,294.083,294.074,294.076,0.029059648287557138,53.77949769630107,0.009000000000014552,0.007000000000005002,0.0020000000000095497,0.007523362054752023,0.00447505037089968,0.0035613147527678106,0.0009137356181318696
08:06:50,294.076,294.076,294.075,294.076,0.02879985381332517,55.62916456492409,0.0010000000000331966,0.0,0.0010000000000331966,0.00665358044745618,0.004422451339394229,0.0037335420700930944,0.0006889092693011345
08:06:55,294.075,294.075,294.073,294.075,0.02792094103187992,54.82839867926098,0.0020000000000095497,0.0,0.0020000000000095497,0.006166436387801056,0.004251070886311936,0.0038370478333368627,0.00041402305297507346
08:07:00,294.074,294.074,294.067,294.067,0.026640689115197347,51.2681535711515,0.007000000000005002,0.007000000000005002,0.0,0.006410911536091762,0.0034301765611530755,0.0037556735789001055,-0.0003254970177470301
08:07:05,294.067,294.067,294.062,294.062,0.02686339714193764,48.01613241130239,0.0049999999999954525,0.0049999999999954525,0.0,0.006222789997945588,0.00234907500657755,0.0034743538644355946,-0.0011252788578580445
08:07:10,294.062,294.062,294.054,294.055,0.02915223202967354,48.6228904158076,0.008000000000038199,0.007000000000005002,0.0010000000000331966,0.006459751331557937,0.0009168834750994392,0.002962859786568364,-0.0020459763114689246
08:07:15,294.061,294.068,294.06,294.068,0.028388285217374687,47.157564482873,0.007999999999981355,0.0,0.007999999999981355,0.00733178448734712,0.0008213843154294409,0.0025345646923405794,-0.0017131803769111385
08:07:20,294.068,294.071,294.067,294.071,0.027253198763787623,43.15328119504476,0.004000000000019099,0.0,0.004000000000019099,0.006887546555703385,0.0009765187706989309,0.00222295550801225,-0.001246436737313319
08:07:25,294.071,294.075,294.069,294.074,0.02741033229540335,38.74211667719526,0.005999999999971806,0.0009999999999763531,0.0049999999999954525,0.006769207014939174,0.001326250679937857,0.0020436145423973714,-0.0007173638624595143
08:07:30,294.074,294.076,294.073,294.076,0.02767860661094801,34.57430423899248,0.0030000000000427463,0.0,0.0030000000000427463,0.006266646079619651,0.0017446873532094287,0.001983829104559783,-0.00023914175135035434
08:07:35,294.076,294.077,294.074,294.076,0.027292566960682052,30.473773582868727,0.002999999999985903,0.0009999999999763531,0.0020000000000095497,0.005831093269001818,0.0020526398766378406,0.0019975912589753945,5.504861766244618e-05
08:07:40,294.076,294.076,294.068,294.068,0.026061465821840102,28.478295033627806,0.008000000000038199,0.008000000000038199,0.0,0.006120280833140002,0.0016323446756700832,0.0019245419423143321,-0.0002921972666442489
08:07:45,294.072,294.078,294.071,294.071,0.02444844200715579,25.443384095065593,0.006999999999948159,0.006999999999948159,0.0,0.006637576722053455,0.0015237675845014564,0.0018443870707517572,-0.0003206194862503007
08:07:50,294.071,294.071,294.061,294.07,0.02435785836132709,23.54993089651376,0.010000000000047748,0.0010000000000331966,0.009000000000014552,0.007085899825786028,0.0013415631104294334,0.0017438222786872926,-0.0004022591682578591
08:07:55,294.07,294.077,294.068,294.075,0.024086685571887756,20.262658861794485,0.009000000000014552,0.0020000000000095497,0.007000000000005002,0.007341113182349831,0.001582382247647729,0.0017115342724793798,-0.00012915202483165084
08:08:00,294.075,294.075,294.066,294.067,0.024016660899860653,16.738116627671047,0.009000000000014552,0.007999999999981355,0.0010000000000331966,0.007562298091371794,0.0011148487256491535,0.0015921971631133345,-0.00047734843746418103
08:08:05,294.073,294.076,294.072,294.076,0.024016660899860653,14.342576446873853,0.004000000000019099,0.0,0.004000000000019099,0.007753991679190829,0.0014537914223637927,0.0015645160149634263,-0.00011072459259963362
08:08:10,294.076,294.088,294.076,294.088,0.028063086838301388,16.1840133212231,0.012000000000000455,0.0,0.012000000000000455,0.008320126121965445,0.0026600423508398308,0.0017836212821387074,0.0008764210687011234
08:08:15,294.092,294.094,294.088,294.09,0.0322170272203266,17.391029717317913,0.005999999999971806,0.004000000000019099,0.0019999999999527063,0.008010775972366293,0.0037343410287462575,0.0021737652314602176,0.00156057579728604
08:08:20,294.094,294.096,294.09,294.092,0.03559479560976797,17.22511389950215,0.006000000000028649,0.004000000000019099,0.0020000000000095497,0.007742672509387941,0.004693015593659311,0.002677615303900036,0.002015400289759275
08:08:25,294.09,294.091,294.078,294.078,0.035750598092590735,16.21620173694217,0.013000000000033651,0.013000000000033651,0.0,0.008576982841470883,0.004273823123526199,0.0029968568678252687,0.0012769662557009305
08:08:30,294.078,294.078,294.072,294.073,0.03569225186117819,16.919043327405603,0.005999999999971806,0.0049999999999954525,0.0009999999999763531,0.008233385129271006,0.0034978310386577505,0.0030970517019917655,0.000400779336665985
08:08:35,294.073,294.083,294.073,294.083,0.03666060557088713,16.17137593992455,0.010000000000047748,0.0,0.010000000000047748,0.008468933778707905,0.003647719507398506,0.0032071852630731136,0.0004405342443253922
08:08:40,294.083,294.089,294.083,294.086,0.037533984611854976,16.195833940472642,0.005999999999971806,0.002999999999985903,0.002999999999985903,0.008139742608209759,0.003962900279134374,0.003358328266285366,0.0006045720128490077
08:08:45,294.087,294.094,294.087,294.089,0.037458187227230155,16.69761734377422,0.007000000000005002,0.0049999999999954525,0.0020000000000095497,0.008121110260445971,0.0044039917637519466,0.0035674609657786824,0.0008365307979732641
08:08:50,294.089,294.092,294.089,294.089,0.0332897961427534,17.85362225998968,0.002999999999985903,0.002999999999985903,0.0,0.007438295559051296,0.004699388319920672,0.003793846436607081,0.0009055418833135913
08:08:55,294.098,294.101,294.096,294.096,0.035550408997437444,20.834572288140333,0.0049999999999954525,0.0049999999999954525,0.0,0.008046522817844518,0.005435674643763377,0.00412221207803834,0.0013134625657250376
08:09:00,294.098,294.104,294.09,294.104,0.0408432175767075,20.068932295474756,0.014000000000010004,0.0,0.014000000000010004,0.008840319775466583,0.006588768776168763,0.004615523417664425,0.0019732453585043384
08:09:05,294.106,294.106,294.095,294.096,0.042357376800396196,21.293702016863968,0.010999999999967258,0.009999999999990905,0.0009999999999763531,0.00912827713873334,0.006778927782761457,0.005048204290683831,0.001730723492077626
08:09:10,294.096,294.099,294.096,294.096,0.0436690906099102,22.379284433114247,0.002999999999985903,0.002999999999985903,0.0,0.008311173520233682,0.00685066002114354,0.005408695436775773,0.0014419645843677664
08:09:15,294.095,294.095,294.079,294.079,0.04333662606745747,23.143645178119023,0.016000000000019554,0.016000000000019554,0.0,0.009469683717535312,0.005472664937030913,0.0054214893368268015,5.1175600204111764e-05
08:09:20,294.079,294.08,294.078,294.079,0.041126761692908076,22.854195877068186,0.0020000000000095497,0.0009999999999763531,0.0010000000000331966,0.008473725888531878,0.004330672606954522,0.005203325990852346,-0.0008726533838978243
08:09:25,294.079,294.084,294.079,294.081,0.03943335484996169,20.801422531854882,0.0049999999999954525,0.002999999999985903,0.0020000000000095497,0.008010562436727021,0.003546141036508743,0.004871888999983626,-0.0013257479634748827
08:09:30,294.081,294.083,294.079,294.08,0.037327004490180116,18.492488271338807,0.004000000000019099,0.0030000000000427463,0.0009999999999763531,0.007475820778499299,0.002811295606306885,0.004459770321248278,-0.001648474714941393
08:09:35,294.079,294.079,294.076,294.076,0.03711489984527816,19.711516042948336,0.002999999999985903,0.002999999999985903,0.0,0.007012378008027694,0.0018844361312631008,0.003944703483251243,-0.002060267351988142
08:09:40,294.073,294.078,294.073,294.075,0.03446065645289309,20.651474855179856,0.0049999999999954525,0.002999999999985903,0.0020000000000095497,0.0067440609402900625,0.0010570170424557546,0.003367166195092145,-0.0023101491526363906
08:09:45,294.077,294.081,294.077,294.08,0.033729574731864886,21.57923809556155,0.004000000000019099,0.0010000000000331966,0.002999999999985903,0.0066448528149218745,0.0007955688441825259,0.0028528467249102213,-0.0020572778807276954
08:09:50,294.08,294.08,294.078,294.078,0.034286716792735206,21.238139829642165,0.0020000000000095497,0.0020000000000095497,0.0,0.006025539106266898,0.00042212004109387635,0.002366701388146952,-0.0019445813470530759
08:09:55,294.078,294.08,294.077,294.077,0.03465985089701462,20.45167876930552,0.002999999999985903,0.002999999999985903,0.0,0.005622133892096099,4.494938292509687e-05,0.0019023509871025812,-0.0018574016041774844
08:10:00,294.078,294.087,294.077,294.087,0.03401300062569135,19.848465587625437,0.009999999999990905,0.0,0.009999999999990905,0.00620584937314874,0.000546653859998969,0.001631211561681859,-0.00108455770168289
08:10:05,294.087,294.093,294.087,294.092,0.034203108522888215,19.28897405826684,0.006000000000028649,0.0010000000000331966,0.0049999999999954525,0.0061784027900660616,0.0013323578934887337,0.0015714408280432341,-0.00023908293455450046
08:10:10,294.092,294.095,294.085,294.095,0.0334638847119777,20.22021486601837,0.010000000000047748,0.0,0.010000000000047748,0.0066879490847302865,0.002172070650317437,0.0016915667924980748,0.00048050385781936216
08:10:15,294.095,294.099,294.094,294.094,0.034101396807727724,21.587013248041785,0.0049999999999954525,0.0049999999999954525,0.0,0.006462889206765642,0.0027254402387484333,0.0018983414817481466,0.0008270987570002867
08:10:20,294.093,294.101,294.093,294.101,0.03649022942101965,22.998159696745272,0.007999999999981355,0.0,0.007999999999981355,0.0066678373125277374,0.00368633732091439,0.0022559406495813953,0.0014303966713329948
08:10:25,294.101,294.106,294.101,294.105,0.03981007543791293,25.72657077724035,0.0049999999999954525,0.0009999999999763531,0.004000000000019099,0.0064454590041901,0.0047162556921875876,0.0027480036581026338,0.001968252034084954
08:10:30,294.105,294.106,294.102,294.106,0.04294966455438498,28.310524617278666,0.004000000000019099,0.0,0.004000000000019099,0.006119397803633967,0.005549197371237824,0.003308242400729672,0.002240954970508152
08:10:35,294.106,294.115,294.106,294.114,0.04817293410292223,32.746106945680886,0.009000000000014552,0.0010000000000331966,0.007999999999981355,0.006503478096484712,0.006776724927476607,0.004001938906079059,0.0027747860213975482
08:10:40,294.104,294.106,294.098,294.098,0.04696202274260486,34.177970288579715,0.007999999999981355,0.007999999999981355,0.0,0.007769681016948445,0.006384882130475944,0.004478527550958436,0.0019063545795175076
08:10:45,294.098,294.105,294.095,294.105,0.04867767240341436,34.10941886180523,0.009999999999990905,0.0,0.009999999999990905,0.008067056881354107,0.006563525156991545,0.004895527072165059,0.0016679980848264865
08:10:50,294.105,294.106,294.102,294.102,0.049597962618236124,33.6739484831783,0.004000000000019099,0.004000000000019099,0.0,0.00752478263050944,0.00638937339539325,0.0051942963368106975,0.0011950770585825521
08:10:55,294.102,294.11,294.095,294.095,0.04861015706183025,33.18430297185553,0.014999999999986358,0.014999999999986358,0.0,0.00852147827977303,0.005621711777109795,0.005279779424870517,0.00034193235223927733
08:11:00,294.095,294.098,294.094,294.098,0.04762087115534541,33.184641937715575,0.004000000000019099,0.0,0.004000000000019099,0.007918614509139173,0.0051955186370378215,0.005262927267303978,-6.740863026615668e-05
08:11:05,294.098,294.098,294.093,294.094,0.04651021394477084,33.147349143902524,0.0049999999999954525,0.004000000000019099,0.0009999999999763531,0.007529465907920011,0.0044833101240442375,0.00510700383865203,-0.0006236937146077929
08:11:10,294.094,294.096,294.094,294.094,0.044976719137252985,32.63306598628011,0.0020000000000095497,0.0020000000000095497,0.0,0.006792203786865283,0.0038742201481341,0.004860447100548445,-0.000986226952414345
08:11:15,294.094,294.094,294.088,294.088,0.042290225337524134,32.475289221125536,0.005999999999971806,0.005999999999971806,0.0,0.006686576615279487,0.0028742297664052785,0.004463203633719812,-0.0015889738673145332
08:11:20,294.089,294.089,294.085,294.085,0.039371910921772724,32.926556714433865,0.004000000000019099,0.004000000000019099,0.0,0.006328366399911436,0.0018186905240895612,0.003934301011793762,-0.0021156104877042003
08:11:25,294.085,294.097,294.085,294.091,0.03715061806042286,29.857594271650214,0.012000000000000455,0.005999999999971806,0.006000000000028649,0.007084584213256639,0.001449607749975712,0.003437362359430152,-0.00198775460945444
08:11:30,294.091,294.097,294.088,294.097,0.03356439217816387,26.459133717977235,0.008999999999957708,0.0,0.008999999999957708,0.007339972984816781,0.0016225530665678889,0.0030744005008576996,-0.0014518474342898107
08:11:35,294.097,294.098,294.097,294.098,0.02847639837511906,22.48733208840822,0.0010000000000331966,0.0,0.0010000000000331966,0.006494643253512304,0.0018193329804603309,0.002823386996778226,-0.0010040540163178953
08:11:40,294.099,294.102,294.097,294.102,0.027194426696951268,19.6869369439186,0.0049999999999954525,0.0,0.0049999999999954525,0.006295357486376724,0.0022718604574265555,0.002713081688907892,-0.0004412212314813366
08:11:45,294.102,294.105,294.101,294.102,0.026898640177250854,16.68994806466757,0.004000000000019099,0.0030000000000427463,0.0009999999999763531,0.005989309821529041,0.0026005146293073267,0.002690568276987779,-9.005364768045233e-05
08:11:50,294.094,294.096,294.092,294.096,0.02681319394810089,15.279375601785846,0.004000000000019099,0.0,0.004000000000019099,0.006524068511990623,0.002349739241140014,0.0026224024698182262,-0.00027266322867821203
08:11:55,294.098,294.104,294.098,294.104,0.02696976867423473,15.209286626928622,0.005999999999971806,0.0,0.005999999999971806,0.006720859377056054,0.0027646617804180096,0.002650854331938183,0.00011380744847982668
08:12:00,294.102,294.106,294.102,294.102,0.027054720401906707,15.315268466255684,0.004000000000019099,0.004000000000019099,0.0,0.00635807812678446,0.002898693265251495,0.0027004221186008454,0.00019827114665064982
08:12:05,294.108,294.11,294.105,294.105,0.027054720401906707,17.12395443788625,0.0049999999999954525,0.0049999999999954525,0.0,0.0065770010432182925,0.0032099863856842603,0.0028023349720175286,0.0004076514136667317
08:12:10,294.105,294.106,294.104,294.106,0.027054720401906707,18.356337982643304,0.0020000000000095497,0.0,0.0020000000000095497,0.005966734237457127,0.003497068045476226,0.0029412815867092684,0.0005557864587669575
08:12:15,294.106,294.107,294.104,294.105,0.0237982750638821,19.543673686861744,0.0030000000000427463,0.0020000000000095497,0.0010000000000331966,0.0055711696724685435,0.0036023648667082853,0.003073498242709072,0.0005288666239992132
08:12:20,294.104,294.104,294.097,294.102,0.02401666091043353,18.999296656487754,0.007000000000005002,0.0020000000000095497,0.0049999999999954525,0.005895013716144497,0.0034044935458723558,0.003139697303341729,0.00026479624253062696
08:12:25,294.101,294.101,294.095,294.095,0.02341299686770526,17.374572138512654,0.005999999999971806,0.005999999999971806,0.0,0.006042345220651652,0.0026522639520862867,0.0030422106330906407,-0.000389946681004354
08:12:30,294.095,294.098,294.092,294.092,0.023698989567719764,15.882608995031948,0.006000000000028649,0.006000000000028649,0.0,0.006036699191235252,0.0017933688121729574,0.002792442268907104,-0.0009990734567341467
08:12:35,294.091,294.092,294.091,294.091,0.024323261580093458,17.414786417267848,0.0009999999999763531,0.0009999999999763531,0.0,0.005365139299067399,0.0010202359383697512,0.0024380010027996338,-0.0014177650644298825
08:12:40,294.092,294.092,294.087,294.089,0.02542770973388997,19.84347257688728,0.0049999999999954525,0.002999999999985903,0.0020000000000095497,0.00531645405919114,0.00024333427438705257,0.0019990676571171174,-0.0017557333827300649
08:12:45,294.093,294.099,294.093,294.095,0.02534727227498479,19.753379563478042,0.005999999999971806,0.003999999999962256,0.0020000000000095497,0.005940926851297775,0.00011051007294327064,0.001621356140282348,-0.0015108460673390774
08:12:50,294.095,294.095,294.084,294.088,0.026478193633465708,20.371673547499956,0.011000000000024102,0.007000000000005002,0.004000000000019099,0.0066154699377946186,-0.0005532184047751798,0.0011864412312708426,-0.0017396596360460224
08:12:55,294.087,294.091,294.087,294.088,0.026478193633465708,19.665602519500613,0.004000000000019099,0.002999999999985903,0.0010000000000331966,0.006266740612757883,-0.0010669291106069068,0.0007357671628952928,-0.0018026962735021995
08:13:00,294.083,294.084,294.078,294.079,0.02911393229840087,22.00532003597603,0.006000000000028649,0.0049999999999954525,0.0010000000000331966,0.006764508531063198,-0.0021751989900167246,0.00015357393231288927,-0.002328772922329614
08:13:05,294.079,294.082,294.079,294.081,0.03190182309879219,23.737107996342438,0.002999999999985903,0.0009999999999763531,0.0020000000000095497,0.006262574060252893,-0.002859168850079641,-0.00044897462416561675,-0.002410194225914024
08:13:10,294.08,294.081,294.077,294.078,0.03563321929061658,25.42433690791456,0.004000000000019099,0.0030000000000427463,0.0009999999999763531,0.005960897518888388,-0.0036017757905710823,-0.00107953485744671,-0.0025222409331243723
08:13:15,294.078,294.083,294.071,294.071,0.04137581293389303,27.236509636952924,0.012000000000000455,0.012000000000000455,0.0,0.006766111183036663,-0.004700949025504997,-0.0018038176910583675,-0.002897131334446629
08:13:20,294.071,294.073,294.071,294.073,0.0444076807144711,29.388384354307192,0.0019999999999527063,0.0,0.0019999999999527063,0.006130629691958802,-0.005349008408700229,-0.0025128558345867396,-0.002836152574113489
08:13:25,294.073,294.073,294.058,294.058,0.05279393905686902,32.51029581655618,0.014999999999986358,0.014999999999986358,0.0,0.00731321239969581,-0.0069923710775015024,-0.0034087588831696923,-0.00358361219433181
08:13:30,294.058,294.06,294.054,294.054,0.06137511926067418,37.88358197549928,0.006000000000028649,0.006000000000028649,0.0,0.007138117413073523,-0.008519309110624818,-0.004430868928660718,-0.0040884401819641
08:13:35,294.054,294.063,294.054,294.06,0.064149824637866,41.54113939131035,0.009000000000014552,0.002999999999985903,0.006000000000028649,0.00738636842466566,-0.009139909460088802,-0.005372677034946335,-0.003767232425142467
08:13:40,294.059,294.063,294.059,294.063,0.06522866661532589,44.45689117416411,0.003999999999962256,0.0,0.003999999999962256,0.006934852634705207,-0.009282660053429481,-0.006154673638642964,-0.003127986414786517
08:13:45,294.063,294.063,294.052,294.053,0.0674401098905264,47.77511146773052,0.010999999999967258,0.009999999999990905,0.0009999999999763531,0.0074768722834068135,-0.010086437184327224,-0.0069410263477798165,-0.0031454108365474073
08:13:50,294.053,294.053,294.047,294.047,0.06966868964423156,50.54291557645929,0.005999999999971806,0.005999999999971806,0.0,0.007279955978948812,-0.011079864427244956,-0.007768793963672846,-0.0033110704635721105
08:13:55,294.047,294.048,294.045,294.045,0.07081956316744709,55.82461304744925,0.002999999999985903,0.002999999999985903,0.0,0.0067092951817537575,-0.011891468512942538,-0.008593328873526785,-0.0032981396394157533
08:14:00,294.045,294.046,294.038,294.038,0.07343482610497176,59.59738440037129,0.007999999999981355,0.007999999999981355,0.0,0.006881389157517437,-0.012950229907630728,-0.009464709080347574,-0.003485520827283154
08:14:05,294.038,294.04,294.035,294.037,0.07633720208309569,64.0902459661652,0.0049999999999954525,0.0030000000000427463,0.0019999999999527063,0.00663053726984784,-0.01371193493298506,-0.010314154250875071,-0.003397780682109988
08:14:10,294.036,294.036,294.028,294.028,0.0813941676478862,67.20633129024222,0.007999999999981355,0.007999999999981355,0.0,0.006946465633862489,-0.014870399725680272,-0.011225403345836112,-0.0036449963798441606
08:14:15,294.028,294.028,294.017,294.021,0.08702909374812862,70.74160918845304,0.011000000000024102,0.007000000000005002,0.004000000000019099,0.007486936882684037,-0.016166970150436555,-0.012213716706756202,-0.003953253443680353
08:14:20,294.021,294.025,294.021,294.025,0.08929100856869354,75.2033419848383,0.003999999999962256,0.0,0.003999999999962256,0.0070220119649878005,-0.016679474384716286,-0.013106868242348219,-0.0035726061423680677
08:14:25,294.022,294.025,294.021,294.021,0.08876604377212516,78.8151210106798,0.003999999999962256,0.003999999999962256,0.0,0.0066190770363177285,-0.0172100178800747,-0.013927498169893516,-0.003282519710181186
08:14:30,294.021,294.023,294.02,294.022,0.08797990201458106,82.40467533786132,0.0030000000000427463,0.0010000000000331966,0.0020000000000095497,0.006136533431481065,-0.017349788221110884,-0.01461195618013699,-0.0027378320409738952
08:14:35,294.022,294.022,294.016,294.016,0.08680043657739134,84.73305474647134,0.005999999999971806,0.005999999999971806,0.0,0.006118328973946497,-0.017740208992904627,-0.015237606742690517,-0.0025026022502141095
08:14:40,294.016,294.021,294.016,294.021,0.0851243053947428,86.83551467813245,0.0049999999999954525,0.0,0.0049999999999954525,0.005969218444086359,-0.01744506619030517,-0.01567909863221345,-0.001765967558091719
08:14:45,294.021,294.024,294.021,294.022,0.08070505104160475,88.15379122920349,0.002999999999985903,0.0020000000000095497,0.0009999999999763531,0.005573322651539632,-0.01693525269888596,-0.015930329445547953,-0.0010049232533380081
08:14:50,294.021,294.026,294.018,294.025,0.0748668994417585,89.67635950244383,0.008000000000038199,0.0010000000000331966,0.007000000000005002,0.0058968796313394415,-0.016103515602196694,-0.015964966676877704,-0.00013854892531899032
08:14:55,294.025,294.032,294.024,294.032,0.06917833552267894,87.49120062299676,0.007999999999981355,0.0,0.007999999999981355,0.006177295680491696,-0.014709949323048477,-0.01571396320611186,0.0010040138830633843
08:15:00,294.032,294.036,294.032,294.036,0.06085150173623788,83.4370913778184,0.004000000000019099,0.0,0.004000000000019099,0.005886989589762017,-0.013131400821464467,-0.015197450729182382,0.002066049907717915
08:15:05,294.033,294.035,294.032,294.032,0.05735062978919814,79.25751946174128,0.0030000000000427463,0.0030000000000427463,0.0,0.005635390977796295,-0.012064089023056113,-0.01457077838795713,0.002506689364901017
08:15:10,294.032,294.034,294.031,294.031,0.05451991427901248,74.99464812192927,0.002999999999985903,0.002999999999985903,0.0,0.005284005514088243,-0.01117016565939366,-0.013890655842244436,0.002720490182850775
08:15:15,294.031,294.055,294.031,294.055,0.05264378806100467,72.24369192604419,0.02400000000000091,0.0,0.02400000000000091,0.007779471445543265,-0.008427973101959196,-0.012798119294187388,0.004370146192228192
08:15:20,294.055,294.056,294.05,294.051,0.04785768376223132,69.35585903577552,0.005999999999971806,0.0049999999999954525,0.0009999999999763531,0.007542208586133737,-0.00650257468117843,-0.011539010371585598,0.005036435690407168
08:15:25,294.051,294.051,294.049,294.05,0.046861498059229234,65.86763906065364,0.0020000000000095497,0.0009999999999763531,0.0010000000000331966,0.006803247441317179,-0.004999740309528988,-0.010231156359174275,0.005231416049645287
08:15:30,294.052,294.06,294.052,294.058,0.050564809901288754,62.16467039301187,0.007999999999981355,0.0020000000000095497,0.005999999999971806,0.007229481115807009,-0.0031271522370275306,-0.008810355534744928,0.005683203297717397
08:15:35,294.058,294.063,294.058,294.061,0.05546966928773145,58.73841226070442,0.0049999999999954525,0.0020000000000095497,0.002999999999985903,0.0069322169670321355,-0.0013850715279772885,-0.007325298733391401,0.005940227205414112
08:15:40,294.061,294.062,294.056,294.056,0.058773427582991644,54.61047773982566,0.006000000000028649,0.006000000000028649,0.0,0.006807921371431672,-0.00040326958753666986,-0.005940892904220455,0.005537623316683785
08:15:45,294.056,294.057,294.054,294.055,0.0614340896312342,49.83676854426528,0.0030000000000427463,0.0020000000000095497,0.0010000000000331966,0.006300198521913149,0.00029077204203531437,-0.004694559914969302,0.004985331957004616
08:15:50,294.055,294.056,294.053,294.055,0.06323057222243733,44.68598877860683,0.002999999999985903,0.0009999999999763531,0.0020000000000095497,0.0058601720523228495,0.0008312232100138317,-0.0035894032899726753,0.0044206264999865075
08:15:55,294.055,294.055,294.05,294.053,0.06278149241552455,40.401987922335486,0.0049999999999954525,0.0020000000000095497,0.002999999999985903,0.005745482445345864,0.001085636823574987,-0.002654395267263143,0.00374003209083813
08:16:00,294.053,294.053,294.043,294.043,0.06148855263973019,35.25925834738736,0.009999999999990905,0.009999999999990905,0.0,0.00631275145263187,0.0004748710014155222,-0.00202854201352741,0.002503413014942932
08:16:05,294.041,294.05,294.04,294.05,0.05947985063926353,33.85937688644993,0.009999999999990905,0.0,0.009999999999990905,0.006804384592279741,0.0005493436934784768,-0.0015129648721262329,0.0020623085656047094
08:16:10,294.05,294.05,294.035,294.035,0.05703221620024124,34.95523149102841,0.014999999999986358,0.014999999999986358,0.0,0.00789713331330729,-0.0005951502793095642,-0.0013294019535628992,0.000734251674253335
08:16:15,294.035,294.035,294.031,294.033,0.052380791984546704,36.69763939569766,0.004000000000019099,0.0020000000000095497,0.0020000000000095497,0.007377515538202198,-0.0016445954115056338,-0.0013924406451514464,-0.00025215476635418745
08:16:20,294.033,294.038,294.033,294.036,0.048739479301957545,37.09770301944222,0.0049999999999954525,0.0020000000000095497,0.002999999999985903,0.0070605134664413,-0.002208752191336316,-0.0015557029543884205,-0.0006530492369478957
08:16:25,294.031,294.047,294.031,294.047,0.044411473156287684,34.41002144956107,0.016000000000019554,0.0,0.016000000000019554,0.008252445004251735,-0.001748091523779749,-0.0015941806682666863,-0.00015391085551306268
08:16:30,294.047,294.055,294.047,294.054,0.04102425470682647,33.031999802850365,0.007999999999981355,0.0010000000000331966,0.006999999999948159,0.008218785670349019,-0.0008088492170372774,-0.0014371143780208045,0.0006282651609835271
08:16:35,294.054,294.057,294.05,294.05,0.03890014207195236,32.294460519351524,0.007000000000005002,0.007000000000005002,0.0,0.00805628091430315,-0.0003828462790238518,-0.001226260758221414,0.0008434144791975623
08:16:40,294.05,294.051,294.049,294.049,0.03750312268493872,30.200701686397604,0.0020000000000095497,0.0020000000000095497,0.0,0.007248776792397336,-0.000124492452641789,-0.0010059070971054891,0.0008814146444637001
08:16:45,294.049,294.057,294.047,294.057,0.03529067269926145,28.790468835391163,0.009999999999990905,0.0,0.009999999999990905,0.007615606553409812,0.0007175168694288914,-0.000661222303798613,0.0013787391732275043
08:16:50,294.057,294.059,294.055,294.056,0.03145857762058313,28.385891924213514,0.004000000000019099,0.0030000000000427463,0.0009999999999763531,0.0071335256796243845,0.0012892618726141336,-0.0002711254685160637,0.0015603873411301973
08:16:55,294.056,294.057,294.053,294.053,0.031251778907062544,27.983585686206986,0.004000000000019099,0.004000000000019099,0.0,0.006715722255677014,0.001483201554549396,7.973993609702821e-05,0.0014034616184523678
08:17:00,294.053,294.053,294.042,294.042,0.032059812531883836,26.078122447515792,0.011000000000024102,0.011000000000024102,0.0,0.007286959288256625,0.0007407531395529077,0.00021194257678820412,0.0005288105627647035
08:17:05,294.043,294.051,294.043,294.049,0.03206309570043686,25.061510939856486,0.007999999999981355,0.0020000000000095497,0.005999999999971806,0.007515364716491015,0.0007090257130926148,0.00031135920404908626,0.0003976665090435285
08:17:10,294.049,294.051,294.048,294.048,0.031089683524896827,24.699336428704665,0.002999999999985903,0.002999999999985903,0.0,0.006913316087623667,0.0005963158978943284,0.00036835054281813466,0.0002279653550761937
08:17:15,294.046,294.053,294.046,294.053,0.02928193264733636,23.657451229551537,0.007000000000005002,0.0,0.007000000000005002,0.006924873942607846,0.0009000752631891373,0.00047469548689233523,0.0004253797762968021
08:17:20,294.053,294.062,294.053,294.062,0.03098386677970666,23.37076567464485,0.009000000000014552,0.0,0.009000000000014552,0.00720155741692874,0.0018457548199535267,0.0007489073535045735,0.0010968474664489532
08:17:25,294.061,294.064,294.059,294.063,0.03304606036874702,22.820532369637128,0.0049999999999954525,0.0010000000000331966,0.003999999999962256,0.006908016428004302,0.0026454096883981038,0.0011282078204832796,0.0015172018679148241
08:17:30,294.065,294.065,294.062,294.064,0.03523813724405045,23.520943156093484,0.002999999999985903,0.0009999999999763531,0.0020000000000095497,0.006386947570935182,0.0033215448737564657,0.001566875231137917,0.0017546696426185486
08:17:35,294.061,294.068,294.061,294.068,0.038746680681128964,26.23513145968863,0.007000000000005002,0.0,0.007000000000005002,0.006468687894811158,0.004132516373715589,0.0020800034596534516,0.0020525129140621374
08:17:40,294.069,294.071,294.069,294.069,0.04134374515979289,28.025294716498344,0.0020000000000095497,0.0020000000000095497,0.0,0.006006196175508703,0.004800570781128499,0.0026241169239484613,0.002176453857180038
08:17:45,294.071,294.072,294.069,294.072,0.045012279034153835,29.671434907179528,0.002999999999985903,0.0,0.002999999999985903,0.00560537001877233,0.005508584111339587,0.003201010361426687,0.0023075737499129003
08:17:50,294.072,294.081,294.071,294.081,0.04821181336671998,32.69128000734555,0.009999999999990905,0.0,0.009999999999990905,0.006191320682934807,0.006718468240535458,0.0039045019372484415,0.0028139663032870164
08:17:55,294.081,294.089,294.08,294.086,0.05080364678940441,35.30612032833895,0.009000000000014552,0.002999999999985903,0.006000000000028649,0.00656581125854544,0.007988679814786792,0.004721337512756112,0.0032673423020306803
08:18:00,294.086,294.095,294.086,294.094,0.05592890224295388,37.93530134490101,0.009000000000014552,0.0010000000000331966,0.007999999999981355,0.006890369757407988,0.009530997375122752,0.0056832694852294394,0.0038477278898933123
08:18:05,294.091,294.091,294.083,294.083,0.057663634447749246,40.08789058094078,0.007999999999981355,0.007999999999981355,0.0,0.007438320456415891,0.009753257601857968,0.006497267108555145,0.0032559904933028225
08:18:10,294.083,294.083,294.077,294.083,0.05979473661807333,42.04801887223278,0.006000000000028649,0.0,0.006000000000028649,0.00724654439556426,0.009816244872354218,0.00716106266131496,0.002655182211039258
08:18:15,294.083,294.083,294.082,294.082,0.060288429551519584,44.22970662827853,0.0010000000000331966,0.0010000000000331966,0.0,0.0064136718094934516,0.009673955755260977,0.007663641280104164,0.0020103144751568124
08:18:20,294.086,294.086,294.073,294.078,0.05909172175461208,43.92922490329254,0.013000000000033651,0.008000000000038199,0.0049999999999954525,0.007291848901565479,0.009133142848611442,0.00795754159380562,0.0011756012548058224
08:18:25,294.082,294.082,294.079,294.082,0.05970312520219068,44.73561903889198,0.002999999999985903,0.0,0.002999999999985903,0.006852935714692628,0.008924435951996657,0.008150920465443828,0.0007735154865528282
08:18:30,294.084,294.091,294.083,294.091,0.06175367025946343,43.93254148171927,0.007999999999981355,0.0,0.007999999999981355,0.007139210952735551,0.009377164896875456,0.008396169351730154,0.0009809955451453023
08:18:35,294.089,294.091,294.088,294.091,0.062218291446811236,42.74645837455681,0.002999999999985903,0.0,0.002999999999985903,0.006587316159035598,0.009625004783572422,0.008641936438098609,0.0009830683454738129
08:18:40,294.09,294.09,294.09,294.09,0.0573150113622205,41.10351082050481,0.0,0.0,0.0,0.005842340671168612,0.00962972258901118,0.008839493668281123,0.0007902289207300569
08:18:45,294.09,294.09,294.089,294.089,0.05338992612576021,38.49785364732821,0.0009999999999763531,0.0009999999999763531,0.0,0.0051966952483429776,0.00944390636720982,0.008960376208066863,0.00048353015914295687
08:18:50,294.089,294.089,294.086,294.088,0.047051595433117654,35.32919680055387,0.002999999999985903,0.0009999999999763531,0.0020000000000095497,0.004903802548562035,0.009110928912889449,0.008990486749031381,0.00012044216385806786
08:18:55,294.09,294.09,294.086,294.089,0.041322862299580265,31.59807696888539,0.003999999999962256,0.0009999999999763531,0.002999999999985903,0.004783295542082065,0.008825992971082997,0.008957587993441703,-0.00013159502235870688
08:19:00,294.089,294.089,294.086,294.089,0.03822151503834448,26.796419725067388,0.002999999999985903,0.0,0.002999999999985903,0.00454552280313591,0.008502171444320084,0.008866504683617379,-0.0003643332392972952
08:19:05,294.089,294.098,294.089,294.098,0.03666692186743603,23.997885880626352,0.009000000000014552,0.0,0.009000000000014552,0.005139453096053062,0.008869522995155421,0.008867108345924989,2.4146492304324974e-06
08:19:10,294.098,294.1,294.097,294.1,0.03475690012987798,21.305006879176847,0.0030000000000427463,0.0,0.0030000000000427463,0.004854192683251686,0.0092158010137382,0.008936846879487632,0.00027895413425056866
08:19:15,294.099,294.101,294.097,294.1,0.03321065145155444,20.015928081258984,0.004000000000019099,0.0009999999999763531,0.0030000000000427463,0.004740300325487342,0.009382078082239786,0.009025893120038063,0.0003561849622017235
08:19:20,294.1,294.108,294.1,294.106,0.03304606038125257,21.899998739494585,0.007999999999981355,0.0020000000000095497,0.005999999999971806,0.00517492694875321,0.009884066348661236,0.009197527765762699,0.0006865385828985372
08:19:25,294.106,294.117,294.106,294.115,0.03700071125115301,24.604203424123813,0.011000000000024102,0.0020000000000095497,0.009000000000014552,0.0059516033555893294,0.01088267178414526,0.00953455656943921,0.0013481152147060485
08:19:30,294.116,294.116,294.112,294.114,0.04121113801249976,29.713760279899393,0.003999999999962256,0.0020000000000095497,0.0019999999999527063,0.005691389574839054,0.011461263828721258,0.009919898021295621,0.0015413658074256362
08:19:35,294.114,294.116,294.105,294.105,0.04221798072273941,30.741808763449132,0.010999999999967258,0.010999999999967258,0.0,0.006399204298189481,0.011066015273001995,0.010149121471636897,0.0009168938013650978
08:19:40,294.105,294.107,294.094,294.094,0.04221798072273941,30.18445547616697,0.013000000000033651,0.013000000000033651,0.0,0.007279310391768704,0.009752746287460923,0.010069846434801702,-0.0003171001473407792
08:19:45,294.094,294.099,294.094,294.096,0.041121130456303945,29.627102188884813,0.0049999999999954525,0.002999999999985903,0.0020000000000095497,0.006975402339532271,0.008772233591798795,0.00981032386620112,-0.0010380902744023257
08:19:50,294.094,294.11,294.094,294.11,0.04211812963228567,30.221904956861273,0.016000000000019554,0.0,0.016000000000019554,0.008178682027597242,0.009020866282185125,0.009652432349397923,-0.0006315660672127979
08:19:55,294.11,294.123,294.11,294.119,0.04513558523262873,32.7848330776362,0.012999999999976808,0.003999999999962256,0.009000000000014552,0.008821524423914519,0.00983081079709791,0.00968810803893792,0.00014270275815999114
08:20:00,294.119,294.12,294.116,294.117,0.04464173173425934,35.08529153009783,0.004000000000019099,0.002999999999985903,0.0010000000000331966,0.008178654500728463,0.010193806519055215,0.00978924773496138,0.00040455878409383604
08:20:05,294.117,294.142,294.115,294.138,0.053704454403828095,39.54885477033233,0.026999999999986812,0.004000000000019099,0.022999999999967713,0.01068816723396291,0.012037249816671647,0.010238848151303433,0.0017984016653682135
08:20:10,294.141,294.142,294.14,294.141,0.06294492163567611,44.012418010566826,0.0020000000000095497,0.0009999999999763531,0.0010000000000331966,0.009796411602770403,0.01358368260179077,0.010907815041400901,0.0026758675603898684
08:20:15,294.139,294.159,294.139,294.159,0.07823607999137039,46.67326464481748,0.01999999999998181,0.0,0.01999999999998181,0.011156890055731923,0.01607637287389707,0.011941526607900136,0.004134846265996936
08:20:20,294.159,294.163,294.158,294.159,0.08863027878635421,49.06613800360814,0.0049999999999954525,0.004000000000019099,0.0009999999999763531,0.010335971381633727,0.017846128809310358,0.013122447048182181,0.0047236817611281765
08:20:25,294.159,294.17,294.159,294.168,0.09940348401153187,51.47596146913147,0.011000000000024102,0.0020000000000095497,0.009000000000014552,0.010424508530752444,0.019747263758006284,0.014447410390147002,0.005299853367859281
08:20:30,294.168,294.174,294.168,294.174,0.10886186322727553,52.90012005147445,0.005999999999971806,0.0,0.005999999999971806,0.009834574059981694,0.021490349387249807,0.015855998189567566,0.005634351197682241
08:20:35,294.174,294.174,294.173,294.173,0.1147766710301994,53.50414460742379,0.0009999999999763531,0.0009999999999763531,0.0,0.008656630851980983,0.022531338420037628,0.01719106623566158,0.005340272184376049
08:20:40,294.173,294.177,294.17,294.176,0.11889951530258713,54.28280076884825,0.007000000000005002,0.0010000000000331966,0.005999999999971806,0.008435746738384185,0.02332947696794463,0.01841874838211819,0.004910728585826439
08:20:45,294.176,294.178,294.174,294.177,0.12298378156788203,58.06999779920069,0.004000000000019099,0.0009999999999763531,0.0030000000000427463,0.007844313839935507,0.023768708286468154,0.019488740362988186,0.004279967923479969
08:20:50,294.176,294.179,294.168,294.168,0.12310013041326329,61.23725446587256,0.010999999999967258,0.010999999999967258,0.0,0.008265071994606406,0.023124018199439433,0.020215795930278436,0.0029082222691609975
08:20:55,294.169,294.17,294.167,294.169,0.12183094413956042,64.07726213626115,0.0030000000000427463,0.0010000000000331966,0.0020000000000095497,0.007563062395331252,0.02243516963329739,0.02065967067088223,0.0017754989624151618
08:21:00,294.169,294.176,294.169,294.176,0.12200017257328,66.64404652045923,0.007000000000005002,0.0,0.007000000000005002,0.007487987409287753,0.022198206572738854,0.020967377851253556,0.0012308287214852984
08:21:05,294.176,294.182,294.176,294.182,0.12402970782750344,68.13114820384811,0.006000000000028649,0.0,0.006000000000028649,0.007289589088053206,0.02223821321683772,0.02122154492437039,0.00101666829246733
08:21:10,294.181,294.187,294.179,294.179,0.12364294945598431,70.28569445180453,0.008000000000038199,0.008000000000038199,0.0,0.007384310542984539,0.02177681428310052,0.021332598796116417,0.0004442154869841036
08:21:15,294.177,294.177,294.171,294.175,0.11840696993510846,68.23656442035946,0.006000000000028649,0.0020000000000095497,0.004000000000019099,0.007466402470584115,0.020848062249172017,0.02123569148672754,-0.0003876292375555243
08:21:20,294.175,294.182,294.171,294.171,0.10572078420784692,66.77177155828399,0.011000000000024102,0.011000000000024102,0.0,0.00793754880784278,0.01956373444761539,0.020901300078905113,-0.0013375656312897242
08:21:25,294.171,294.171,294.167,294.168,0.08947543034082628,63.47523877638792,0.004000000000019099,0.002999999999985903,0.0010000000000331966,0.007412542300132956,0.018095229937102886,0.02034008605054467,-0.0022448561134417837
08:21:30,294.168,294.171,294.168,294.168,0.07627402125854132,60.04492887879415,0.002999999999985903,0.002999999999985903,0.0,0.006824203326780016,0.016738478768559162,0.01961976459414757,-0.0028812858255884075
08:21:35,294.168,294.175,294.168,294.174,0.06462067457232479,57.02150671867569,0.007000000000005002,0.0010000000000331966,0.005999999999971806,0.006847642883210015,0.015963377667674195,0.018888487208852896,-0.002925109541178701
08:21:40,294.174,294.174,294.169,294.174,0.04592854866268681,54.242679350553225,0.0049999999999954525,0.0,0.0049999999999954525,0.006601290498781407,0.015174185891567049,0.01814562694539573,-0.0029714410538286794
08:21:45,294.174,294.185,294.174,294.184,0.037988918095948065,52.76927299080801,0.011000000000024102,0.0009999999999763531,0.010000000000047748,0.007187785098947099,0.015180668848813639,0.017552635326079313,-0.0023719664772656746
08:21:50,294.186,294.186,294.185,294.186,0.028432746192606828,51.28851915768326,0.0009999999999763531,0.0,0.0009999999999763531,0.006496080419081181,0.015172293173179696,0.01707656689549939,-0.001904273722319695
08:21:55,294.188,294.188,294.184,294.186,0.027477071844373313,49.961919987718225,0.003999999999962256,0.0020000000000095497,0.0019999999999527063,0.006163269696531992,0.01499282740826402,0.016659818998052318,-0.0016669915897882977
08:22:00,294.186,294.186,294.185,294.185,0.02497240589377725,51.210895490939556,0.0009999999999763531,0.0009999999999763531,0.0,0.00547483373699124,0.01460158981569748,0.01624817316158135,-0.0016465833458838702
08:22:05,294.185,294.192,294.185,294.19,0.026969768715616738,53.24330543384091,0.007000000000005002,0.0020000000000095497,0.0049999999999954525,0.005678189238726409,0.014527525151265763,0.015904043559518233,-0.0013765184082524702
08:22:10,294.191,294.191,294.184,294.184,0.02758718244240299,54.13431355809267,0.006999999999948159,0.006999999999948159,0.0,0.005854430673555975,0.013825308959496851,0.015488296639513958,-0.0016629876800171063
08:22:15,294.184,294.184,294.181,294.181,0.02747707184596493,53.01106745844593,0.0030000000000427463,0.0030000000000427463,0.0,0.005473839917087544,0.012878269960651778,0.014966291303741523,-0.0020880213430897448
08:22:20,294.181,294.181,294.177,294.178,0.02743413170662734,49.82817491756857,0.003999999999962256,0.002999999999985903,0.0009999999999763531,0.005277327928137506,0.011750210688489915,0.014323075180691203,-0.0025728644922012878
08:22:25,294.178,294.178,294.172,294.172,0.027909628660381713,47.40217017650448,0.005999999999971806,0.005999999999971806,0.0,0.005373684204382079,0.010253865552897423,0.013509233255132449,-0.0032553677022350257
08:22:30,294.172,294.172,294.17,294.172,0.026976793211360928,44.75012703215856,0.0020000000000095497,0.0,0.0020000000000095497,0.004923859643799076,0.008964662206722096,0.01260031904545038,-0.003635656838728284
08:22:35,294.173,294.175,294.172,294.172,0.02628667870294521,43.16158436608712,0.002999999999985903,0.002999999999985903,0.0,0.004667345024623987,0.007852441212435224,0.011650743478847349,-0.003798302266412125
08:22:40,294.172,294.176,294.172,294.174,0.026465469128197583,41.8720237832076,0.003999999999962256,0.0020000000000095497,0.0019999999999527063,0.004578365688002423,0.007051100647515796,0.01073081491258104,-0.0036797142650652447
08:22:45,294.174,294.179,294.174,294.177,0.02616546545516485,40.81426522221601,0.0049999999999954525,0.0019999999999527063,0.0030000000000427463,0.004634583596268161,0.006582231536526706,0.009901098237370174,-0.0033188667008434685
08:22:50,294.177,294.18,294.177,294.178,0.026132456193295184,39.668279241873286,0.002999999999985903,0.0020000000000095497,0.0009999999999763531,0.00441663911676386,0.006219644836619409,0.009164807557220022,-0.0029451627206006133
08:22:55,294.177,294.18,294.176,294.177,0.026035603221771453,36.733598712334974,0.004000000000019099,0.002999999999985903,0.0010000000000331966,0.004361087234531226,0.0057849157145710706,0.008488829188690232,-0.002703913474119161
08:23:00,294.177,294.181,294.177,294.181,0.025446745286217265,34.04259891598549,0.003999999999962256,0.0,0.003999999999962256,0.00431294226992203,0.005697479328773625,0.007930559216706911,-0.0022330798879332866
08:23:05,294.181,294.189,294.181,294.189,0.025394570563662455,33.053456170721724,0.008000000000038199,0.0,0.008000000000038199,0.004804549967270853,0.0062022231367677705,0.007584892000719083,-0.0013826688639513125
08:23:10,294.189,294.191,294.185,294.185,0.023627815976624333,31.89767557597342,0.005999999999971806,0.005999999999971806,0.0,0.004963943304964313,0.00620790876251931,0.007309495353079129,-0.0011015865905598197
08:23:15,294.186,294.187,294.186,294.187,0.02373183523525313,30.90417020391673,0.0010000000000331966,0.0,0.0010000000000331966,0.004568750864303678,0.006301162073157229,0.00710782869709475,-0.0008066666239375207
08:23:20,294.187,294.19,294.187,294.189,0.024009647260072597,30.851322422372828,0.002999999999985903,0.0009999999999763531,0.0020000000000095497,0.004359584082394642,0.006461959828527597,0.00697865492338132,-0.0005166950948537231
08:23:25,294.19,294.192,294.189,294.19,0.025140447667695298,32.55809329160972,0.002999999999985903,0.0020000000000095497,0.0009999999999763531,0.004178306204740144,0.006594072487871472,0.0069017384362793505,-0.00030766594840787864
08:23:30,294.19,294.191,294.188,294.188,0.02549303317596241,35.239867865014055,0.002999999999985903,0.002999999999985903,0.0,0.004021198710772912,0.006462889272313532,0.006813968603486187,-0.00035107933117265507
08:23:35,294.189,294.198,294.189,294.198,0.029171723935519367,40.47737447787495,0.008999999999957708,0.0,0.008999999999957708,0.004818372216001978,0.007084180037679744,0.006868010890324899,0.0002161691473548449
08:23:40,294.199,294.202,294.195,294.195,0.031234933269274734,45.67441561546439,0.007000000000005002,0.007000000000005002,0.0,0.005109255920535715,0.007250898671145478,0.006944588446489016,0.00030631022465646245
08:23:45,294.195,294.199,294.194,294.194,0.032196109662436356,50.261288029999086,0.0049999999999954525,0.0049999999999954525,0.0,0.005094688464463681,0.007219115279383459,0.0069994938130679045,0.00021962146631555445
08:23:50,294.194,294.2,294.192,294.198,0.034868172843061984,53.319817993493466,0.007999999999981355,0.0020000000000095497,0.005999999999971806,0.005482063335866038,0.007431032960710127,0.007085801642596349,0.00034523131811377804
08:23:55,294.197,294.197,294.188,294.189,0.03507045545541132,53.45309542358997,0.009000000000014552,0.007999999999981355,0.0010000000000331966,0.006084454891082686,0.006794432477875034,0.007027527809652085,-0.00023309533177705115
08:24:00,294.186,294.189,294.186,294.187,0.0346628878374986,52.44202936011952,0.0030000000000427463,0.0020000000000095497,0.0010000000000331966,0.005673194238944028,0.006058697826290427,0.006833761812979754,-0.0007750639866893269
08:24:05,294.187,294.187,294.178,294.179,0.03304797156897621,52.67032087965371,0.009000000000014552,0.008000000000038199,0.0009999999999763531,0.006116768340420098,0.004775045916119325,0.006422018633607668,-0.001646972717488343
08:24:10,294.179,294.185,294.179,294.183,0.03080669789778767,52.30464374406743,0.006000000000028649,0.0020000000000095497,0.004000000000019099,0.006101199228367905,0.00403400757147665,0.005944416421181464,-0.001910408849704814
08:24:15,294.183,294.185,294.181,294.185,0.028083334702614593,50.04904653694814,0.004000000000019099,0.0,0.004000000000019099,0.005821039331254731,0.003566994537152368,0.005468932044375645,-0.0019019375072232766
08:24:20,294.183,294.186,294.18,294.18,0.026357062443707946,47.4712484368347,0.005999999999971806,0.005999999999971806,0.0,0.005844900753750342,0.002761591224896165,0.004927463880479749,-0.002165872655583584
08:24:25,294.18,294.18,294.173,294.173,0.027769729896931494,46.21677125021133,0.007000000000005002,0.007000000000005002,0.0,0.005998913986584297,0.0015407015503114962,0.004250111414446098,-0.002709409864134602
08:24:30,294.173,294.174,294.166,294.166,0.03245142124217182,45.61648950594848,0.007999999999981355,0.007999999999981355,0.0,0.006265725455037238,8.201645187000395e-06,0.0034017294605942785,-0.003393527815407278
08:24:35,294.165,294.165,294.161,294.163,0.03760123183280939,45.29404497098091,0.004000000000019099,0.0020000000000095497,0.0020000000000095497,0.006096962061031667,-0.0014318846240257699,0.002435006643670269,-0.003866891267696039
08:24:40,294.163,294.174,294.163,294.173,0.038965031604789147,42.34207323946957,0.010999999999967258,0.0009999999999763531,0.009999999999990905,0.006750700452889746,-0.0017461187708818215,0.001598781560759851,-0.0033449003316416725
08:24:45,294.173,294.179,294.173,294.178,0.03914883884203846,37.20088149742241,0.005999999999971806,0.0009999999999763531,0.0049999999999954525,0.006650607059167354,-0.0015735544270114588,0.0009643143632055891,-0.0025378687902170476
08:24:50,294.178,294.178,294.173,294.173,0.040343785845493585,31.74185646455894,0.0049999999999954525,0.0049999999999954525,0.0,0.006430526117944434,-0.0018192825971823368,0.00040759497112800386,-0.0022268775683103406
08:24:55,294.173,294.175,294.165,294.167,0.04273590877028255,28.603412735296036,0.009999999999990905,0.008000000000038199,0.0019999999999527063,0.006906455968883964,-0.002469704581244514,-0.00016786493934649972,-0.0023018396418980143
08:25:00,294.165,294.167,294.163,294.164,0.045259950966965334,27.039791618407797,0.003999999999962256,0.002999999999985903,0.0009999999999763531,0.0065189285063610705,-0.003190465912553009,-0.0007723851339878016,-0.002418080778565207
08:25:05,294.165,294.165,294.161,294.161,0.04784360490077688,27.891275980814676,0.004000000000019099,0.004000000000019099,0.0,0.006183071372182141,-0.003958122614733384,-0.0014095326301369181,-0.0025485899845964655
08:25:10,294.161,294.161,294.152,294.152,0.053127849801967386,30.836962690333937,0.009000000000014552,0.009000000000014552,0.0,0.006558661855893129,-0.005232404958405823,-0.0021741070957906994,-0.0030582978626151236
08:25:15,294.152,294.156,294.15,294.155,0.05334890126903247,33.240802386043185,0.006000000000028649,0.0010000000000331966,0.0049999999999954525,0.006484173608444533,-0.005931829530140931,-0.0029256515826607456,-0.003006177947480185
08:25:20,294.155,294.157,294.153,294.157,0.05262418898701071,35.50395189457991,0.003999999999962256,0.0,0.003999999999962256,0.006152950460646896,-0.006252668387958238,-0.003591054943720244,-0.002661613444237994
08:25:25,294.158,294.173,294.158,294.173,0.04908596115274122,34.79425393349674,0.014999999999986358,0.0,0.014999999999986358,0.0074658903992299176,-0.005156429106932592,-0.003904129776362714,-0.001252299330569878
08:25:30,294.173,294.174,294.162,294.163,0.04363436602056936,34.26555574652777,0.012000000000000455,0.010999999999967258,0.0010000000000331966,0.008070438345999322,-0.005036510250192805,-0.004130605871128732,-0.0009059043790640726
08:25:35,294.163,294.169,294.162,294.166,0.04039593521849838,31.795075979980346,0.007000000000005002,0.002999999999985903,0.004000000000019099,0.00792771323320008,-0.004645844362471507,-0.0042336535693972875,-0.0004121907930742198
08:25:40,294.166,294.168,294.164,294.165,0.037221386085661834,28.009917903513607,0.004000000000019099,0.002999999999985903,0.0010000000000331966,0.007404018135442616,-0.0043665950844911094,-0.004260241872416052,-0.00010635321207505717
08:25:45,294.166,294.181,294.166,294.179,0.037221386085661834,26.108142278063607,0.014999999999986358,0.0020000000000095497,0.012999999999976808,0.008550149050711962,-0.0029812391534278504,-0.004004441328618412,0.0010232021751905617
08:25:50,294.179,294.185,294.179,294.185,0.037900701327203024,28.055655332920285,0.006000000000028649,0.0,0.006000000000028649,0.008210129177287522,-0.001383239615961429,-0.0034802009860870156,0.0020969613701255865
08:25:55,294.185,294.185,294.175,294.176,0.03545731314989098,30.076945210513554,0.009999999999990905,0.009000000000014552,0.0009999999999763531,0.00844877862031464,-0.0008334309798669892,-0.0029508469848430106,0.0021174160049760213
08:26:00,294.177,294.179,294.177,294.178,0.034950190166114226,32.77857859366497,0.0019999999999527063,0.0009999999999763531,0.0009999999999763531,0.007722274804270809,-0.00023362727944231665,-0.002407403043762872,0.0021737757643205554
08:26:05,294.181,294.181,294.176,294.177,0.035575864127849854,34.109618579127755,0.0049999999999954525,0.003999999999962256,0.0010000000000331966,0.007359304830367429,0.00015919473401027062,-0.0018940834882082438,0.0020532782222185144
08:26:10,294.177,294.179,294.174,294.175,0.03594147293699734,34.24535567174011,0.0049999999999954525,0.003999999999962256,0.0010000000000331966,0.0070447308529845,0.00030560292424297586,-0.001454146205718,0.001759749129960976
08:26:15,294.175,294.181,294.175,294.177,0.03615405637958702,34.44566924375256,0.005999999999971806,0.003999999999962256,0.0020000000000095497,0.00690543340591614,0.0005763717009017455,-0.0010480426243940511,0.0016244143252957966
08:26:20,294.177,294.177,294.176,294.177,0.036635329555679164,33.9459172117822,0.0010000000000331966,0.0,0.0010000000000331966,0.006118042285131748,0.0007819441418632778,-0.0006820452711425854,0.0014639894130058632
08:26:25,294.177,294.185,294.177,294.183,0.03782007268603138,34.47898327898842,0.007999999999981355,0.0020000000000095497,0.005999999999971806,0.0063689699804450285,0.0014127266053378662,-0.00026309089584649513,0.0016758175011843614
08:26:30,294.183,294.189,294.183,294.187,0.04067379866705778,35.82067100617961,0.006000000000028649,0.0020000000000095497,0.004000000000019099,0.006319773983056178,0.0022099182607462353,0.000231510935472051,0.0019784073252741845
08:26:35,294.187,294.193,294.187,294.188,0.043254935868617395,40.470328443187796,0.005999999999971806,0.0049999999999954525,0.0009999999999763531,0.0062771374519782625,0.002889086443587985,0.0007630260370952379,0.002126060406492747
08:26:40,294.189,294.189,294.189,294.189,0.04514817712936292,46.157111028411386,0.0,0.0,0.0,0.005573519125052254,0.0034680462855476435,0.001304030086785719,0.0021640161987619244
08:26:45,294.189,294.192,294.184,294.184,0.044619561478953074,48.83534175978774,0.007999999999981355,0.007999999999981355,0.0,0.005897049908376134,0.0034832650074463345,0.0017398770709178423,0.0017433879365284922
08:26:50,294.184,294.185,294.18,294.181,0.03968030140083556,49.95669738330177,0.0049999999999954525,0.004000000000019099,0.0009999999999763531,0.005777443253925377,0.0032161769405547602,0.002035137044845226,0.0011810398957095344
08:26:55,294.181,294.181,294.17,294.17,0.03507585769409616,48.144303569778,0.010999999999967258,0.010999999999967258,0.0,0.006473784153397629,0.0020927754414401534,0.0020466647241642114,4.6110717275942015e-05
08:27:00,294.172,294.172,294.167,294.169,0.030844943343140585,46.46112036822726,0.005000000000052296,0.0030000000000427463,0.0020000000000095497,0.006277279599618251,0.0011089961992638564,0.0018591310191841404,-0.000750134819920284
08:27:05,294.169,294.186,294.169,294.186,0.031572806476674486,45.6050091815673,0.016999999999995907,0.0,0.016999999999995907,0.007706975653001939,0.0016817162095321692,0.0018236480572537462,-0.00014193184772157705
08:27:10,294.186,294.192,294.186,294.192,0.030809431287138977,44.92846833107287,0.006000000000028649,0.0,0.006000000000028649,0.007479378899272167,0.0025898960898871337,0.001976897663780424,0.0006129984261067098
08:27:15,294.192,294.199,294.192,294.199,0.0329663305668646,44.74517448862276,0.007000000000005002,0.0,0.007000000000005002,0.007415461712703212,0.003830323106171818,0.0023475827522587028,0.0014827403539131151
08:27:20,294.201,294.208,294.201,294.208,0.03765773847328546,46.22412732506698,0.007000000000005002,0.0,0.007000000000005002,0.007626733484344724,0.005476465946856024,0.002973359391178167,0.0025031065556778568
08:27:25,294.208,294.21,294.204,294.207,0.04308913654301705,47.45135681287063,0.005999999999971806,0.002999999999985903,0.002999999999985903,0.007409835686428336,0.006623997050496655,0.003703486923041865,0.00292051012745479
08:27:30,294.207,294.209,294.203,294.203,0.04619592148389984,47.85387356281459,0.006000000000028649,0.006000000000028649,0.0,0.0072218575949083786,0.007128484416000447,0.004388486421633582,0.002739997994366865
08:27:35,294.203,294.203,294.199,294.202,0.04761954490049902,45.79763661437145,0.003999999999962256,0.0009999999999763531,0.002999999999985903,0.0067922765822488965,0.007362729680551183,0.0049833350734171025,0.002379394607134081
08:27:40,294.199,294.203,294.199,294.2,0.048333926231975965,43.33328929283731,0.003999999999962256,0.002999999999985903,0.0009999999999763531,0.0064199730379440115,0.0073028052618155925,0.0054472291110968015,0.001855576150718791
08:27:45,294.204,294.21,294.2,294.202,0.048843035422237335,41.48965592981279,0.009999999999990905,0.007999999999981355,0.0020000000000095497,0.006897309966216931,0.007332177238481563,0.005824218736573754,0.001507958501907809
08:27:50,294.204,294.209,294.202,294.209,0.050116075830942464,38.298439346428076,0.007000000000005002,0.0,0.007000000000005002,0.006911001970722008,0.00783003645392455,0.006225382280043913,0.001604654173880636
08:27:55,294.209,294.218,294.207,294.216,0.053214956385318146,39.13495058506739,0.011000000000024102,0.0020000000000095497,0.009000000000014552,0.007456201707962287,0.008689270466504695,0.0067181599173360695,0.0019711105491686254
08:28:00,294.216,294.218,294.215,294.218,0.05567234978457236,41.771627953838994,0.0030000000000427463,0.0,0.0030000000000427463,0.0068620414802396815,0.009422980642057155,0.007259124062280287,0.0021638565797768676
08:28:05,294.218,294.22,294.218,294.219,0.05856494374518206,45.14623971275193,0.0020000000000095497,0.0010000000000331966,0.0009999999999763531,0.006213769282875664,0.009970212481675844,0.007801341746159399,0.0021688707355164453
08:28:10,294.219,294.219,294.218,294.218,0.060870872855957714,47.914078974710456,0.0009999999999763531,0.0009999999999763531,0.0,0.005518600045155756,0.010205562641147026,0.008282185925156924,0.0019233767159901015
08:28:15,294.219,294.22,294.219,294.219,0.06286459972955072,51.22075370279673,0.0010000000000331966,0.0010000000000331966,0.0,0.005049453372469596,0.010353423163280695,0.008696433372781679,0.0016569897904990163
08:28:20,294.218,294.224,294.218,294.223,0.06536536990972763,54.10335563714438,0.005999999999971806,0.0009999999999763531,0.0049999999999954525,0.005176192922803224,0.010670368892476745,0.009091220476720691,0.0015791484157560536
08:28:25,294.227,294.233,294.225,294.231,0.06836927598942566,56.803677989780475,0.007999999999981355,0.0020000000000095497,0.005999999999971806,0.005819367199761581,0.011435265188708854,0.009560029419118325,0.0018752357695905296
08:28:30,294.231,294.237,294.231,294.234,0.07003006876345808,58.88469125588357,0.006000000000028649,0.0030000000000427463,0.002999999999985903,0.005843451573130524,0.01214354274048901,0.010076732083392461,0.0020668106570965496
08:28:35,294.234,294.235,294.233,294.234,0.06537309928478408,60.80686539542405,0.0020000000000095497,0.0010000000000331966,0.0009999999999763531,0.0053309913633810616,0.012560073098882185,0.010573400286490406,0.001986672812391779
08:28:40,294.234,294.239,294.234,294.237,0.05779491877808596,63.219586678132124,0.0049999999999954525,0.0019999999999527063,0.0030000000000427463,0.005286859181596314,0.01298259605084695,0.011055239439361717,0.0019273566114852338
08:28:45,294.237,294.237,294.229,294.229,0.05361853572696873,64.40374259170659,0.008000000000038199,0.008000000000038199,0.0,0.005648611290721899,0.012527506101037034,0.011349692771696781,0.0011778133293402528
08:28:50,294.231,294.232,294.228,294.228,0.05017191503020513,65.14697242056623,0.004000000000019099,0.004000000000019099,0.0,0.005428796451961526,0.011948418463930466,0.011469437910143519,0.00047898055378694723
08:28:55,294.228,294.228,294.223,294.225,0.04773435268521098,62.95802956412979,0.0049999999999954525,0.002999999999985903,0.0020000000000095497,0.005371623591699384,0.011119236771548913,0.011399397682424598,-0.0002801609108756854
******
07:10:35,295.464,295.47,295.464,295.47,0.02929630837172681,16.590894938751738,0.006000000000028649,0.0,0.006000000000028649,0.007068786762313148,-0.0012099468390829315,-0.00046425057017167033,-0.0007456962689112612
07:10:40,295.47,295.471,295.467,295.468,0.02929630837172681,13.914879966456676,0.004000000000019099,0.002999999999985903,0.0010000000000331966,0.006659615194007275,-0.0010959897468865165,-0.0005905984055146396,-0.000505391341371877
07:10:45,295.469,295.472,295.469,295.469,0.029177496736110697,14.769439671693778,0.002999999999985903,0.002999999999985903,0.0,0.006304999834801274,-0.0009144451333327197,-0.0006553677510782556,-0.0002590773822544641
07:10:50,295.47,295.474,295.47,295.471,0.0285472830304343,15.821144804286126,0.003999999999962256,0.002999999999985903,0.0009999999999763531,0.006130999856827165,-0.0006022441382924626,-0.000644743028521097,4.249889022863438e-05
07:10:55,295.469,295.479,295.469,295.478,0.02770977406885322,16.50943980443243,0.009999999999990905,0.0009999999999763531,0.009000000000014552,0.00664686654258233,0.00020762552037467685,-0.00047426931874194227,0.0006818948391166191
07:11:00,295.479,295.486,295.479,295.486,0.02770977406885322,17.80889974629667,0.007000000000005002,0.0,0.007000000000005002,0.0068272843369022,0.0014779493210994588,-8.382559077366202e-05,0.0015617749118731208
07:11:05,295.485,295.493,295.485,295.492,0.03237672978514183,21.12881176915173,0.007999999999981355,0.0009999999999763531,0.007000000000005002,0.006983646425312754,0.0029350070074656287,0.0005199409288741962,0.0024150660785914324
07:11:10,295.492,295.492,295.483,295.484,0.03443131989149606,23.753006613444846,0.009000000000014552,0.008000000000038199,0.0009999999999763531,0.0072524935686063274,0.0034049524083457072,0.0010969432247684985,0.0023080091835772087
07:11:15,295.482,295.482,295.473,295.473,0.03424739713511826,23.600834136450583,0.009000000000014552,0.009000000000014552,0.0,0.007752161092787785,0.0028568474955363854,0.0014489240789220758,0.0014079234166143096
07:11:20,295.474,295.477,295.474,295.476,0.03440624178381313,22.896663351159095,0.002999999999985903,0.0009999999999763531,0.0020000000000095497,0.007251872947077715,0.002634180142308651,0.001685975291599391,0.0009482048507092598
07:11:25,295.474,295.479,295.474,295.479,0.03277675684807946,23.598023690820494,0.0049999999999954525,0.0,0.0049999999999954525,0.006951623220800081,0.002669022755583228,0.0018825847843961583,0.0007864379711870696
07:11:30,295.48,295.481,295.477,295.478,0.032451421183736784,24.719519194352745,0.004000000000019099,0.002999999999985903,0.0010000000000331966,0.006558073458029284,0.002586132805845409,0.002023294388686009,0.0005628384171594003
07:11:35,295.477,295.479,295.472,295.479,0.03280821463249595,21.92603099508728,0.007000000000005002,0.0,0.007000000000005002,0.00661699699695938,0.002571491018386496,0.002132933714626106,0.0004385573037603897
07:11:40,295.479,295.479,295.466,295.466,0.03337821539810193,22.573747380828085,0.012999999999976808,0.012999999999976808,0.0,0.00746806406402837,0.001493677754581313,0.0020050825226171475,-0.0005114047680358346
07:11:45,295.468,295.469,295.463,295.463,0.03467746120736592,23.908516321646708,0.005999999999971806,0.005999999999971806,0.0,0.007272322188820828,0.00039289895522642837,0.0016826458091390038,-0.0012897468539125754
07:11:50,295.463,295.463,295.461,295.461,0.03630050021399711,25.42499656818482,0.0020000000000095497,0.0020000000000095497,0.0,0.006569345896979325,-0.0006335562176218446,0.0012194054037868343,-0.0018529616214086788
07:11:55,295.461,295.461,295.457,295.457,0.038800434072413736,27.427004995688517,0.004000000000019099,0.004000000000019099,0.0,0.006226766444051296,-0.001749627293577305,0.0006255988643140064,-0.0023752261578913114
07:12:00,295.457,295.459,295.457,295.458,0.04030201771092834,28.981864804833474,0.0020000000000095497,0.0009999999999763531,0.0010000000000331966,0.00566319758484573,-0.0025243311018812165,-4.387128925038082e-06,-0.0025199439729561785
07:12:05,295.46,295.464,295.46,295.464,0.03831393864822985,27.633313163166942,0.004000000000019099,0.0,0.004000000000019099,0.005708104573529207,-0.0026238929904138786,-0.0005282883012228062,-0.0020956046891910723
07:12:10,295.465,295.465,295.454,295.455,0.04063236977685847,26.529819633660992,0.010999999999967258,0.009999999999990905,0.0009999999999763531,0.006413690630387614,-0.0033899441224889415,-0.0011006194654760333,-0.002289324657012908
07:12:15,295.454,295.454,295.444,295.444,0.04744370625439842,26.069953007533673,0.009999999999990905,0.009999999999990905,0.0,0.007025198546331567,-0.0048289876691001155,-0.00184629310620085,-0.0029826945628992655
07:12:20,295.444,295.452,295.444,295.452,0.05010935410098227,26.305803559968304,0.007999999999981355,0.0,0.007999999999981355,0.007155172073484871,-0.00526323560251285,-0.00252968160546325,-0.0027335539970496
07:12:25,295.45,295.454,295.45,295.454,0.05193518227451932,28.552518955253834,0.004000000000019099,0.0,0.004000000000019099,0.006734482463689436,-0.0053839342899095755,-0.003100532142352515,-0.0022834021475570607
07:12:30,295.455,295.456,295.449,295.456,0.0530481409962249,29.79701958314786,0.007000000000005002,0.0,0.007000000000005002,0.006769884801864846,-0.005257599252558975,-0.0035319455643938076,-0.0017256536881651678
07:12:35,295.456,295.459,295.455,295.457,0.05295638721963769,29.547435598486214,0.004000000000019099,0.0020000000000095497,0.0020000000000095497,0.006400566828285413,-0.005018931069400878,-0.003829342665395222,-0.0011895884040056563
07:12:40,295.459,295.461,295.452,295.452,0.05122499389938184,29.5937874329962,0.009000000000014552,0.009000000000014552,0.0,0.0067471579178492985,-0.005173604930803322,-0.004098195118476842,-0.0010754098123264798
07:12:45,295.452,295.452,295.448,295.451,0.04587351030124864,31.99013371270268,0.004000000000019099,0.0009999999999763531,0.0030000000000427463,0.006380870195471939,-0.005315601774555034,-0.00434167644969248,-0.000973925324862554
07:12:50,295.451,295.455,295.443,295.455,0.041821676575295896,34.20506187995245,0.012000000000000455,0.0,0.012000000000000455,0.007130087502742408,-0.005047187885452331,-0.004482778736844451,-0.0005644091486078804
07:12:55,295.455,295.459,295.455,295.459,0.04043135833512679,34.313280696633875,0.004000000000019099,0.0,0.004000000000019099,0.0067127425023793,-0.004460285973664213,-0.004478280184208403,1.7994210544190065e-05
07:13:00,295.458,295.465,295.458,295.465,0.03807748333110794,32.241583420200634,0.006999999999948159,0.0,0.006999999999948159,0.006751043502055148,-0.003471000590081985,-0.004276824265383119,0.0008058236753011342
07:13:05,295.465,295.465,295.456,295.456,0.03386412478346301,29.96768066030222,0.008999999999957708,0.008999999999957708,0.0,0.007050904368442156,-0.0033743126048193517,-0.004096321933270366,0.0007220093284510147
07:13:10,295.455,295.455,295.446,295.446,0.030779350562170293,29.591842662692738,0.008999999999957708,0.008999999999957708,0.0,0.0074441171193153225,-0.004057827002554859,-0.004088622947127266,3.079594457240653e-05
07:13:15,295.446,295.45,295.446,295.45,0.02387599543203578,31.126306238558538,0.003999999999962256,0.0,0.003999999999962256,0.006984901503401581,-0.004228012619023502,-0.004116500881506513,-0.00011151173751698922
07:13:20,295.451,295.455,295.451,295.454,0.022003827417620414,29.808945944156015,0.003999999999962256,0.0009999999999763531,0.002999999999985903,0.006720247969614098,-0.003994078129096579,-0.004092016331024527,9.793820192794799e-05
07:13:25,295.454,295.456,295.45,295.45,0.021308757773908837,27.093511512393473,0.006000000000028649,0.006000000000028649,0.0,0.006624214907002705,-0.004084367880636819,-0.0040904866409469855,6.118760310166657e-06
07:13:30,295.454,295.458,295.454,295.458,0.020734918424636817,23.73551145367541,0.004000000000019099,0.0,0.004000000000019099,0.006807652919407438,-0.0034703855733368982,-0.003966466427424969,0.0004960808540880705
07:13:35,295.458,295.459,295.455,295.459,0.021001253094709682,20.86570608202649,0.004000000000019099,0.0,0.004000000000019099,0.006433299196822327,-0.002870024670755811,-0.003747178076091137,0.0008771534053353264
07:13:40,295.464,295.467,295.463,295.465,0.02277209742260311,20.804963413737987,0.003999999999962256,0.0020000000000095497,0.0019999999999527063,0.00664219263724353,-0.001888317129726147,-0.0033754058868181395,0.0014870887570919925
07:13:45,295.465,295.472,295.465,295.465,0.02311618252883818,22.68927758011908,0.007000000000005002,0.007000000000005002,0.0,0.006689900285611727,-0.001097653761348738,-0.0029198554617242594,0.0018222017003755213
07:13:50,295.465,295.466,295.463,295.465,0.0247352295100427,23.115493145675092,0.002999999999985903,0.0010000000000331966,0.0019999999999527063,0.006197913580861618,-0.0004656792845594282,-0.002429020226291293,0.001963340941731865
07:13:55,295.465,295.467,295.464,295.464,0.023225213159093983,22.91987461059168,0.002999999999985903,0.002999999999985903,0.0,0.005771525103411523,-4.500777953353463e-05,-0.0019522177369397414,0.0019072099574062068
07:14:00,295.464,295.465,295.457,295.465,0.023933240482051588,19.53910036053108,0.007999999999981355,0.0,0.007999999999981355,0.006068655089620833,0.00036486314633066286,-0.0014888015602856606,0.0018536647066163235
07:14:05,295.465,295.469,295.465,295.466,0.024925995729859096,18.667884498410757,0.004000000000019099,0.002999999999985903,0.0010000000000331966,0.005792834411007269,0.0007616011863547101,-0.0010387210109575864,0.0018003221973122965
07:14:10,295.468,295.471,295.465,295.471,0.02744640710773183,20.052306072750948,0.006000000000028649,0.0,0.006000000000028649,0.005820456489543453,0.0014626170161022856,-0.000538453405545612,0.0020010704216478978
07:14:15,295.471,295.471,295.465,295.468,0.02862755389605809,20.93754131497275,0.006000000000028649,0.002999999999985903,0.0030000000000427463,0.005844395624274814,0.0017558617030317691,-7.95903838301358e-05,0.0018354520868619048
07:14:20,295.468,295.478,295.468,295.478,0.032327273803161916,21.385092811290317,0.009999999999990905,0.0,0.009999999999990905,0.006398476207703626,0.0027633227916226133,0.0004889922512604141,0.002274330540362199
07:14:25,295.478,295.482,295.476,295.477,0.034203108507085744,22.442528242688855,0.006000000000028649,0.005000000000052296,0.0009999999999763531,0.006345346046680297,0.0034413812196021354,0.0010794700449287583,0.002361911174673377
07:14:30,295.477,295.486,295.476,295.486,0.03979473649371812,25.578921791215652,0.009999999999990905,0.0,0.009999999999990905,0.006832633240455044,0.004651354276006714,0.0017938468911443497,0.002857507384862364
07:14:35,295.488,295.489,295.482,295.482,0.04287558500413979,29.054401896320375,0.006999999999948159,0.006999999999948159,0.0,0.006854948808387459,0.005227243658964653,0.002480526244708411,0.0027467174142562422
07:14:40,295.482,295.487,295.482,295.487,0.047371321548325795,33.17244762838062,0.0049999999999954525,0.0,0.0049999999999954525,0.006607622300601859,0.006017729715040332,0.0031879669387747953,0.0028297627762655366
07:14:45,295.487,295.488,295.486,295.488,0.050456442914196487,37.69535117288325,0.0020000000000095497,0.0,0.0020000000000095497,0.005993272660522885,0.006648250360512975,0.0038800236231224315,0.0027682267373905435
07:14:50,295.488,295.492,295.487,295.487,0.04926192081188674,40.62921493581364,0.0049999999999954525,0.0049999999999954525,0.0,0.005860836305785894,0.006986712400532724,0.00450136137860449,0.0024853510219282338
07:14:55,295.487,295.487,295.477,295.477,0.04620138981704258,38.57246167170081,0.010000000000047748,0.010000000000047748,0.0,0.006412724798354141,0.0063745477606858,0.004875998655020752,0.001498549105665048
07:15:00,295.477,295.486,295.477,295.486,0.04537748108316464,37.25773602537057,0.009000000000014552,0.0,0.009000000000014552,0.006757694825242196,0.006540235888905954,0.005208846101797793,0.0013313897871081613
07:15:05,295.486,295.489,295.484,295.488,0.04234992077260813,36.48762524885082,0.0049999999999954525,0.0009999999999763531,0.004000000000019099,0.006523335515209297,0.0067550600817867235,0.005518088897795579,0.0012369711839911443
07:15:10,295.488,295.491,295.487,295.489,0.04149369007166115,38.54265245407555,0.003999999999962256,0.0020000000000095497,0.0019999999999527063,0.006186890779843026,0.006926160972682283,0.00579970331277292,0.0011264576599093624
07:15:15,295.489,295.493,295.488,295.488,0.03976562916818693,40.04776269900838,0.0049999999999954525,0.0049999999999954525,0.0,0.00602863867586335,0.0069015116880564165,0.00602006498782962,0.0008814467002267968
07:15:20,295.488,295.49,295.482,295.485,0.038648755682061164,38.826762513682525,0.007999999999981355,0.0049999999999954525,0.002999999999985903,0.006291486852412417,0.006564233625283578,0.006128898715320411,0.00043533490996316634
07:15:25,295.485,295.485,295.481,295.481,0.03668127300750257,37.375898939594876,0.004000000000019099,0.004000000000019099,0.0,0.005985955272093309,0.005906090030578071,0.0060843369783719434,-0.00017824694779387286
07:15:30,295.481,295.482,295.474,295.475,0.034516815123879496,36.29772264679793,0.008000000000038199,0.007000000000005002,0.0010000000000331966,0.006254494569152627,0.004844512114175359,0.005836372005532628,-0.0009918598913572687
07:15:35,295.475,295.478,295.475,295.477,0.031455231344352796,34.375576060223935,0.002999999999985903,0.0010000000000331966,0.0019999999999527063,0.0058205619599303975,0.004117127568690648,0.005492523118164233,-0.0013753955494735844
07:15:40,295.477,295.477,295.471,295.471,0.029430381723727805,32.87503789780737,0.005999999999971806,0.005999999999971806,0.0,0.005844487031935918,0.0030216880806506197,0.004998356110661511,-0.0019766680300108913
07:15:45,295.471,295.48,295.471,295.48,0.02616466077881796,29.786726108325873,0.009000000000014552,0.0,0.009000000000014552,0.006265222094346402,0.0028469512956803555,0.004568075147665281,-0.001721123851984925
07:15:50,295.481,295.481,295.478,295.48,0.02443466045531295,26.299530574672183,0.002999999999985903,0.0009999999999763531,0.0020000000000095497,0.0058298591484316695,0.002677605366784519,0.004189981191489128,-0.0015123758247046091
07:15:55,295.478,295.478,295.472,295.472,0.022779492161703274,24.21109788086832,0.006000000000028649,0.006000000000028649,0.0,0.006119211261979207,0.0018762362729489723,0.003727232207781097,-0.0018509959348321247
07:16:00,295.472,295.472,295.458,295.458,0.031040889840483032,23.526452780852615,0.013999999999953161,0.013999999999953161,0.0,0.007169983093709068,0.00011019226758435252,0.0030038242197417482,-0.0028936319521573957
07:16:05,295.458,295.458,295.452,295.452,0.04024085381513487,27.424488125781732,0.006000000000028649,0.006000000000028649,0.0,0.007013985347885013,-0.0017533486741285742,0.0020523896409676843,-0.0038057383150962585
07:16:10,295.45,295.451,295.448,295.448,0.048531704233027995,31.58707591512317,0.0030000000000427463,0.0030000000000427463,0.0,0.006612120634836225,-0.003512495011136707,0.000939412710546806,-0.004451907721683513
07:16:15,295.449,295.449,295.444,295.445,0.05633135053062688,35.24391596809157,0.0049999999999954525,0.004000000000019099,0.0009999999999763531,0.006397171216857456,-0.005090031371878467,-0.0002664761059382487,-0.004823555265940219
07:16:20,295.444,295.45,295.444,295.45,0.059701362057694496,38.039623860279974,0.005999999999971806,0.0,0.005999999999971806,0.006344215054606035,-0.005869126453717399,-0.001387006175494079,-0.00448212027822332
07:16:25,295.451,295.455,295.451,295.454,0.060652938488715336,38.511704290301616,0.003999999999962256,0.0009999999999763531,0.002999999999985903,0.006164986380657958,-0.006093555632276093,-0.002328316066850482,-0.003765239565425611
07:16:30,295.455,295.457,295.453,295.457,0.0604025095325369,40.57062879961808,0.004000000000019099,0.0,0.004000000000019099,0.005876321529906111,-0.0059606319900922244,-0.003054779251498831,-0.0029058527385933935
07:16:35,295.457,295.461,295.457,295.458,0.06110698125280578,41.58766953057272,0.004000000000019099,0.002999999999985903,0.0010000000000331966,0.005626145325921176,-0.0057087900254941815,-0.003585581406297901,-0.0021232086191962803
07:16:40,295.458,295.463,295.457,295.463,0.059378890453672284,40.18205093835644,0.006000000000028649,0.0,0.006000000000028649,0.0056759926158021735,-0.005047560109915139,-0.0038779771470213486,-0.0011695829628937905
07:16:45,295.463,295.472,295.461,295.472,0.056626198139269945,40.13500779260046,0.010999999999967258,0.0,0.010999999999967258,0.006385860267024185,-0.0037540317132425116,-0.003853188060265581,9.915634702306955e-05
07:16:50,295.472,295.476,295.47,295.47,0.053059648657949765,39.829966312555264,0.005999999999971806,0.005999999999971806,0.0,0.006334412231417201,-0.002857346710584352,-0.0036540197903293355,0.0007966730797449835
07:16:55,295.47,295.474,295.47,295.474,0.04972175209593388,40.77361190299707,0.003999999999962256,0.0,0.003999999999962256,0.006023157267223208,-0.0018031650508305574,-0.00328384884242958,0.0014806837915990224
07:17:00,295.468,295.471,295.467,295.47,0.0466345252713154,41.09114928328874,0.004000000000019099,0.0009999999999763531,0.0030000000000427463,0.0061534029649274475,-0.0012757786786892211,-0.0028822348096815085,0.0016064561309922874
07:17:05,295.469,295.469,295.462,295.463,0.04426665609696556,38.83458638496647,0.007000000000005002,0.005999999999971806,0.0010000000000331966,0.006399615902942215,-0.001406449997546133,-0.002587077847254434,0.0011806278497083007
07:17:10,295.463,295.468,295.461,295.463,0.043145286989101805,34.9794159997841,0.007000000000005002,0.0049999999999954525,0.0020000000000095497,0.00647966711588392,-0.0014927998913094598,-0.002368222256065439,0.0008754223647559792
07:17:15,295.463,295.47,295.463,295.467,0.04147339032635955,30.34229745293622,0.007000000000005002,0.0030000000000427463,0.003999999999962256,0.006549044833766731,-0.0012243526583120001,-0.0021394483365147514,0.0009150956782027512
07:17:20,295.467,295.467,295.464,295.464,0.04085404057707365,25.80008238703803,0.002999999999985903,0.002999999999985903,0.0,0.006075838855929288,-0.0012393942545827485,-0.001959437520128351,0.0007200432655456025
07:17:25,295.465,295.467,295.462,295.462,0.03758835205780997,20.77911133384308,0.0049999999999954525,0.0049999999999954525,0.0,0.00593239367513811,-0.0013965989895154962,-0.00184686981400578,0.0004502708244902838
07:17:30,295.462,295.463,295.458,295.459,0.03365396668414178,17.467049251198638,0.0049999999999954525,0.004000000000019099,0.0009999999999763531,0.005808074518452422,-0.0017431656737016965,-0.0018261289859449635,8.296331224326697e-05
07:17:35,295.46,295.467,295.459,295.467,0.03256346030843815,14.459169279270826,0.007999999999981355,0.0,0.007999999999981355,0.0061003312493229465,-0.001356650504078516,-0.001732233289571674,0.0003755827854931581
07:17:40,295.467,295.472,295.467,295.467,0.0329049668287098,13.59349074326929,0.0049999999999954525,0.0049999999999954525,0.0,0.005953620416079281,-0.0010383648241258925,-0.0015934595964825177,0.0005550947723566252
07:17:45,295.466,295.471,295.465,295.471,0.03279537836340296,13.250491241640812,0.006000000000028649,0.0,0.006000000000028649,0.005959804360605864,-0.00045807416518073296,-0.001366382510222161,0.000908308345041428
07:17:50,295.471,295.48,295.471,295.48,0.03360701680969669,15.495830615700356,0.009000000000014552,0.0,0.009000000000014552,0.006365163779193689,0.0007197384498454085,-0.0009491583182086471,0.0016688967680540557
07:17:55,295.48,295.482,295.477,295.479,0.03126794221611817,16.943634778872884,0.005000000000052296,0.0030000000000427463,0.0020000000000095497,0.006183141941974837,0.001554551883828026,-0.00044841627780131254,0.0020029681616293383
07:18:00,295.479,295.48,295.475,295.476,0.02897839485433451,16.912849093306082,0.0049999999999954525,0.004000000000019099,0.0009999999999763531,0.006025389683044253,0.0019515760627655254,3.1582190312055066e-05,0.0019199938724534704
07:18:05,295.476,295.477,295.474,295.475,0.027199845199220363,16.475072177821115,0.002999999999985903,0.0019999999999527063,0.0010000000000331966,0.005622004391969806,0.002160622629617137,0.0004573902781730715,0.0017032323514440655
07:18:10,295.475,295.485,295.475,295.485,0.029246682221582887,18.578689812849955,0.009999999999990905,0.0,0.009999999999990905,0.006205737139705953,0.0030975038699807556,0.0009854129965346085,0.002112090873446147
07:18:15,295.484,295.487,295.484,295.487,0.03128409718635794,22.01869946041253,0.0030000000000427463,0.0,0.0030000000000427463,0.005778305521084192,0.003955772603944752,0.001579484918016637,0.0023762876859281146
07:18:20,295.486,295.487,295.483,295.483,0.032238584269634885,24.738167984127927,0.004000000000019099,0.004000000000019099,0.0,0.005541198118275513,0.004264037023972378,0.002116395339207785,0.0021476416847645927
07:18:25,295.481,295.483,295.472,295.472,0.032238584269634885,24.99657023566556,0.011000000000024102,0.011000000000024102,0.0,0.006269038369175325,0.0035794688399732877,0.0024090100393608857,0.001170458800612402
07:18:30,295.472,295.477,295.472,295.476,0.032418318407167135,24.895516561841188,0.0049999999999954525,0.0009999999999763531,0.004000000000019099,0.006099833253284676,0.0033214228970450677,0.002591492610897722,0.0007299302861473456
07:18:35,295.476,295.476,295.467,295.467,0.03265835912861803,26.20536906974292,0.009000000000014552,0.009000000000014552,0.0,0.00648652215284866,0.0023634504585743343,0.002545884180433045,-0.00018243372185871047
07:18:40,295.467,295.483,295.467,295.483,0.03414150121466264,24.95695585989622,0.016000000000019554,0.0,0.016000000000019554,0.007754985865804779,0.002862321619772956,0.0026091716683010273,0.00025314995147192884
07:18:45,295.482,295.482,295.475,295.481,0.033806881889404394,25.026585207000092,0.007000000000005002,0.0010000000000331966,0.005999999999971806,0.007787654417028323,0.0030610118843128475,0.0026995397115033913,0.00036147217280945625
07:18:50,295.481,295.482,295.479,295.48,0.03289472841993302,23.636352695675036,0.0030000000000427463,0.0020000000000095497,0.0010000000000331966,0.00714930049476358,0.0031020254889426724,0.0027800368669912475,0.00032198862195142487
07:18:55,295.48,295.483,295.48,295.483,0.033119242298880636,23.33141924923243,0.002999999999985903,0.0,0.002999999999985903,0.006596060428793223,0.0033381241764232072,0.00289165432887764,0.00044646984754556727
07:19:00,295.484,295.484,295.482,295.482,0.03204930412130125,21.37799969141896,0.0019999999999527063,0.0019999999999527063,0.0,0.005983252371614488,0.003405288399676465,0.0029943811430374052,0.0004109072566390597
07:19:05,295.482,295.489,295.482,295.489,0.03138621889877413,20.570775001916598,0.006999999999948159,0.0,0.006999999999948159,0.0061188187220589775,0.003977507795070778,0.00319100647344408,0.0007865013216266981
07:19:10,295.489,295.49,295.484,295.484,0.026888463578302435,20.812054596382755,0.006000000000028649,0.006000000000028649,0.0,0.006102976225788268,0.003981639711128082,0.0033491331209808805,0.0006325065901472016
07:19:15,295.482,295.482,295.478,295.478,0.02468837356707354,18.986890483327393,0.004000000000019099,0.004000000000019099,0.0,0.006089246062346072,0.0034608696771556424,0.003371480432215833,8.938924493980937e-05
07:19:20,295.48,295.491,295.48,295.489,0.023575187668257058,17.838021066305682,0.010999999999967258,0.0020000000000095497,0.008999999999957708,0.007010679920696837,0.003890911734004021,0.003475366692573471,0.0004155450414305502
07:19:25,295.489,295.495,295.484,295.495,0.025549951074481214,17.077635053706413,0.011000000000024102,0.0,0.011000000000024102,0.007542589264607139,0.004662130875601633,0.0037127195291791035,0.0009494113464225298
07:19:30,295.495,295.504,295.495,295.502,0.031552128961607195,17.8898280483531,0.009000000000014552,0.0020000000000095497,0.007000000000005002,0.0077369106959947935,0.005771637258646933,0.00412450307507267,0.0016471341835742632
07:19:35,295.502,295.502,295.494,295.497,0.03398079953069555,21.118450680748307,0.007999999999981355,0.0049999999999954525,0.002999999999985903,0.0077719892698596684,0.006176274598544751,0.0045348573797670865,0.0016414172187776644
07:19:40,295.496,295.499,295.496,295.498,0.03570876348157981,25.222968975703246,0.0030000000000427463,0.0010000000000331966,0.0020000000000095497,0.007135724033884079,0.006502685339512482,0.004928422971716166,0.0015742623677963159
07:19:45,295.498,295.498,295.491,295.492,0.03521423157144454,25.942265357387804,0.007000000000005002,0.005999999999971806,0.0010000000000331966,0.007117627496033535,0.006205683095629411,0.005183874996498815,0.001021808099130596
07:19:50,295.492,295.497,295.492,295.496,0.03652482933296142,27.687436317877225,0.0049999999999954525,0.0010000000000331966,0.003999999999962256,0.006835277163228458,0.006221357313677345,0.005391371459934521,0.0008299858537428239
07:19:55,295.495,295.502,295.492,295.5,0.03870046919223569,30.747073964443423,0.009999999999990905,0.0020000000000095497,0.007999999999981355,0.007257240208130118,0.006481827344202884,0.005609462636788194,0.0008723647074146898
07:20:00,295.499,295.499,295.495,295.495,0.03930929982254838,33.806711611009625,0.004000000000019099,0.004000000000019099,0.0,0.006956274847045496,0.0062131719282660924,0.005730204495083774,0.0004829674331823181
07:20:05,295.495,295.501,295.495,295.499,0.03806033990383639,36.93143208618244,0.005999999999971806,0.0019999999999527063,0.004000000000019099,0.006828771534102338,0.006250969856864685,0.005834357567439957,0.00041661228942472834
07:20:10,295.499,295.5,295.497,295.497,0.0369642786301938,39.484780069201335,0.002999999999985903,0.002999999999985903,0.0,0.006318268662886813,0.00604980333525873,0.005877446721003711,0.00017235661425501862
07:20:15,295.498,295.503,295.498,295.503,0.03237347842264171,41.23502447278054,0.0049999999999954525,0.0,0.0049999999999954525,0.006275832841164812,0.006301883088042359,0.005962333994411441,0.0003395490936309179
07:20:20,295.506,295.51,295.506,295.509,0.03509925775074407,43.74818022316307,0.004000000000019099,0.0009999999999763531,0.0030000000000427463,0.006372388462343503,0.006906197617013277,0.006151106718931809,0.0007550908980814676
07:20:25,295.509,295.511,295.508,295.511,0.0370598378149225,48.84234523614511,0.0030000000000427463,0.0,0.0030000000000427463,0.005922736667370069,0.0074605044688382804,0.0064129862689131035,0.001047518199925177
07:20:30,295.511,295.514,295.511,295.511,0.03760179166965827,52.04516378840284,0.002999999999985903,0.002999999999985903,0.0,0.0055330384450521805,0.007809770469918931,0.006692343109114269,0.001117427360804662
07:20:35,295.511,295.511,295.508,295.509,0.037514348131367115,52.740479961759874,0.0030000000000427463,0.0020000000000095497,0.0010000000000331966,0.00519529998571759,0.007834867530903011,0.006920847993472017,0.0009140195374309941
07:20:40,295.504,295.504,295.499,295.502,0.035054243679383035,48.75890451770819,0.0049999999999954525,0.0020000000000095497,0.002999999999985903,0.005835926654287365,0.007206839672392107,0.0069780463292560355,0.00022879334313607134
07:20:45,295.502,295.502,295.494,295.498,0.03406186322342819,46.40101058561755,0.007999999999981355,0.004000000000019099,0.003999999999962256,0.006124469767046563,0.006313577507739865,0.006845152564952802,-0.0005315750572129369
07:20:50,295.498,295.502,295.497,295.498,0.03132108756494745,43.16722099096718,0.0049999999999954525,0.004000000000019099,0.0009999999999763531,0.005974540464773082,0.0055417786322209395,0.00658447777840643,-0.0010426991461854902
07:20:55,295.498,295.499,295.491,295.491,0.025642070692697416,43.43902479212876,0.008000000000038199,0.008000000000038199,0.0,0.0062446017361417645,0.00431553417269015,0.006130689057263173,-0.0018151548845730236
07:21:00,295.493,295.501,295.493,295.501,0.02363227053126593,43.17343337759103,0.007999999999981355,0.0,0.007999999999981355,0.006745321504654983,0.004103342255064035,0.005725219696823346,-0.0016218774417593104
07:21:05,295.501,295.508,295.501,295.506,0.023642067768264496,40.37156425897285,0.007000000000005002,0.0020000000000095497,0.0049999999999954525,0.006779278637368319,0.0042891936899422944,0.005438014495447136,-0.0011488208055048417
07:21:10,295.506,295.509,295.495,295.495,0.024153892569415802,38.332651448482245,0.014000000000010004,0.014000000000010004,0.0,0.007742041485720544,0.003508431210832441,0.005052097838524197,-0.0015436666276917562
07:21:15,295.495,295.496,295.493,295.494,0.024653386656268594,36.30761433474298,0.002999999999985903,0.0019999999999527063,0.0010000000000331966,0.007109769287622593,0.002776968513956035,0.004597071973610565,-0.0018201034596545297
07:21:20,295.496,295.509,295.496,295.505,0.024909097892873433,34.419573332023226,0.013000000000033651,0.004000000000019099,0.009000000000014552,0.008161800049271094,0.0030497317171693794,0.004287603922322328,-0.0012378722051529486
07:21:25,295.506,295.508,295.494,295.494,0.02438636374665748,31.37352670206057,0.013999999999953161,0.013999999999953161,0.0,0.008940226709362037,0.0023511874265977895,0.0039003206231774208,-0.0015491331965796313
07:21:30,295.495,295.507,295.495,295.507,0.024584976155665572,27.316354841143493,0.012000000000000455,0.0,0.012000000000000455,0.00948152981477734,0.002814137769576064,0.00368308405245715,-0.000868946282881086
07:21:35,295.507,295.513,295.506,295.512,0.026350671617251464,24.30029721865476,0.007000000000005002,0.0009999999999763531,0.006000000000028649,0.009150659172807695,0.00354363860498097,0.003655194962961914,-0.000111556357980944
07:21:40,295.512,295.518,295.512,295.518,0.029192645071361767,21.746748895879275,0.005999999999971806,0.0,0.005999999999971806,0.008730571283096244,0.004553433976241195,0.0038348427656177703,0.0007185912106234243
07:21:45,295.519,295.521,295.519,295.52,0.03261191257900009,21.42996035776444,0.0020000000000095497,0.0010000000000331966,0.0009999999999763531,0.007966495112022444,0.005452237370036528,0.004158321686501522,0.001293915683535006
07:21:50,295.52,295.521,295.514,295.514,0.03305879928984723,23.068032600645108,0.007000000000005002,0.007000000000005002,0.0,0.007837629097086785,0.005615661825288498,0.004449789714258918,0.0011658721110295806
07:21:55,295.514,295.519,295.513,295.519,0.035305583276453945,23.14302844230374,0.006000000000028649,0.0,0.006000000000028649,0.007592611884145701,0.006078565181098838,0.0047755448076269025,0.0013030203734719359
07:22:00,295.52,295.521,295.519,295.519,0.037176110042082655,23.643089801124656,0.0020000000000095497,0.0020000000000095497,0.0,0.006846930299594214,0.006371967352436059,0.005094829316588734,0.0012771380358473248
07:22:05,295.522,295.525,295.522,295.524,0.040278504126945336,23.627930634770543,0.002999999999985903,0.0009999999999763531,0.0020000000000095497,0.00673400625964456,0.006928086234722741,0.005461480700215536,0.0014666055345072052
07:22:10,295.524,295.524,295.521,295.523,0.04267823308111929,23.98284880864219,0.002999999999985903,0.0009999999999763531,0.0020000000000095497,0.00623613875835674,0.007205067282257005,0.00581019801662383,0.0013948692656331751
07:22:15,295.523,295.523,295.509,295.509,0.04267823308111929,24.80472862661147,0.014000000000010004,0.014000000000010004,0.0,0.007271320257243842,0.006223157079887187,0.0058927898292765015,0.00033036725061068566
07:22:20,295.509,295.511,295.502,295.502,0.04267823308111929,26.023637678077936,0.009000000000014552,0.009000000000014552,0.0,0.00750181088961327,0.004824530487383072,0.005679137960897816,-0.0008546074735147442
07:22:25,295.502,295.503,295.499,295.502,0.04207812283152634,27.249363743500542,0.003999999999962256,0.0009999999999763531,0.002999999999985903,0.007034902770993135,0.003673760017591121,0.005278062372236478,-0.0016043023546453566
07:22:30,295.502,295.507,295.502,295.506,0.04113085664562277,27.387255028018718,0.0049999999999954525,0.0010000000000331966,0.003999999999962256,0.006763582401526778,0.003049381330185952,0.004832326163826372,-0.0017829448336404204
07:22:35,295.506,295.509,295.504,295.505,0.038033226470702175,27.455326107994242,0.0049999999999954525,0.004000000000019099,0.0009999999999763531,0.0065284380813226016,0.0024456728847894738,0.004354995508018993,-0.001909322623229519
07:22:40,295.503,295.503,295.498,295.499,0.0384165534493377,28.636219784067347,0.0049999999999954525,0.003999999999962256,0.0010000000000331966,0.006591313003813588,0.0014661785428415897,0.0037772321149835125,-0.002311053572141923
07:22:45,295.499,295.506,295.499,295.506,0.0384165534493377,27.79043322572956,0.006999999999948159,0.0,0.006999999999948159,0.006645804603298197,0.001240464416866871,0.0032698785753601843,-0.0020294141584933133
07:22:50,295.507,295.507,295.496,295.496,0.03812665872123944,26.762134154356968,0.011000000000024102,0.011000000000024102,0.0,0.007226363989528317,0.00025176572080454207,0.0026662560044490562,-0.002414490283644514
07:22:55,295.496,295.502,295.493,295.499,0.03674034065659271,25.87041682668866,0.009000000000014552,0.002999999999985903,0.006000000000028649,0.007462848790926482,-0.0002864086503677754,0.00207572307348569,-0.0023621317238534654
07:23:00,295.499,295.501,295.497,295.501,0.037272820632210824,26.970974226364355,0.003999999999962256,0.0,0.003999999999962256,0.007001135618797919,-0.0005452471617104493,0.0015515290264464623,-0.0020967761881569118
07:23:05,295.501,295.502,295.501,295.502,0.03523813723472813,27.92781558816421,0.0010000000000331966,0.0,0.0010000000000331966,0.006200984202962623,-0.0006620551445735146,0.001108812192242467,-0.0017708673368159815
07:23:10,295.502,295.502,295.496,295.496,0.037126242669046405,29.45609775469153,0.006000000000028649,0.006000000000028649,0.0,0.006174186309238093,-0.0012246590611084684,0.00064211794157228,-0.0018667770026807484
07:23:15,295.496,295.501,295.496,295.497,0.038372687655055415,30.20720882237833,0.0049999999999954525,0.003999999999962256,0.0010000000000331966,0.006017628134672408,-0.0015717172969971216,0.00019935089385839967,-0.0017710681908555213
07:23:20,295.5,295.503,295.491,295.491,0.03992624779664311,32.1737061569336,0.012000000000000455,0.012000000000000455,0.0,0.006815277716716148,-0.0023043501907409336,-0.000301389323061467,-0.0020029608676794667
07:23:25,295.491,295.493,295.49,295.492,0.03980796006021592,35.29312080296208,0.002999999999985903,0.0009999999999763531,0.0020000000000095497,0.006306574021152115,-0.002772317840310734,-0.0007955750265113205,-0.0019767428137994134
07:23:30,295.495,295.498,295.492,295.492,0.04052289800949893,34.801739315635146,0.005999999999971806,0.005999999999971806,0.0,0.006265697484994741,-0.003107365795528949,-0.001257933180314846,-0.001849432615214103
07:23:35,295.492,295.493,295.49,295.49,0.03977780391278429,34.36752425113084,0.002999999999985903,0.002999999999985903,0.0,0.00583027115366023,-0.0034940003382644136,-0.0017051466119047595,-0.001788853726359654
07:23:40,295.489,295.492,295.489,295.492,0.037648792528443664,35.344357976618376,0.0030000000000427463,0.0,0.0030000000000427463,0.005452901666511233,-0.0035975573123323557,-0.0020836287519902788,-0.0015139285603420769
07:23:45,295.493,295.494,295.491,295.491,0.031959843222921336,35.88719065194114,0.0030000000000427463,0.0030000000000427463,0.0,0.005125848110982102,-0.0037174659693732792,-0.002410396195466879,-0.0013070697739064
07:23:50,295.492,295.492,295.491,295.492,0.02378854213077375,35.31720073116633,0.0010000000000331966,0.0,0.0010000000000331966,0.0045757350295222475,-0.003689275134036052,-0.002666171983180714,-0.0010231031508553378
07:23:55,295.492,295.497,295.491,295.496,0.021453499281847144,34.730071335181755,0.006000000000028649,0.0010000000000331966,0.0049999999999954525,0.004765637025589768,-0.0033060569567169296,-0.002794148977887957,-0.0005119079788289725
07:24:00,295.497,295.497,295.49,295.495,0.021086288881633664,33.12944197245027,0.007000000000005002,0.0020000000000095497,0.0049999999999954525,0.005063552088845133,-0.0030479110120040787,-0.0028449013847111813,-0.0002030096272928974
07:24:05,295.494,295.5,295.494,295.5,0.02076028596957258,32.099037305471775,0.005999999999971806,0.0,0.005999999999971806,0.00518841181032869,-0.0024120654882722192,-0.0027583342054233887,0.00034626871715116945
07:24:10,295.5,295.5,295.496,295.499,0.01905007251968982,30.67979858898217,0.004000000000019099,0.0009999999999763531,0.0030000000000427463,0.005029956902287412,-0.0019661800723156375,-0.0025999033788018386,0.0006337233064862011
07:24:15,295.499,295.503,295.489,295.489,0.018439088910213286,29.85633022018914,0.014000000000010004,0.014000000000010004,0.0,0.006225962648650424,-0.002392153833966404,-0.002558353469834752,0.00016619963586834811
07:24:20,295.489,295.489,295.486,295.489,0.019111859086137883,28.83643453651136,0.002999999999985903,0.0,0.002999999999985903,0.005795834295495155,-0.0026986329482951987,-0.0025864093655268415,-0.00011222358276835728
07:24:25,295.489,295.499,295.489,295.496,0.016254554012448352,26.563578481742287,0.010000000000047748,0.0030000000000427463,0.007000000000005002,0.006356389722768834,-0.002349593702263064,-0.0025390462328740864,0.00018945253061102224
07:24:30,295.496,295.501,295.495,295.501,0.01716790150067027,23.9238934732284,0.005999999999971806,0.0,0.005999999999971806,0.0063088710930625635,-0.001650493509998796,-0.0023613356882990284,0.0007108421783002324
07:24:35,295.501,295.503,295.498,295.503,0.01828890949070683,21.592725576455134,0.0049999999999954525,0.0,0.0049999999999954525,0.006134354947320283,-0.0009244122367704222,-0.002073950997993307,0.001149538761222885
07:24:40,295.505,295.509,295.505,295.509,0.021536749494430296,22.83781530115417,0.004000000000019099,0.0,0.004000000000019099,0.006116440954348066,0.00013362194863475452,-0.0016324364086676949,0.0017660583573024494
07:24:45,295.512,295.512,295.507,295.507,0.023188926573425306,24.05592819881108,0.0049999999999954525,0.0049999999999954525,0.0,0.0059675821604343844,0.0008014991941536209,-0.0011456492881034316,0.0019471484822570525
07:24:50,295.507,295.51,295.499,295.5,0.023484821522629318,22.31839370186318,0.010999999999967258,0.009999999999990905,0.0009999999999763531,0.006638571205705435,0.0007572263900215148,-0.0007650741524784423,0.0015223005424999572
07:24:55,295.5,295.5,295.491,295.493,0.023620686737331198,21.764583419455416,0.009000000000014552,0.007000000000005002,0.0020000000000095497,0.006953428378279984,0.000155505801160416,-0.0005809581617506707,0.0007364639629110867
07:25:00,295.493,295.495,295.493,295.494,0.023251485517903347,20.78000934539909,0.0020000000000095497,0.0009999999999763531,0.0010000000000331966,0.00629297126117726,-0.00023792777477638083,-0.0005123520843558127,0.00027442430957943186
07:25:05,295.493,295.493,295.489,295.489,0.023833633904700946,21.606189988866905,0.004000000000019099,0.004000000000019099,0.0,0.006120575093027265,-0.0009423224250895146,-0.0005983461525025532,-0.0003439762725869614
07:25:10,295.489,295.489,295.486,295.487,0.024909097890713383,23.473190415676793,0.002999999999985903,0.0019999999999527063,0.0010000000000331966,0.005704498413955084,-0.0016430040180921424,-0.0008072777256204711,-0.0008357262924716713
07:25:15,295.487,295.487,295.47,295.471,0.0329918650234049,26.238510651150484,0.016999999999995907,0.016000000000019554,0.0009999999999763531,0.00721056529209386,-0.0034496006619519903,-0.001335742312886775,-0.0021138583490652152
07:25:20,295.471,295.472,295.461,295.461,0.044672374600395415,29.628053247713126,0.010999999999967258,0.010999999999967258,0.0,0.007715823253143647,-0.005623434492235901,-0.0021932807487566007,-0.0034301537434793007
07:25:25,295.461,295.465,295.461,295.461,0.05311992390409159,32.86778560476835,0.003999999999962256,0.003999999999962256,0.0,0.007220380152719462,-0.007262495932025104,-0.0032071237854103016,-0.004055372146614802
07:25:30,295.46,295.462,295.46,295.461,0.059746481946945096,35.37864940743442,0.0020000000000095497,0.0009999999999763531,0.0010000000000331966,0.006524329465691475,-0.008463897391322917,-0.0042584785065928246,-0.004205418884730092
07:25:35,295.461,295.465,295.461,295.464,0.06378219517080197,38.03639813754766,0.003999999999962256,0.0009999999999763531,0.002999999999985903,0.006187752203594246,-0.009069395430401528,-0.005220661891354565,-0.0038487335390469625
07:25:40,295.464,295.469,295.463,295.465,0.06676242245737285,38.88333111156792,0.005999999999971806,0.004000000000019099,0.0019999999999527063,0.0061627185764445876,-0.009360661467553655,-0.006048661806594384,-0.003311999660959271
07:25:45,295.463,295.464,295.459,295.459,0.07000631550261005,39.88326747342519,0.0049999999999954525,0.0049999999999954525,0.0,0.006141022766248217,-0.009960819628076933,-0.006831093370890894,-0.003129726257186039
07:25:50,295.459,295.46,295.457,295.459,0.07232557966165132,40.041773818519914,0.002999999999985903,0.0009999999999763531,0.0020000000000095497,0.005722219730746576,-0.010317515399094646,-0.007528377776531646,-0.002789137622563
07:25:55,295.459,295.465,295.459,295.465,0.07379174108484676,38.05406841752549,0.005999999999971806,0.0,0.005999999999971806,0.005759257099976607,-0.010000766896098412,-0.008022855600445,-0.001977911295653412
07:26:00,295.465,295.468,295.464,295.467,0.0745783939340754,37.90134200264112,0.004000000000019099,0.0010000000000331966,0.002999999999985903,0.00552468948664894,-0.009479089101489535,-0.008314102300653908,-0.0011649868008356268
07:26:05,295.466,295.48,295.466,295.48,0.07315563797885716,38.737191470187895,0.014000000000010004,0.0,0.014000000000010004,0.006654730888430415,-0.007925306338165683,-0.008236343108156264,0.0003110367699905806
07:26:10,295.48,295.486,295.479,295.485,0.070606396010362,40.82929187189687,0.007000000000005002,0.0009999999999763531,0.006000000000028649,0.0067007667699736945,-0.006218777890069305,-0.007832830064538873,0.0016140521744695685
07:26:15,295.485,295.494,295.485,295.494,0.06845636335560812,42.87120231520054,0.009000000000014552,0.0,0.009000000000014552,0.0070073312006458085,-0.0040929361956045796,-0.007084851290752015,0.0029919150951474354
07:26:20,295.494,295.495,295.49,295.49,0.06325087891775638,44.402440895191155,0.0049999999999954525,0.0049999999999954525,0.0,0.0067396870405590946,-0.0026998358800369715,-0.006207848208609006,0.0035080123285720346
07:26:25,295.49,295.493,295.482,295.482,0.057120740077721166,41.768472702007294,0.010999999999967258,0.010999999999967258,0.0,0.0073077287684801834,-0.0022157847964763278,-0.005409435526182471,0.003193650729706143
07:26:30,295.48,295.484,295.48,295.482,0.05296235007961059,38.04040685385354,0.003999999999962256,0.0019999999999527063,0.0020000000000095497,0.006866698266011127,-0.0018112913857635249,-0.004689806698098682,0.0028785153123351568
07:26:35,295.483,295.483,295.47,295.471,0.0504176243166512,34.26188748923804,0.012999999999976808,0.012000000000000455,0.0009999999999763531,0.007684471830539885,-0.0023512319741030296,-0.004222091753299551,0.0018708597791965214
07:26:40,295.469,295.473,295.469,295.473,0.04690146445523169,30.578638668610783,0.004000000000019099,0.0,0.004000000000019099,0.00719320891980378,-0.0025879235237198372,-0.0038952581073836085,0.0013073345836637712
07:26:45,295.473,295.473,295.47,295.472,0.04451327418382789,28.00146529162766,0.002999999999985903,0.0010000000000331966,0.0019999999999527063,0.0066341143971613975,-0.0028236456947183797,-0.003680935624850563,0.0008572899301321833
07:26:50,295.469,295.469,295.462,295.462,0.043229619471048863,28.117213632640592,0.007000000000005002,0.007000000000005002,0.0,0.007082899144205332,-0.0037738708065830906,-0.0036995226611970687,-7.434814538602192e-05
07:26:55,295.463,295.471,295.461,295.471,0.043229619471048863,27.049753594202944,0.009999999999990905,0.0,0.009999999999990905,0.007471845924976741,-0.0037573933778958235,-0.0037110968045368196,-4.629657335900386e-05
07:27:00,295.471,295.474,295.466,295.466,0.04246063191669691,24.845364960683845,0.007999999999981355,0.007999999999981355,0.0,0.00754226646831069,-0.0041005248126566585,-0.003788982406160788,-0.00031154240649587054
07:27:05,295.461,295.468,295.461,295.468,0.041459682376626006,25.276168984039494,0.007000000000005002,0.0,0.007000000000005002,0.007469964272536598,-0.004163086195262622,-0.003863803163981155,-0.000299283031281467
07:27:10,295.469,295.471,295.469,295.47,0.04024922359019456,25.711699870909825,0.0020000000000095497,0.0009999999999763531,0.0010000000000331966,0.006873969036196506,-0.004005114786309605,-0.003892065488446845,-0.00011304929786275968
07:27:15,295.47,295.475,295.468,295.475,0.03954690751959333,23.904828153525504,0.007000000000005002,0.0,0.007000000000005002,0.006890773164704305,-0.003436845280248235,-0.0038010214468071233,0.0003641761665588881
07:27:20,295.475,295.477,295.473,295.477,0.0390066121202608,21.713651638366752,0.003999999999962256,0.0,0.003999999999962256,0.006505336742738699,-0.002792909396248433,-0.0035993990366953855,0.0008064896404469525
07:27:25,295.481,295.481,295.477,295.479,0.036830193558216706,19.576763945212264,0.004000000000019099,0.0020000000000095497,0.0020000000000095497,0.00617129184370942,-0.0020970290382251733,-0.0032989250370013433,0.00120189599877617
07:27:30,295.479,295.479,295.47,295.472,0.033977701661115134,16.42183025042844,0.008999999999957708,0.007000000000005002,0.0019999999999527063,0.006548452931209192,-0.0020863304210934075,-0.0030564061138197564,0.0009700756927263489
07:27:35,295.472,295.474,295.47,295.473,0.03271503758003291,15.420631675670947,0.003999999999962256,0.0009999999999763531,0.002999999999985903,0.006208659207042934,-0.0019744003886330574,-0.002840004968782417,0.0008656045801493594
07:27:40,295.473,295.473,295.469,295.472,0.031923592985890537,15.154659908641497,0.004000000000019099,0.0010000000000331966,0.002999999999985903,0.00591417131277309,-0.00194397770917476,-0.002660799516860886,0.0007168218076861257
07:27:45,295.472,295.473,295.469,295.473,0.03174304730612221,14.939141658073796,0.004000000000019099,0.0,0.004000000000019099,0.005658948471072558,-0.0018182166046472048,-0.00249228293441815,0.000674066329770945
07:27:50,295.473,295.477,295.473,295.473,0.030459636789146316,14.465584668487248,0.003999999999962256,0.003999999999962256,0.0,0.005437755341591185,-0.001698965407626929,-0.002333619429059906,0.000634654021432977
07:27:55,295.473,295.473,295.467,295.467,0.02521152617862299,14.514981311957357,0.006000000000028649,0.006000000000028649,0.0,0.005512721296049514,-0.002064806032137767,-0.002279856749675478,0.00021505071753771116
07:28:00,295.467,295.47,295.466,295.47,0.019911382611553563,13.478435541078882,0.004000000000019099,0.0,0.004000000000019099,0.005311025123245459,-0.0020885865096147427,-0.0022416027016633313,0.00015301619204858858
07:28:05,295.47,295.47,295.454,295.454,0.023894504975260134,15.148529172571399,0.016000000000019554,0.016000000000019554,0.0,0.006736221773482005,-0.0033597696584592995,-0.002465236093022525,-0.0008945335654367745
07:28:10,295.453,295.459,295.453,295.458,0.024230472324120456,17.795604760833807,0.006000000000028649,0.0009999999999763531,0.005000000000052296,0.006638058870354891,-0.003998334579591756,-0.002771855790336371,-0.0012264787892553846
07:28:15,295.458,295.462,295.458,295.461,0.02543433236257897,18.347227648341203,0.003999999999962256,0.0009999999999763531,0.002999999999985903,0.006286317687635873,-0.0042137534258017695,-0.003060235317429451,-0.0011535181083723186
07:28:20,295.461,295.461,295.459,295.46,0.026478193601633393,19.775692714054024,0.0020000000000095497,0.0010000000000331966,0.0009999999999763531,0.00571480866261903,-0.0044142809726963605,-0.0033310444484828334,-0.0010832365242135272
07:28:25,295.461,295.462,295.457,295.462,0.026919763813452846,22.666229395639252,0.0049999999999954525,0.0,0.0049999999999954525,0.005619500840935887,-0.00436154009389611,-0.003537143577565489,-0.0008243965163306213
07:28:30,295.463,295.463,295.453,295.453,0.029710179003131998,25.818764420366364,0.010000000000047748,0.010000000000047748,0.0,0.006203567395484135,-0.004988463449819847,-0.0038274075520163607,-0.0011610558978034859
07:28:35,295.454,295.454,295.452,295.453,0.03227774203878653,28.212908653970967,0.0020000000000095497,0.0010000000000331966,0.0009999999999763531,0.005643091742754191,-0.005422794130993225,-0.004146484867811734,-0.0012763092631814911
07:28:40,295.453,295.458,295.453,295.453,0.03456252914054403,29.620098219087634,0.005000000000052296,0.005000000000052296,0.0,0.005557346177060605,-0.005701283478003916,-0.00445744458985017,-0.0012438388881537456
07:28:45,295.448,295.453,295.444,295.448,0.03810843254586871,32.669756360845405,0.008999999999957708,0.0049999999999954525,0.003999999999962256,0.006016366686780219,-0.006253361644724009,-0.004816628000824938,-0.0014367336438990711
07:28:50,295.448,295.448,295.44,295.44,0.0438998860989841,35.95378379633465,0.007999999999981355,0.007999999999981355,0.0,0.006280851128540371,-0.00725281477656381,-0.005303865355972713,-0.0019489494205910968
07:28:55,295.438,295.438,295.43,295.433,0.050354114445440246,40.12696177317594,0.007999999999981355,0.0049999999999954525,0.002999999999985903,0.006776737644733776,-0.008511613500616022,-0.005945414984901374,-0.0025661985157146476
07:29:00,295.433,295.434,295.427,295.427,0.056872525967946785,44.59216009166113,0.007000000000005002,0.007000000000005002,0.0,0.006806505958769939,-0.009879485851342906,-0.006732229158189681,-0.003147256693153225
07:29:05,295.428,295.428,295.42,295.422,0.06259779716526737,48.93018017673414,0.007999999999981355,0.005999999999971806,0.0020000000000095497,0.006965638497598128,-0.011237454378544953,-0.007633274202260737,-0.0036041801762842166
07:29:10,295.421,295.421,295.417,295.417,0.06982052178648246,53.156517771002086,0.004000000000019099,0.004000000000019099,0.0,0.006703553364592017,-0.012572188075012036,-0.008621056976810997,-0.003951131098201039
07:29:15,295.417,295.422,295.415,295.416,0.0748151405966837,55.34995890068443,0.007000000000005002,0.006000000000028649,0.0009999999999763531,0.006743079582647082,-0.013554418884837105,-0.00960772935841622,-0.003946689526420886
07:29:20,295.416,295.417,295.411,295.411,0.07984695887387261,57.59770528770863,0.005999999999971806,0.005999999999971806,0.0,0.006644002304957045,-0.014568367024878626,-0.010599856891708701,-0.0039685101331699245
07:29:25,295.411,295.414,295.411,295.414,0.08143347300449477,60.99972739747579,0.002999999999985903,0.0,0.002999999999985903,0.006158135330960894,-0.014957433322308589,-0.01147137217782868,-0.0034860611444799093
07:29:30,295.421,295.428,295.421,295.427,0.0782557211580297,59.537845314202514,0.007000000000005002,0.0009999999999763531,0.006000000000028649,0.007203717286834109,-0.014054765226887866,-0.011988050787640517,-0.0020667144392473493
07:29:35,295.428,295.433,295.428,295.433,0.07506236003450795,56.65407124098873,0.0049999999999954525,0.0,0.0049999999999954525,0.007043221648585802,-0.01270874589027926,-0.012132189808168267,-0.000576556082110994
07:29:40,295.433,295.433,295.429,295.433,0.06998195255494011,53.06711647989383,0.004000000000019099,0.0,0.004000000000019099,0.006637458762110242,-0.011509343322984478,-0.012007620511131509,0.000498277188147031
07:29:45,295.433,295.438,295.433,295.434,0.06858417800674488,50.38834919812473,0.0049999999999954525,0.003999999999962256,0.0010000000000331966,0.006419130927161604,-0.010358707769455577,-0.011677837962796324,0.0013191301933407461
07:29:50,295.432,295.432,295.429,295.431,0.0660768292790408,48.61089266062,0.0030000000000427463,0.0010000000000331966,0.0020000000000095497,0.006229913470213696,-0.009578480965160452,-0.01125796656326915,0.0016794855981086976
07:29:55,295.432,295.437,295.432,295.436,0.06188988523081207,46.24467851786778,0.0049999999999954525,0.0010000000000331966,0.003999999999962256,0.00619925834085569,-0.008459175281245734,-0.010698208306864467,0.0022390330256187325
07:30:00,295.436,295.441,295.436,295.436,0.05732970203973764,44.105558370790895,0.0049999999999954525,0.0049999999999954525,0.0,0.006039357228740992,-0.007485825525691325,-0.010055731750629838,0.0025699062249385125
07:30:05,295.436,295.439,295.435,295.437,0.051045490539081584,40.77223523381972,0.004000000000019099,0.0020000000000095497,0.0020000000000095497,0.005767442931578074,-0.006558148930594143,-0.009356215186622701,0.002798066256028558
07:30:10,295.436,295.436,295.433,295.433,0.047348206203423615,36.60751756033944,0.002999999999985903,0.002999999999985903,0.0,0.005531783874036878,-0.006075688362614073,-0.008700109821820975,0.0026244214592069017
07:30:15,295.433,295.44,295.429,295.44,0.04371149432290622,32.04702448721469,0.011000000000024102,0.0,0.011000000000024102,0.006260879357501841,-0.005070049018911504,-0.00797409766123908,0.002904048642327576
07:30:20,295.44,295.443,295.433,295.433,0.0386176943237615,28.125732876011917,0.009999999999990905,0.009999999999990905,0.0,0.006759428776500383,-0.004782781168216843,-0.007335834362634633,0.0025530531944177896
07:30:25,295.433,295.438,295.43,295.434,0.0349983458125962,22.981877541205257,0.007999999999981355,0.003999999999962256,0.004000000000019099,0.006924838272964512,-0.004423437055379509,-0.006753354901183608,0.0023299178458040994
07:30:30,295.436,295.439,295.433,295.439,0.03475265986241993,17.96488970549405,0.006000000000028649,0.0,0.006000000000028649,0.006801526503239731,-0.003692629707074957,-0.006141209862361878,0.002448580155286921
07:30:35,295.439,295.441,295.439,295.441,0.036177340962126436,13.554203625026306,0.0019999999999527063,0.0,0.0019999999999527063,0.006161322969468128,-0.0029184344375039473,-0.005496654777390293,0.0025782203398863456
07:30:40,295.441,295.441,295.439,295.439,0.037005831676196976,14.00742173759899,0.0019999999999527063,0.0019999999999527063,0.0,0.005606479906866072,-0.002438156839559724,-0.004884955189824179,0.0024467983502644546
07:30:45,295.439,295.441,295.437,295.439,0.036918687311299436,14.491252711718408,0.003999999999962256,0.0019999999999527063,0.0020000000000095497,0.005392282585945564,-0.0020340857091127873,-0.004314781293681901,0.0022806955845691137
07:30:50,295.439,295.442,295.439,295.442,0.03559775272560728,15.385727143583884,0.002999999999985903,0.0,0.002999999999985903,0.005073311574484276,-0.001455009060350676,-0.003742826847015656,0.00228781778666498
07:30:55,295.443,295.459,295.443,295.459,0.03948030820515669,18.620373723751417,0.016000000000019554,0.0,0.016000000000019554,0.006663536697885827,0.0003713901267019537,-0.002919983452272134,0.0032913735789740876
07:31:00,295.459,295.461,295.459,295.46,0.03919183587368025,23.055110929978206,0.0020000000000095497,0.0010000000000331966,0.0009999999999763531,0.006041731804835656,0.0018778693743684016,-0.001960412886944027,0.0038382822613124284
07:31:05,295.46,295.471,295.459,295.471,0.043899886095118745,27.181717646210956,0.012000000000000455,0.0,0.012000000000000455,0.006836167564190963,0.003914252039976418,-0.0007854799015599378,0.004699731941536356
07:31:10,295.467,295.471,295.464,295.471,0.05023691240114658,30.5815095591898,0.007000000000005002,0.0,0.007000000000005002,0.006858011888966169,0.00546510168351233,0.0004646364154545159,0.005000465268057815
07:31:15,295.468,295.468,295.458,295.458,0.05140714674087121,31.97835522909788,0.009999999999990905,0.009999999999990905,0.0,0.007676943637100921,0.005580837424929541,0.001487876617349521,0.00409296080758002
07:31:20,295.458,295.463,295.457,295.463,0.053312978564463265,33.657223790512106,0.006000000000028649,0.0,0.006000000000028649,0.007453351152157952,0.006006774687591587,0.0023916562313979345,0.003615118456193653
07:31:25,295.463,295.469,295.463,295.468,0.0561126686066018,36.207740237681755,0.005999999999971806,0.0009999999999763531,0.0049999999999954525,0.007259570998533133,0.006670893344164597,0.003247503653951267,0.00342338969021333
07:31:30,295.468,295.469,295.466,295.466,0.0567005058852601,37.975230270913514,0.002999999999985903,0.002999999999985903,0.0,0.006691628198726836,0.006955648492862565,0.003989132621733527,0.002966515871129038
07:31:35,295.466,295.469,295.464,295.464,0.057135480720148735,40.0324280945895,0.0049999999999954525,0.0049999999999954525,0.0,0.0064660777722293184,0.006939936447054151,0.004579293386797652,0.0023606430602564994
07:31:40,295.464,295.465,295.462,295.465,0.057188883712569805,40.96762035633209,0.002999999999985903,0.0,0.002999999999985903,0.0060039340692635305,0.006928310924593006,0.0050490968943567235,0.0018792140302362828
07:31:45,295.465,295.47,295.465,295.467,0.057255107786772896,42.324796804722226,0.005000000000052296,0.0030000000000427463,0.0020000000000095497,0.0058700761933687,0.006999791658529375,0.005439235847191254,0.0015605558113381207
07:31:50,295.467,295.467,295.457,295.458,0.054340447272579695,41.0439218923515,0.009999999999990905,0.008999999999957708,0.0010000000000331966,0.006420732700918327,0.006258076659150902,0.005603004009583184,0.0006550726495677178
07:31:55,295.458,295.458,295.456,295.456,0.052768012632327554,40.567000681562824,0.0020000000000095497,0.0020000000000095497,0.0,0.005831301674130491,0.005446099646349012,0.00557162313693635,-0.0001255234905873379
07:32:00,295.455,295.457,295.455,295.457,0.048684159309800634,39.967341121612534,0.0020000000000095497,0.0,0.0020000000000095497,0.005320461450914365,0.004827643586281738,0.005422827226805428,-0.0005951836405236896
07:32:05,295.457,295.463,295.457,295.463,0.04444937983498676,36.93697752447669,0.006000000000028649,0.0,0.006000000000028649,0.00541106659079627,0.004766714837387553,0.005291604748921853,-0.0005248899115342992
07:32:10,295.461,295.467,295.461,295.465,0.04141497312923548,34.553937006216294,0.005999999999971806,0.0020000000000095497,0.003999999999962256,0.005489591045353008,0.004824201261044436,0.005198124051346369,-0.0003739227903019329
07:32:15,295.464,295.47,295.464,295.47,0.0390944874205843,31.97946138097445,0.006000000000028649,0.0,0.006000000000028649,0.005557645572643094,0.005213124228134802,0.005201124086704056,1.2000141430746313e-05
07:32:20,295.47,295.473,295.47,295.473,0.03532406365366114,29.908887511319936,0.002999999999985903,0.0,0.002999999999985903,0.005216626162955469,0.00569774337071749,0.005300447943506743,0.0003972954272107466
07:32:25,295.473,295.475,295.465,295.468,0.028450511037135584,28.29147474866131,0.010000000000047748,0.007000000000005002,0.0030000000000427463,0.00585440934123444,0.005613638785916919,0.005363086111988779,0.0002505526739281401
07:32:30,295.468,295.472,295.468,295.471,0.02113714613437878,27.022971031776517,0.003999999999962256,0.0009999999999763531,0.002999999999985903,0.005607154762398149,0.005723088028162238,0.005435086495223471,0.00028800153293876644
07:32:35,295.47,295.473,295.47,295.473,0.02168773602932106,25.146489353640636,0.002999999999985903,0.0,0.002999999999985903,0.005259534127409851,0.0059031626420846806,0.005528701724595713,0.0003744609174889677
07:32:40,295.474,295.485,295.474,295.484,0.026737712364820254,25.407010542189532,0.011000000000024102,0.0010000000000331966,0.009999999999990905,0.006158262910421932,0.0068544671100880805,0.005793854801694186,0.0010606123083938945
07:32:45,295.485,295.488,295.482,295.488,0.03276455079549123,26.845949840043208,0.005999999999971806,0.0,0.005999999999971806,0.006137161189028581,0.00784076585728144,0.0062032370128116375,0.0016375288444698023
07:32:50,295.487,295.487,295.475,295.481,0.034844617486442075,26.711344524830253,0.012000000000000455,0.006000000000028649,0.005999999999971806,0.007052206363821679,0.007965749025515834,0.006555739415352477,0.0014100096101633567
07:32:55,295.481,295.484,295.477,295.477,0.03444049023732987,26.215627598335765,0.007000000000005002,0.007000000000005002,0.0,0.007045245515312789,0.007653804225469685,0.006775352377375919,0.0008784518480937659
07:33:00,295.478,295.482,295.476,295.477,0.0347132615247574,27.961284613778325,0.006000000000028649,0.005000000000052296,0.0009999999999763531,0.0069058794466082376,0.0073221801886802496,0.006884717939636785,0.00043746224904346424
07:33:05,295.476,295.478,295.474,295.477,0.0353031979974503,29.09383757231198,0.004000000000019099,0.0010000000000331966,0.002999999999985903,0.0065184288537296865,0.006978917137701046,0.006903557779249638,7.535935845140798e-05
07:33:10,295.475,295.476,295.474,295.476,0.03548164832409384,29.93848542226118,0.0020000000000095497,0.0,0.0020000000000095497,0.006049305006563849,0.006550674950915436,0.006832981213582798,-0.0002823062626673622
07:33:15,295.476,295.482,295.475,295.479,0.03570345699631616,31.35352854906448,0.007000000000005002,0.0030000000000427463,0.003999999999962256,0.0061760643390226695,0.0063798222410014205,0.006742349419066524,-0.0003625271780651031
07:33:20,295.477,295.483,295.477,295.483,0.03666692184083331,32.13697856624783,0.006000000000028649,0.0,0.006000000000028649,0.006152589093823467,0.006492347072423854,0.00669234894973799,-0.00020000187731413627
07:33:25,295.483,295.483,295.479,295.48,0.036971681900467956,32.36628320901307,0.004000000000019099,0.002999999999985903,0.0010000000000331966,0.005865577214649552,0.006267204452342412,0.006607320050258875,-0.0003401155979164631
07:33:30,295.481,295.486,295.48,295.481,0.03488266044041666,32.76347329069008,0.005999999999971806,0.0049999999999954525,0.0009999999999763531,0.0058835002526925195,0.006099161608062786,0.0065056883618196575,-0.0004065267537568711
07:33:35,295.481,295.487,295.481,295.484,0.03158347335056533,35.22008732510345,0.006000000000028649,0.0030000000000427463,0.002999999999985903,0.005899033552337337,0.006137314233058078,0.006432013536067342,-0.0002946993030092642
07:33:40,295.484,295.486,295.484,295.486,0.02782199053478962,37.43838970697771,0.0020000000000095497,0.0,0.0020000000000095497,0.005379162412026965,0.0062568091474872745,0.006396972658351329,-0.00014016351086405462
07:33:45,295.486,295.497,295.484,295.497,0.030143516357270528,41.092098250720824,0.013000000000033651,0.0,0.013000000000033651,0.006395274090427857,0.007156620728324015,0.006548902272345867,0.0006077184559781477
07:33:50,295.497,295.498,295.494,295.495,0.030765667800892516,42.69779634381179,0.003999999999962256,0.002999999999985903,0.0009999999999763531,0.006075904211699111,0.007620500220639315,0.006763221862004557,0.0008572783586347577
07:33:55,295.498,295.498,295.493,295.493,0.031342589143037,43.31333892950685,0.0049999999999954525,0.0049999999999954525,0.0,0.005932450316805291,0.007737551102479756,0.006958087710099597,0.000779463392380159
07:34:00,295.492,295.501,295.492,295.501,0.035003157744654345,46.690330407016425,0.008999999999957708,0.0,0.008999999999957708,0.006341456941225614,0.008379257051387867,0.007242321578357252,0.001136935473030615
07:34:05,295.501,295.508,295.501,295.508,0.039051383148262175,50.000453871020675,0.007000000000005002,0.0,0.007000000000005002,0.006429262682396198,0.009344932572105336,0.007662843777106869,0.0016820887949984663
07:34:10,295.508,295.508,295.505,295.505,0.04091325868637341,53.7072547538487,0.002999999999985903,0.002999999999985903,0.0,0.005972027658074826,0.009755704759925266,0.008081415973670548,0.001674288786254717
07:34:15,295.505,295.512,295.505,295.51,0.04408413009036849,58.47934968173718,0.007000000000005002,0.0020000000000095497,0.0049999999999954525,0.006109090636998849,0.010365219097764111,0.008538176598489261,0.0018270424992748498
07:34:20,295.513,295.513,295.507,295.51,0.04800701702595234,63.310928210248385,0.005999999999971806,0.002999999999985903,0.002999999999985903,0.006094545218728577,0.010724636666225251,0.00897546861203646,0.0017491680541887912
07:34:25,295.51,295.51,295.503,295.506,0.05021385843042481,64.13975210140136,0.007000000000005002,0.004000000000019099,0.002999999999985903,0.006215272522898767,0.01056492522644703,0.009293359934918574,0.0012715652915284564
07:34:30,295.506,295.514,295.506,295.512,0.05295916996851702,65.39456299451352,0.008000000000038199,0.0020000000000095497,0.006000000000028649,0.006453236186517358,0.010798029651368779,0.009594293878208615,0.0012037357731601635
07:34:35,295.512,295.513,295.509,295.512,0.0539379760717793,66.49025541362106,0.003999999999962256,0.0009999999999763531,0.002999999999985903,0.006126138028310012,0.010857606854358437,0.00984695647343858,0.0010106503809198565
07:34:40,295.511,295.513,295.501,295.501,0.051953015206549935,63.20447465337315,0.012000000000000455,0.012000000000000455,0.0,0.006909319624535405,0.009903057861208708,0.009858176750992606,4.488111021610196e-05
07:34:45,295.501,295.504,295.495,295.504,0.04972810282038154,60.740843303142285,0.009000000000014552,0.0,0.009000000000014552,0.007188077007932624,0.009281652720062539,0.009742871944806594,-0.0004612192247440555
07:34:50,295.504,295.509,295.503,295.504,0.04636650333145553,57.32314074704965,0.006000000000028649,0.0049999999999954525,0.0010000000000331966,0.007029666740212095,0.00868902302005381,0.009532102159856037,-0.0008430791398022271
07:34:55,295.504,295.505,295.502,295.502,0.04306372266933067,52.18459315173526,0.002999999999985903,0.002999999999985903,0.0,0.00649237784151527,0.007966147636636833,0.009218911255212197,-0.0012527636185753633
07:35:00,295.505,295.508,295.501,295.508,0.04115132535628163,47.56174934112277,0.007000000000005002,0.0,0.007000000000005002,0.006560060795980567,0.007787642448647603,0.00893265749389928,-0.0011450150452516766
07:35:05,295.508,295.509,295.501,295.506,0.03688673987483071,43.8702781839036,0.008000000000038199,0.0030000000000427463,0.0049999999999954525,0.006752052689854918,0.007399495734944139,0.008626025142108251,-0.001226529407164112
07:35:10,295.506,295.51,295.506,295.509,0.03213851599230111,40.103051518693555,0.004000000000019099,0.0009999999999763531,0.0030000000000427463,0.006385112331210143,0.007250383685970974,0.008350896850880796,-0.0011005131649098228
07:35:15,295.508,295.51,295.505,295.51,0.02751382427061344,35.289748699799354,0.0049999999999954525,0.0,0.0049999999999954525,0.006200430687048185,0.0071307046312654165,0.00810685840695772,-0.0009761537756923042
07:35:20,295.511,295.512,295.505,295.505,0.021711990374114976,31.157019206823804,0.007000000000005002,0.007000000000005002,0.0,0.00630703992877576,0.006556817000046067,0.0077968501255753905,-0.0012400331255293237
07:35:25,295.505,295.506,295.503,295.506,0.020407428980433906,25.792591851321426,0.002999999999985903,0.0,0.002999999999985903,0.00586610127160378,0.006112240456957352,0.007459928191851784,-0.001347687734894432
07:35:30,295.506,295.509,295.503,295.508,0.018029216047466434,21.427830992190287,0.006000000000028649,0.0010000000000331966,0.0049999999999954525,0.005883954435393763,0.0058538144992326124,0.00713870545332795,-0.0012848909540953378
07:35:35,295.51,295.51,295.506,295.506,0.013252209338247667,19.838079139791464,0.004000000000019099,0.004000000000019099,0.0,0.005632760510677142,0.005425089723246401,0.006795982307311641,-0.00137089258406524
07:35:40,295.506,295.506,295.501,295.501,0.013252209338247667,15.983727525932114,0.0049999999999954525,0.0049999999999954525,0.0,0.005548392442586251,0.004628509460303576,0.006362487737910029,-0.0017339782776064532
07:35:45,295.501,295.501,295.498,295.498,0.01526054423129608,13.300612867196886,0.002999999999985903,0.002999999999985903,0.0,0.005208606783572872,0.0037123453288359087,0.005832459256095205,-0.002120113927259296
07:35:50,295.498,295.504,295.498,295.504,0.01534995284487195,13.084375850609993,0.006000000000028649,0.0,0.006000000000028649,0.005314125879100309,0.0034308794670891984,0.005352143298294003,-0.001921263831204805
07:35:55,295.507,295.509,295.507,295.509,0.015160891506980079,13.226843992193437,0.0020000000000095497,0.0,0.0020000000000095497,0.005272242428552996,0.0035701198378887966,0.004995738606212962,-0.0014256187683241656
07:36:00,295.509,295.513,295.509,295.513,0.016031547836178106,15.514999890528582,0.003999999999962256,0.0,0.003999999999962256,0.005102610104740898,0.003957614489252137,0.004788113782820798,-0.0008304992935686609
07:36:05,295.513,295.516,295.511,295.514,0.017479009960084113,18.423475974186513,0.0049999999999954525,0.0020000000000095497,0.002999999999985903,0.005088928757441506,0.004295878224752414,0.0046896666712071215,-0.00039378844645470736
07:36:10,295.514,295.516,295.514,295.516,0.018833341088566158,20.727255857109892,0.0020000000000095497,0.0,0.0020000000000095497,0.0046770715897839115,0.0046714879522937736,0.004686030927424452,-1.4542975130678662e-05
07:36:15,295.515,295.518,295.515,295.518,0.020881621224930313,23.166247736774892,0.002999999999985903,0.0,0.002999999999985903,0.00445346204447751,0.005072076907424616,0.004763240123424485,0.00030883678400013114
07:36:20,295.517,295.524,295.517,295.524,0.024958913601153654,26.268409545939285,0.007000000000005002,0.0,0.007000000000005002,0.0047930004385478425,0.005806759685299312,0.004971944035799451,0.000834815649499861
07:36:25,295.524,295.526,295.522,295.526,0.02920057677420118,30.064330363391065,0.004000000000019099,0.0,0.004000000000019099,0.004687267046744011,0.006475736110303387,0.005272702450700238,0.001203033659603149
07:36:30,295.526,295.538,295.525,295.538,0.038355127287331925,34.137464447731475,0.013000000000033651,0.0,0.013000000000033651,0.005795631440515963,0.0078833303338115,0.005794828027322492,0.0020885023064890085
07:36:35,295.538,295.539,295.537,295.538,0.04426285123861362,39.231736760925834,0.0020000000000095497,0.0009999999999763531,0.0010000000000331966,0.005289547248448442,0.008896307798522685,0.00641512398156253,0.0024811838169601546
07:36:40,295.538,295.538,295.533,295.536,0.0485559904677757,41.44845135822485,0.0049999999999954525,0.0020000000000095497,0.002999999999985903,0.00525094094865471,0.009429024526752983,0.007017904090600621,0.0024111204361523617
07:36:45,295.536,295.542,295.536,295.536,0.051583351045223935,43.805637663493194,0.005999999999971806,0.005999999999971806,0.0,0.0053508154888303235,0.009738941911848542,0.007562111654850206,0.002176830256998336
07:36:50,295.536,295.536,295.533,295.534,0.05363423886626606,46.5474787143547,0.002999999999985903,0.0020000000000095497,0.0009999999999763531,0.005037373423651068,0.009711225425348857,0.007991934408949937,0.00171929101639892
07:36:55,295.534,295.536,295.529,295.532,0.05481298347763186,46.81531684075954,0.007000000000005002,0.004000000000019099,0.002999999999985903,0.005299056967164926,0.009419296834209945,0.00827740689400194,0.0011418899402080053
07:37:00,295.529,295.53,295.527,295.527,0.05390986629595318,47.6583284742877,0.002999999999985903,0.002999999999985903,0.0,0.005259182704875663,0.008684375039649694,0.00835880052313149,0.00032557451651820356
07:37:05,295.527,295.527,295.522,295.524,0.052586169883397815,46.6817154559227,0.0049999999999954525,0.002999999999985903,0.0020000000000095497,0.005224625010891636,0.007770298134630593,0.008241100045431313,-0.0004708019108007194
07:37:10,295.527,295.529,295.527,295.529,0.05186663058532304,44.31568367171115,0.0020000000000095497,0.0,0.0020000000000095497,0.005194675009438812,0.007364451008072592,0.008065770237959569,-0.0007013192298869764
07:37:15,295.528,295.528,295.526,295.527,0.050071107330950326,41.50553715387374,0.0020000000000095497,0.0010000000000331966,0.0009999999999763531,0.004902051674845091,0.00680301008543438,0.007813218207454531,-0.0010102081220201512
07:37:20,295.528,295.528,295.528,295.528,0.04611153526059297,38.695390636036336,0.0,0.0,0.0,0.004381778118203505,0.00636537961798922,0.007523650489561469,-0.0011582708715722496
07:37:25,295.528,295.529,295.526,295.529,0.039510691423288335,36.170479151880535,0.002999999999985903,0.0,0.002999999999985903,0.004197541035774492,0.006029738885786173,0.00722486816880641,-0.001195129283020237
07:37:30,295.532,295.538,295.532,295.538,0.035744119868695634,33.61002985114074,0.006000000000028649,0.0,0.006000000000028649,0.004837868897673166,0.006416006245046901,0.007063095784054509,-0.0006470895390076076
07:37:35,295.536,295.537,295.533,295.533,0.031920955003784,30.801591378693562,0.003999999999962256,0.003999999999962256,0.0,0.0048594863779828044,0.006246660087867895,0.006899808644817186,-0.0006531485569492915
07:37:40,295.533,295.535,295.529,295.534,0.029003811000961832,25.50923681740661,0.006000000000028649,0.0010000000000331966,0.0049999999999954525,0.005011554860922251,0.006122566544831898,0.006744360224820128,-0.0006217936799882305
07:37:45,295.536,295.538,295.533,295.538,0.026337885459611243,21.034485935802763,0.0049999999999954525,0.0,0.0049999999999954525,0.005010014212798678,0.006274657739993472,0.006650419727854797,-0.0003757619878613245
07:37:50,295.538,295.541,295.537,295.538,0.02351348996842262,19.14270517111113,0.004000000000019099,0.002999999999985903,0.0010000000000331966,0.004875345651094735,0.006322311437202188,0.006584798069724275,-0.00026248663252208693
07:37:55,295.538,295.543,295.538,295.543,0.02215353126143782,17.255107840065513,0.0049999999999954525,0.0,0.0049999999999954525,0.0048919662309481644,0.006686458220599434,0.006605130099899307,8.132812070012641e-05
07:38:00,295.543,295.551,295.543,295.551,0.026132456125651515,17.994606984039166,0.007999999999981355,0.0,0.007999999999981355,0.005306370733485923,0.007533736091090759,0.0067908512981375985,0.0007428847929531607
07:38:05,295.55,295.55,295.547,295.547,0.02746864240918967,20.04883151185845,0.002999999999985903,0.002999999999985903,0.0,0.005132187969016102,0.00779261492311889,0.006991204023133857,0.0008014108999850333
07:38:10,295.553,295.556,295.552,295.552,0.031337886940832504,23.58517308840995,0.003999999999962256,0.003999999999962256,0.0,0.005647896239808316,0.008305495889203485,0.007254062396347783,0.0010514334928557016
07:38:15,295.551,295.551,295.535,295.535,0.03126726891309772,23.634190720184915,0.01599999999996271,0.01599999999996271,0.0,0.007161510074499994,0.0072565508240245435,0.007254560081883136,1.990742141407681e-06
07:38:20,295.535,295.54,295.535,295.54,0.0315194175744864,24.119322219455636,0.0049999999999954525,0.0,0.0049999999999954525,0.006873308731232723,0.006750892430204658,0.007153826551547441,-0.0004029341213427828
07:38:25,295.54,295.542,295.533,295.533,0.03161345483079003,24.868815163287216,0.008999999999957708,0.008999999999957708,0.0,0.0071568675670627205,0.005719383518510313,0.006866937944940015,-0.0011475544264297026
07:38:30,295.535,295.535,295.528,295.528,0.03231685237437887,26.57407977256728,0.007000000000005002,0.007000000000005002,0.0,0.007135951891455024,0.004447182707110642,0.0063829868973741405,-0.0019358041902634987
07:38:35,295.528,295.528,295.514,295.514,0.037464930970713795,29.315701937272674,0.014000000000010004,0.014000000000010004,0.0,0.008051158305929021,0.0022829549180869435,0.005562980501516702,-0.0032800255834297583
07:38:40,295.514,295.514,295.506,295.506,0.04492379512487332,31.76007155309193,0.008000000000038199,0.008000000000038199,0.0,0.008044337198476912,-7.685836305881821e-05,0.004435012728601599,-0.004511871091660417
07:38:45,295.505,295.507,295.504,295.504,0.0515082006755847,34.345071962652845,0.002999999999985903,0.002999999999985903,0.0,0.007371758905344778,-0.00208438320305504,0.0031311335422702707,-0.005215516745325311
07:38:50,295.504,295.522,295.504,295.522,0.05226652345118055,34.98441223411469,0.01799999999997226,0.0,0.01799999999997226,0.008788857717961776,-0.0021975792092803204,0.0020653909919601528,-0.0042629702012404735
07:38:55,295.522,295.525,295.519,295.52,0.05319715069526865,34.22690906847689,0.005999999999971806,0.0049999999999954525,0.0009999999999763531,0.00841701002222978,-0.0024207660608226433,0.0011681595814035934,-0.003588925642226237
07:39:00,295.52,295.523,295.52,295.522,0.05381097520591993,32.53389852713929,0.0030000000000427463,0.0010000000000331966,0.0020000000000095497,0.007694742019271509,-0.002408496317002573,0.0004528284017223602,-0.002861324718724933
07:39:05,295.522,295.523,295.521,295.521,0.05457549093239322,30.37459596354777,0.0020000000000095497,0.0020000000000095497,0.0,0.006935443083369915,-0.0024512080981367035,-0.00012797889824945258,-0.002323229199887251
07:39:10,295.522,295.522,295.511,295.519,0.05515146607751831,28.574152579478145,0.010999999999967258,0.002999999999985903,0.007999999999981355,0.007477384005582894,-0.002616281908444762,-0.0006256395002885145,-0.0019906424081562474
07:39:15,295.519,295.521,295.519,295.521,0.05564398109004287,27.196889328035326,0.0020000000000095497,0.0,0.0020000000000095497,0.006747066138173115,-0.0025562539033217035,-0.0010117623808951525,-0.001544491522426551
07:39:20,295.52,295.52,295.515,295.515,0.056902132047412124,25.597687452286248,0.0049999999999954525,0.0049999999999954525,0.0,0.0066474573197538534,-0.0029587247950075835,-0.0014011548637176386,-0.0015575699312899449
07:39:25,295.516,295.518,295.516,295.516,0.05719440532038789,27.764462216401437,0.0019999999999527063,0.0019999999999527063,0.0,0.006161129677118127,-0.0031605612509224557,-0.001753036141158602,-0.0014075251097638536
07:39:30,295.515,295.517,295.515,295.516,0.05712958492438247,30.10972848530946,0.0020000000000095497,0.0009999999999763531,0.0010000000000331966,0.005606312386836983,-0.0032826774342993303,-0.002058964399786748,-0.0012237130345125824
07:39:35,295.516,295.524,295.516,295.524,0.05492348744951414,29.562508890304336,0.007999999999981355,0.0,0.007999999999981355,0.005925470735256232,-0.0027027664391425787,-0.0021877248076579143,-0.0005150416314846644
07:39:40,295.524,295.535,295.522,295.535,0.0502875939491787,29.531963176979684,0.013000000000033651,0.0,0.013000000000033651,0.006868741303893222,-0.0013401265832726494,-0.002018205162780861,0.0006780785795082117
07:39:45,295.533,295.535,295.533,295.535,0.046790012428800765,27.763284579948113,0.0020000000000095497,0.0,0.0020000000000095497,0.006219575796708733,-0.00025725915679686295,-0.0016660159615840616,0.0014087568047871986
07:39:50,295.535,295.538,295.535,295.535,0.04019897877628864,25.896596338451236,0.002999999999985903,0.002999999999985903,0.0,0.005790299023812355,0.0005940729768667552,-0.0012139981738938984,0.0018080711507606536
07:39:55,295.535,295.539,295.533,295.539,0.04134323593791578,23.20047267669502,0.005999999999971806,0.0,0.005999999999971806,0.0058182591539669495,0.001573389343946019,-0.0006565206703259151,0.002229910014271934
07:40:00,295.545,295.546,295.544,295.546,0.0436729471837225,25.19143209716031,0.0020000000000095497,0.0,0.0020000000000095497,0.005975824600105357,0.0028811341974233073,5.101030322392935e-05,0.002830123894199378
07:40:05,295.544,295.548,295.54,295.548,0.048229276978076996,26.401542134554557,0.007999999999981355,0.0,0.007999999999981355,0.006245714653422157,0.004032431342466225,0.0008472945110723885,0.0031851368313938365
07:40:10,295.548,295.551,295.547,295.547,0.05228061933291883,28.334751604548188,0.003999999999962256,0.003999999999962256,0.0,0.0059462860329608375,0.004808719061941247,0.0016395794212461603,0.0031691396406950865
07:40:15,295.547,295.547,295.538,295.538,0.05233857387952412,28.27065210364301,0.009000000000014552,0.009000000000014552,0.0,0.006353447895234666,0.004644172756002263,0.002240498088197381,0.002403674667804882
07:40:20,295.54,295.54,295.533,295.535,0.04912540343980254,27.449382307719876,0.007000000000005002,0.0049999999999954525,0.0020000000000095497,0.006439654842537378,0.004223013425018962,0.002637001155561697,0.001586012269457265
07:40:25,295.534,295.534,295.529,295.529,0.04366909059797308,27.041716365216153,0.0049999999999954525,0.0049999999999954525,0.0,0.006381034196869548,0.003366287300480053,0.0027828583845453687,0.0005834289159346844
07:40:30,295.529,295.529,295.524,295.529,0.04314967829327543,26.79490266565644,0.0049999999999954525,0.0,0.0049999999999954525,0.006196896303953003,0.0026567008803795034,0.002757626883712196,-0.00010092600333269251
07:40:35,295.529,295.531,295.526,295.53,0.042212495031890285,26.097186673169716,0.0049999999999954525,0.0010000000000331966,0.003999999999962256,0.006037310130091997,0.0021502533901980314,0.002636152185009363,-0.00048589879481133157
07:40:40,295.521,295.522,295.519,295.521,0.04238122722415483,26.244927469454296,0.002999999999985903,0.0009999999999763531,0.0020000000000095497,0.006699002112742032,0.0010110110160326258,0.0023111239512140155,-0.0013001129351813898
07:40:45,295.521,295.521,295.516,295.518,0.04299522617293405,29.234805406111374,0.0049999999999954525,0.0030000000000427463,0.0019999999999527063,0.0064724684977091555,-0.0001323955281122835,0.0018224200553487557,-0.0019548155834610394
07:40:50,295.518,295.521,295.517,295.521,0.042607634601040445,30.75223779563949,0.004000000000019099,0.0,0.004000000000019099,0.006142806031350482,-0.0007874018457982856,0.0013004556751193474,-0.002087857520917633
07:40:55,295.521,295.521,295.515,295.519,0.04299522617293405,32.54519046492384,0.006000000000028649,0.0020000000000095497,0.004000000000019099,0.006123765227174238,-0.0014511543528783477,0.0007501336695198084,-0.0022012880223981563
07:41:00,295.519,295.521,295.519,295.519,0.04197242202326379,33.810386874715746,0.0020000000000095497,0.0020000000000095497,0.0,0.00557392986355228,-0.0019546509968790815,0.0002091767362400304,-0.002163827733119112
07:41:05,295.519,295.519,295.513,295.513,0.042890803823297574,36.55074195381176,0.006000000000028649,0.006000000000028649,0.0,0.005630739215082463,-0.002805485678095465,-0.00039375574662706874,-0.0024117299314683964
07:41:10,295.513,295.521,295.513,295.518,0.042381227224268514,37.13735478161624,0.008000000000038199,0.0030000000000427463,0.0049999999999954525,0.005946640653076561,-0.00304126230099655,-0.0009232570575009651,-0.002118005243495585
07:41:15,295.518,295.518,295.515,295.516,0.043903722417098834,38.660193669632385,0.002999999999985903,0.0019999999999527063,0.0010000000000331966,0.005553755232664474,-0.0033508734749716496,-0.001408780340995102,-0.0019420931339765475
07:41:20,295.518,295.518,295.512,295.513,0.045965204230697054,40.229438426410965,0.005999999999971806,0.0049999999999954525,0.0009999999999763531,0.0056132545349721185,-0.003794575979156889,-0.0018859394686274594,-0.0019086365105294295
07:41:25,295.515,295.515,295.508,295.509,0.048649552385654715,44.43055550969594,0.007000000000005002,0.005999999999971806,0.0010000000000331966,0.0057981539303098364,-0.004418051434186054,-0.0023923618617391787,-0.0020256895724468757
07:41:30,295.509,295.509,295.506,295.509,0.05063429251890739,47.91470004181948,0.0030000000000427463,0.0,0.0030000000000427463,0.0054250667396075584,-0.004856181190291409,-0.0028851257274496245,-0.001971055462841784
07:41:35,295.509,295.511,295.508,295.51,0.05093483969415047,49.507839083406715,0.0030000000000427463,0.0010000000000331966,0.0020000000000095497,0.005101724507665583,-0.005064332068286603,-0.00332096699561702,-0.0017433650726695832
07:41:40,295.512,295.52,295.512,295.52,0.046790012428800765,47.06312648118133,0.007999999999981355,0.0,0.007999999999981355,0.005754827906642293,-0.0043719792568026605,-0.003531169447854148,-0.0008408098089485124
07:41:45,295.524,295.525,295.521,295.521,0.0404995126666563,46.48497246174596,0.003999999999962256,0.003999999999962256,0.0,0.005654184185756048,-0.0036999423901420414,-0.0035649240363117268,-0.00013501835383031464
07:41:50,295.521,295.521,295.513,295.513,0.03345318803008013,44.13413106696218,0.008000000000038199,0.008000000000038199,0.0,0.005966959627660334,-0.0037694298320616326,-0.003605825195461708,-0.0001636046365999246
07:41:55,295.513,295.514,295.508,295.511,0.029766813026981254,42.401016017970896,0.006000000000028649,0.002999999999985903,0.0030000000000427463,0.005971365010642777,-0.003940459254351936,-0.0036727520072397535,-0.0002677072471121821
******
08:16:35,295.448,295.46,295.448,295.459,0.022463069106493094,23.08087639006714,0.012000000000000455,0.0009999999999763531,0.011000000000024102,0.007073929484342242,0.0005418317193175426,0.0004228395958480765,0.0001189921234694661
08:16:40,295.459,295.459,295.452,295.452,0.022488359561975813,23.704168077653186,0.007000000000005002,0.007000000000005002,0.0,0.007064072219763944,0.0005949117006593951,0.00045725401681034027,0.00013765768384905487
08:16:45,295.453,295.459,295.453,295.457,0.023210705334122395,25.041876390942758,0.006000000000028649,0.0020000000000095497,0.004000000000019099,0.007055529257129418,0.0010285793589446257,0.0005715190852371974,0.00045706027370742827
08:16:50,295.457,295.465,295.457,295.464,0.023323807579458844,26.883062129072822,0.007999999999981355,0.0009999999999763531,0.007000000000005002,0.007181458689509677,0.001915030323573319,0.0008402213329044218,0.0010748089906688972
08:16:55,295.464,295.468,295.462,295.468,0.025788614378825514,29.047016880700546,0.006000000000028649,0.0,0.006000000000028649,0.00702393086424554,0.002906807799320177,0.001253538626187573,0.001653269173132604
08:17:00,295.468,295.468,295.465,295.466,0.02766034592775668,30.065433103622734,0.0030000000000427463,0.0020000000000095497,0.0010000000000331966,0.006487406749018501,0.0034911712598386657,0.0017010651529177916,0.0017901061069208741
08:17:05,295.465,295.471,295.465,295.471,0.031508728949233955,30.513600082583,0.006000000000028649,0.0,0.006000000000028649,0.006422419182486521,0.004308080851274099,0.002222468292589053,0.002085612558685046
08:17:10,295.469,295.469,295.466,295.468,0.03333024547100649,31.59150204250017,0.002999999999985903,0.0009999999999763531,0.0020000000000095497,0.006232763291487712,0.004659698555656178,0.002709914345202478,0.0019497842104536996
08:17:15,295.468,295.484,295.468,295.484,0.04127443454933655,36.441750555693886,0.01599999999996271,0.0,0.01599999999996271,0.0075350615192843785,0.006158433810583119,0.003399618238278606,0.002758815572304513
08:17:20,295.484,295.494,295.484,295.494,0.05192869605218675,42.25831156771917,0.010000000000047748,0.0,0.010000000000047748,0.007863719983386162,0.00806019580454631,0.004331733751532147,0.0037284620530141635
08:17:25,295.494,295.497,295.492,295.497,0.061443684100026985,45.6660637835892,0.0049999999999954525,0.0,0.0049999999999954525,0.007481890652267401,0.009697642428818654,0.0054049154869894485,0.004292726941829205
08:17:30,295.497,295.501,295.497,295.5,0.0696127634998902,50.7677668811197,0.003999999999962256,0.0009999999999763531,0.002999999999985903,0.007017638565293382,0.01110934400134056,0.00654580118985967,0.00456354281148089
08:17:35,295.505,295.51,295.505,295.51,0.0807595521479243,56.0480343057634,0.0049999999999954525,0.0,0.0049999999999954525,0.007415286756586385,0.012886496583803364,0.00781394026864841,0.005072556315154955
08:17:40,295.51,295.514,295.51,295.514,0.09035578797738708,60.830015878125586,0.004000000000019099,0.0,0.004000000000019099,0.00695991518904408,0.014451086252847745,0.009141369465488276,0.005309716787359468
08:17:45,295.516,295.519,295.514,295.519,0.09874390054426385,65.78616201893314,0.0049999999999954525,0.0,0.0049999999999954525,0.006698593163837597,0.015911080024864077,0.010495311577363437,0.00541576844750064
08:17:50,295.521,295.521,295.512,295.518,0.10363722151896582,70.95764000491356,0.009000000000014552,0.0030000000000427463,0.005999999999971806,0.007005447408661191,0.016793854860168267,0.011755020233924404,0.005038834626243863
08:17:55,295.519,295.522,295.512,295.513,0.10327602259019386,76.14461839847813,0.009999999999990905,0.009000000000014552,0.0009999999999763531,0.007404721087505154,0.01689524420567068,0.01278306502827366,0.0041121791773970195
08:18:00,295.513,295.513,295.508,295.508,0.10215859703089336,78.0704973367019,0.0049999999999954525,0.0049999999999954525,0.0,0.007084091609170527,0.01638328150824009,0.013503108324266946,0.002880173183973142
08:18:05,295.508,295.508,295.505,295.507,0.09814511275578752,78.20488900514792,0.002999999999985903,0.0009999999999763531,0.0020000000000095497,0.006539546061279244,0.015715694990205975,0.013945625657454754,0.0017700693327512215
08:18:10,295.507,295.512,295.504,295.504,0.09258191252217784,78.8464464704844,0.007999999999981355,0.007999999999981355,0.0,0.006734273253106192,0.014774244641444056,0.014111349454252615,0.0006628951871914413
08:18:15,295.503,295.503,295.488,295.495,0.08837694388512318,75.28115230776753,0.014999999999986358,0.007999999999981355,0.007000000000005002,0.007969703486027973,0.013150324913510758,0.013919144546104245,-0.0007688196325934867
08:18:20,295.495,295.496,295.489,295.489,0.08068235312146044,70.88799866124087,0.007000000000005002,0.007000000000005002,0.0,0.007840409687891577,0.011249529401197833,0.013385221517122963,-0.0021356921159251304
08:18:25,295.488,295.49,295.488,295.49,0.0736132139164738,65.43799184763694,0.0020000000000095497,0.0,0.0020000000000095497,0.007061688396173973,0.009711874462482228,0.012650552106194816,-0.0029386776437125874
08:18:30,295.489,295.489,295.478,295.48,0.06940195659274195,61.473900324832826,0.010999999999967258,0.008999999999957708,0.0020000000000095497,0.007720129943350838,0.007598761624933559,0.011640194009942565,-0.004041432385009007
08:18:35,295.478,295.48,295.477,295.479,0.06646692885590255,57.57748564621624,0.0030000000000427463,0.0010000000000331966,0.0020000000000095497,0.007090779284243093,0.005776821235087937,0.01046751945497164,-0.004690698219883703
08:18:40,295.479,295.483,295.479,295.481,0.06210991953969369,52.66721359820322,0.004000000000019099,0.0020000000000095497,0.0020000000000095497,0.0066786753796798945,0.004443086499634319,0.009262632863904177,-0.004819546364269858
08:18:45,295.48,295.48,295.468,295.469,0.06281099467923923,49.21250143362294,0.012000000000000455,0.011000000000024102,0.0009999999999763531,0.00752151866238615,0.0023902392111949666,0.007888154133362335,-0.005497914922167368
08:18:50,295.468,295.475,295.468,295.473,0.06107251944649761,45.695279972657,0.007000000000005002,0.0020000000000095497,0.0049999999999954525,0.00745198284073533,0.0010737321992451143,0.006525269746538891,-0.0054515375472937765
08:18:55,295.473,295.476,295.471,295.471,0.06428194475131477,41.76290900805113,0.0049999999999954525,0.0049999999999954525,0.0,0.007125051795303347,-0.0001294995872740401,0.005194315879776305,-0.005323815467050345
08:19:00,295.471,295.474,295.471,295.472,0.06765205096644422,37.83053804344526,0.002999999999985903,0.0020000000000095497,0.0009999999999763531,0.006575044889261021,-0.0009909546953394965,0.0039572617647531455,-0.004948216460092642
08:19:05,295.47,295.47,295.461,295.462,0.07352879851111993,35.23978847661958,0.009000000000014552,0.008000000000038199,0.0009999999999763531,0.0071650389040218525,-0.0024523117778016967,0.002675347056242177,-0.005127658834043874
08:19:10,295.46,295.463,295.46,295.463,0.07776103746300578,34.657661941343,0.0030000000000427463,0.0,0.0030000000000427463,0.006609700383491305,-0.0034895310101887844,0.0014423714429559844,-0.004931902453144768
08:19:15,295.465,295.469,295.465,295.469,0.07790520555511193,33.15407668510727,0.004000000000019099,0.0,0.004000000000019099,0.006528406999022039,-0.003783767947140859,0.0003971435649366157,-0.004180911512077475
08:19:20,295.469,295.476,295.469,295.472,0.07548412171797736,29.252644797962034,0.007000000000005002,0.004000000000019099,0.002999999999985903,0.006591286065819768,-0.0037318593598456573,-0.0004286570200198389,-0.0033032023398258184
08:19:25,295.471,295.48,295.471,295.478,0.06937040169646025,29.624161303269126,0.009000000000014552,0.0020000000000095497,0.007000000000005002,0.0069124479237124056,-0.00317002944836986,-0.0009769315056898432,-0.0021930979426800167
08:19:30,295.476,295.481,295.476,295.481,0.0618807001623054,30.407692067881847,0.0049999999999954525,0.0,0.0049999999999954525,0.006657454867216812,-0.0024544073872334593,-0.0012724266819985665,-0.0011819807052348928
08:19:35,295.481,295.495,295.481,295.494,0.056139300428299066,33.134012831924096,0.014000000000010004,0.0009999999999763531,0.013000000000033651,0.007636460884922571,-0.0008287273406040185,-0.001183686813719657,0.0003549594731156384
08:19:40,295.494,295.5,295.493,295.498,0.05283180859998993,34.5220533479901,0.007000000000005002,0.0020000000000095497,0.0049999999999954525,0.0075515994336002295,0.0007734861128483317,-0.0007922522284060593,0.001565738341254391
08:19:45,295.499,295.502,295.497,295.502,0.05094310551930903,35.953628895063765,0.0049999999999954525,0.0,0.0049999999999954525,0.00721138617578626,0.0023390552161686173,-0.0001659907394911239,0.0025050459556597415
08:19:50,295.502,295.509,295.502,295.507,0.05213545111632811,38.90162896348165,0.007000000000005002,0.0020000000000095497,0.0049999999999954525,0.00718320135234876,0.003937845194911915,0.0006547764473894839,0.003283068747522431
08:19:55,295.507,295.513,295.507,295.513,0.058259311430560956,40.50676745255964,0.005999999999971806,0.0,0.005999999999971806,0.0070254411720318335,0.0056242151760557135,0.0016486641931227298,0.003975550982932984
08:20:00,295.513,295.518,295.513,295.518,0.06634392051591931,42.43688596920049,0.0049999999999954525,0.0,0.0049999999999954525,0.00675538234909365,0.0072802119968287116,0.002774973753863926,0.004505238242964785
08:20:05,295.518,295.518,295.514,295.518,0.07301045346889623,44.712503403231715,0.003999999999962256,0.0,0.003999999999962256,0.006387998035876131,0.00849468002456888,0.003918915008004916,0.004575765016563963
08:20:10,295.517,295.519,295.516,295.516,0.07787277072884535,47.06050714489732,0.002999999999985903,0.002999999999985903,0.0,0.005936264964424101,0.009189836684242891,0.004973099343252511,0.00421673734099038
08:20:15,295.516,295.516,295.504,295.508,0.07972452571164013,44.10006216442899,0.012000000000000455,0.008000000000038199,0.003999999999962256,0.006744762969167615,0.00899157097103398,0.005776793668808806,0.003214777302225174
08:20:20,295.508,295.513,295.508,295.513,0.08236785269650682,40.42143561023179,0.0049999999999954525,0.0,0.0049999999999954525,0.006512127906611327,0.009132626939674537,0.006447960322981953,0.0026846666166925846
08:20:25,295.51,295.513,295.497,295.497,0.08017743480911577,40.17195519786662,0.01599999999996271,0.01599999999996271,0.0,0.007777177519058178,0.007862712078178902,0.006730910674021344,0.001131801404157558
08:20:30,295.496,295.496,295.492,295.494,0.07833101153664757,42.547485689899574,0.003999999999962256,0.0019999999999527063,0.0020000000000095497,0.007406887183183148,0.006538844741328376,0.006692497487482751,-0.00015365274615437505
08:20:35,295.494,295.496,295.492,295.492,0.07573110325313337,44.33308314855681,0.003999999999962256,0.003999999999962256,0.0,0.0069526355587536965,0.005267565833662502,0.006407511156718702,-0.0011399453230561997
08:20:40,295.492,295.492,295.477,295.478,0.07448659363615207,47.54090282499407,0.015000000000043201,0.014000000000010004,0.0010000000000331966,0.008025617484258965,0.0030947112383614694,0.005744951173047256,-0.0026502399346857866
08:20:45,295.477,295.477,295.471,295.472,0.07138066965171674,48.99792914740821,0.005999999999971806,0.0049999999999954525,0.0009999999999763531,0.007888868486358436,0.0008784324388102505,0.004771647426199855,-0.003893214987389605
08:20:50,295.471,295.477,295.471,295.477,0.0672124675146506,49.94703063768413,0.005999999999971806,0.0,0.005999999999971806,0.00763701935484022,-0.0004691185573051371,0.003723494229498857,-0.0041926127868039936
08:20:55,295.477,295.477,295.471,295.471,0.06658559983350187,50.70253396314787,0.005999999999971806,0.005999999999971806,0.0,0.007418750107524432,-0.001998178527969685,0.0025791596780051487,-0.004577338205974834
08:21:00,295.471,295.474,295.469,295.472,0.06658559983350187,51.02581366541346,0.0049999999999954525,0.0020000000000095497,0.002999999999985903,0.007096250093187235,-0.0030936166414790023,0.0014446044141083183,-0.004538221055587321
08:21:05,295.472,295.476,295.472,295.476,0.06703683198088584,50.20442662619996,0.004000000000019099,0.0,0.004000000000019099,0.006683416747431484,-0.0035975226660980297,0.00043617899806704867,-0.004033701664165079
08:21:10,295.477,295.482,295.477,295.479,0.0674076366119607,46.8618366509487,0.005000000000052296,0.0030000000000427463,0.0020000000000095497,0.00659229451444444,-0.0037120071849585656,-0.00039345823853807423,-0.0033185489464204916
08:21:15,295.479,295.479,295.476,295.479,0.06886753111621147,43.720105744207025,0.002999999999985903,0.0,0.002999999999985903,0.006113321912516635,-0.003759400956880654,-0.0010666467822065904,-0.0026927541746740637
08:21:20,295.479,295.481,295.472,295.472,0.07147292457511867,41.26901950112259,0.009000000000014552,0.009000000000014552,0.0,0.006498212324183024,-0.004312095211730593,-0.001715736468111391,-0.0025963587436192022
08:21:25,295.472,295.486,295.472,295.485,0.0712271385295935,41.07000334619147,0.014000000000010004,0.0009999999999763531,0.013000000000033651,0.0074984506809599545,-0.003658940052844173,-0.0021043771850579474,-0.0015545628677862255
08:21:30,295.485,295.492,295.485,295.489,0.0698084597494244,41.134675101690696,0.007000000000005002,0.0030000000000427463,0.003999999999962256,0.007431990590165961,-0.002786423161410312,-0.0022407863803284205,-0.0005456367810818914
08:21:35,295.489,295.499,295.489,295.499,0.06715731727160801,41.312579773377024,0.010000000000047748,0.0,0.010000000000047748,0.007774391844816866,-0.0012733523984138628,-0.002047299583945509,0.0007739471855316461
08:21:40,295.499,295.503,295.497,295.497,0.06230113625701961,41.377862892492814,0.005999999999971806,0.005999999999971806,0.0,0.007537806265504191,-0.00023293111803468491,-0.0016844258907633442,0.0014514947727286593
08:21:45,295.497,295.498,295.493,295.498,0.056844756273335406,40.26088780917197,0.0049999999999954525,0.0,0.0049999999999954525,0.007199432096769693,0.00066464032516933,-0.0012146126475768096,0.0018792529727461396
08:21:50,295.497,295.497,295.491,295.493,0.05077048458747413,36.947923151249526,0.006000000000028649,0.004000000000019099,0.0020000000000095497,0.007172841150534402,0.0009614311672976328,-0.0007794038846019211,0.001740835051899554
08:21:55,295.494,295.496,295.492,295.495,0.047477861877041505,33.215350332518845,0.003999999999962256,0.0009999999999763531,0.002999999999985903,0.00674979566379145,0.0013425472838548558,-0.0003550136509105658,0.0016975609347654216
08:22:00,295.495,295.503,295.495,295.503,0.043429798162378574,30.957549163403275,0.007999999999981355,0.0,0.007999999999981355,0.006916489575283438,0.0022640194859491203,0.00016879297646137142,0.002095226509487749
08:22:05,295.503,295.509,295.498,295.509,0.047177157719829665,29.607111285754133,0.011000000000024102,0.0,0.011000000000024102,0.007460957631915527,0.003438802328219026,0.0008227948468129024,0.002616007481406124
08:22:10,295.508,295.51,295.506,295.51,0.05130876605096546,28.22110029111527,0.004000000000019099,0.0,0.004000000000019099,0.0069994966143293365,0.004399799685188555,0.001538195814488033,0.0028616038707005216
08:22:15,295.511,295.52,295.511,295.519,0.05856206783801099,28.774466438524342,0.008999999999957708,0.0009999999999763531,0.007999999999981355,0.0073995637324175455,0.005820526392994907,0.002394661930189408,0.003425864462805499
08:22:20,295.519,295.522,295.519,295.52,0.06393253022542922,31.6916553524339,0.002999999999985903,0.0020000000000095497,0.0009999999999763531,0.0068129552347599934,0.006947072658135767,0.0033051440757786796,0.003641928582357087
08:22:25,295.52,295.522,295.515,295.515,0.06487429139633605,32.93447865172725,0.007000000000005002,0.007000000000005002,0.0,0.006837894536792661,0.007351665057797163,0.004114448272182377,0.003237216785614786
08:22:30,295.514,295.516,295.513,295.513,0.06543264918150271,32.72088114589892,0.0030000000000427463,0.0030000000000427463,0.0,0.006326175265226006,0.0074253295867379165,0.004776624535093485,0.0026487050516444312
08:22:35,295.513,295.516,295.513,295.516,0.06407199897455484,34.20654046868687,0.0030000000000427463,0.0,0.0030000000000427463,0.0058826852298682385,0.007637741060079861,0.005348847840090761,0.0022888932199891
08:22:40,295.516,295.516,295.505,295.505,0.05991432479584091,33.68606411657931,0.011000000000024102,0.011000000000024102,0.0,0.00656499386588902,0.0068396276438988934,0.005647003800852387,0.0011926238430465062
08:22:45,295.505,295.509,295.503,295.509,0.05661132488478415,32.31456932712023,0.006000000000028649,0.0,0.006000000000028649,0.006489661350440971,0.006455468954357002,0.005808696831553311,0.0006467721228036911
08:22:50,295.512,295.513,295.51,295.513,0.05397036223655505,30.230897470710595,0.002999999999985903,0.0,0.002999999999985903,0.006157706503710477,0.0064000116453826195,0.005926959794319174,0.0004730518510634458
08:22:55,295.525,295.525,295.515,295.523,0.052544116801641394,31.503656323729736,0.009999999999990905,0.0019999999999527063,0.008000000000038199,0.006936678969882474,0.00708134837890384,0.006157837511236107,0.0009235108676677335
08:23:00,295.525,295.531,295.525,295.528,0.047301496581781066,34.04621514392202,0.006000000000028649,0.002999999999985903,0.0030000000000427463,0.007078455107228991,0.00793332048198181,0.006512934105385248,0.0014203863765965613
08:23:05,295.528,295.528,295.522,295.522,0.044326064566121204,35.705523837791596,0.006000000000028649,0.006000000000028649,0.0,0.006934661092935613,0.008031779303792064,0.006816703145066612,0.0012150761587254519
08:23:10,295.52,295.52,295.516,295.516,0.040590898641767126,34.325788166111934,0.003999999999962256,0.003999999999962256,0.0,0.006810039613873772,0.0075387566791960126,0.006961113851892493,0.0005776428273035197
08:23:15,295.514,295.514,295.51,295.512,0.03922619962168028,31.44355163663862,0.004000000000019099,0.0020000000000095497,0.0020000000000095497,0.006702034332027756,0.006747485315941049,0.006918388144702204,-0.00017090282876115574
08:23:20,295.512,295.514,295.51,295.514,0.0370780116414835,28.424553150876964,0.004000000000019099,0.0,0.004000000000019099,0.006341763087759936,0.006210193104720929,0.00677674913670595,-0.0005665560319850207
08:23:25,295.514,295.516,295.511,295.516,0.03493090924905573,24.13040347425271,0.0049999999999954525,0.0,0.0049999999999954525,0.006162861342724672,0.005878010396713762,0.006597001388707512,-0.0007189909919937502
08:23:30,295.515,295.515,295.511,295.511,0.02977741991435323,19.668653939602876,0.003999999999962256,0.003999999999962256,0.0,0.00600781316369411,0.005151907016966106,0.006307982514359232,-0.0011560754973931253
08:23:35,295.511,295.515,295.51,295.515,0.02419134251226751,16.684509430914225,0.0049999999999954525,0.0,0.0049999999999954525,0.0058734380752009565,0.00484339973064607,0.0060150659576166,-0.00117166622697053
08:23:40,295.516,295.516,295.51,295.511,0.021957854365382445,14.420530219837106,0.006000000000028649,0.0049999999999954525,0.0010000000000331966,0.005890312998511316,0.004227407985183618,0.005657534363130003,-0.0014301263779463854
08:23:45,295.511,295.515,295.51,295.515,0.021256330324376904,12.156551008759982,0.0049999999999954525,0.0,0.0049999999999954525,0.005771604598709202,0.004015706099323779,0.005329168710368759,-0.0013134626110449799
08:23:50,295.515,295.516,295.512,295.513,0.020808904974160214,12.650011393387798,0.004000000000019099,0.0030000000000427463,0.0009999999999763531,0.0055353906522171885,0.00364453560638367,0.0049922420895717416,-0.0013477064831880717
08:23:55,295.513,295.515,295.512,295.512,0.020702402604456438,12.6438393112167,0.002999999999985903,0.002999999999985903,0.0,0.005197338565253017,0.003232427264549642,0.004640279124567322,-0.0014078518600176802
08:24:00,295.515,295.521,295.514,295.519,0.020515462715707145,14.796148216083827,0.007000000000005002,0.0020000000000095497,0.0049999999999954525,0.005704360089887888,0.003431118139019418,0.004398446927457741,-0.0009673287884383232
08:24:05,295.519,295.522,295.518,295.519,0.020841254632273376,15.03105689838642,0.004000000000019099,0.002999999999985903,0.0010000000000331966,0.005477112077905384,0.0035476865661507873,0.004228294855196351,-0.0006806082890455636
08:24:10,295.519,295.519,295.514,295.515,0.020748113418790126,12.458408203512477,0.0049999999999954525,0.004000000000019099,0.0009999999999763531,0.00541349713418406,0.003279497310302304,0.004038535346217542,-0.0007590380359152379
08:24:15,295.516,295.516,295.508,295.508,0.021700351680806307,11.260828902813723,0.008000000000038199,0.008000000000038199,0.0,0.005758364182964612,0.00247359977583983,0.0037255482321419996,-0.0012519484563021698
08:24:20,295.502,295.509,295.502,295.509,0.02043732395486586,12.996991783074447,0.007000000000005002,0.0,0.007000000000005002,0.005923915625236665,0.0018937814821811116,0.003359194882149822,-0.0014654133999687105
08:24:25,295.509,295.509,295.502,295.502,0.02297000332043808,15.3282922296624,0.007000000000005002,0.007000000000005002,0.0,0.0060673935418724435,0.0008595217765332563,0.002859260261026509,-0.001999738484493253
08:24:30,295.503,295.503,295.5,295.502,0.025592762132987446,18.081027271823658,0.002999999999985903,0.0009999999999763531,0.0020000000000095497,0.0056584077362875716,3.940922334777497e-05,0.0022952900534907628,-0.002255880830142988
08:24:35,295.502,295.502,295.499,295.499,0.027496219834347357,21.231809505863946,0.002999999999985903,0.002999999999985903,0.0,0.00530395337144735,-0.0008428944490219692,0.0016676531529882166,-0.0025105476020101858
08:24:40,295.5,295.508,295.5,295.503,0.024904871641751924,21.63525170393178,0.007999999999981355,0.0049999999999954525,0.002999999999985903,0.0057967595885820644,-0.0012054640562269014,0.001093029711145193,-0.0022984937673720942
08:24:45,295.503,295.512,295.503,295.511,0.02291953889312026,22.22283821999167,0.009000000000014552,0.0009999999999763531,0.008000000000038199,0.006223858310106396,-0.000837614443014445,0.0007069008803132654,-0.0015445153233277103
08:24:50,295.512,295.513,295.509,295.511,0.02245088205791035,23.080019591248156,0.003999999999962256,0.0019999999999527063,0.0020000000000095497,0.005927343868753845,-0.0005398677153607423,0.0004575471611784639,-0.000997414876539206
08:24:55,295.511,295.521,295.508,295.521,0.024213089107433916,25.76506312051018,0.013000000000033651,0.0,0.013000000000033651,0.006870364686257819,0.0004972827717324435,0.0004654942832892599,3.178848844318362e-05
08:25:00,295.521,295.525,295.52,295.52,0.025344780422187796,28.678908100559475,0.0049999999999954525,0.0049999999999954525,0.0,0.006620982728089505,0.0012244259423255244,0.0006172806150965128,0.0006071453272290116
08:25:05,295.52,295.52,295.515,295.515,0.025214031179757512,29.728597440122716,0.0049999999999954525,0.0049999999999954525,0.0,0.006404851697676964,0.001381311036709576,0.0007700866994191255,0.0006112243372904505
08:25:10,295.515,295.515,295.51,295.512,0.025211526184421018,27.23457471403695,0.0049999999999954525,0.002999999999985903,0.0020000000000095497,0.006217538137986096,0.0012491690333149563,0.0008659031661982917,0.00038326586711666464
08:25:15,295.512,295.515,295.511,295.515,0.025211526184421018,24.48377970352356,0.003999999999962256,0.0,0.003999999999962256,0.005921866386249585,0.001370719668500442,0.0009668664666587218,0.0004038532018417201
08:25:20,295.515,295.524,295.515,295.523,0.027178939213285958,25.837604094082586,0.009000000000014552,0.0009999999999763531,0.008000000000038199,0.006332284201418247,0.002088507548819507,0.0011911946830908788,0.0008973128657286283
08:25:25,295.523,295.523,295.521,295.523,0.028768403719141133,26.50920394269778,0.0020000000000095497,0.0,0.0020000000000095497,0.005754646307897088,0.002627076314865917,0.0014783710094458866,0.0011487053054200305
08:25:30,295.523,295.523,295.519,295.521,0.029735677665598814,25.072226280352673,0.004000000000019099,0.0020000000000095497,0.0020000000000095497,0.00552069346684669,0.0028595495497256707,0.0017546067175018437,0.001104942832223827
08:25:35,295.521,295.524,295.521,295.524,0.031292171543555014,23.899320704810417,0.002999999999985903,0.0,0.002999999999985903,0.005184601004598585,0.0032484154795611175,0.0020533684699136985,0.001195047009647419
08:25:40,295.524,295.528,295.521,295.528,0.03355372753503616,23.270226561580305,0.007000000000005002,0.0,0.007000000000005002,0.005426654203986107,0.0038351518578565447,0.002409725147502268,0.0014254267103542767
08:25:45,295.528,295.528,295.522,295.525,0.03470840941508868,22.432263385558866,0.006000000000028649,0.0030000000000427463,0.002999999999985903,0.0055031003101251134,0.004011823927953628,0.00273014490359254,0.0012816790243610882
08:25:50,295.525,295.528,295.525,295.527,0.0365104166811534,24.341640245509883,0.0030000000000427463,0.0010000000000331966,0.0020000000000095497,0.005169353602114132,0.004264067584813347,0.0030369294398367016,0.0012271381449766453
08:25:55,295.529,295.53,295.526,295.526,0.03716874748204191,26.60605435076339,0.003999999999962256,0.003999999999962256,0.0,0.005013439788493882,0.004333328938912473,0.003296209339651856,0.0010371195992606168
08:26:00,295.526,295.528,295.522,295.522,0.036969404133969874,26.42971430989955,0.006000000000028649,0.006000000000028649,0.0,0.005144981150031851,0.004019122547560983,0.003440791981233682,0.0005783305663273008
08:26:05,295.522,295.528,295.522,295.527,0.03544306033950306,24.42551211103018,0.006000000000028649,0.0010000000000331966,0.0049999999999954525,0.005258983663364758,0.004126007881438909,0.0035778351612747276,0.0005481727201641813
08:26:10,295.527,295.53,295.527,295.528,0.033276512973884564,22.565845911810282,0.002999999999985903,0.0019999999999527063,0.0010000000000331966,0.004957785841580911,0.004242501999044634,0.003710768528828709,0.0005317334702159256
08:26:15,295.524,295.524,295.523,295.523,0.02752606420176562,21.24250228129679,0.0009999999999763531,0.0009999999999763531,0.0,0.004963414396036184,0.0038865643190888477,0.0037459276868807368,0.00014063663220811092
08:26:20,295.523,295.531,295.523,295.523,0.022285232304511737,23.08082383161161,0.007999999999981355,0.007999999999981355,0.0,0.005368292476562207,0.003563404435112716,0.0037094230365271328,-0.0001460186014144169
08:26:25,295.524,295.529,295.524,295.529,0.02109726846686044,25.4096209315157,0.0049999999999954525,0.0,0.0049999999999954525,0.005452520146350153,0.0037482403728859026,0.003717186503798887,3.105386908701553e-05
08:26:30,295.529,295.529,295.521,295.526,0.018531339029777882,24.222814850621546,0.007999999999981355,0.002999999999985903,0.0049999999999954525,0.005792184126834314,0.003611023624785048,0.0036959539279961193,-8.493030321107126e-05
08:26:35,295.525,295.531,295.522,295.522,0.01846647032425608,23.889742888519834,0.009000000000014552,0.009000000000014552,0.0,0.0062198929099250115,0.0031432780401701166,0.003585418750430919,-0.0004421407102608026
08:26:40,295.522,295.527,295.522,295.525,0.018334896263013434,24.295778972353055,0.0049999999999954525,0.0020000000000095497,0.002999999999985903,0.006057240521934404,0.0029803061086681737,0.0034643962220783702,-0.00048409011341019655
08:26:45,295.524,295.524,295.521,295.523,0.01663983805360658,23.85088498646404,0.002999999999985903,0.0009999999999763531,0.0020000000000095497,0.005782941785671451,0.002659113785057343,0.003303339734674165,-0.0006442259496168218
08:26:50,295.523,295.536,295.523,295.535,0.01583467214788925,25.367516664457035,0.012999999999976808,0.0009999999999763531,0.012000000000000455,0.006745216214245499,0.003334429043889031,0.0033095575965171385,2.4871447371892664e-05
08:26:55,295.535,295.535,295.53,295.53,0.013580171300759503,26.73089072147074,0.005000000000052296,0.005000000000052296,0.0,0.006512520719019739,0.003426662605193087,0.0033329785982523286,9.368400694075843e-05
08:27:00,295.53,295.531,295.527,295.529,0.013709773691289229,26.518880559684593,0.004000000000019099,0.0020000000000095497,0.0020000000000095497,0.00617751795648632,0.00338010300094993,0.0033424034787918494,3.769952215808064e-05
08:27:05,295.528,295.528,295.521,295.521,0.014162961329134305,23.60017446533838,0.007000000000005002,0.007000000000005002,0.0,0.006420515562285658,0.0026669283481055572,0.003207308452654591,-0.000540380104549034
08:27:10,295.521,295.524,295.521,295.523,0.013709773691289229,22.825852198131432,0.002999999999985903,0.0009999999999763531,0.0020000000000095497,0.005964446820645691,0.0022373250918690246,0.003013311780497478,-0.0007759866886284535
08:27:15,295.525,295.527,295.522,295.527,0.013640496978609917,22.90437900744435,0.0049999999999954525,0.0,0.0049999999999954525,0.00583585391122566,0.002194333081035893,0.0028495160406051614,-0.0006551829595692685
08:27:20,295.525,295.527,295.521,295.521,0.014180787593431887,21.789375879655775,0.005999999999971806,0.005999999999971806,0.0,0.005857740056391813,0.0016570107582083438,0.0026110149841257983,-0.0009540042259174545
08:27:25,295.524,295.532,295.523,295.532,0.015271576623263172,23.52662219347561,0.008999999999957708,0.0,0.008999999999957708,0.006543374715535206,0.0020946412943771975,0.0025077402461760783,-0.0004130989517988808
08:27:30,295.532,295.535,295.527,295.529,0.015490574381374245,24.27861937297344,0.008000000000038199,0.006000000000028649,0.0020000000000095497,0.0067375914201356045,0.0021743274261325496,0.002441057682167373,-0.0002667302560348233
08:27:35,295.53,295.533,295.524,295.533,0.016690369108573577,23.186240712205613,0.009000000000014552,0.0,0.009000000000014552,0.007039245897452797,0.002531069239637418,0.002459059993661382,7.200924597603603e-05
08:27:40,295.531,295.54,295.531,295.54,0.02010917569919002,25.15117166891246,0.009000000000014552,0.0,0.009000000000014552,0.0073006797777943645,0.0033401282759086826,0.0026352736501108424,0.0007048546257978402
08:27:45,295.54,295.549,295.54,295.549,0.027936770712244652,27.652263233760273,0.008999999999957708,0.0,0.008999999999957708,0.0075272558074161436,0.004653891016346279,0.0030389971233579297,0.0016148938929883491
08:27:50,295.549,295.553,295.549,295.551,0.03446981898696322,30.53674304038993,0.004000000000019099,0.0020000000000095497,0.0020000000000095497,0.007056955033096538,0.005789700673176412,0.003589137833321626,0.002200562839854786
08:27:55,295.551,295.554,295.551,295.551,0.03881345398781377,34.101122899419316,0.002999999999985903,0.002999999999985903,0.0,0.006516027695348454,0.006613600539083109,0.004194030374473923,0.002419570164609186
08:28:00,295.551,295.551,295.53,295.531,0.03808632853133531,30.944914852102848,0.021000000000015007,0.01999999999998181,0.0010000000000331966,0.008447224002637328,0.005588295869529247,0.004472883473484988,0.0011154123960442595
08:28:05,295.534,295.534,295.528,295.533,0.038046508933803125,28.247693453178584,0.005999999999971806,0.0009999999999763531,0.0049999999999954525,0.008120927468948592,0.004880854366376752,0.004554477652063341,0.0003263767143134111
08:28:10,295.533,295.533,295.52,295.52,0.03914614990742393,28.223549998643403,0.013000000000033651,0.013000000000033651,0.0,0.008771470473093266,0.0032339317713763194,0.004290368475925937,-0.0010564367045496174
08:28:15,295.521,295.532,295.517,295.517,0.04037716916047884,30.722670960642763,0.014999999999986358,0.014999999999986358,0.0,0.009601941076679013,0.0016674376382752598,0.0037657823083958016,-0.0020983446701205418
08:28:20,295.518,295.518,295.514,295.515,0.042560174118420946,33.57663924134944,0.003999999999962256,0.002999999999985903,0.0009999999999763531,0.008855015599783446,0.0002615811222312914,0.0030649420711628995,-0.002803360948931608
08:28:25,295.513,295.513,295.506,295.506,0.04751110673407766,36.38993661733622,0.007000000000005002,0.007000000000005002,0.0,0.008874346853147594,-0.00156080311256801,0.002139793034416718,-0.0037005961469847278
08:28:30,295.506,295.514,295.506,295.514,0.049202481751080995,39.32669253600342,0.008000000000038199,0.0,0.008000000000038199,0.008757767272733008,-0.002332633460468969,0.0012453077354395805,-0.0035779411959085496
08:28:35,295.514,295.516,295.513,295.516,0.05044475873819465,40.11454476555316,0.0030000000000427463,0.0,0.0030000000000427463,0.007990064969707639,-0.0027512169699548394,0.0004460027943606965,-0.003197219764315536
08:28:40,295.516,295.518,295.513,295.513,0.05215200455302238,39.56672481158436,0.0049999999999954525,0.0049999999999954525,0.0,0.007591389640412681,-0.003287130352418899,-0.0003006238349952226,-0.0029865065174236763
08:28:45,295.513,295.526,295.513,295.525,0.05188002353554566,38.2518007590995,0.013000000000033651,0.0010000000000331966,0.012000000000000455,0.008312537688362143,-0.002712280377352272,-0.0007829551434666326,-0.0019293252338856393
08:28:50,295.525,295.525,295.521,295.523,0.05188002353554566,35.63264699621388,0.003999999999962256,0.0019999999999527063,0.0020000000000095497,0.007737532663242159,-0.002390534324206328,-0.0011044709796145717,-0.0012860633445917564
08:28:55,295.524,295.524,295.517,295.518,0.05254411680175508,32.73579185518223,0.007000000000005002,0.006000000000028649,0.0009999999999763531,0.007639194974810538,-0.0025100719255988224,-0.001385591168811422,-0.0011244807567874005
08:29:00,295.514,295.519,295.512,295.517,0.053038615524883426,30.41781274157287,0.007000000000005002,0.0020000000000095497,0.0049999999999954525,0.0075539689781698,-0.0026548940130624032,-0.0016394517376616183,-0.001015442275400785
08:29:05,295.517,295.517,295.513,295.513,0.0541358913918657,27.81368459812592,0.004000000000019099,0.004000000000019099,0.0,0.007080106447749707,-0.0030571917281463357,-0.0019229997357585618,-0.0011341919923877738
08:29:10,295.513,295.515,295.511,295.511,0.05558644287532388,29.42809643347161,0.003999999999962256,0.003999999999962256,0.0,0.006669425588044714,-0.0034970866134358403,-0.002237817111294018,-0.0012592695021418224
08:29:15,295.512,295.514,295.512,295.513,0.05597894340928633,30.736779241404378,0.0020000000000095497,0.0010000000000331966,0.0009999999999763531,0.006180168842970206,-0.0036423366048552452,-0.0025187210100062634,-0.0011236155948489818
08:29:20,295.513,295.514,295.511,295.513,0.05459091885120415,31.19354418832567,0.002999999999985903,0.0010000000000331966,0.0019999999999527063,0.0057561463305723,-0.0037146283463016516,-0.0027579024772653414,-0.0009567258690363102
08:29:25,295.513,295.513,295.498,295.498,0.052730097267726705,33.24952423166737,0.014999999999986358,0.014999999999986358,0.0,0.0069886601531608415,-0.004925516424634679,-0.003191425266739209,-0.0017340911578954702
08:29:30,295.498,295.501,295.493,295.501,0.04649210459263031,35.358587685877595,0.007999999999981355,0.0,0.007999999999981355,0.007123505466070244,-0.005578770429906399,-0.0036688942993726476,-0.0019098761305337514
08:29:35,295.501,295.501,295.499,295.5,0.03682733538505545,36.65547296828786,0.0019999999999527063,0.0009999999999763531,0.0009999999999763531,0.006440371403921239,-0.006106775471891979,-0.004156470533876514,-0.0019503049380154647
08:29:40,295.5,295.514,295.5,295.509,0.03383862632506407,33.84702512884365,0.014000000000010004,0.0049999999999954525,0.009000000000014552,0.007448321883399741,-0.005732913034989906,-0.004471759034099193,-0.0012611540008907133
08:29:45,295.513,295.519,295.513,295.517,0.028829078886815296,31.439683272983697,0.006000000000028649,0.0020000000000095497,0.004000000000019099,0.007788545632278563,-0.004736491888934324,-0.00452470560506622,-0.00021178628386810464
08:29:50,295.517,295.517,295.509,295.511,0.028090080661399952,29.670419892207995,0.007999999999981355,0.005999999999971806,0.0020000000000095497,0.00781673954797227,-0.004380475413938711,-0.004495859566840718,0.00011538415290200665
08:29:55,295.511,295.519,295.506,295.519,0.028414970109110982,30.620354465181034,0.013000000000033651,0.0,0.013000000000033651,0.008507840941580455,-0.003413448541323305,-0.004279377361737236,0.0008659288204139306
08:30:00,295.519,295.519,295.508,295.508,0.028606219419202716,31.32582792117824,0.011000000000024102,0.011000000000024102,0.0,0.008840128816039608,-0.0034943995837011244,-0.004122381806130013,0.0006279822224288887
08:30:05,295.51,295.517,295.51,295.517,0.028272359572156347,31.109513302479417,0.007000000000005002,0.0,0.007000000000005002,0.008861444973902935,-0.0028000518296380505,-0.0038579158108316206,0.00105786398119357
08:30:10,295.517,295.522,295.517,295.522,0.02943967963187788,29.393541980940235,0.0049999999999954525,0.0,0.0049999999999954525,0.008346585644048604,-0.0018252773575113679,-0.00345138812016757,0.0016261107626562021
08:30:15,295.522,295.526,295.52,295.523,0.030641561042898502,28.844425624339156,0.006000000000028649,0.002999999999985903,0.0030000000000427463,0.008033707558179276,-0.0009609922029767404,-0.0029533089367294045,0.001992316733752664
08:30:20,295.522,295.53,295.519,295.53,0.03397584281117361,28.69111149326545,0.010999999999967258,0.0,0.010999999999967258,0.008429213217084341,0.00028551032215773375,-0.002305545084951977,0.0025910554071097106
08:30:25,295.53,295.532,295.529,295.529,0.035193300797800475,28.91162052921347,0.002999999999985903,0.002999999999985903,0.0,0.007705318121471217,0.0011790891059604292,-0.0016086182467694957,0.0027877073527299246
08:30:30,295.529,295.529,295.519,295.523,0.035193300797800475,26.58303996013566,0.009999999999990905,0.005999999999971806,0.004000000000019099,0.008011275705273843,0.001387117052161102,-0.0010094711869833761,0.0023965882391444784
08:30:35,295.523,295.527,295.522,295.524,0.03607944450482137,22.86795447809305,0.0049999999999954525,0.002999999999985903,0.0020000000000095497,0.007609772277903391,0.0016140663883561501,-0.00048476367191547083,0.002098830060271621
08:30:40,295.526,295.526,295.521,295.521,0.036450976450623784,19.007207680179132,0.0049999999999954525,0.0049999999999954525,0.0,0.007261802640849,0.0015341655391125641,-8.097782970986384e-05,0.001615143368822428
08:30:45,295.522,295.529,295.52,295.529,0.0384302512419481,14.084467571616793,0.009000000000014552,0.0,0.009000000000014552,0.00749356228873774,0.002092258428774585,0.0003536694219870259,0.001738589006787559
08:30:50,295.529,295.538,295.529,295.537,0.04246311092538235,15.532785396351944,0.009000000000014552,0.0010000000000331966,0.007999999999981355,0.007694420650241315,0.00314384393010414,0.0009117043236104487,0.0022321396064936914
08:30:55,295.537,295.537,295.534,295.536,0.04542709601798833,16.998401666753292,0.002999999999985903,0.0009999999999763531,0.0020000000000095497,0.0070684978968739275,0.0038521363435961575,0.0014997907276075905,0.002352345615988567
08:31:00,295.535,295.536,295.528,295.536,0.047744936353069534,16.668981951454153,0.007999999999981355,0.0,0.007999999999981355,0.007192698177288251,0.004363167307531057,0.002072466043592284,0.002290701263938773
08:31:05,295.536,295.536,295.531,295.531,0.04422478466813118,15.741368671598696,0.0049999999999954525,0.0049999999999954525,0.0,0.006900338420315878,0.004314964589184456,0.0025209657527107184,0.0017939988364737373
08:31:10,295.531,295.532,295.52,295.52,0.0399978946813917,17.277703101675932,0.012000000000000455,0.012000000000000455,0.0,0.007580293297607155,0.003350532663546346,0.0026868791348778442,0.0006636535286685019
08:31:15,295.52,295.525,295.515,295.525,0.03419510583637475,19.52395699316808,0.009999999999990905,0.0,0.009999999999990905,0.007902920857924989,0.002955601295411725,0.0027406235669846205,0.00021497772842710454
08:31:20,295.525,295.536,295.525,295.536,0.033165613136930006,19.365802087204564,0.011000000000024102,0.0,0.011000000000024102,0.008315864743538204,0.00348999294379837,0.0028904974423473702,0.0005994955014509999
08:31:25,295.536,295.537,295.526,295.526,0.03237347842411964,18.018836839620796,0.010999999999967258,0.010999999999967258,0.0,0.00867374944439541,0.00307118306210441,0.0029266345662987783,0.00014454849580563178
08:31:30,295.526,295.527,295.524,295.525,0.029516097303257993,16.28879205145205,0.002999999999985903,0.0020000000000095497,0.0009999999999763531,0.007917249518474143,0.0026282843450076143,0.0028669645220405454,-0.00023868017703293108
08:31:35,295.526,295.526,295.524,295.525,0.028823236240668848,14.184924096261579,0.0020000000000095497,0.0010000000000331966,0.0009999999999763531,0.007128282916012198,0.002251331967272563,0.0027438380110869492,-0.0004925060438143863
08:31:40,295.523,295.523,295.52,295.52,0.02406569954848692,15.321313801282244,0.0030000000000427463,0.0030000000000427463,0.0,0.006844511860543299,0.0015314823041308046,0.0025013668696957205,-0.0009698845655649159
08:31:45,295.52,295.523,295.518,295.518,0.0237389309389755,16.31366162975081,0.005000000000052296,0.005000000000052296,0.0,0.006598576945811166,0.0007905005759880623,0.002159193610954189,-0.0013686930349661266
08:31:50,295.517,295.517,295.508,295.508,0.028870673519804768,18.633204882030423,0.009000000000014552,0.009000000000014552,0.0,0.007052100019701798,-0.0005967700152496036,0.0016080008857134306,-0.002204770900963034
08:31:55,295.509,295.51,295.499,295.499,0.037677858917959384,22.88728599140344,0.010999999999967258,0.010999999999967258,0.0,0.0075784866837371925,-0.0023948108486706587,0.0008074385388366129,-0.003202249387507272
08:32:00,295.502,295.508,295.502,295.506,0.040917889537581686,25.927382456506468,0.005999999999971806,0.0020000000000095497,0.003999999999962256,0.007768021792566595,-0.0032178364492665423,2.383541215981869e-06,-0.003220219990482524
08:32:05,295.506,295.511,295.505,295.505,0.04382741271467694,27.921154835184403,0.006000000000028649,0.006000000000028649,0.0,0.007532285553561536,-0.0039057586554349655,-0.0007792448981142077,-0.003126513757320758
08:32:10,295.505,295.505,295.494,295.494,0.05068748418125324,32.68860644424227,0.010999999999967258,0.010999999999967258,0.0,0.007994647479748967,-0.00527771185227266,-0.001678938288945898,-0.0035987735633267615
08:32:15,295.494,295.501,295.494,295.497,0.05493881764471098,37.45605805330013,0.006999999999948159,0.003999999999962256,0.002999999999985903,0.007862027815775526,-0.006053142854284488,-0.002553779202013616,-0.003499363652270872
08:32:20,295.497,295.501,295.497,295.499,0.057942258008665704,39.75956195242531,0.003999999999962256,0.0019999999999527063,0.0020000000000095497,0.00734709077366709,-0.00643214842159523,-0.003329453045929939,-0.0031026953756652905
08:32:25,295.498,295.498,295.492,295.493,0.06134767185540113,41.748785570039516,0.005999999999971806,0.0049999999999954525,0.0009999999999763531,0.007300812003845478,-0.007134421747309716,-0.004090446786205895,-0.003043974961103821
08:32:30,295.493,295.498,295.491,295.491,0.06238083376342729,46.7523274502417,0.007000000000005002,0.007000000000005002,0.0,0.007260703736666749,-0.007762876099434379,-0.004824932648851592,-0.0029379434505827874
08:32:35,295.491,295.491,295.489,295.489,0.06290209602366303,52.11867099873018,0.0020000000000095497,0.0020000000000095497,0.0,0.0065592765717791225,-0.00832633320038667,-0.005525212759158608,-0.0028011204412280626
08:32:40,295.489,295.492,295.487,295.491,0.061392953478389245,57.19060978460821,0.0049999999999954525,0.0010000000000331966,0.003999999999962256,0.006351373028874634,-0.008513357046410874,-0.006122841616609062,-0.0023905154298018124
08:32:45,295.491,295.491,295.481,295.481,0.06318427519181569,62.61104122885745,0.009999999999990905,0.009999999999990905,0.0,0.00683785662502347,-0.009360588184506469,-0.006770390930188544,-0.002590197254317925
08:32:50,295.481,295.493,295.481,295.493,0.06326518956313976,66.0293037496977,0.012000000000000455,0.0,0.012000000000000455,0.007526142408353735,-0.008960434937307582,-0.007208399731612351,-0.0017520352056952307
08:32:55,295.493,295.496,295.492,295.496,0.06123500890601008,67.53384756183749,0.003999999999962256,0.0,0.003999999999962256,0.007055990087234872,-0.008305495100557891,-0.00742781880540146,-0.0008776762951564314
08:33:00,295.484,295.484,295.482,295.482,0.05680474405619407,68.64461405895824,0.0019999999999527063,0.0019999999999527063,0.0,0.007981858075597311,-0.008814525198715728,-0.0077051600840643145,-0.0011093651146514135
08:33:05,295.482,295.482,295.47,295.472,0.058032295907878506,69.66002455909275,0.012000000000000455,0.010000000000047748,0.0019999999999527063,0.008517610332184396,-0.00991060832183166,-0.008146249731617785,-0.001764358590213875
08:33:10,295.472,295.479,295.472,295.479,0.05533286831268924,69.80933427145035,0.007000000000005002,0.0,0.007000000000005002,0.008315262287893812,-0.010098016941697097,-0.008536603173633648,-0.001561413768063449
08:33:15,295.479,295.484,295.479,295.481,0.05028089518862089,69.3001449363441,0.0049999999999954525,0.002999999999985903,0.0020000000000095497,0.00787322731617403,-0.009970225781216868,-0.008823327695150292,-0.001146898086066576
08:33:20,295.481,295.481,295.471,295.473,0.04788187218684925,68.64183221312315,0.009999999999990905,0.007999999999981355,0.0020000000000095497,0.008156797007349614,-0.01039466033324743,-0.00913759422276972,-0.0012570661104777097
08:33:25,295.473,295.473,295.465,295.465,0.04743704969871487,68.45465067211872,0.008000000000038199,0.008000000000038199,0.0,0.008135890739708093,-0.011246913496961497,-0.009559458077608076,-0.001687455419353421
08:33:30,295.466,295.466,295.46,295.462,0.05025241549481052,68.59686877458844,0.006000000000028649,0.004000000000019099,0.0020000000000095497,0.007851105307750834,-0.012025779497093936,-0.010052722361505248,-0.001973057135588688
08:33:35,295.462,295.465,295.46,295.463,0.0534675504139841,68.34344769715422,0.0049999999999954525,0.0019999999999527063,0.0030000000000427463,0.007470957933383451,-0.012419184146779116,-0.010526014718560022,-0.001893169428219094
08:33:40,295.463,295.465,295.462,295.462,0.053812931334846326,68.01750958822392,0.002999999999985903,0.002999999999985903,0.0,0.006874830208930445,-0.012665650078702129,-0.010953941790588444,-0.001711708288113685
08:33:45,295.461,295.461,295.449,295.449,0.058029393639912996,68.28665704500077,0.012000000000000455,0.012000000000000455,0.0,0.007691519514403294,-0.013751449312167097,-0.011513443294904174,-0.0022380060172629227
08:33:50,295.449,295.449,295.446,295.446,0.06424427068373006,68.53074343024545,0.002999999999985903,0.002999999999985903,0.0,0.007065983579147643,-0.014684751283539299,-0.0121477048926312,-0.0025370463909080987
08:33:55,295.446,295.454,295.445,295.454,0.06515374529692508,66.60077185739006,0.009000000000014552,0.0,0.009000000000014552,0.0073238524352632305,-0.014610446545589184,-0.012640253223222797,-0.0019701933223663873
08:34:00,295.456,295.46,295.456,295.459,0.06307856421199176,63.91636997381111,0.003999999999962256,0.0009999999999763531,0.002999999999985903,0.007147338777224375,-0.01398686936863669,-0.012909576452305576,-0.001077292916331114
08:34:05,295.46,295.46,295.453,295.453,0.06310525876733664,63.13903570602482,0.007000000000005002,0.007000000000005002,0.0,0.007127693606928458,-0.013817549707255239,-0.01309117110329551,-0.0007263786039597292
08:34:10,295.451,295.451,295.445,295.448,0.0639460298746144,62.10488741587325,0.006000000000028649,0.0030000000000427463,0.002999999999985903,0.007244001126002177,-0.013926287297863382,-0.013258194342209085,-0.0006680929556542974
08:34:15,295.448,295.454,295.447,295.453,0.06299072613353474,59.404434170747486,0.007000000000005002,0.0010000000000331966,0.005999999999971806,0.007211467642535888,-0.013453916039225078,-0.013297338681612285,-0.0001565773576127933
08:34:20,295.453,295.453,295.442,295.445,0.06234167314403294,57.4250731190483,0.010999999999967258,0.007999999999981355,0.002999999999985903,0.0077166052901934045,-0.01356868025499125,-0.013351606996288078,-0.00021707325870317165
08:34:25,295.445,295.449,295.444,295.447,0.0627764622322502,57.09683552906184,0.0049999999999954525,0.0020000000000095497,0.002999999999985903,0.007354391251500345,-0.013344422244415455,-0.013350170045913556,5.7478014981009184e-06
08:34:30,295.442,295.442,295.439,295.441,0.059775016783305546,56.60529657814185,0.002999999999985903,0.0010000000000331966,0.0019999999999527063,0.00744047241796448,-0.013495280814652233,-0.013379192199661293,-0.00011608861499094042
08:34:35,295.441,295.442,295.438,295.442,0.052613386328062006,55.76714308115292,0.004000000000019099,0.0,0.004000000000019099,0.0069817427622384295,-0.013379910397361527,-0.013379335839201341,-5.745581601861866e-07
08:34:40,295.442,295.444,295.437,295.437,0.05128208879750673,53.749402895389416,0.007000000000005002,0.007000000000005002,0.0,0.006984177060607307,-0.013535903256808979,-0.01341064932272287,-0.00012525393408610933
08:34:45,295.437,295.442,295.435,295.442,0.05068748417977531,52.07196917513818,0.007000000000005002,0.0,0.007000000000005002,0.006986286785860333,-0.013105004177930368,-0.01334952029376437,0.0002445161158340023
08:34:50,295.438,295.439,295.435,295.435,0.04840661111711597,50.394535454886956,0.004000000000019099,0.004000000000019099,0.0,0.006988115214412956,-0.013176464965965806,-0.01331490922820466,0.00013844426223885362
08:34:55,295.435,295.449,295.435,295.446,0.04079009167423919,45.00825331824977,0.014000000000010004,0.002999999999985903,0.011000000000024102,0.007923033185825896,-0.012204800740448718,-0.013092887530653474,0.0008880867902047555
08:35:00,295.446,295.446,295.443,295.446,0.03537171037100961,39.715220830082636,0.0030000000000427463,0.0,0.0030000000000427463,0.007266628761054809,-0.01130443930179581,-0.012735197884881942,0.0014307585830861322
08:35:05,295.445,295.445,295.434,295.436,0.0343382554785876,38.382920801645035,0.010999999999967258,0.009000000000014552,0.0019999999999527063,0.007897744926247563,-0.011267923196840002,-0.012441742947273555,0.0011738197504335534
08:35:10,295.434,295.434,295.429,295.434,0.03406248128681,39.634534235046395,0.005000000000052296,0.0,0.005000000000052296,0.007778045602748555,-0.011270448491302432,-0.012207484056079331,0.0009370355647768999
08:35:15,295.434,295.441,295.434,295.441,0.030836751822903352,38.1499009041592,0.006999999999948159,0.0,0.006999999999948159,0.007674306189041836,-0.010585584280477178,-0.011883104100958903,0.0012975198204817247
08:35:20,295.441,295.444,295.441,295.444,0.026813979068947447,34.91841496164104,0.0030000000000427463,0.0,0.0030000000000427463,0.007051065363841957,-0.009689060077960221,-0.011444295296359167,0.0017552352183989456
08:35:25,295.442,295.446,295.442,295.446,0.02656075458344276,32.38916795268202,0.004000000000019099,0.0,0.004000000000019099,0.006644256648665576,-0.008716694277325132,-0.010898775092552361,0.002182080815227229
08:35:30,295.446,295.449,295.445,295.448,0.026699891579482937,29.99891022471167,0.004000000000019099,0.0010000000000331966,0.002999999999985903,0.006291689095512713,-0.0076959895129675715,-0.010258217976635405,0.002562228463667833
08:35:35,295.448,295.448,295.441,295.441,0.025450881482697696,27.17732492980817,0.007000000000005002,0.007000000000005002,0.0,0.0063861305494450175,-0.007366993022287716,-0.009679972985765868,0.002312979963478153
08:35:40,295.441,295.441,295.434,295.435,0.022590170191847392,25.227292442450555,0.006999999999948159,0.005999999999971806,0.0009999999999763531,0.006467979809512103,-0.007503910381160495,-0.009244760464844794,0.0017408500836842995
08:35:45,295.437,295.437,295.433,295.435,0.021595321126483213,23.343156091324094,0.004000000000019099,0.0020000000000095497,0.0020000000000095497,0.006138915834913036,-0.007525667167953998,-0.008900941805466635,0.0013752746375126374
08:35:50,295.444,295.444,295.442,295.442,0.02086951944647808,20.417965295363082,0.0020000000000095497,0.0020000000000095497,0.0,0.0065203937235932385,-0.006898545936337541,-0.008500462631640816,0.0016019166953032751
08:35:55,295.442,295.442,295.435,295.435,0.01884675037820216,18.491729585525494,0.007000000000005002,0.007000000000005002,0.0,0.006584341227114807,-0.006887000288372747,-0.008177770162987203,0.0012907698746144562
08:36:00,295.435,295.441,295.435,295.441,0.01844936170141409,16.565493875687906,0.005999999999971806,0.0,0.005999999999971806,0.006506429063495739,-0.006320837740361185,-0.007806383678461999,0.0014855459381008145
08:36:05,295.442,295.442,295.439,295.44,0.017472986664415657,17.28559343098861,0.002999999999985903,0.0020000000000095497,0.0009999999999763531,0.006038905188361095,-0.005885002835384512,-0.0074221075098465025,0.0015371046744619907
08:36:10,295.44,295.448,295.438,295.446,0.01818732930337319,17.314310843819623,0.009999999999990905,0.0019999999999527063,0.008000000000038199,0.006567051163245069,-0.0049978387036730965,-0.006937253748611822,0.0019394150449387254
08:36:15,295.446,295.448,295.446,295.447,0.019041229499975998,15.207861096649975,0.0019999999999527063,0.0009999999999763531,0.0009999999999763531,0.005958111008139422,-0.004166039583935799,-0.006383010915676618,0.0022169713317408187
08:36:20,295.447,295.456,295.446,295.452,0.021102257295865456,14.085298832840733,0.009999999999990905,0.004000000000019099,0.005999999999971806,0.006497029540386287,-0.0030680084834671106,-0.0057200104292347165,0.002652001945767606
08:36:25,295.451,295.455,295.451,295.454,0.023845114248160826,15.085000362463218,0.003999999999962256,0.0009999999999763531,0.002999999999985903,0.006164092268329749,-0.0020132204875267234,-0.004978652440893118,0.0029654319533663947
08:36:30,295.456,295.456,295.451,295.452,0.02436477180469865,17.11304704352833,0.0049999999999954525,0.004000000000019099,0.0009999999999763531,0.006008879965885177,-0.001323421111976586,-0.004247606175109811,0.0029241850631332254
08:36:35,295.452,295.454,295.452,295.454,0.026164660775862103,19.840402845723766,0.0020000000000095497,0.0,0.0020000000000095497,0.00547436263710176,-0.0006083541240968771,-0.0035197557649072246,0.0029114016408103476
08:36:40,295.454,295.454,295.448,295.454,0.02775152911567602,19.821036382743905,0.006000000000028649,0.0,0.006000000000028649,0.005544447618825346,-4.118364506666694e-05,-0.002824041340939113,0.002782857695872446
08:36:45,295.456,295.46,295.454,295.46,0.030226513280695144,22.091975492513743,0.005999999999971806,0.0,0.005999999999971806,0.0056051879363115415,0.0008822824982530619,-0.002082776573100678,0.00296505907135374
08:36:50,295.46,295.46,295.457,295.458,0.03045963679255692,22.82202058878728,0.002999999999985903,0.0019999999999527063,0.0010000000000331966,0.005257829544801457,0.0014361971974494736,-0.001378981818990648,0.0028151790164401215
08:36:55,295.458,295.458,295.448,295.448,0.03008479244897444,21.628660068987976,0.010000000000047748,0.010000000000047748,0.0,0.005890118938834296,0.0010560882330992172,-0.000891967808572675,0.0019480560416718922
08:37:00,295.448,295.448,295.441,295.442,0.030282876868454878,23.812276761177383,0.007000000000005002,0.005999999999971806,0.0010000000000331966,0.006038103080323723,0.00026761439227129813,-0.0006600513684038805,0.0009276657606751786
08:37:05,295.442,295.443,295.441,295.442,0.030548666950949155,24.656631901731085,0.0020000000000095497,0.0009999999999763531,0.0010000000000331966,0.005499689336281833,-0.0003531855045935117,-0.0005986781956418067,0.000245492691048295
08:37:10,295.443,295.449,295.443,295.449,0.030608564330577792,23.528453375419065,0.006000000000028649,0.0,0.006000000000028649,0.005699730758111589,-0.00027713772573179085,-0.0005343701016598036,0.0002572323759280127
08:37:15,295.449,295.453,295.449,295.453,0.03072389777673834,23.196456964338722,0.003999999999962256,0.0,0.003999999999962256,0.005473099990358345,0.00010469045116678899,-0.00040655799109448506,0.000511248442261274
08:37:20,295.453,295.455,295.447,295.447,0.028594441857194397,23.344612432244023,0.007999999999981355,0.007999999999981355,0.0,0.005810019991641413,-7.59819509994486e-05,-0.0003404427830754778,0.0002644608320760292
08:37:25,295.443,295.453,295.443,295.453,0.02638899291821417,23.218027802058078,0.009999999999990905,0.0,0.009999999999990905,0.006368683992754678,0.00026196396697741875,-0.00021996143306489852,0.00048192540004231727
08:37:30,295.453,295.453,295.447,295.453,0.025955427378448803,21.34329754104224,0.005999999999971806,0.0,0.005999999999971806,0.0063195261270502946,0.0005237510654865218,-7.121893335461447e-05,0.0005949699988411363
08:37:35,295.453,295.456,295.452,295.452,0.02245088205711454,19.730282031875053,0.004000000000019099,0.004000000000019099,0.0,0.006010255976779469,0.0006431141647453842,7.164768626538527e-05,0.000571466478479999
08:37:40,295.45,295.45,295.449,295.449,0.020880613015037852,17.835023950383185,0.0009999999999763531,0.0009999999999763531,0.0,0.005608888513206994,0.0004899870867802747,0.00015531556636836315,0.0003346715204119115
08:37:45,295.451,295.451,295.448,295.449,0.01858578970166036,15.4273342197173,0.0030000000000427463,0.0020000000000095497,0.0010000000000331966,0.0052610367114517605,0.0003644318309738992,0.00019713881928947038,0.00016729301168442881
08:37:50,295.449,295.454,295.445,295.445,0.01881880358325816,15.016213627189503,0.009000000000014552,0.009000000000014552,0.0,0.0057595651499268,-5.7179059865575255e-05,0.00014627524345846125,-0.0002034543033240365
08:37:55,295.444,295.446,295.444,295.446,0.01900249290827105,13.435431753704872,0.0020000000000095497,0.0,0.0020000000000095497,0.0052582897966045,-0.0003070772899036456,5.56047367860399e-05,-0.0003626820266896855
08:38:00,295.446,295.447,295.44,295.44,0.021166010485671904,13.283555249122958,0.007000000000005002,0.007000000000005002,0.0,0.005490517823724566,-0.0009779995237977346,-0.000151116115330715,-0.0008268834084670196
08:38:05,295.44,295.443,295.44,295.442,0.021962647713962724,14.864671588235131,0.002999999999985903,0.0009999999999763531,0.0020000000000095497,0.005158448780559412,-0.0013329613934160989,-0.0003874851709477918,-0.000945476222468307
08:38:10,295.441,295.444,295.44,295.442,0.022772097420329374,14.286683212187574,0.004000000000019099,0.0020000000000095497,0.0020000000000095497,0.0050039889431540375,-0.0015958749791025184,-0.0006291631325787371,-0.0009667118465237813
08:38:15,295.442,295.442,295.438,295.44,0.023560895342370713,14.47852965020858,0.004000000000019099,0.0020000000000095497,0.0020000000000095497,0.004870123750736046,-0.0019432189567396563,-0.000891974297410921,-0.0010512446593287353
08:38:20,295.44,295.441,295.438,295.438,0.024568700667373378,16.64290975509531,0.002999999999985903,0.002999999999985903,0.0,0.004620773917302694,-0.002352753765876514,-0.0011841301911040397,-0.0011686235747724743
08:38:25,295.438,295.438,295.43,295.432,0.025231559182657293,20.344492578384298,0.007999999999981355,0.005999999999971806,0.0020000000000095497,0.005071337394993182,-0.003125434841194874,-0.0015723911211222067,-0.0015530437200726673
08:38:30,295.431,295.439,295.431,295.439,0.023268682360139792,23.371145324337924,0.008000000000038199,0.0,0.008000000000038199,0.005461825742332518,-0.0031367897026370883,-0.001885270837425183,-0.0012515188652119052
08:38:35,295.436,295.437,295.434,295.435,0.024739484737779094,28.366973535852107,0.002999999999985903,0.0020000000000095497,0.0009999999999763531,0.005400248976687577,-0.0034290273894725942,-0.0021940221478346654,-0.0012350052416379288
08:38:40,295.435,295.437,295.433,295.433,0.02670619876460023,33.49977019657418,0.004000000000019099,0.004000000000019099,0.0,0.0052135491131317805,-0.00377845546449862,-0.0025109088111674566,-0.0012675466533311635
08:38:45,295.433,295.433,295.426,295.426,0.031153947115399205,39.17340433882777,0.007000000000005002,0.007000000000005002,0.0,0.005451742564714876,-0.0045675691362134785,-0.002922240876176661,-0.0016453282600368173
08:38:50,295.427,295.429,295.422,295.429,0.033068350265466506,45.10049648173304,0.006999999999948159,0.0,0.006999999999948159,0.005658176889412647,-0.004894452279188499,-0.003316683156779029,-0.0015777691224094703
08:38:55,295.427,295.428,295.422,295.422,0.035997660739894854,51.02758862463829,0.005999999999971806,0.005999999999971806,0.0,0.005837086637484048,-0.005653184630205033,-0.00378398345146423,-0.0018692011787408026
08:39:00,295.422,295.425,295.421,295.424,0.03835512728778667,57.00189765611949,0.004000000000019099,0.0010000000000331966,0.002999999999985903,0.0055921417524887225,-0.006023665137320222,-0.0042319197886354284,-0.0017917453486847937
08:39:05,295.424,295.426,295.421,295.426,0.03792291349827792,61.60010708099678,0.0049999999999954525,0.0,0.0049999999999954525,0.005513189518822953,-0.006085737726778007,-0.004602683376263944,-0.0014830543505140624
08:39:10,295.424,295.425,295.419,295.419,0.03885519676373406,64.99463012123063,0.006000000000028649,0.006000000000028649,0.0,0.005711430916313893,-0.006623421519407202,-0.0050068310048925965,-0.0016165905145146056
08:39:15,295.416,295.416,295.409,295.409,0.04311795327339496,69.011771189719,0.007000000000005002,0.007000000000005002,0.0,0.006283240127470828,-0.007766923960673466,-0.0055588495960487705,-0.002208074364624696
08:39:20,295.409,295.411,295.406,295.408,0.04674859975102663,73.80617381765653,0.0049999999999954525,0.002999999999985903,0.0020000000000095497,0.006112141443807445,-0.008654090557570271,-0.006177897788353071,-0.0024761927692172
08:39:25,295.408,295.411,295.408,295.409,0.04830778513837686,77.8307416315255,0.002999999999985903,0.0020000000000095497,0.0009999999999763531,0.005697189251297907,-0.009170769907711929,-0.006776472212224842,-0.0023942976954870864
08:39:30,295.409,295.409,295.402,295.402,0.052354660977016465,82.03232532255443,0.007000000000005002,0.007000000000005002,0.0,0.005870897351125519,-0.010029470026438503,-0.007427071775067575,-0.002602398251370928
08:39:35,295.403,295.403,295.398,295.398,0.05597405413698198,84.30388137704267,0.0049999999999954525,0.0049999999999954525,0.0,0.005754777704308178,-0.010907033139062605,-0.008123064047866582,-0.0027839690911960237
08:39:40,295.398,295.404,295.398,295.403,0.05774134703631262,86.610628354571,0.005999999999971806,0.0009999999999763531,0.0049999999999954525,0.005787474010396662,-0.011071425513421218,-0.008712736340977509,-0.0023586891724437092
08:39:45,295.403,295.404,295.388,295.389,0.06290209602116192,87.5894574306864,0.016000000000019554,0.014999999999986358,0.0010000000000331966,0.007149144142346381,-0.012190861983299328,-0.009408361469441873,-0.002782500513857455
08:39:50,295.389,295.393,295.389,295.39,0.06552749523075363,88.40256435401069,0.003999999999962256,0.002999999999985903,0.0009999999999763531,0.006729258256695164,-0.012849214066704917,-0.010096531988894483,-0.0027526820778104345
08:39:55,295.39,295.394,295.385,295.385,0.06875249277493367,88.72115020213434,0.009000000000014552,0.009000000000014552,0.0,0.007032023822471083,-0.013617447589979292,-0.010800715109111445,-0.002816732480867848
08:40:00,295.385,295.388,295.383,295.387,0.07000601477625423,88.89944308717267,0.0049999999999954525,0.0009999999999763531,0.004000000000019099,0.006761087312807666,-0.013904611204054618,-0.01142149432810008,-0.0024831168759545386
08:40:05,295.387,295.388,295.387,295.388,0.07113486079708764,89.07773597221102,0.0009999999999763531,0.0,0.0009999999999763531,0.005992942337763491,-0.013891367754013118,-0.011915469013282687,-0.0019758987407304304
08:40:10,295.386,295.389,295.386,295.388,0.06884918682078478,88.47109094996907,0.002999999999985903,0.0010000000000331966,0.0019999999999527063,0.005593883359393146,-0.01372268564642809,-0.01227691233991177,-0.0014457733065163202
08:40:15,295.389,295.39,295.389,295.39,0.06596809435802697,88.05251842552305,0.0009999999999763531,0.0,0.0009999999999763531,0.0051146989114753336,-0.013274599258465969,-0.01247644972362261,-0.0007981495348433586
08:40:20,295.39,295.39,295.385,295.387,0.06302514117862756,87.84295614466988,0.0049999999999954525,0.002999999999985903,0.0020000000000095497,0.005099405723278017,-0.01301157317942625,-0.012583474414783339,-0.0004280987646429115
08:40:25,295.387,295.388,295.378,295.378,0.06350433055729354,87.49435059585717,0.009999999999990905,0.009999999999990905,0.0,0.005752818293506402,-0.013375167297851931,-0.012741812991397056,-0.0006333543064548745
08:40:30,295.378,295.378,295.368,295.369,0.06433432414087292,87.41525631068076,0.009999999999990905,0.008999999999957708,0.0010000000000331966,0.006319109187704336,-0.014225559643648467,-0.013038562321847339,-0.0011869973218011278
08:40:35,295.369,295.372,295.365,295.366,0.06660330321756192,87.4137671340561,0.007000000000005002,0.006000000000028649,0.0009999999999763531,0.006409894629344425,-0.014969023052572084,-0.013424654467992288,-0.0015443685845797951
08:40:40,295.366,295.37,295.362,295.362,0.06753743600859252,87.30708943357179,0.007999999999981355,0.007999999999981355,0.0,0.0066219086787626825,-0.015700009791146385,-0.013879725532623108,-0.0018202842585232776
08:40:45,295.362,295.364,295.361,295.364,0.06445202213535595,87.14047306906515,0.002999999999985903,0.0,0.002999999999985903,0.006138987521592446,-0.015934258548782054,-0.014290632135854898,-0.0016436264129271565
08:40:50,295.362,295.362,295.359,295.359,0.06370292895394414,87.66185103844445,0.0030000000000427463,0.0030000000000427463,0.0,0.005987122518712847,-0.016335060184587746,-0.014699517745601468,-0.0016355424389862781
08:40:55,295.362,295.37,295.362,295.368,0.06206957047015749,84.01112180009262,0.007999999999981355,0.0020000000000095497,0.005999999999971806,0.006655506182887681,-0.015744975310212794,-0.014908609258523733,-0.0008363660516890609
08:41:00,295.368,295.368,295.349,295.349,0.06559171962669552,81.87156861322572,0.019000000000005457,0.019000000000005457,0.0,0.008301438691836718,-0.016618897698549517,-0.015250666946528891,-0.0013682307520206261
08:41:05,295.349,295.349,295.341,295.341,0.06969739102100903,80.17383235705029,0.007999999999981355,0.007999999999981355,0.0,0.008261246866256003,-0.01775238221705422,-0.015751010000633957,-0.0020013722164202614
08:41:10,295.34,295.34,295.333,295.333,0.07677828639975814,78.84750356279179,0.006999999999948159,0.006999999999948159,0.0,0.008226413950752716,-0.01907631017638778,-0.016416070035784724,-0.0026602401406030547
08:41:15,295.334,295.334,295.332,295.332,0.08239979560096344,77.56964738401246,0.0020000000000095497,0.0020000000000095497,0.0,0.007396225423986961,-0.01997595390321294,-0.017128046809270367,-0.0028479070939425727
08:41:20,295.328,295.328,295.312,295.312,0.09258191251842618,77.71224849262467,0.01599999999996271,0.01599999999996271,0.0,0.009076728700786275,-0.022048598373999084,-0.018112157122216112,-0.003936441251782972
08:41:25,295.306,295.313,295.306,295.313,0.10176939876760116,78.74446156046596,0.007000000000005002,0.0,0.007000000000005002,0.008799831540682106,-0.02334142696656727,-0.019158011091086342,-0.004183415875480927
08:41:30,295.311,295.312,295.31,295.31,0.1088386541204045,79.64119278938686,0.0020000000000095497,0.0020000000000095497,0.0,0.008026520668589278,-0.024327643932622323,-0.02019193765939354,-0.004135706273228783
08:41:35,295.311,295.313,295.311,295.313,0.11334140321764608,79.71080428938194,0.0020000000000095497,0.0,0.0020000000000095497,0.007356317912775495,-0.024583766695968734,-0.02107030346670858,-0.003513463229260154
08:41:40,295.313,295.317,295.312,295.313,0.11530371792582628,78.02324508129922,0.0049999999999954525,0.004000000000019099,0.0009999999999763531,0.00704214219107149,-0.024504275793219676,-0.021757097932010798,-0.0027471778612088785
08:41:45,295.314,295.314,295.301,295.301,0.1184844648894341,76.86690269908942,0.013000000000033651,0.013000000000033651,0.0,0.007836523232266444,-0.02512001054697066,-0.022429680455002772,-0.0026903300919678894
08:41:50,295.302,295.302,295.291,295.291,0.12220069772854458,76.01882553167874,0.011000000000024102,0.011000000000024102,0.0,0.008258320134634132,-0.026113876686849835,-0.023166519701372186,-0.002947356985477649
08:41:55,295.291,295.294,295.29,295.294,0.1209706358412177,75.18097365038078,0.003999999999962256,0.0,0.003999999999962256,0.007690544116677882,-0.02635563646384753,-0.023804343053867257,-0.002551293409980275
08:42:00,295.294,295.294,295.286,295.286,0.12007085626942171,74.43303145147898,0.007999999999981355,0.007999999999981355,0.0,0.007731804901118345,-0.026882876899151142,-0.024420049822924034,-0.0024628270762271087
08:42:05,295.284,295.294,295.284,295.293,0.11709806955559543,77.55880884709072,0.009999999999990905,0.0009999999999763531,0.009000000000014552,0.008034230914301353,-0.026431194882491127,-0.024822278834837452,-0.0016089160476536746
08:42:10,295.291,295.297,295.291,295.296,0.11397211108055672,78.10091014615293,0.006000000000028649,0.0010000000000331966,0.0049999999999954525,0.00776300012573166,-0.025536786523161936,-0.024965180372502352,-0.0005716061506595843
08:42:15,295.285,295.289,295.28,295.289,0.1113097148969473,78.6935567635034,0.009000000000014552,0.0,0.009000000000014552,0.008861266775636714,-0.025103426281248176,-0.02499282955425152,-0.00011059672699665485
08:42:20,295.281,295.294,295.281,295.294,0.10671338888471382,77.33990617374832,0.012999999999976808,0.0,0.012999999999976808,0.009413097872215392,-0.024078959695373214,-0.024810055582475864,0.0007310958871026493
08:42:25,295.291,295.295,295.287,295.293,0.09932827020520563,75.63717156658376,0.008000000000038199,0.0020000000000095497,0.006000000000028649,0.009224684822591768,-0.023081682914948942,-0.02446438104897048,0.0013826981340215386
08:42:30,295.293,295.297,295.292,295.297,0.09078743246459453,72.61669116647552,0.005000000000052296,0.0,0.005000000000052296,0.008661393512919838,-0.021718213267490682,-0.02391514749267452,0.002196934225183838
08:42:35,295.294,295.296,295.293,295.293,0.07436212957236421,69.46509175330092,0.002999999999985903,0.002999999999985903,0.0,0.008039874377866407,-0.02072155513042162,-0.023276429020223942,0.0025548738898023213
08:42:40,295.295,295.307,295.295,295.306,0.06307222258556067,63.11536356348505,0.012000000000000455,0.0010000000000331966,0.010999999999967258,0.00883455779415222,-0.01866751750014828,-0.02235464671620881,0.0036871292160605314
08:42:45,295.306,295.306,295.296,295.296,0.05356943353478982,57.34527137822458,0.009999999999990905,0.009999999999990905,0.0,0.008989950088264045,-0.017643214314034594,-0.021412360235773968,0.003769145921739374
08:42:50,295.296,295.296,295.289,295.29,0.04645586472247487,53.88933474521082,0.007000000000005002,0.005999999999971806,0.0010000000000331966,0.008724623409829506,-0.01711826778006298,-0.02055354174463177,0.003435273964568792
08:42:55,295.288,295.292,295.288,295.292,0.03637002812820356,50.02095074489375,0.003999999999962256,0.0,0.003999999999962256,0.008094673621847206,-0.016352360748783212,-0.019713305545462058,0.0033609447966788455
08:43:00,295.292,295.295,295.291,295.295,0.034209878517003744,44.88555654708974,0.004000000000019099,0.0,0.004000000000019099,0.007548717138936792,-0.015326623208636647,-0.018835969078096974,0.003509345869460327
08:43:05,295.296,295.296,295.286,295.288,0.032065721962567295,40.80852124968145,0.009999999999990905,0.007999999999981355,0.0020000000000095497,0.007875554853744008,-0.014906724871423194,-0.01805012023676222,0.0031433953653390266
08:43:10,295.288,295.297,295.287,295.293,0.02954461387776064,36.26949694305619,0.010000000000047748,0.004000000000019099,0.006000000000028649,0.008158814206584507,-0.014009007087281589,-0.017241897606866095,0.003232890519584506
08:43:15,295.293,295.293,295.291,295.291,0.024843933893066605,31.66234278359216,0.0020000000000095497,0.0020000000000095497,0.0,0.007337638979041179,-0.01330556429815033,-0.016454630945122943,0.0031490666469726133
08:43:20,295.293,295.298,295.293,295.297,0.018023376595579066,27.179605851145595,0.0049999999999954525,0.0009999999999763531,0.004000000000019099,0.007292620448503023,-0.012124171066773215,-0.015588538969453,0.0034643679026797845
08:43:25,295.297,295.297,295.292,295.292,0.016725649974318912,21.763035103891916,0.005000000000052296,0.005000000000052296,0.0,0.006986937722042926,-0.011459271286412331,-0.014762685432844865,0.003303414146432534
08:43:30,295.292,295.297,295.292,295.295,0.016644898023741916,17.870065596642227,0.005000000000052296,0.0020000000000095497,0.0030000000000427463,0.006722012692444175,-0.010568432184584253,-0.013923834783192743,0.0033554025986084896
08:43:35,295.295,295.295,295.292,295.292,0.01669036907003374,14.277707491322834,0.0030000000000427463,0.0030000000000427463,0.0,0.006225744333457318,-0.009989359587052604,-0.013136939743964716,0.0031475801569121123
08:43:40,295.292,295.293,295.291,295.291,0.015370511709875245,11.729461660386393,0.0020000000000095497,0.0020000000000095497,0.0,0.005662311755664283,-0.009501603454111773,-0.01240987248599413,0.002908269031882356
08:43:45,295.289,295.292,295.287,295.287,0.016480929927411125,10.686368194107464,0.0049999999999954525,0.0049999999999954525,0.0,0.005574003521575106,-0.009330266273536836,-0.011793951243502672,0.002463684969965836
08:43:50,295.287,295.297,295.285,295.293,0.016292071003590536,10.892577165395323,0.012000000000000455,0.004000000000019099,0.007999999999981355,0.0064308030520318195,-0.008611067442302556,-0.01115737448326265,0.002546307040960094
08:43:55,295.294,295.295,295.294,295.295,0.015867875482513227,11.166817545925127,0.0010000000000331966,0.0,0.0010000000000331966,0.005840029311762184,-0.0077899165923440705,-0.010483882905078935,0.002693966312734865
08:44:00,295.297,295.298,295.295,295.298,0.016369419457646472,10.728751569612077,0.002999999999985903,0.0,0.002999999999985903,0.00546135873685868,-0.006818474569172395,-0.009750801237897627,0.002932326668725232
08:44:05,295.296,295.296,295.29,295.293,0.016369419457646472,10.528906758138712,0.005999999999971806,0.002999999999985903,0.002999999999985903,0.00579984423860837,-0.006378530253982717,-0.009076347041114645,0.002697816787131928
08:44:10,295.293,295.298,295.292,295.298,0.016562481339406077,10.32553068629464,0.006000000000028649,0.0,0.006000000000028649,0.005826531673464408,-0.005562294334595208,-0.008373536499810758,0.00281124216521555
08:44:15,295.298,295.299,295.295,295.297,0.016794735977100572,8.762107916542691,0.003999999999962256,0.0019999999999527063,0.0020000000000095497,0.005582994116997455,-0.00493917736827143,-0.0076866646735028925,0.0027474873052314623
08:44:20,295.297,295.297,295.293,295.296,0.012614110674803669,8.207136606245964,0.004000000000019099,0.0010000000000331966,0.002999999999985903,0.005371928234733675,-0.004474465473094824,-0.00704422483342128,0.0025697593603264558
08:44:25,295.296,295.306,295.295,295.306,0.016794735977100572,9.116464967121935,0.010999999999967258,0.0,0.010999999999967258,0.0061223378034314865,-0.003261663099749512,-0.006287712486686927,0.0030260493869374147
08:44:30,295.306,295.306,295.299,295.303,0.0181873292713135,11.002629849628258,0.007000000000005002,0.002999999999985903,0.004000000000019099,0.0062393594296412894,-0.0025136080994911936,-0.0055328916092477805,0.003019283509756587
08:44:35,295.303,295.303,295.301,295.303,0.01947846310611112,14.398503232008604,0.0020000000000095497,0.0,0.0020000000000095497,0.005674111505690391,-0.0018988800155170793,-0.0048060892905016405,0.002907209274984561
08:44:40,295.303,295.303,295.301,295.301,0.020166673883068142,17.79437661438895,0.0020000000000095497,0.0020000000000095497,0.0,0.005184229971599613,-0.0015551599495893242,-0.004155903422319177,0.0026007434727298526
08:44:45,295.301,295.31,295.3,295.31,0.02275637559569077,22.57130796986299,0.009999999999990905,0.0,0.009999999999990905,0.005826332642051785,-0.000550192263176541,-0.00343476119049065,0.002884568927314109
08:44:50,295.31,295.31,295.306,295.309,0.025039757833610565,26.939136575210576,0.004000000000019099,0.0009999999999763531,0.0030000000000427463,0.005582821623114094,0.00016367349985557667,-0.0027150742524214046,0.0028787477522769812
08:44:55,295.309,295.309,295.306,295.308,0.026007286403228136,29.801812815900654,0.0030000000000427463,0.0010000000000331966,0.0020000000000095497,0.005238445406704581,0.0006413327329823915,-0.0020437928553406455,0.002685125588323037
08:45:00,295.308,295.314,295.308,295.309,0.02770065548850198,34.992752218493585,0.006000000000028649,0.0049999999999954525,0.0010000000000331966,0.005339986019147791,0.0010880306195417688,-0.0014174281603641628,0.002505458779905932
08:45:05,295.309,295.309,295.301,295.303,0.027168867608452274,35.86335646766188,0.008000000000038199,0.006000000000028649,0.0020000000000095497,0.005694654549933179,0.0009469759082207929,-0.0009445473466471718,0.0018915232548679648
08:45:10,295.303,295.303,295.298,295.302,0.02694555912580654,35.3461206649953,0.0049999999999954525,0.0009999999999763531,0.004000000000019099,0.005602033943274816,0.0007458991296971362,-0.0006064580513783103,0.0013523571810754465
08:45:15,295.3,295.302,295.297,295.297,0.02610021171074095,34.18607717658776,0.0049999999999954525,0.0049999999999954525,0.0,0.005521762750837568,0.00018099966928275535,-0.0004489665072460972,0.0006299661765288525
08:45:20,295.297,295.298,295.294,295.294,0.02536138794926046,34.953231506618195,0.004000000000019099,0.004000000000019099,0.0,0.005318861050728439,-0.0005029642916838384,-0.00045976606413364546,-4.3198227550192924e-05
08:45:25,295.294,295.296,295.294,295.295,0.02275730070903137,35.98811806927066,0.0020000000000095497,0.0009999999999763531,0.0010000000000331966,0.0048763462439659205,-0.0009533296253039225,-0.0005584787763677009,-0.00039485084893622164
08:45:30,295.295,295.296,295.294,295.294,0.022495847541563307,36.33837731969808,0.0020000000000095497,0.0020000000000095497,0.0,0.004492833411438405,-0.0013750878824225765,-0.0007218005975786761,-0.0006532872848439004
08:45:35,295.293,295.298,295.293,295.298,0.022027733686172724,34.144780125443525,0.0049999999999954525,0.0,0.0049999999999954525,0.004560455623246012,-0.0013707664270441455,-0.0008515937634717701,-0.0005191726635723755
08:45:40,295.299,295.304,295.299,295.302,0.021905058266725064,34.11227496724441,0.0049999999999954525,0.0019999999999527063,0.0030000000000427463,0.004752394873476118,-0.001032671082498382,-0.0008878092272770926,-0.00014486185522128944
08:45:45,295.302,295.302,295.296,295.296,0.02114511263141594,31.472601689157496,0.006000000000028649,0.006000000000028649,0.0,0.004918742223683123,-0.0012346457147600631,-0.0009571765247736868,-0.00027746918998637637
08:45:50,295.296,295.296,295.291,295.291,0.02285330792096829,29.07534414006961,0.0049999999999954525,0.0049999999999954525,0.0,0.0049295765938581005,-0.0017776783101908222,-0.0011212768818571139,-0.0006564014283337084
08:45:55,295.291,295.299,295.29,295.299,0.022649735650475122,24.36702633221228,0.008999999999957708,0.0,0.008999999999957708,0.005472299714671382,-0.001544696117946387,-0.0012059607290749684,-0.0003387353888714185
08:46:00,295.295,295.315,295.295,295.315,0.02545997888933016,22.867546974908983,0.01999999999998181,0.0,0.01999999999998181,0.00740932641937944,-6.820356139769501e-05,-0.0009784092955395138,0.0009102057341418188
08:46:05,295.315,295.321,295.315,295.32,0.030086891686664785,22.00049330667299,0.006000000000028649,0.0010000000000331966,0.0049999999999954525,0.007221416230132669,0.0014882302485830223,-0.00048508138671500664,0.0019733116352980288
08:46:10,295.32,295.32,295.308,295.308,0.030493485047031754,18.44839486143557,0.012000000000000455,0.012000000000000455,0.0,0.007858560732781707,0.0017334336011458618,-4.137838914283293e-05,0.0017748119902886946
08:46:15,295.308,295.309,295.307,295.307,0.03073554429226988,18.649522363856477,0.0020000000000095497,0.0020000000000095497,0.0,0.00707741930174542,0.0018260181810774156,0.0003321009249012168,0.0014939172561761987
08:46:20,295.306,295.308,295.303,295.303,0.03068344314033311,18.981000191603187,0.0049999999999954525,0.0049999999999954525,0.0,0.006800430061512092,0.0015586583142521704,0.0005774124027714076,0.0009812459114807628
08:46:25,295.303,295.306,295.303,295.306,0.030118362973553303,19.520689973129777,0.002999999999985903,0.0,0.002999999999985903,0.0062937060533086,0.0015707420844819353,0.0007760783391135132,0.0007946637453684221
08:46:30,295.306,295.306,295.3,295.302,0.029550313896152147,18.601842912714737,0.005999999999971806,0.003999999999962256,0.0020000000000095497,0.006254545246197028,0.0012432209121016058,0.0008695068537111318,0.000373714058390474
08:46:35,295.302,295.304,295.294,295.295,0.02978095468392894,19.042345913475497,0.009999999999990905,0.008999999999957708,0.0010000000000331966,0.006753939213369546,0.00041404368681696724,0.0007784142203322989,-0.00036437053351533167
08:46:40,295.295,295.296,295.295,295.295,0.029562422783328657,19.26438286707339,0.0009999999999763531,0.0009999999999763531,0.0,0.0059867473182504535,-0.00024031503596688708,0.0005746683690724618,-0.0008149834050393489
08:46:45,295.295,295.295,295.29,295.295,0.029992279686894108,21.634519123841834,0.0049999999999954525,0.0,0.0049999999999954525,0.005855181009149787,-0.000750250616079029,0.00030968457204216365,-0.0010599351881211926
08:46:50,295.295,295.301,295.292,295.301,0.029969106879093488,19.903349539239947,0.009000000000014552,0.0,0.009000000000014552,0.006274490207931756,-0.0006625904509860447,0.00011522956743652198,-0.0007778200184225667
08:46:55,295.301,295.304,295.301,295.304,0.02990511307768884,19.458169518108612,0.002999999999985903,0.0,0.002999999999985903,0.005837891513538976,-0.00034704370682447916,2.277491258432176e-05,-0.0003698186194088009
08:47:00,295.31,295.31,295.308,295.308,0.029766813007427118,20.09830028697689,0.0020000000000095497,0.0020000000000095497,0.0,0.005859505978404266,0.00022322275890473975,6.286448184840536e-05,0.0001603582770563344
08:47:05,295.308,295.311,295.308,295.308,0.02957310297870208,21.866573280235567,0.002999999999985903,0.002999999999985903,0.0,0.005478238514615151,0.0006674688758039338,0.00018378536063951104,0.00048368351516442273
08:47:10,295.308,295.315,295.303,295.313,0.02993607221731054,18.873800585878517,0.012000000000000455,0.0020000000000095497,0.009999999999990905,0.006347806712666525,0.0014067788662259773,0.0004283840617568043,0.000978394804469173
08:47:15,295.313,295.315,295.312,295.314,0.030953955598306493,15.248602202454162,0.002999999999985903,0.0009999999999763531,0.0020000000000095497,0.005901432484309109,0.0020497507520076397,0.0007526573998069714,0.0012970933522006684
08:47:20,295.314,295.314,295.311,295.313,0.031875415354647885,13.34858889948067,0.0030000000000427463,0.0010000000000331966,0.0020000000000095497,0.005514574819740261,0.002450372591283667,0.0010922004381023107,0.0013581721531813564
08:47:25,295.313,295.316,295.31,295.316,0.032321412144142414,12.325511915025745,0.005999999999971806,0.0,0.005999999999971806,0.005579298177104468,0.0029756418659871997,0.0014688887236792886,0.0015067531423079111
08:47:30,295.315,295.317,295.315,295.317,0.030723897759571628,12.669792216561648,0.0020000000000095497,0.0,0.0020000000000095497,0.00510205842015848,0.003433039253707193,0.0018617188296848695,0.0015713204240223235
08:47:35,295.317,295.326,295.317,295.326,0.03414150119851911,15.13687959398027,0.009000000000014552,0.0,0.009000000000014552,0.005621783964139289,0.004470224793919897,0.002383420022531875,0.002086804771388022
08:47:40,295.328,295.332,295.327,295.332,0.039858169589820136,18.873550435731666,0.0049999999999954525,0.0,0.0049999999999954525,0.005672212768916959,0.005710524293590424,0.003048840876743585,0.0026616834168468394
08:47:45,295.332,295.344,295.332,295.341,0.048220545947629034,22.29474276174062,0.012000000000000455,0.002999999999985903,0.009000000000014552,0.006515917733061425,0.007335140433838205,0.0039061007881625092,0.003429039645675696
08:47:50,295.341,295.344,295.337,295.34,0.05500775063990204,25.93440113491244,0.007000000000005002,0.004000000000019099,0.002999999999985903,0.00658046203532057,0.008444624413414203,0.004813805513212848,0.0036308189002013554
08:47:55,295.34,295.345,295.339,295.345,0.06224028141389226,28.58091956918725,0.006000000000028649,0.0,0.006000000000028649,0.0065030670972816475,0.009616503606366678,0.005774345131843614,0.0038421584745230632
08:48:00,295.346,295.349,295.345,295.348,0.068431756240102,33.45700005769544,0.003999999999962256,0.0009999999999763531,0.002999999999985903,0.006169324817639063,0.010664369029882437,0.006752349911451379,0.003912019118431058
08:48:05,295.35,295.357,295.35,295.353,0.07524947979561603,38.90596583653423,0.007000000000005002,0.004000000000019099,0.002999999999985903,0.006546748175289128,0.011762675341401518,0.007754414997441408,0.00400826034396011
08:48:10,295.352,295.356,295.352,295.356,0.0807021815336384,42.97784628228596,0.004000000000019099,0.0,0.004000000000019099,0.006207181751919791,0.012728440396358565,0.00874922007722484,0.003979220319133725
08:48:15,295.356,295.364,295.356,295.364,0.0854410230516578,47.20543760773425,0.007999999999981355,0.0,0.007999999999981355,0.006446224184994667,0.013978217115834468,0.009795019484946765,0.004183197630887703
08:48:20,295.365,295.365,295.363,295.363,0.08733022626881848,53.02215386841969,0.0020000000000095497,0.0020000000000095497,0.0,0.005853394293663318,0.014718318908990113,0.010779679369755435,0.0039386395392346785
08:48:25,295.363,295.363,295.36,295.36,0.08608343565344967,57.41029268208099,0.002999999999985903,0.002999999999985903,0.0,0.005472941721172997,0.014891124371899878,0.011601968370184325,0.0032891560017155527
08:48:30,295.356,295.357,295.354,295.354,0.08349093867775537,59.7240520498027,0.0030000000000427463,0.0030000000000427463,0.0,0.00554321615835375,0.014378181365657383,0.012157210969278937,0.0022209703963784466
08:48:35,295.354,295.356,295.354,295.354,0.08040816925802119,61.42386185960566,0.0020000000000095497,0.0020000000000095497,0.0,0.005070787337241191,0.013812449023305362,0.012488258580084222,0.0013241904432211397
08:48:40,295.355,295.355,295.354,295.354,0.07726345905098242,62.795721792821375,0.0010000000000331966,0.0010000000000331966,0.0,0.004528015692280125,0.013211804606669375,0.012632967785401255,0.0005788368212681205
08:48:45,295.361,295.366,295.361,295.364,0.07481373360644739,63.7714395129483,0.0049999999999954525,0.0020000000000095497,0.002999999999985903,0.005524280266642836,0.013388373173597756,0.012784048863040555,0.0006043243105572013
08:48:50,295.364,295.365,295.362,295.362,0.07196022292578164,63.77876369435999,0.002999999999985903,0.002999999999985903,0.0,0.0051877095644219115,0.01321459215705545,0.012870157521843536,0.0003444346352119137
08:48:55,295.362,295.363,295.359,295.36,0.06754522850724243,61.41898671449498,0.004000000000019099,0.002999999999985903,0.0010000000000331966,0.005029348289168204,0.012768301136702576,0.012849786244815345,-8.148510811276967e-05
08:49:00,295.361,295.361,295.357,295.359,0.06075178142862114,58.238224945181706,0.003999999999962256,0.0020000000000095497,0.0019999999999527063,0.004892101850607411,0.012193363144774594,0.012718501624807196,-0.0005251384800326019
08:49:05,295.36,295.36,295.354,295.355,0.05272011500107965,53.8459870252263,0.006000000000028649,0.0049999999999954525,0.0010000000000331966,0.005039821603863577,0.01128486912665494,0.012431775125176745,-0.0011469059985218053
08:49:10,295.355,295.355,295.351,295.351,0.04236135278722486,48.83797704446747,0.004000000000019099,0.004000000000019099,0.0,0.004901178723350981,0.01012539524776912,0.01197049914969522,-0.0018451039019261005
08:49:15,295.351,295.351,295.349,295.349,0.03476477345157036,44.00367495315984,0.0020000000000095497,0.0020000000000095497,0.0,0.004514354893572123,0.00894204226290185,0.011364807772336548,-0.002422765509434698
08:49:20,295.349,295.351,295.337,295.34,0.031211333965188715,41.59050834198147,0.014000000000010004,0.011000000000024102,0.002999999999985903,0.005779107574430508,0.007195061522452306,0.010530858522359701,-0.003335796999907395
08:49:25,295.34,295.34,295.329,295.329,0.03666060555224249,39.69358286957394,0.010999999999967258,0.010999999999967258,0.0,0.006475226564502075,0.004866856537546482,0.009398058125397058,-0.004531201587850576
08:49:30,295.329,295.329,295.327,295.327,0.041997994933012706,37.94170722323339,0.0020000000000095497,0.0020000000000095497,0.0,0.005878529689236405,0.0028277574007802286,0.008083997980473693,-0.005256240579693464
08:49:35,295.327,295.331,295.326,295.331,0.04575955464758863,36.85485979679529,0.0049999999999954525,0.0,0.0049999999999954525,0.005761392397337612,0.0015170357705756032,0.006770605538494075,-0.0052535697679184715
08:49:40,295.331,295.337,295.329,295.335,0.04805260274952161,36.11709730609026,0.007999999999981355,0.0020000000000095497,0.005999999999971806,0.006059873411023445,0.0007919172765582516,0.00557486788610691,-0.004782950609548658
08:49:45,295.335,295.335,295.331,295.334,0.050337388003299566,35.37933481538522,0.003999999999962256,0.0009999999999763531,0.002999999999985903,0.005785223622881953,0.00013500771825647462,0.004486895852536823,-0.004351888134280348
08:49:50,295.335,295.34,295.334,295.338,0.05111431975103642,33.141439458345296,0.005999999999971806,0.0019999999999527063,0.004000000000019099,0.0058138604731606,-6.211524299715165e-05,0.003577093633430028,-0.0036392088764271796
08:49:55,295.338,295.344,295.336,295.342,0.04949385926204286,29.970062156543985,0.007999999999981355,0.0020000000000095497,0.005999999999971806,0.006105345743403367,0.0001032398756137809,0.002882322881866779,-0.002779083006252998
08:50:00,295.341,295.346,295.341,295.345,0.04749337903331252,27.37638997390801,0.0049999999999954525,0.0009999999999763531,0.004000000000019099,0.0059579663109489795,0.00047093132320696895,0.002400044570134817,-0.001929113246927848
08:50:05,295.345,295.349,295.344,295.344,0.04597985828354467,26.756862702128178,0.0049999999999954525,0.0049999999999954525,0.0,0.00583023746948851,0.0006738698496633333,0.00205480962604052,-0.0013809397763771868
08:50:10,295.344,295.344,295.343,295.344,0.045445629740470395,26.57964412649652,0.0009999999999763531,0.0,0.0009999999999763531,0.005186205806886889,0.0008251878421674519,0.0018088852692659065,-0.0009836974270984546
08:50:15,295.344,295.355,295.344,295.354,0.045445629740470395,29.44111122230051,0.011000000000024102,0.0010000000000331966,0.009999999999990905,0.005961378365971851,0.0017320587726317171,0.0017935199699390687,-6.146119730735151e-05
08:50:20,295.353,295.371,295.353,295.37,0.04989715738554423,33.955081147796,0.01799999999997226,0.0009999999999763531,0.016999999999995907,0.007566527917171906,0.0036991849001992705,0.002174652955991109,0.0015245319442081613
08:50:25,295.373,295.375,295.372,295.375,0.05392548464419633,38.078683423733864,0.002999999999985903,0.0,0.002999999999985903,0.007224324194881713,0.0055970850297626384,0.0028591393707454154,0.002737945659017223
08:50:30,295.375,295.383,295.375,295.383,0.06151593716845127,40.20531725893774,0.007999999999981355,0.0,0.007999999999981355,0.007327747635561666,0.007658436014082781,0.003818998699412889,0.0038394373146698924
08:50:35,295.383,295.385,295.382,295.384,0.06870194971145338,41.54604829748383,0.002999999999985903,0.0009999999999763531,0.0020000000000095497,0.006750714617484898,0.009265951047268572,0.0049083891689840255,0.004357561878284547
08:50:40,295.384,295.384,295.365,295.367,0.06999879697798406,38.561005206981406,0.019000000000005457,0.016999999999995907,0.0020000000000095497,0.008383952668487639,0.009063679907512778,0.005739447316689776,0.0033242325908230024
08:50:45,295.368,295.368,295.362,295.362,0.07070889171700401,35.80714118042273,0.005999999999971806,0.005999999999971806,0.0,0.008066092312685527,0.008403055169367235,0.006272168887225268,0.002130886282141967
08:50:50,295.362,295.365,295.362,295.365,0.07194032614438584,35.06024714886102,0.002999999999985903,0.0,0.002999999999985903,0.007390613337658911,0.008029026611950485,0.006623540432170312,0.0014054861797801726
08:50:55,295.365,295.366,295.357,295.357,0.07211803190443788,33.582596327287305,0.008999999999957708,0.008999999999957708,0.0,0.007605198225965418,0.007006308777988579,0.006700094101333966,0.0003062146766546134
08:51:00,295.356,295.362,295.356,295.362,0.07189934484358673,33.79686485426212,0.006000000000028649,0.0,0.006000000000028649,0.007391171795840516,0.006524050545863247,0.006664885390239822,-0.000140834844376575
08:51:05,295.362,295.362,295.352,295.356,0.06847358306993101,33.98255673618301,0.010000000000047748,0.006000000000028649,0.004000000000019099,0.007739015556401481,0.005593232266619452,0.006450554765515749,-0.0008573224988962964
08:51:10,295.356,295.362,295.355,295.362,0.06396709680143431,33.71114148658294,0.007000000000005002,0.0,0.007000000000005002,0.00764048014888195,0.0052788506259844326,0.0062162139376094865,-0.000937363311625054
08:51:15,295.362,295.366,295.356,295.356,0.059667499745273744,31.722561666025296,0.009999999999990905,0.009999999999990905,0.0,0.007955082795696478,0.0044937499033039785,0.005871721130748385,-0.0013779712274444066
08:51:20,295.356,295.362,295.354,295.362,0.05616367059133154,30.60918565824564,0.008000000000038199,0.0,0.008000000000038199,0.007961071756275374,0.004306064152956424,0.005558589735189993,-0.0012525255822335695
08:51:25,295.362,295.362,295.359,295.359,0.05137724255155263,27.593197538908218,0.0030000000000427463,0.0030000000000427463,0.0,0.007299595522111024,0.0038706287172090015,0.005220997531593795,-0.0013503688143847933
08:51:30,295.359,295.361,295.359,295.359,0.04730016133953541,23.25113040176422,0.0020000000000095497,0.0020000000000095497,0.0,0.006592982785830828,0.003485365869096313,0.0048738711990942984,-0.0013885053299979855
08:51:35,295.359,295.366,295.358,295.366,0.04420812023079179,19.288556135801684,0.007999999999981355,0.0,0.007999999999981355,0.006780585081050898,0.0037022070465582146,0.004639538368587082,-0.0009373313220288676
08:51:40,295.366,295.367,295.366,295.366,0.04147339032306263,15.231421695087533,0.0010000000000331966,0.0010000000000331966,0.0,0.006009840403581872,0.0038299064642046687,0.004477611987710599,-0.0006477055235059306
08:51:45,295.367,295.368,295.364,295.364,0.03757434734745857,10.264710836591641,0.004000000000019099,0.004000000000019099,0.0,0.005741861683106836,0.0037267660483166765,0.004327442799831815,-0.0006006767515151388
08:51:50,295.365,295.372,295.365,295.368,0.03283836010518826,10.64326528339583,0.007000000000005002,0.004000000000019099,0.002999999999985903,0.006042946792031018,0.0039225760809245,0.004246469456050352,-0.00032389337512585183
08:51:55,295.373,295.373,295.366,295.368,0.03129418980358878,11.823326052737906,0.007000000000005002,0.0049999999999954525,0.0020000000000095497,0.00617055388642755,0.004031286777887999,0.004203432920417882,-0.00017214614252988262
08:52:00,295.368,295.371,295.366,295.371,0.03142643874684836,13.00338682207998,0.0049999999999954525,0.0,0.0049999999999954525,0.00601448003490327,0.004309834625644271,0.00422471326146316,8.512136418111112e-05
08:52:05,295.372,295.375,295.372,295.375,0.03142643874684836,15.989356978385953,0.002999999999985903,0.0,0.002999999999985903,0.0057458826969187145,0.00479804351346047,0.0043393793118626225,0.0004586642015978479
08:52:10,295.375,295.377,295.375,295.377,0.02899292109043472,19.22032999229589,0.0020000000000095497,0.0,0.0020000000000095497,0.00524643167066416,0.005285408955330695,0.004528585240556237,0.0007568237147744577
08:52:15,295.377,295.387,295.377,295.387,0.030696476734078715,23.0701217244305,0.009999999999990905,0.0,0.009999999999990905,0.005880240781241059,0.006404736193758254,0.004903815431196641,0.001500920762561613
08:52:20,295.387,295.387,295.379,295.385,0.03533359814093728,26.91991345656511,0.007999999999981355,0.0020000000000095497,0.005999999999971806,0.006162875343739765,0.007049169372635333,0.005332886219484379,0.0017162831531509545
08:52:25,295.385,295.385,295.382,295.382,0.03770857782797066,31.583324007395507,0.002999999999985903,0.002999999999985903,0.0,0.005741158631239251,0.007234418508573981,0.005713192677302299,0.0015212258312716819
08:52:30,295.386,295.386,295.382,295.382,0.03982276523925066,35.90255203800584,0.004000000000019099,0.004000000000019099,0.0,0.005509004147076564,0.007297113204685957,0.006029976782779031,0.0012671364219069255
08:52:35,295.384,295.384,295.376,295.378,0.039275008790923494,36.638323129372715,0.008000000000038199,0.006000000000028649,0.0020000000000095497,0.005841136927471449,0.006943986676503755,0.006212778761523976,0.0007312079149797788
08:52:40,295.378,295.384,295.375,295.379,0.03957457982312462,36.91755928329417,0.009000000000014552,0.0049999999999954525,0.004000000000019099,0.006262318670477196,0.006667958921639183,0.006303814793547018,0.0003641441280921656
08:52:45,295.381,295.383,295.379,295.38,0.03817080724968491,36.17210962993235,0.003999999999962256,0.002999999999985903,0.0009999999999763531,0.005960676181075204,0.006455481804096053,0.006334148195656825,0.00012133360843922733
08:52:50,295.381,295.381,295.376,295.38,0.0378718059247376,35.83763187007048,0.0049999999999954525,0.0009999999999763531,0.004000000000019099,0.005832586023597905,0.00621544438371302,0.006310407433268064,-9.496304955504409e-05
08:52:55,295.375,295.381,295.37,295.381,0.03538599187334057,38.17358428972555,0.010999999999967258,0.0,0.010999999999967258,0.0065215745537804855,0.00603632168247259,0.00625559028310897,-0.0002192686006363808
08:53:00,295.381,295.381,295.375,295.378,0.033888361607750994,39.30807800888658,0.005999999999971806,0.002999999999985903,0.002999999999985903,0.006452031279939329,0.005587877153743648,0.006122047657235907,-0.0005341705034922588
08:53:05,295.38,295.38,295.377,295.377,0.030745816999910858,40.89693467695872,0.002999999999985903,0.002999999999985903,0.0,0.005991760442612206,0.005093080133747208,0.005916254152538167,-0.0008231740187909595
08:53:10,295.38,295.381,295.375,295.375,0.02673771237425626,42.98799790091204,0.005999999999971806,0.005999999999971806,0.0,0.005992859050260153,0.004487833692110144,0.005630570060452563,-0.0011427363683424192
08:53:15,295.375,295.391,295.374,295.391,0.02821272575636158,40.84273918942912,0.016999999999995907,0.0,0.016999999999995907,0.007460477843558255,0.005238847634473132,0.0055522255752566765,-0.0003133779407835449
08:53:20,295.391,295.402,295.39,295.4,0.032854383667995535,40.51192335253277,0.012000000000000455,0.0020000000000095497,0.009999999999990905,0.008065747464417215,0.006485495621973314,0.005738879584600004,0.0007466160373733096
08:53:25,295.398,295.403,295.398,295.402,0.03579120738709207,38.94229523398294,0.0049999999999954525,0.0010000000000331966,0.003999999999962256,0.007656981135827647,0.007547849508227955,0.0061006735693255945,0.0014471759389023606
08:53:30,295.398,295.398,295.387,295.39,0.034553391179883874,34.02974271519937,0.011000000000024102,0.008000000000038199,0.002999999999985903,0.008636050317715475,0.0073368977153336346,0.0063479183985272036,0.000988979316806431
08:53:35,295.39,295.393,295.39,295.391,0.03284348849899743,30.166720191036966,0.002999999999985903,0.0019999999999527063,0.0010000000000331966,0.007884576942018199,0.007167782803890077,0.006511891279599778,0.0006558915242902991
08:53:40,295.391,295.397,295.39,295.397,0.033042874858438154,27.077241287417507,0.007000000000005002,0.0,0.007000000000005002,0.007766633349749773,0.007432233710289893,0.006695959765737801,0.0007362739445520919
08:53:45,295.398,295.4,295.398,295.399,0.03427381999165391,28.178447924684452,0.0019999999999527063,0.0009999999999763531,0.0009999999999763531,0.007131082236447924,0.007714270930875955,0.006899621998765432,0.0008146489321105227
08:53:50,295.398,295.403,295.396,295.396,0.034494850874125405,30.28676407541322,0.007000000000005002,0.007000000000005002,0.0,0.007113604604922202,0.007608012104469708,0.007041300019906288,0.0005667120845634201
08:53:55,295.394,295.399,295.391,295.399,0.03626568626123117,31.006441133608,0.007999999999981355,0.0,0.007999999999981355,0.007231790657596756,0.007677376133869984,0.007168515242699028,0.0005088608911709563
08:54:00,295.399,295.406,295.399,295.402,0.03855222022423277,32.4050817590071,0.007000000000005002,0.004000000000019099,0.002999999999985903,0.007200885236584522,0.007883545944537218,0.007311521383066666,0.0005720245614705523
08:54:05,295.4,295.4,295.394,295.398,0.03912463216602191,30.45220844575127,0.005999999999971806,0.0019999999999527063,0.004000000000019099,0.0073074338717041,0.007636145700018915,0.007376446246457115,0.0002596994535617996
08:54:10,295.401,295.403,295.387,295.387,0.03865093448882817,28.247036432609573,0.016000000000019554,0.016000000000019554,0.0,0.008466442688812827,0.006477799118670191,0.007196716820899731,-0.0007189177022295396
08:54:15,295.39,295.398,295.39,295.398,0.03799168884222581,24.651546825726125,0.008000000000038199,0.0,0.008000000000038199,0.008804250330307664,0.006373934428211214,0.007032160342362028,-0.0006582259141508133
08:54:20,295.398,295.4,295.398,295.398,0.03715061804462039,21.114619397654696,0.0019999999999527063,0.0019999999999527063,0.0,0.007897016952927003,0.006219921529122985,0.006869712579714219,-0.0006497910505912346
08:54:25,295.397,295.398,295.395,295.395,0.03582648241399511,20.49436776911218,0.0030000000000427463,0.0030000000000427463,0.0,0.007244081359209102,0.005789057616368609,0.006653581587045098,-0.0008645239706764887
08:54:30,295.395,295.398,295.395,295.398,0.03446798667357598,17.622883926165475,0.0030000000000427463,0.0,0.0030000000000427463,0.006678203844653588,0.005624830247484169,0.006447831319132912,-0.0008230010716487428
08:54:35,295.398,295.404,295.397,295.401,0.03342611648452021,15.736159012603773,0.007000000000005002,0.002999999999985903,0.004000000000019099,0.006721109998700443,0.005671377690759982,0.006292540593458327,-0.0006211629026983446
08:54:40,295.401,295.409,295.399,295.409,0.03273562360379856,18.26358076265419,0.009999999999990905,0.0,0.009999999999990905,0.007158295332205838,0.006281392038715694,0.006290310882509801,-8.918843794106755e-06
08:54:45,295.408,295.414,295.407,295.414,0.03218368334739807,20.81730283090871,0.007000000000005002,0.0,0.007000000000005002,0.007137189287912394,0.007086601091543798,0.006449568924316601,0.0006370321672271974
08:54:50,295.416,295.42,295.412,295.42,0.0314391643144063,23.19518866412975,0.008000000000038199,0.0,0.008000000000038199,0.007252230716195835,0.00811533637681805,0.0067827224148168915,0.0013326139620011583
08:54:55,295.422,295.422,295.418,295.42,0.03547215364744716,25.18064524281201,0.004000000000019099,0.0020000000000095497,0.0020000000000095497,0.006818599954038938,0.00882884309464771,0.007191946550783056,0.0016368965438646535
08:55:00,295.42,295.424,295.42,295.422,0.040243469560891754,26.82836474889544,0.003999999999962256,0.0019999999999527063,0.0020000000000095497,0.006442786626828715,0.009446788892432778,0.007642915019113001,0.0018038738733197768
08:55:05,295.422,295.428,295.422,295.428,0.04657354116932311,30.67722406519167,0.005999999999971806,0.0,0.005999999999971806,0.00638374840991446,0.010301911225212734,0.008174714260332947,0.0021271969648797868
08:55:10,295.43,295.433,295.429,295.433,0.05195747249058513,33.54669454954688,0.004000000000019099,0.0,0.004000000000019099,0.00619924862192526,0.011253338566007187,0.008790439121467795,0.0024628994445393924
08:55:15,295.435,295.435,295.419,295.419,0.05152454703954845,34.31466851052459,0.016000000000019554,0.016000000000019554,0.0,0.0075060154723378325,0.01075370655593133,0.009183092608360501,0.0015706139475708293
08:55:20,295.419,295.421,295.419,295.42,0.05200161941058923,35.334941171388174,0.0020000000000095497,0.0009999999999763531,0.0010000000000331966,0.006771880076027395,0.010319479692725508,0.009410370025233504,0.0009091096674920043
08:55:25,295.42,295.42,295.419,295.42,0.05239967858756245,37.02203231772244,0.0010000000000331966,0.0,0.0010000000000331966,0.0060022960658948354,0.009861672552688105,0.009500630530724426,0.0003610420219636798
08:55:30,295.422,295.432,295.422,295.43,0.05417282286498448,40.03799332679017,0.009999999999990905,0.0020000000000095497,0.007999999999981355,0.006801989923775585,0.010188328809874747,0.00963817018655449,0.0005501586233202568
08:55:35,295.43,295.431,295.425,295.425,0.05449519534897718,43.1758743104906,0.005999999999971806,0.005999999999971806,0.0,0.006695057933935081,0.009929289366823468,0.009696394022608287,0.000232895344215181
08:55:40,295.425,295.425,295.421,295.424,0.05469879244628828,44.85046275058892,0.004000000000019099,0.0010000000000331966,0.002999999999985903,0.006335716876079618,0.009533411861639252,0.009663797590414481,-0.00013038572877522962
08:55:45,295.424,295.424,295.409,295.415,0.05286885462942337,44.32083894943405,0.014999999999986358,0.008999999999957708,0.006000000000028649,0.00749095462593385,0.008396659835000264,0.009410370039331638,-0.001013710204331374
08:55:50,295.415,295.415,295.411,295.411,0.04661149621415461,42.30941892118057,0.004000000000019099,0.004000000000019099,0.0,0.007025494009145217,0.007091265399992608,0.008946549111463833,-0.001855283711471225
08:55:55,295.408,295.409,295.403,295.407,0.0444943520999459,41.02234543927154,0.005999999999971806,0.0020000000000095497,0.003999999999962256,0.007155428141256702,0.0056686200118747365,0.008290963291546013,-0.0026223432796712767
******
10:01:35,294.885,294.898,294.885,294.898,0.04845225539270359,54.67185254787396,0.013000000000033651,0.0,0.013000000000033651,0.006945807427284068,0.007859083418281898,0.005081481288519015,0.0027776021297628833
10:01:40,294.893,294.897,294.891,294.897,0.05315954140235135,59.07955576259186,0.005999999999971806,0.0,0.005999999999971806,0.006953033103646859,0.008789436117410787,0.00582307225429737,0.002966363863113417
10:01:45,294.897,294.905,294.896,294.905,0.05976621118998082,63.08895416067379,0.008999999999957708,0.0,0.008999999999957708,0.007225962023154973,0.01005635705126906,0.0066697292136917085,0.003386627837577352
10:01:50,294.905,294.912,294.903,294.912,0.06560969119686888,67.9893971198168,0.008999999999957708,0.0,0.008999999999957708,0.007462500420062004,0.011492761121417061,0.007634335595236779,0.003858425526180282
10:01:55,294.913,294.913,294.904,294.904,0.06840621701508098,71.7782369073411,0.009000000000014552,0.009000000000014552,0.0,0.007667500364055677,0.011849000650784092,0.008477268606346242,0.0033717320444378498
10:02:00,294.904,294.904,294.894,294.894,0.06770182303375805,70.09404027841266,0.009999999999990905,0.009999999999990905,0.0,0.007978500315513708,0.011195353550931486,0.009020885595263291,0.002174467955668195
10:02:05,294.894,294.894,294.893,294.894,0.0663020202913458,67.250777195055,0.0010000000000331966,0.0,0.0010000000000331966,0.007048033606782974,0.010555654500649325,0.009327839376340498,0.0012278151243088273
10:02:10,294.894,294.894,294.889,294.889,0.06266871963771337,62.942473548542765,0.0049999999999954525,0.0049999999999954525,0.0,0.006774962459211305,0.009535313028209202,0.009369334106714238,0.00016597892149496432
10:02:15,294.889,294.892,294.887,294.892,0.058743331088294326,58.6406378999283,0.0049999999999954525,0.0,0.0049999999999954525,0.006538300797982525,0.008866551897028785,0.009268777664777149,-0.000402225767748364
10:02:20,294.892,294.897,294.892,294.896,0.05414794548244117,55.33432282622446,0.0049999999999954525,0.0009999999999763531,0.004000000000019099,0.006333194024917582,0.008560638738458692,0.009127149879513458,-0.0005665111410547655
10:02:25,294.896,294.901,294.896,294.899,0.0498486129245066,54.0168051924176,0.0049999999999954525,0.0020000000000095497,0.002999999999985903,0.006155434821594632,0.008462722289607427,0.008994264361532252,-0.0005315420719248249
10:02:30,294.899,294.9,294.895,294.899,0.04582575694917068,51.66825432953301,0.0049999999999954525,0.0009999999999763531,0.004000000000019099,0.006001376845381409,0.008289565843426772,0.008853324657911155,-0.0005637588144843837
10:02:35,294.899,294.907,294.897,294.907,0.04609555293041012,50.3649324116186,0.009999999999990905,0.0,0.009999999999990905,0.006534526599329342,0.008697610612443896,0.008822181848817704,-0.00012457123637380808
10:02:40,294.907,294.907,294.901,294.901,0.04487127788354428,48.64462246876183,0.005999999999971806,0.005999999999971806,0.0,0.006463256386081671,0.008439553259279364,0.008745656130910037,-0.00030610287163067296
10:02:45,294.904,294.909,294.902,294.902,0.041374286445829966,46.296227456640295,0.007000000000005002,0.007000000000005002,0.0,0.006668155534601629,0.008220966406952357,0.008640718186118501,-0.00041975177916614426
10:02:50,294.9,294.902,294.898,294.898,0.03671569290122534,42.34309231403718,0.003999999999962256,0.003999999999962256,0.0,0.00631240146331638,0.007636934355616631,0.008439961420018127,-0.0008030270644014958
10:02:55,294.897,294.899,294.896,294.898,0.03176492603893166,37.26317269511596,0.002999999999985903,0.0009999999999763531,0.0020000000000095497,0.005870747934872317,0.007092328795692993,0.0081704348951531,-0.0010781060994601074
10:03:00,294.904,294.905,294.901,294.901,0.028764744501813766,33.31916942809635,0.003999999999962256,0.003999999999962256,0.0,0.0060213148768824285,0.006824135507486062,0.007901175017619694,-0.0010770395101336316
10:03:05,294.901,294.903,294.898,294.899,0.024121621660128767,28.25890058407714,0.0049999999999954525,0.004000000000019099,0.0009999999999763531,0.0058851395599641655,0.0063767004753003675,0.007596280109155829,-0.0012195796338554613
10:03:10,294.902,294.902,294.895,294.901,0.021090282120781012,26.095048217338444,0.007000000000005002,0.0009999999999763531,0.006000000000028649,0.006033787618636276,0.006113021171188393,0.007299628321562342,-0.0011866071503739486
10:03:15,294.899,294.899,294.895,294.898,0.021090282120781012,24.24029467452085,0.004000000000019099,0.0009999999999763531,0.0030000000000427463,0.0060292826028219264,0.005597454523524448,0.006959193561954764,-0.001361739038430316
10:03:20,294.898,294.898,294.894,294.896,0.021200794422497893,23.270043098474748,0.004000000000019099,0.0020000000000095497,0.0020000000000095497,0.005758711589114883,0.004970187725291453,0.0065613923946221024,-0.0015912046693306496
10:03:25,294.894,294.894,294.888,294.89,0.022004784167393154,24.666664447879608,0.006000000000028649,0.004000000000019099,0.0020000000000095497,0.0060575500439046595,0.003943466584530597,0.006037807232603802,-0.0020943406480732046
10:03:30,294.89,294.892,294.888,294.89,0.019266551324676584,24.946970311803017,0.004000000000019099,0.0020000000000095497,0.0020000000000095497,0.005783210038053252,0.0030941156442167994,0.005449068914926402,-0.002354953270709602
10:03:35,294.894,294.897,294.894,294.895,0.018329154227103572,22.794846251276994,0.002999999999985903,0.0020000000000095497,0.0009999999999763531,0.005945448699646819,0.0027922695725237645,0.004917709046445874,-0.0021254394739221097
10:03:40,294.896,294.899,294.894,294.894,0.018329154227103572,21.635635105868168,0.0049999999999954525,0.0049999999999954525,0.0,0.005819388873026637,0.0024441876693686027,0.0044230047710304195,-0.001978817101661817
10:03:45,294.893,294.895,294.892,294.895,0.01821508917441861,18.52022447270437,0.002999999999985903,0.0,0.002999999999985903,0.005443470356621206,0.002223392016787784,0.0039830822201818925,-0.0017596902033941084
10:03:50,294.895,294.898,294.892,294.896,0.016633510878818925,16.41858211497969,0.006000000000028649,0.0020000000000095497,0.004000000000019099,0.005517674309075533,0.002104838248953911,0.0036074334259362964,-0.0015025951769823856
10:03:55,294.895,294.896,294.893,294.893,0.016384845371248957,14.468927023764142,0.0030000000000427463,0.0030000000000427463,0.0,0.005181984401204495,0.0017486512427922207,0.0032356769893074813,-0.0014870257465152605
10:04:00,294.892,294.893,294.891,294.891,0.017327799384929676,13.158776709830107,0.0019999999999527063,0.0019999999999527063,0.0,0.004757719814370924,0.0012901155400300013,0.0028465646994519857,-0.0015564491594219844
10:04:05,294.894,294.897,294.894,294.897,0.01724010013242605,14.012772686480327,0.002999999999985903,0.0,0.002999999999985903,0.004923357172451041,0.0013947942283039083,0.00255621060522237,-0.001161416376918462
10:04:10,294.897,294.902,294.897,294.902,0.017727765909853588,14.74418417954656,0.0049999999999954525,0.0,0.0049999999999954525,0.00493357621612363,0.0018597727535620834,0.0024169230348903134,-0.00055715028132823
10:04:15,294.903,294.903,294.901,294.903,0.016157123244056493,16.770787874472862,0.0020000000000095497,0.0,0.0020000000000095497,0.004542432720641753,0.0022826502561770212,0.002390068479147655,-0.0001074182229706339
10:04:20,294.908,294.913,294.905,294.905,0.01734358670933034,21.195773909681293,0.008000000000038199,0.008000000000038199,0.0,0.005270108357888307,0.0027474955900856912,0.0024615539013352625,0.0002859416887504287
10:04:25,294.902,294.904,294.889,294.889,0.018190801606920104,20.944195708209726,0.014999999999986358,0.014999999999986358,0.0,0.00670076057683156,0.0018040268849404129,0.0023300484980562928,-0.0005260216131158799
10:04:30,294.889,294.896,294.889,294.895,0.018187329306783795,21.011165090275718,0.007000000000005002,0.0010000000000331966,0.005999999999971806,0.006740659166588019,0.0015229157696694529,0.0021686219523789248,-0.0006457061827094719
10:04:35,294.895,294.895,294.889,294.891,0.018738083931339133,19.274108264047733,0.005999999999971806,0.003999999999962256,0.0020000000000095497,0.00664190461103919,0.0009662285337412868,0.0019281432686513974,-0.0009619147349101105
10:04:40,294.894,294.894,294.891,294.894,0.018219711706819908,17.83194814466946,0.002999999999985903,0.0,0.002999999999985903,0.006156317329565419,0.0007583826534300897,0.001694191145607136,-0.0009358084921770463
10:04:45,294.894,294.895,294.892,294.893,0.0180944888365957,17.73928792682428,0.002999999999985903,0.0020000000000095497,0.0009999999999763531,0.005735475018954817,0.0005071258223665609,0.001456778080959021,-0.0009496522585924602
10:04:50,294.893,294.895,294.892,294.894,0.01733751636265879,17.00259964792899,0.002999999999985903,0.0009999999999763531,0.0020000000000095497,0.005370745016425629,0.00038426504789867977,0.0012422754743469527,-0.0008580104264482729
10:04:55,294.893,294.906,294.893,294.901,0.01796370609827136,19.78420974476011,0.013000000000033651,0.0049999999999954525,0.008000000000038199,0.006387979014240032,0.0008420320759228161,0.0011622267946621255,-0.0003201947187393094
10:05:00,294.902,294.912,294.897,294.91,0.022323930986317464,22.418813187125714,0.014999999999986358,0.0019999999999527063,0.013000000000033651,0.007536248479006209,0.001909034367656659,0.0013115883092610324,0.0005974460583956266
10:05:05,294.912,294.915,294.912,294.913,0.026325093091372764,24.938148532812626,0.0030000000000427463,0.0020000000000095497,0.0010000000000331966,0.007198082015138109,0.0029625656860048366,0.0016417837846097933,0.0013207819013950433
10:05:10,294.913,294.927,294.913,294.926,0.0360881960577899,29.48338283846962,0.014000000000010004,0.0010000000000331966,0.012999999999976808,0.00810500441312103,0.00479125756578469,0.0022716785408447727,0.0025195790249399174
10:05:15,294.928,294.929,294.927,294.929,0.044796146450494234,32.728638653335985,0.0019999999999527063,0.0,0.0019999999999527063,0.007424337158036347,0.006408708382537043,0.003099084509183227,0.0033096238733538157
10:05:20,294.929,294.937,294.929,294.937,0.05487747117081199,35.162467557269125,0.008000000000038199,0.0,0.008000000000038199,0.007501092203636595,0.00824108485284114,0.0041274845779148105,0.00411360027492633
10:05:25,294.937,294.937,294.931,294.933,0.06061300885221499,37.39007793452134,0.006000000000028649,0.004000000000019099,0.0020000000000095497,0.007300946576488869,0.009263703627595987,0.0051547283878510455,0.004108975239744942
10:05:30,294.933,294.94,294.933,294.934,0.06541205425708085,38.35315436028311,0.007000000000005002,0.005999999999971806,0.0010000000000331966,0.0072608203662910195,0.010039103480949052,0.006131603406470646,0.003907500074478406
10:05:35,294.932,294.932,294.923,294.924,0.06589912546371579,40.52288265622349,0.009000000000014552,0.008000000000038199,0.0009999999999763531,0.007759377650788764,0.00973448395319565,0.006852179515815647,0.0028823044373800025
10:05:40,294.924,294.933,294.924,294.933,0.06743761249492763,42.839859933986226,0.009000000000014552,0.0,0.009000000000014552,0.00792479396401887,0.0101028363579303,0.007502310884238578,0.0026005254736917224
10:05:45,294.932,294.933,294.929,294.931,0.06869949819838439,45.15683721174896,0.004000000000019099,0.0020000000000095497,0.0020000000000095497,0.007401488102152234,0.010116755348974493,0.00802519977718576,0.002091555571788733
10:05:50,294.931,294.932,294.93,294.932,0.0702989106757741,46.980834919486306,0.0020000000000095497,0.0,0.0020000000000095497,0.00668128968853321,0.010092141961877132,0.008438588214124035,0.0016535537477530976
10:05:55,294.932,294.932,294.919,294.919,0.06976984720529344,47.96677310167762,0.013000000000033651,0.013000000000033651,0.0,0.007523784396733269,0.008920810767335752,0.008535032724766379,0.0003857780425693732
10:06:00,294.919,294.921,294.916,294.916,0.06924677457891448,49.553861648127416,0.0049999999999954525,0.0049999999999954525,0.0,0.00718727981050156,0.007662123241516383,0.00836045082811638,-0.0006983275865999963
10:06:05,294.916,294.916,294.905,294.91,0.0651071990530454,50.00224410558477,0.011000000000024102,0.005999999999971806,0.005000000000052296,0.007695642502437899,0.006110021923632303,0.007910365047219564,-0.0018003431235872613
10:06:10,294.91,294.91,294.907,294.908,0.06260855835319035,49.32828970441809,0.0030000000000427463,0.0020000000000095497,0.0010000000000331966,0.007069556835451879,0.004664814088528146,0.007261254855481281,-0.002596440766953135
10:06:15,294.908,294.918,294.908,294.918,0.057861904567062084,45.93539842025679,0.009999999999990905,0.0,0.009999999999990905,0.007460282590723749,0.004277089270885881,0.006664421738562201,-0.0023873324676763202
10:06:20,294.918,294.919,294.912,294.913,0.05363580893526887,41.284702435336676,0.007000000000005002,0.005999999999971806,0.0010000000000331966,0.007398911578627916,0.0035257141086617594,0.006036680212582113,-0.002510966103920354
10:06:25,294.908,294.914,294.908,294.914,0.04817293409269041,37.39164311447565,0.005999999999971806,0.0,0.005999999999971806,0.007212390034807101,0.0029766228664129812,0.005424668743348287,-0.002448045876935306
10:06:30,294.914,294.919,294.914,294.919,0.04167038580089866,31.875067119867463,0.0049999999999954525,0.0,0.0049999999999954525,0.006917404696832215,0.002911361945848512,0.004922007383848332,-0.0020106454379998206
10:06:35,294.919,294.919,294.911,294.911,0.03846529536531307,26.941290319778258,0.007999999999981355,0.007999999999981355,0.0,0.0070617507372521,0.0021888770429541182,0.00437538131566949,-0.0021865042727153717
10:06:40,294.913,294.913,294.893,294.893,0.04516682527503235,24.49513902605857,0.020000000000038654,0.020000000000038654,0.0,0.008786850638956975,0.00016198571398717831,0.003532702195333028,-0.0033707164813458496
10:06:45,294.893,294.895,294.893,294.893,0.05116372070074249,25.518900098840266,0.0020000000000095497,0.0020000000000095497,0.0,0.007881937220430651,-0.0014278805490448576,0.002540585646457451,-0.003968466195502309
10:06:50,294.893,294.893,294.883,294.883,0.06030798149265593,27.286494322238486,0.009999999999990905,0.009999999999990905,0.0,0.008164345591038685,-0.00345495091983139,0.001341478333199683,-0.004796429253031073
10:06:55,294.883,294.889,294.883,294.888,0.06471280683558689,29.05408854563671,0.006000000000028649,0.0010000000000331966,0.0049999999999954525,0.007875766178904014,-0.004604878407860724,0.00015220698498760157,-0.004757085392848325
10:07:00,294.888,294.892,294.888,294.891,0.0648921372261384,30.063831152525957,0.004000000000019099,0.0009999999999763531,0.0030000000000427463,0.007358997355052693,-0.005214025261352617,-0.0009210394642804423,-0.004292985797072175
10:07:05,294.89,294.89,294.886,294.886,0.0663845257814728,32.489177731409484,0.003999999999962256,0.003999999999962256,0.0,0.007044464374378395,-0.006030718377189714,-0.0019429752468622969,-0.004087743130327418
10:07:10,294.886,294.894,294.886,294.894,0.06421804960280042,33.005034902373794,0.007999999999981355,0.0,0.007999999999981355,0.00717186912445879,-0.00596367488242322,-0.0027471151739744816,-0.0032165597084487384
10:07:15,294.894,294.894,294.893,294.893,0.0640246662997015,31.901870540840616,0.0010000000000331966,0.0010000000000331966,0.0,0.0063489532412020445,-0.005922957900736492,-0.0033822837193268835,-0.0025406741814096084
10:07:20,294.893,294.893,294.888,294.888,0.061380607258342934,31.904820357808635,0.0049999999999954525,0.0049999999999954525,0.0,0.006169092809041166,-0.006222419434720905,-0.003950310862405688,-0.002272108572315217
10:07:25,294.891,294.896,294.891,294.896,0.056700505892195,33.197634041038285,0.0049999999999954525,0.0,0.0049999999999954525,0.006413213767840771,-0.005747952893671027,-0.004309839268658756,-0.0014381136250122706
10:07:30,294.896,294.898,294.896,294.898,0.04993427258852989,34.06198649996434,0.0020000000000095497,0.0,0.0020000000000095497,0.005824785265463275,-0.00515117195249104,-0.004478105805425213,-0.0006730661470658273
10:07:35,294.898,294.901,294.897,294.901,0.047155286581869404,33.08044682565133,0.004000000000019099,0.0,0.004000000000019099,0.005581480563404052,-0.004385589483433705,-0.004459602541026912,7.401305759320662e-05
10:07:40,294.903,294.903,294.897,294.897,0.0449579920883707,33.334774631582874,0.006000000000028649,0.006000000000028649,0.0,0.005637283154953999,-0.004054884250081159,-0.004378658882837761,0.0003237746327566021
10:07:45,294.898,294.902,294.897,294.902,0.04397319757811147,33.00630324299542,0.0049999999999954525,0.0,0.0049999999999954525,0.005552312067626193,-0.003350714802195398,-0.004173070066709288,0.0008223552645138903
10:07:50,294.902,294.908,294.902,294.907,0.04381540224244418,31.712538916998035,0.006000000000028649,0.0010000000000331966,0.0049999999999954525,0.005612003791946521,-0.0023619699094297175,-0.003810850035253374,0.0014488801258236567
10:07:55,294.907,294.907,294.9,294.901,0.040176452909577165,29.632093081534624,0.007000000000005002,0.005999999999971806,0.0010000000000331966,0.005797069953020985,-0.002039027672537941,-0.0034564855627102877,0.0014174578901723469
10:08:00,294.901,294.903,294.9,294.901,0.037871805927125024,26.660565113632327,0.0030000000000427463,0.0020000000000095497,0.0010000000000331966,0.005424127292623887,-0.0017627734678740126,-0.003117743143743033,0.0013549696758690206
10:08:05,294.9,294.901,294.89,294.897,0.034664709795833915,24.322300009863998,0.011000000000024102,0.004000000000019099,0.007000000000005002,0.006167576986943916,-0.0018453347210538595,-0.002863261459205199,0.0010179267381513393
10:08:10,294.897,294.897,294.895,294.897,0.027781857009813393,24.755770889900298,0.0020000000000095497,0.0,0.0020000000000095497,0.005611900055352667,-0.0018889900080694133,-0.002668407168978042,0.0007794171609086286
10:08:15,294.897,294.899,294.89,294.896,0.023855706587937675,25.73780759011341,0.009000000000014552,0.002999999999985903,0.006000000000028649,0.006063646714640918,-0.0019814379963349893,-0.0025310133344494316,0.0005495753381144423
10:08:20,294.896,294.9,294.895,294.898,0.023904194742385698,27.454497984931102,0.0049999999999954525,0.0019999999999527063,0.0030000000000427463,0.00592182715268819,-0.001871744106836104,-0.0023991594889267664,0.0005274153820906623
10:08:25,294.898,294.898,294.895,294.895,0.023805351012128995,29.171188379748802,0.0030000000000427463,0.0030000000000427463,0.0,0.0055322501990021315,-0.002003787422950154,-0.002320085075731444,0.00031629765278129007
10:08:30,294.895,294.9,294.895,294.899,0.020880613017084215,28.75458057955011,0.0049999999999954525,0.0009999999999763531,0.004000000000019099,0.005461283505801241,-0.0017653166601121484,-0.002209131392607585,0.00044381473249543654
10:08:35,294.9,294.9,294.889,294.895,0.019440597780771895,30.718221368688383,0.010999999999967258,0.0049999999999954525,0.005999999999971806,0.00619977903835671,-0.0018774513426365047,-0.0021427953826133692,0.0002653440399768645
10:08:40,294.895,294.898,294.895,294.895,0.018788574354744014,34.73465422213879,0.0030000000000427463,0.0030000000000427463,0.0,0.005773141833248182,-0.0019439106939671547,-0.0021030184448841264,0.00015910775091697174
10:08:45,294.896,294.897,294.893,294.893,0.01627526376125843,39.951468490402455,0.004000000000019099,0.004000000000019099,0.0,0.005536722922150972,-0.002133371317484034,-0.0021090890194041083,-2.4282298079925796e-05
10:08:50,294.895,294.895,294.886,294.888,0.01804205613132126,45.68610494130138,0.008999999999957708,0.007000000000005002,0.0019999999999527063,0.00599849319919187,-0.002656357602973003,-0.002218542736117887,-0.0004378148668551158
10:08:55,294.888,294.889,294.883,294.883,0.021687736043759287,51.57604115015236,0.006000000000028649,0.006000000000028649,0.0,0.005998694105970108,-0.0034346932100675076,-0.0024617728309078114,-0.0009729203791596962
10:09:00,294.885,294.887,294.885,294.885,0.022797968514510103,55.793805237623005,0.0020000000000095497,0.0020000000000095497,0.0,0.0057322015585099745,-0.0038458143470734285,-0.002738581134140935,-0.0011072332129324937
10:09:05,294.881,294.883,294.879,294.88,0.02701734335698802,61.05526917795654,0.003999999999962256,0.002999999999985903,0.0009999999999763531,0.0057679080173715525,-0.004522951256774377,-0.0030954551586676233,-0.0014274960981067535
10:09:10,294.88,294.882,294.879,294.882,0.0294053342809093,66.31673311829009,0.002999999999985903,0.0,0.002999999999985903,0.005398853615053466,-0.004842383864001931,-0.003444840899734485,-0.0013975429642674462
10:09:15,294.88,294.884,294.88,294.881,0.03113028648749605,69.4641229031011,0.004000000000019099,0.0030000000000427463,0.0009999999999763531,0.005212339799715551,-0.005117239794287798,-0.003779320678645148,-0.0013379191156426499
10:09:20,294.882,294.89,294.882,294.886,0.03166867952893426,67.47746630739188,0.007999999999981355,0.003999999999962256,0.004000000000019099,0.005717361159755417,-0.004875406237772495,-0.003998537790470618,-0.0008768684473018772
10:09:25,294.886,294.887,294.881,294.883,0.03170654921461846,64.97666337537477,0.006000000000028649,0.004000000000019099,0.0020000000000095497,0.005755046338458515,-0.0048696915568484656,-0.004172768543746187,-0.0006969230131022783
10:09:30,294.881,294.887,294.881,294.887,0.028695130706296368,63.04954579241382,0.006000000000028649,0.0,0.006000000000028649,0.005787706826667867,-0.0044906308631880165,-0.004236341007634554,-0.0002542898555534627
10:09:35,294.89,294.898,294.89,294.898,0.02793903136512199,61.08067224921274,0.008000000000038199,0.0,0.008000000000038199,0.006482679249782032,-0.0032649778312361377,-0.004042068372354871,0.0007770905411187334
10:09:40,294.899,294.899,294.897,294.898,0.027147937790005017,60.61718482202382,0.0020000000000095497,0.0009999999999763531,0.0010000000000331966,0.005884988683145701,-0.0022675006372310236,-0.0036871548253301018,0.0014196541880990782
10:09:45,294.897,294.897,294.894,294.896,0.026969768649109938,57.656826698351814,0.002999999999985903,0.0009999999999763531,0.0020000000000095497,0.0056336568587288215,-0.001619705107543723,-0.0032736648817728265,0.0016539597742291036
10:09:50,294.896,294.899,294.895,294.899,0.027415708135436034,53.88182903787716,0.004000000000019099,0.0,0.004000000000019099,0.0054158359442341925,-0.000854398580202087,-0.002789811621458679,0.0019354130412565919
10:09:55,294.901,294.902,294.899,294.899,0.028015033556926028,50.63109049167799,0.002999999999985903,0.002999999999985903,0.0,0.005093724485001088,-0.00024506271313384786,-0.0022808618397937128,0.002035799126659865
10:10:00,294.9,294.9,294.892,294.896,0.02764892688389864,44.82278028284374,0.007999999999981355,0.003999999999962256,0.004000000000019099,0.005481227886998456,-4.186319131349592e-06,-0.0018255267356612403,0.0018213404165298907
10:10:05,294.897,294.9,294.896,294.9,0.02861799213121685,38.85917031605743,0.003999999999962256,0.0,0.003999999999962256,0.0052837308353936305,0.0005036705288148369,-0.001359687282766025,0.001863357811580862
10:10:10,294.901,294.903,294.9,294.901,0.02913128179272917,33.37799863332828,0.0030000000000427463,0.0020000000000095497,0.0010000000000331966,0.00497923339068018,0.0009755963153565972,-0.0008926305631415006,0.0018682268784980978
10:10:15,294.9,294.9,294.896,294.896,0.029253159972199683,27.510322257698526,0.003999999999962256,0.003999999999962256,0.0,0.004982002271922217,0.0009353604351076683,-0.0005270323634916669,0.0014623927985993352
10:10:20,294.894,294.896,294.894,294.895,0.029253159972199683,22.222273435133303,0.0020000000000095497,0.0010000000000331966,0.0009999999999763531,0.004584401969000528,0.0008134051393540176,-0.00025894486292253,0.0010723500022765476
10:10:25,294.898,294.901,294.893,294.893,0.029253159972199683,17.75280193336256,0.008000000000038199,0.008000000000038199,0.0,0.005039815039805551,0.0005490423847049897,-9.734741339702606e-05,0.0006463897981020157
10:10:30,294.89,294.89,294.884,294.884,0.029845920111483792,17.845778211257237,0.005999999999971806,0.005999999999971806,0.0,0.005567839701159172,-0.00038228504286053067,-0.000154334939289727,-0.00022795010357080366
10:10:35,294.884,294.884,294.876,294.879,0.030953955617292195,18.92218652365326,0.008000000000038199,0.0049999999999954525,0.0030000000000427463,0.005892127741009709,-0.0015064614029824952,-0.00042476023202828064,-0.0010817011709542146
10:10:40,294.879,294.891,294.879,294.891,0.03045203303111066,18.06018490525908,0.012000000000000455,0.0,0.012000000000000455,0.0067065107088751415,-0.0014127937488979114,-0.0006223669354022068,-0.0007904268134957046
10:10:45,294.897,294.899,294.893,294.894,0.028636377305815586,16.735788939213723,0.006000000000028649,0.0049999999999954525,0.0010000000000331966,0.006878975947689304,-0.001083990957226888,-0.0007146917397671431,-0.0003692992174597449
10:10:50,294.893,294.893,294.883,294.886,0.027679367195787563,15.774819023162632,0.009999999999990905,0.006999999999948159,0.0030000000000427463,0.007428445821333943,-0.0014522053972996218,-0.000862194471273639,-0.0005900109260259829
